928 932
833 194 3 195 804 5 588 827 991
843 212
18 341
260 21 22
571 268
40 36
224 331
352 123 181
848 41
212 846
168 42
857 914
521 6
170 37 31
192 908
76 495
153 519
507 933
330 91
235 655
284 61
410 66
8 497 142
49 212
394 395
104 105 251 369 151 378 379
449 140 141 270 447
106 83 84
106 82
48 87
573 351
207 347 295 215
18 75
96 129 296 87 281 311 446
490 366
283 259
768 83
952 142
71 72 367 433 434 218
569 291
144 91
388 158
64 59 83
108 301 174 406 284
3 4 413
107 75 460 561 401 21 188 223
328 250
122 164
17 45
52 821
603 12
161 171
821 446
490 420
12 301
66 201 179 276 441 414
132 133 108 272 87 286
146 475
213 590
547 613 111 146 122
49 51 76 77
64 175
201 499 62
184 130 94
302 286
146 143
769 98 99 324
170 163
499 87
427 293
234 211 122
122 20
425 484
122 83 130
9 431
132 305 122 59 860 253
648 459
16 165 270
72 433 434 85 218
212 132
257 162 897 363 107 301 366 11 45 406
241 211 366
169 293 487
482 3 5 810 212
281 494
628 679
136 252
106 428
193 3 103
283 510
130 291 131 197 292 293 232 169 168 290 204 207 271 15 281 285
115 246 319
378 908
89 370
264 170 427 114 339 319
301 749
168 202
744 518
162 13 20 662 824 667
516 169 459 179 276 441 414
166 367
848 920
322 296 393 216 284 61
107 108 301 406 250 829
48 264 114
296 297 105 396 251 182 378 379 61
410 319
83 187
136 41 76 77 438 254
401 21 22 223
347 343
743 167
64 666
171 495
148 190
194 5 846
545 134
212 435 412 461
84 21
298 18
122 212 132
83 532
729 6
318 367
593 580
181 494
241 237
193 3 4
74 75 332 18 249
59 287
117 119
264 170 116
130 293 271
59 4 63
272 212 412 133
200 198
105 378
304 925
242 243 964
115 421
507 662
283 132 133
115 444
162 363 20
244 374
65 841
284 84 143
250 83
196 517
289 757
336 323 141 335
312 425
173 182
434 289 234 163
33 29
481 356 170 174 47 366 368 406
107 188 22
449 335
97 303 304 305 370 89 90
265 266 267 268
307 327
16 270 335
129 130
81 257 82
184 435 420
56 534
161 148 231
860 253
350 6
72 88 50 51
394 382
57 60
810 860
98 534
210 547
64 833 194 5 827 860 253
460 269 561 188 223
424 982
418 117
330 259 357
156 174
257 284 63
361 372
160 90
964 932
425 59
208 821
257 366 83 122 284
305 97
73 107
560 519
29 36 37 31
257 153 356
433 50 434 51 181 373 85 153 218
272 14
544 130 29 184
456 362
181 343
138 435
322 380
118 6
134 262 136 137 26 28 31 418 546 166 40 172 444 337 338 94 483 362 117
250 363 45
170 36
115 83 334 319
72 289 163 85
264 528 920 926 418 548 424 172 48 49 443 444 445 319 77 334 848 977 486 362 114 246
107 84
513 161
52 14
256 420
128 2 550 586 753 85
107 191
141 46 47
779 86
56 521
131 181
64 284
170 339 439
41 27 39
339 988
108 45 87 63 511
881 138
18 19 311
441 451
64 3 4 5 58
3 195 196 6
270 423
526 87 511
997 20 13
216 222
87 191
451 814 459
583 63
777 410
872 232 386 197
64 108 860
133 367
224 298 75 74 18 310 312 249 314 216 317 223
257 535
129 130 134 52 281 94
514 250 212
418 259
64 133
571 20 662
509 70
70 11 326
544 293
59 815
392 183
484 341
65 441 6
315 108
65 6
134 166
179 343
590 143
264 528 920 926 418 548 424 172 48 49 443 444 445 319 77 334 848 486 114 115 246
161 897 406
521 14
99 372
194 3 195 813 253
672 81 69
224 2 228 298 75 74 18 310 342 312 249 314 216 223
485 495
441 207
232 192
64 3 4 5 409
83 189
65 198
790 655
461 494
18 317
82 70
482 739 810 55 56 59
360 10 214
482 810 55 56 57 59 60
449 165 47
96 124
64 533 286
425 70
491 372
300 510
281 122
292 134 168 233 207 400 401 402 403 180 308 53 404 285
388 230
354 355
609 247
314 74
132 133 367
291 357
84 174
301 102
688 101
18 655
424 177
401 21
409 253
184 138
212 991
216 129
413 286
442 250 106
553 810 950 55 56 286
289 163 71 72 50 434 51 85
426 258
816 6
748 679
345 178 179
101 59 85 405
827 3
544 130 83 184 122
474 510
739 413
48 114 172
144 19
302 167
656 156
257 133 107 212 250
281 52 821
135 71 367 434 84 373 87
36 29
2 18
232 233 278
108 357 63
538 75
59 253
465 410
177 178 179 382
155 156 174
185 106 82
250 372
281 131
41 120 25 27 30
3 4 413 7
529 393
169 94
207 295
3 4 5 860 413
424 49
188 367
59 3 196 5
425 250
576 179
305 212
326 327 328 11 401 307 22
666 860 813
860 686
235 270
155 174
170 301 406 439
409 3
441 177 178 179
32 428
257 356 284
352 346 215
409 5
161 668
373 434 51 181
716 21 22
266 453
253 686
668 509 70
829 301
291 131 516 293 232 169 168 233 204 205 207 15 285
41 546
435 372
143 47
130 117
348 150
129 134 94 79
616 514
955 50 51 88 155
72 50 51 85 88
210 127
136 76 77 49 754 438 254
235 236
226 332
264 528 418 548 424 172 48 49 443 444 445 319 77 334 848 486 114 115 246
816 81
521 23
64 59 253
250 148
461 215
284 319
496 170
70 509 510
158 6
169 821
33 27 591
456 115
175 165 286 287
212 127 55
107 551
122 422 650
184 107 63
486 77 334 48 49 246
1 317 222
419 300
282 138 59 5
574 359
88 510
240 374
482 212
574 567
456 977 412
72 434 50 51 88
397 158
6 375
191 63
672 419 550 711 680 510 138 107 551 81 82 664 185 474 668 509 190
97 611 90 620 304 57 58 60
232 182
300 70
2 451
456 49
360 266
482 739 810 55 56 57 58 60
59 282 83
371 117
441 233 178 179
16 17
49 76 254
163 71 433 434 181 373 85 153 218
108 598
113 358
64 521
880 243
192 263 180 149 150 345 123 348 349 350
118 614 615
488 10
922 139
41 76 77 254
48 281 114 264
616 964
166 170 368 435 115 29
432 50 51 85 88
121 18
161 67 92 475
15 527
458 130
62 233 53 54
264 170 117
108 159
390 487 104 395 527 15 222 19 179 404 54 86 313 538 381 62
398 382
811 598
84 421
402 494
568 844
166 170 368 115 29
144 109
224 367
41 548
257 250 356 63
97 90 171 116
272 132
321 394 62
61 182
257 356 519 17 250 284
636 5
509 213 70
282 860 253
482 739 810 212 55 56
708 87
481 357 550 82 510
286 6
368 435
304 250
352 257 130 162 519 297 330 107 366 304 496 82 211 372 88 153 250 284
940 351
291 358
82 339 330 639
188 21
195 55
233 134 15
241 243 211
136 171 116 252 861
544 451
130 291 292 451 281 715 173 271 465 569
811 211
18 311
897 301 211 406 893
104 105 158 390
339 439
291 534 823
129 130 910 304 82 184
448 449 140
16 429
65 166
349 181
386 388 391 296 297 105 395 396 251 379 380 381
313 302
311 63
64 497 212 6
64 5 846
82 330 357 358
130 115
108 748
34 39 40 41 120 25 27 30
296 180
184 330 479
442 708
897 301 893
356 143
441 66 499
138 253
184 146 107 330
64 138 212 533 286
289 71 433 50 434 51 181 373 218
426 91
261 951
488 333 526 407 700 701
194 860
554 599
184 366 487
461 463
472 171
257 107 301 366 406
122 231
328 6 7
358 6
65 66
977 412
182 542
197 821 199
778 301 174
48 371
833 3 4 103
613 341
65 6 7 490 529
212 6 7
449 485
45 359
164 614 615 748 620 538
210 242
380 396 158
817 754 471 120 861
952 958 214
749 165
402 250
65 645 6 490 529
48 49 371
3 4 887 59 413
83 253
313 19 15
322 948
482 55
920 444
115 334 534
594 351
572 63
64 3 4 409 413
114 108
130 715 459
166 144 402 662 122
496 107 643 491
80 483 341
339 340
161 82 299 686
550 75 222
389 158
297 43 435
275 270 47
65 106
333 407
61 390
190 454
64 3 212 286
449 34 40 41 120 25
368 170 29 114
347 292
368 339
17 284 309
901 817 754 116 252 861
88 50
425 126
904 263
684 175 463 212 507
275 140
8 214
392 873 908 183 378 157
250 188
64 4 5 138 860
909 198
425 613 197
592 84
346 131
321 322 573 484 392 205 594 378 157 95 351
135 767
444 14
89 811
212 950
16 593
64 5 553 138 212 286 287
213 495
673 366
433 434 50 51 181 373 218
435 422
720 398
852 215
107 301 366 372 406 250
64 4 860 60 253
64 846 4 60
230 199
194 195
56 194
264 233 83 319
977 319
184 258
200 95
528 49
166 134 136 362 337 338 117 28 31
696 21 317
264 17
777 975 594 52 821 918 919 95
42 43
323 429
83 356
716 22
377 842
174 23
195 991
289 71 433 434 51 181 373 218
20 13 63
209 133
65 550
130 420 366 435 184 474
322 390 105 394 396 151 377 378 380 61
369 147
418 486 264 424 172 77 334 48 49 114 115 246 444 445 319
456 246
106 435 148
216 314
106 420
244 167
368 262
459 292
64 195
675 20
797 372 829
378 180
409 7
20 294
376 425 475
146 115
3 804 5
64 474 420
170 83
129 215
122 317
173 543
493 166
169 130 427 281
83 223
45 52 28 94 31
515 259 357 358 67 329 330 109 144 112 113 475 376 91 92 478 479
778 213 174
301 47 304 211 372 406 893
24 27
857 431
420 82 435 20 250
64 409 286
608 88
821 134
130 163
65 150
491 492
449 46 430 16 47
129 777 802 168 42 52 821 197 198 199 200 201 202 203 204 205 206 207 208 594 95 96
154 367
553 59 212
104 378 251 151
129 301 406
336 323 141
184 475
394 213
897 406
812 29
336 274 323 335
161 36 29
17 281
2 18 122
8 6
330 11
482 3 7
66 841 426 427 715 458 402 563 569
59 167
817 171
78 79
184 569 402 427
16 140 141
288 537 299
161 4 860
193 4 412
507 700
409 282 6 287
354 99 98 709 355 324 405 126
142 567
202 95
969 300
386 388
14 119
682 124
18 2 219
810 59
256 122
129 130 173
209 330
152 83 428
594 205 95 351
282 165
65 951
130 107 366 406 184
284 22
21 367
43 20
57 810 739 60
210 931 964 239
259 348
81 22
460 317
296 129
64 165 138 175 855 251 380 286 287
162 266 13
514 219
169 15
284 6 7
169 302
289 270
129 435
80 161
161 124
257 154 284
346 181 215
141 430
354 372
64 138 47 304 211 372 212
115 339 319
64 482 3 587 139 435 409 413
769 324
441 436
104 251
322 180 350
257 519 212 662 122
58 55
616 254
210 253
140 165 47
71 434 50 181 373 153
106 435 420
269 213
184 115 29
448 140 447
232 233 557 53 54
281 83 494
24 83 29
45 301
216 74 75 332
264 170 427 339 115 319
211 237
308 207
224 18
418 443
107 421
353 215
291 108
138 108 287
264 49
481 82 639
696 86
488 700 333 407
76 438
180 398
166 170 338 83 439
17 490
475 302
283 663
24 25 36 29
354 355 126
130 291 451 281 173 695 601
442 83 363
435 420
418 115
873 18 308
363 45 142
97 611 304 57 58
609 232 265 266 267 233 278 441
395 62
25 262
366 279
545 213
857 507 45
194 253
64 3 5 846 282 860
482 699 306
420 341
65 199
122 643 164
64 163 572
59 133
179 158
322 104 297 296 216 284 61
257 532 134
901 754 979 116 861
552 161
129 108
129 115
59 284
210 159
250 146 83 106
179 381
439 391
184 281 130 173
164 83 643 454
304 370
357 358 329 109 144 376 91 92 479
92 109
250 84
571 20
105 378 395
97 418 424 264 362 114 115 246 445 319
64 138 572 286
425 18
84 495
289 163 71 234 434 85 218
778 420
495 291 87
953 541
89 90
410 39
4 5 860
857 122 366
210 234 235 239
188 366
778 539
59 4 60
89 412
587 3
70 191
18 547 222
320 236 237 239 210 245
374 135
400 527
169 14
593 430
88 428
354 372 405
21 886 22
160 932
64 372
184 130 435 366
435 117
904 263 815
122 652
48 334
134 262 136 137 26 28 29 31 418 546 166 40 170 444 337 338 94 483 362 368 115 117
64 210
184 291 494 451
424 334
696 317
6 231
130 215
195 804 5 991
856 156
135 599
97 6 7
216 269
264 49 114 246 319
813 127
197 205
64 132 138 212 59 286
196 860
21 421
563 655
21 23
166 136 137 170 171 337 338 915 252 116 438 439 117 339 340 124 861
354 102
609 266 267
833 194 827 5
216 83
336 593
250 578
64 57 4 175
289 84 85
648 22
184 106 171
307 109 70
409 212
58 850
250 6
194 3 195 5 196 588 827
154 655
193 3 196 5
41 901
552 190
168 131
930 934 140 335 336 447
153 394
224 19
928 964 927
75 460 561 216 317 223
915 116
24 36 29
284 205
48 49 76
376 479
613 405
810 950
212 175
68 190
296 158
146 300
288 161
97 304 305 89 90
547 234 111 83 213 85 122
3 521 587 139 435 409 413
16 141
185 541
257 284 255
134 309 406
291 264 169 170 427 339 115 319
15 207
281 435 31
358 455
378 549
250 63
106 174
16 449 430 46
32 24 29 933
56 1005
42 204
448 449 140 141 430 270 429 447
116 117 439
202 198
184 114 30
161 165 270
164 116
409 58 212 286
496 106 366
249 697
32 37
496 130
488 530
105 389
135 367 434 84 373 87
521 138 93
550 510
909 206
412 718
65 283
330 259 108 475
64 129 130 366 29
177 594 516 95
177 178 179 345 382
483 522 554 341 599
372 663
410 36
824 522
412 3 4
93 686
59 194 3
449 429 430 47 16 46 274 273
273 22
40 410
163 71 433 434 51 181 373 153 218
161 138 59
88 153
142 958
418 264 115 246 319
142 662
289 83 84 367
424 445
122 547 253 146
609 530
172 262
269 422
459 63
9 214
608 672 259 228 229 260 107 460 81 435 254 21 406 22 316 317 190 223
64 287 175
187 84 213 534
114 339 246
11 327
129 777 802 168 42 52 197 198 199 200 201 202 203 204 205 206 207 208 594 95 96
88 250
116 31
265 266 268
666 143
367 663
817 754 979 116
161 234 236 210 146 244 245 59
166 363 45 142 52
282 5 3 253
274 275
435 212
101 6
8 20
101 663
59 60 739 55
260 174 135
64 435
105 62
521 138 59 253
8 162 20
499 13
533 212 132 133
28 591
509 213
313 378
169 167
289 163 84
144 63
264 97
161 138 253 881
833 3 5 59
83 475
377 378 182 297
181 645
593 934
129 130 297 45 366 47 304 368 435 20 372 22 115 474 29 222
65 6 7 380 158
221 166
76 77 49 438 254
425 75
424 77
256 213
195 196 804 5 991
435 494
289 163 71 234 85 218 253
284 84
177 215
161 731
296 297 390
64 3 4 5 521 138 58 287
304 284
312 374
184 185
232 233 557 54 278
101 103
474 36 29
359 488 333 526 407 700
40 30
521 59 167
324 5
657 177 178 179
260 261 70 298 312 249 509
122 428
108 170 116
474 45
330 366
75 188
945 749
145 187
64 138 587 5
122 187 78
45 214
257 129
449 63
305 303
673 507
114 443 444
860 5
482 810 55
448 449 140 447
216 156
256 257 153
138 860 253
466 84
441 414
165 141
161 59
547 78
8 113
161 234 237
297 322 378 105
777 205
136 41 76 77 49 438
289 234 218
1 284
410 786
289 234 85
88 43
269 216 249 317 222
5 194 3 413
395 251
569 122 427
161 283
449 270 435 534 217
514 75
373 63
210 283
4 63
289 163 72 50 434 51 85
209 821
696 190
12 21
701 662
232 842
107 460 590
376 244
544 425 749 45 368 211 275 281
260 74 75 298 342 249
418 548
288 82
107 406
193 195 196 827
250 107 212
694 367
281 129 495
13 495
64 97 925 303 304 305 89 90 59 253
170 451
184 494
301 101
219 134
495 87
754 117
532 213
163 71 72 434 218
420 301
8 526
306 212 55
474 109
430 7
161 167 108 143 367 495 753 83 595 373 374 87 694 602 122 283 284 63
272 306
216 317
210 287
496 88
427 277
305 425
371 227
146 107 188
964 932 927
213 334
4 860 813 60 413
897 301 125 639
304 64
352 378 343
136 915
810 55
914 951
485 87
330 291 358
250 213
739 212 286
521 306
177 612
264 117
926 206
60 286
522 554 483 135
608 256 250 422
346 179
48 115 444
500 766
168 484
250 167
132 122 409 58 59 253
514 510
130 309
233 134 558
327 106 11 21 22
88 106 435
303 439
192 263 180 181 150 123 348 349 350
390 391 392 297 296 396
857 162 83
66 390 487 104 395 527 15 222 19 179 466 404 86 313 538 381 62
192 232
291 212
462 14
954 33 34 546 36 39 40 41 26 27 28 29 30 31
233 940
473 285
553 212 133 286
210 119
426 87
377 395 390
146 122
65 529 6
609 266 233
166 136 137 170 171 337 338 339 252 116 437 439 440 438 117 340 124
424 456
161 250 107
64 846 57 58 60
170 116
32 33
304 212
163 334
65 135
833 193 195 196 5 827
108 495 87 284 63
170 372
474 190
129 162 130 366 435 20
184 122
533 405
7 405 59 860 253
42 283
720 53
84 493
547 613 234 111 146 83 122
378 250
80 6 7
459 516
161 134
968 45 914 700 957
146 435
496 364
65 282 6
293 823
189 367
241 242
264 114
483 135 778 174 341
53 222
161 475 92
41 26 39
161 731 148
163 433 50 434 51 181 373 218
16 163
291 7
456 412
644 405 655
100 405
502 431
234 586 511 781 270 83 85 602 153 122 475 255
166 534
107 301 366 406 893
544 690
451 343
18 435
217 46 47
477 14
48 108
148 270
834 63
64 3 195 4 5 253
115 534
516 14
665 94
456 977
82 550
488 333 700 501
64 356 170 330 47 115 372 212
988 412
98 435
250 163
84 821
129 162 107 301 45 406 893
24 25 26 27 28 29 30 31 32 33 34 35 36 37 38 39 41 965 589 591
378 61
138 572
953 711
515 259 144 412 67 330 212 470 475 92 91 477 478 479 357 358 109 111 112 113 376
59 139
97 21
435 108
122 59 212
680 82 664
41 754 76 438
108 116 166
129 202 95
250 107 188 63
544 673
616 955
24 25 26 27 28 29 30 31 32 33 34 35 546 37 38 39 40 36 41 589 591
64 108 5 860
777 95
578 367
394 494 435 821 181
992 860
378 251 742
289 163 84 85 373
64 59 4
107 188 301 406
547 211
200 65
7 297 490 182 378 380
952 958
18 227 420 302
21 327
424 264 445 246
373 87
341 893 406
57 287
108 78
52 142
144 475
213 175
130 459 276
209 130
318 19 86
28 29 52
357 358 329 91 109 144 376 475 92
41 36 534
609 467
481 358 330 81 376
318 19 86 219
175 165 47
82 167
284 495
134 31
204 821
628 190
64 810 286
236 239
257 153 250
216 821
272 739
289 163 72 433 434 50 51 85 181 153 218
257 372
257 153 284
280 108
298 75 18 312 249 216 223
184 291 494
505 410
160 17 211
174 327
653 479
136 116 428
140 429
43 613
170 171 116 117
69 509
736 449 323 165 270 430 47 46 335 217
425 46
257 356 366 519
187 493 255
2 75 178 18 308 310 219
250 115
130 461 366 435 184 474
257 107 284 366
130 115 334 246
326 328 11 401 21 22
122 284
104 369
64 409 57
390 398
81 82 107
124 901
666 3 5
64 257 130 519 364 366
161 487 612 271
977 114
368 29
130 250 212
913 45 527
42 198
152 35
122 133
161 613 102 234 236 146 59
64 4 237
272 55
369 441
819 340
259 133
33 546 39 41 589 591 26 27 28
96 215
396 175
184 130 427
130 402
553 306 212 412 286
147 227
83 421
530 363 422
425 223
289 435
482 212 412
20 62
26 11
116 461
158 7
80 283
238 6
412 4 5
145 493 255
129 87
60 686
241 12
64 58 572
114 115 487
268 20
496 372
344 129
97 412
363 467
496 171 372
289 163 234 434 218
480 177 178 382
263 232 75 343 61
67 330 109 144 91 92 479
58 90
547 613 143 367 111 146 83 85 122 283
616 253
64 138 413
64 5 366 287
352 353 682 346 279 344 215 347 343
833 3 413
82 419 300
41 39
18 74 331 332
160 234 235 236 237 238 239 241 210 211 244 243 242 245 159
24 36
64 833 194 3 195 4 5 827
52 205
696 598
64 666 3 5
64 282 59
648 257
324 6
64 282 3
108 254
264 48 114 115 281
97 117
106 435 534
257 250 212 284
75 310 223
353 181
412 7
96 202 94
755 142
250 130 435 420
59 83
533 287
448 449 165 140 429 46 47 16 273 274 275 430 141 217 447
434 50
480 415
641 46
420 46
833 3 103
448 580
516 527 276 790 414 169 427 173 177 178 563 179 441 66 201 841 459 480 494 124
306 286 55
163 613
202 197
492 549
446 582
592 161 148
449 422
133 553 810 306 212 286
289 122
810 60 55
161 425
284 389
289 106 306 409 122 59 253
323 270
443 37
821 207
456 172
545 814
893 301 309 406
201 202
29 421
32 163
448 449 140 141 430 462 16 429 447
16 129
441 265 179 233
129 821 206
368 418
184 96
496 250 107
522 174 135
448 499
302 503
232 297 180 215 281 61
250 211 237 63
330 284 63
161 146 406
672 419 550 551 70 81 213 664 185 668 509
323 335
59 60
339 212 662
1 298
824 675
451 212
138 299
592 97
495 311
260 135 302 174 536
170 301 406 439 893
739 55 56 57 59 60
321 322 395
386 389 391 393 394 395 396 398 151 296 297 182 61 62 321 322 104 105 369 379 377 378 251 380 382
161 130 279
24 172
829 301 406
474 420 45
691 302
424 114
127 175
107 435
178 221
161 394 182
474 250 420
857 284 45 84
608 422
636 287
161 233
17 283 284
66 499
304 897
24 114
144 94
394 302
291 341
265 162 662
122 59 253 106
824 708
934 335
425 275 46
161 378
41 171
184 388 199
352 346
184 94
857 142
161 234 242 244 533
232 233 557
482 3 212 739
233 538
322 391 182 378 62
494 695
474 26
152 428 471
554 135
168 204 205 750
217 580
64 5 175 572 63
418 115 108 334
16 217 46 47
449 76 41
35 36
261 70 298 509 94
2 642
87 373 374 135
129 200 168 202 207 821
168 219
309 390 391
315 435
185 970
108 430
18 181 279 250 222
211 14
106 148 213
497 214
64 686
153 255
29 406
425 338
59 244
394 106 428 270 83 148 181 122 253
418 444
52 31
448 273 46
460 269 561 216 223
137 116
553 425
563 439
553 521 138 533 55 58 286
569 108 494
736 270
101 405 354
549 79
208 108
192 65
161 114 115
306 950
90 934
954 33 546 998 39 41 589 591 26 27 28
421 142
289 163 50 51 85
228 223
552 724 734
168 363 166
5 14 279
297 122
897 357
184 4 910
328 417 174
161 667
18 75 222
490 213
36 37
336 795
88 51 50 155
173 494
19 534
372 52
297 394 933
72 71
953 510 959
39 40 41 120 25 27 252 30
161 234 236 146 244 533 245 829
65 493
64 257 130 5 108 366 211 115 284
495 367 83 84 85 87
161 394 62
328 129
74 75
75 342 310 312 216 317 223
656 439
129 42 202 204 87
418 362 334 114 319
45 527
456 36
41 36 30
613 394 106 18 155 156
25 27
122 213
209 699
490 6 7
306 138
257 106
153 367
824 359
459 255
86 727
146 167
209 115
419 468
104 369 105
293 487 296 522 586 342 318
130 435 366
84 334
881 58 139 287
136 817 252 861
48 115 319
64 163
76 861 438
312 249 74 298
108 284
250 107 406 63
267 609 499 268
108 85 84
811 421
260 261 519 174 307 539 155
482 739 212 55 56 699
260 261 70 298 75 509
394 381
67 515 109 144 91 92 479
81 509
320 210
569 494
372 102
266 662
64 3 4 5 521 60
547 78 655 116 84 85 120 443 253
18 342
306 490
130 167
115 687
529 490 645
98 324 613 85 405
169 115
656 281
582 78 79 80 498 540 446
59 373
136 24 26 27 28 29 30 31 32 33 34 35 546 36 38 39 40 41 171 589 591 722 339
265 267
355 101
296 297 391
3 7
321 322 105 395 182 378 251 62
232 693
122 367
140 430 47
129 130 257 42 107 45 366 494 82 435 213 442
380 286 175
368 330
456 212
386 388 389 390 391 393 394 395 524 396 296 297 183 61 199 486 105 379 378 251 380 381
29 30
184 188
24 439
212 662
425 250 435 213
519 260 174 135
357 639
377 183
160 441
480 321 322 516 392 177 178 157 62 345 381 382
337 161 116
448 449 141 430 270 429 217 447
304 253 255
97 620 304 58 925
97 77
409 282 6 719
83 167
456 272 132
952 526
250 420 82
49 41
162 107 45 366 406
425 210
185 419 70
66 435
914 45
441 267
456 114 848
441 381
108 270
106 250 164
122 405
11 341
193 412 5
296 332 269
193 60
96 281
406 159
153 108
848 114 334
248 12
250 435
612 390
224 65
64 59 212
515 475 479
83 21
368 117
42 205
928 932 238 927
766 247
253 59 405
161 19
178 179 630 441 62
361 214 534
299 550
548 39
283 167
169 114 36 279
64 270
185 299
232 265 266 233 441
161 174
281 166
977 115
181 421
129 166 821 281 31
130 558
64 4 5 108 860 253
852 351
217 70
483 135 554 522 174 341 373
59 195
981 262
832 259
432 256 84 167
257 130 366 494 435 20 281
259 403
420 79
4 887
74 332
165 140 430 47 16 46 273 275 217
5 59 413
129 63
35 439
169 451 459
3 5
475 405
538 461
17 425 165
265 441 233
609 232 265 266 267 233
129 484 134 173 208 115 28 29
64 587 3 5
594 499
482 3 739 5 810 212
46 45 893 406
264 362 48 114 115 246 444
434 50 51 85
108 964 237
378 167
257 130 107 45 366 435
130 564
116 255
170 327
378 852
827 804
474 491 164
66 494
372 101 495
17 250 425
545 569
172 39
212 255
76 334 48 49 51 444
34 30
456 443
482 739 810 686 55 56 60
368 152 36 656
88 474
65 141
210 245
153 155
296 394
522 135
72 434 50 51 85
64 4 5 175 59
45 325
106 668
219 550
257 108
153 93
224 545 257 227 577 551 297 107 491 460 590 175 115 213
312 74
163 71 72 432 433 50 434 51 85 84 218
194 827 253
964 405
170 116 255
154 411 63
395 15
604 415
34 39 40 41 120 25 27
116 302
272 553 55
954 591
104 321
578 143
180 14
217 47
453 831
418 548 486 264 424 362 48 49 114 115 246 443 444 445 319
75 117
409 412
352 322
64 5 521 138 409 282 860 253 287
146 188
11 135
641 115
64 58 533 286
49 434 51 85
553 482 55
235 87
537 474
11 83 22
456 90
130 516
178 179
106 83 84 85 87 122
412 212 132
337 252
108 405
312 269
64 372 138 4
72 49 50 51 85
224 225 2 226 227 229 228 75 18 19 216 219 220 221 222 223
361 236
250 402
285 215
122 250
129 279
17 133
97 482 212
107 519
434 373 87
613 5
608 491
200 96
368 171 471
555 341 483
169 7
321 95
494 83 84 85 87 122
64 175 881 57 922 60 287
507 12 366
153 75
161 295
65 165
122 211 159
341 213
161 84
612 420
868 341
318 224 1 486 74 75 117 249 314 222
184 451
441 381 62
212 47
432 218
138 55
378 164
34 39 40 41 27 30
938 354 126
915 901
378 395 62
913 467
101 63
257 106 250 84
189 223
161 482
597 367
160 320 640 235 236 237 238 239 588 241 210 211 244 243 242 245 638 159
499 12
904 908
330 70
84 373 87 135
467 755
200 202 821 168
270 447
130 291 169 304 372 341
224 107
178 87
235 927
897 301 47 372 406 893
62 391
144 291
94 185 14
321 322 296 183 62
611 460
307 479
17 165 47
32 122 31
164 367
184 216
41 114 371
212 237 63
169 292
117 29
24 546
70 142 510
330 356 639
741 122 244 253
49 213
829 406
170 451 341 483
360 500
257 82 366
234 235
92 470
250 45 63
699 412 413
257 162 153 519 107 364 237 366 212 88 281 250 284
291 451 169 427 173 281
550 75 460 269 310 216 249 317 222
64 4 846 413 286
227 86 311 313 315 318
209 138
441 150
401 510
226 315
897 129 170 301 174 368 115 406 893
97 286
130 169 427 173 184
96 124 62
147 300
64 272 5
115 166
83 427
8 20 142
490 6
420 250 107 45 15 496 114 435 372 115 474 29
233 267
112 109
425 435
312 216 223
376 475
656 420
496 257
161 20
500 142
64 17 4
33 474
233 285
827 194 59 196
130 181
833 194 3 195 804 5 827
24 14
267 214
833 59
146 156
114 251
122 83
134 374
52 821 918
441 201 499
192 7
418 424 264 362 334 114 246 445 319
12 503
168 975 821 918 919
88 449
17 291
594 956 821
289 163 72 432 50 434 51 85
881 58 138
931 964 239
833 3 4 413
897 357 330 47 639
75 222
152 24
59 374
106 860
2 227 229 75 19 222 223
64 138 860 5
185 14
857 122
106 250
857 161
304 130 910 184
122 138
147 190
70 261 509 326
301 406 63
546 37 439
329 479
250 439
451 494
545 106
777 205 95
290 483
117 461
89 234
192 682 181
205 207
146 59
507 503
208 129
120 41 27 39
257 162 153 107 364 237 366 212 281 250 284
816 139
273 311
49 230
547 234 146 85 122
378 83
91 67 330
377 394
448 323
41 246
56 57 55
407 359 504 45 503 408 505 506 507
857 161 265
354 87
171 252
281 19
194 59 196
616 156
125 167
106 250 148 213
282 495
8 45 366
813 47
493 255
374 254
289 71 72 433 50 434 51 85 373 181 153 218
234 236
3 194 195
74 107 75 216 222
10 530
358 487 82 184 185
22 7
164 106 83 148 181 534 435 155 509
451 143
734 327
164 213
328 895
378 382
372 46 47
142 247
130 107 43 82 184 188
451 516 169 459 173 276 790 441
296 394 386
467 214
441 516
833 3 195 5 587
129 198 168 202 204 52 821
81 547
17 338
901 754 915 471 120 861
135 71 108 432 434 84 373 87
40 28
170 122
185 969
210 302
289 434 85 253
376 259
5 3 4 813
362 262
435 63
82 59 138
45 13 87
130 87
200 919
482 3 5
378 351
56 482 59 739
55 7
423 42 146 51 88 155
339 253
235 239
395 182 251
456 65
96 129 197 198 200 777 42 202 204 201 206 207 208 168 594 205 52 95
232 197
28 439
259 357
19 798
420 212 132 286
194 813
161 251
34 439
107 190
71 434 50 51 181 373 218
184 286
720 380 398
160 320 235 236 237 241 210 211 243 245 159
257 897 357 457 107 301 17 406 284 893
296 460
283 227
212 108 5
88 51 644
291 707
107 691
130 293 487 169 173 115
378 765
668 550
304 305 406
360 333
306 14
106 270 47
721 267 805 609
88 42 51
808 133
821 494
497 142
161 207
296 297 386 381
55 167
901 166 136 137 170 171 817 337 338 252 116 438 439 117 339 340 124 861
83 262
281 474
168 96
184 130 420 366
208 6
91 163
242 245
550 82 510
130 29 366
325 107 45 366 20
955 108
362 444 334
227 367
582 812 78 558 80 540 446
283 5
496 2
170 116 439
59 5 686
217 430
418 548 486 264 424 362 172 77 334 848 49 114 48 246 443 444 445 319
673 407
352 346 181 215
195 5
289 163 433 434 181 373 218
275 22
163 71 433 50 434 181 373 218
273 85
8 250
85 71
860 213
964 860
576 232
135 108 367 434 373 87 283 63
205 821
48 173
184 20
44 359
218 122
99 324 103
530 453
178 516
553 521 138 55 58 59 286
200 129 83
312 460 757
96 42 43 52 86 87 88 95
449 140 46 270 217
456 303
376 81 161 664
185 367
691 22
821 14
550 810 628 474 668 190
24 338
59 534
588 7
409 827
160 304
104 65
154 108 63
43 475
201 179 276 441 414
257 490
130 612 279
385 389
161 289 234 210 83 146 213 244 84 405 245 242
160 167
923 54
59 686
817 171 117
739 60
672 680 552 664 474
488 333 559
402 83
21 93 23
281 271
184 224
348 815
964 238
553 482 212 810
170 107
122 18
250 420 366
75 68 223
129 36 29
480 604 415
496 107 460 366
813 933
353 343
284 519
26 439
721 755 609
297 380
363 142
369 147 53
141 270
65 301
644 143 655 146 534 283 155 161 547 163 164 167 423 83 87 88 602 613 122 616 106 108 367 374 250
88 188
224 87
304 631
500 526
107 886 22
130 420 435 184 250
589 29
28 14
88 425 283
130 291 451 281 271 569
161 436
433 50 434 51 181 373 153 218
540 495
359 488 333 407 700
816 195
285 302
616 332
57 59 405
168 129
3 4 5 972 813
64 58 860 253
390 487 104 395 527 15 222 19 179 466 54 404 86 313 538 381 62
64 59 253 286
140 100
265 441 276 414
80 418
161 563
28 31
161 5 3 253
8 857 45
625 22
892 174 893 406
10 675
407 359 10 333 499 500 503 505 700
184 89 130 286
261 74 298 312 249
652 421
32 35 36 37 39 40 41 591 24 27 28 31
159 108 63
378 919
48 27
65 390
833 59 5
258 427
441 414 494
125 430
296 332
43 821
3 813
252 63
257 115
299 686
161 191
166 137 170 171 337 338 339 116 117 439 124
848 334
418 166 262 41 340
458 198
108 357
648 686
629 390
74 75 298 18 312 249
547 971
988 340
304 64 211
425 283
729 260
42 106
168 594 821
115 445
17 69
127 287
449 462
108 211 964
336 16 335
173 198
161 181
107 21
324 7
434 218 373 181
40 41 76
392 322
75 317 223
224 366
329 330 495
957 934
708 62
642 302
161 210 964
296 105 322 378
209 931
10 559
64 356 170 330 171 138 47 304 115 212
645 350
122 463
266 571 268
922 413
309 397
88 955 423
58 686
133 47
352 297 204 180 343 378
71 72 218 50 83 434 51 85 153 122
544 210
64 130 184
196 195 4
296 369
179 540
129 897 11 301 174 368 211 372 406 893
418 166 40 136 170 362 368 115 340 117 438 120 28 29
739 132 212 59 412
256 425
257 519 212 662 250
129 166 52 821 281 31
57 620
362 35
28 198
412 132 167
245 211 237
418 114
75 483
130 82
257 170 330 366 304 368 82 115 341 22 29
272 286
304 130
309 134
124 173
212 84
173 14
8 162 571
810 413
265 442
212 412 133 286
108 358 63
841 458
134 494
813 367
64 90
443 334
352 158
482 950
65 15
860 367
289 85
449 140 141 430 429 447
481 551
185 291
208 129 202 821
210 542
129 130 170 45 368 435 115 29
193 103
116 161 124
202 558
377 180
420 102
456 915
71 433 50 434 51 181 153 218
804 55
114 115 246 319
178 322
396 909
115 79
359 44 499 500 407 408
923 422 489 142 497 467 603
208 202 96 95
80 582
88 485
64 3 7
114 115 982 926
12 957
312 75
322 296 297 561 378
25 30
64 57 55
161 394 386
217 273
116 861 438
451 814
108 406
122 59 860
232 291
609 265 266 267 441 62
20 63
312 223
170 116 173
155 423
235 964 927
336 270
289 234
33 136 362 252 117 152 28
420 532
406 63
107 43 188
107 757
266 62
357 358 109 144 376 91 92 479
260 93
544 88
130 115 279
322 163 104 297 393 296 396 277 472 284 61 216
296 377
408 567
170 330 496 115 212
16 286
64 244 212 412 253 286
469 181
170 116 122
59 83 519
83 78 79
56 521 60
24 28 30 31
130 108 494
181 263
890 406
412 55
107 82 21 22 184
146 213 122
19 86
123 157
115 487
140 462
122 372
130 106
291 420 451 134 80 498 341 184 446
296 396
752 821
310 6
97 22
161 58
609 232 265 266 267 233 557 441
524 293
177 182
346 62
412 4 193
107 366
72 85 181 71
163 655
3 196
514 94
187 71
296 63
881 306
88 964
85 175
292 94
194 3 813 827 253
17 250
481 67 612 104 561 49 339 212 118 662 122 253
456 331 439
259 1004
372 237
672 70
530 503
129 594 975
691 317
95 975
33 534
421 14
306 212 286
436 943
144 202
362 548
578 283
69 63
465 332
174 270 88 155 156
441 66
721 10
282 55
296 163
84 558
66 563
330 21
169 516 293
361 142
185 509
24 97
352 2 343 378 765
264 528 418 548 424 172 48 49 443 444 445 319 77 848 486 362 114 115 246
857 122 363
821 166
257 83 212
448 140 429 141 447
173 414 215
130 213
158 398
208 344
418 548 486 264 424 172 334 48 114 115 246 444 445 319
116 439
3 212
65 171
548 334
609 232 265 266 267 233 441
170 252
321 233
321 251
536 483
544 258
249 1
824 8
146 148
169 279
3 412
122 83 82
104 284
232 54
424 97
153 441
378 391
32 33 34 35 546 36 39 40 41 591 26 27 28 29 30 31
833 194 3 196 804 827
483 135 584 554 555 522 341 599
71 72 50 434 51 218
560 161
181 279
150 382
123 398
323 141
928 964 932 927
594 821
272 90
59 212 127
83 231
244 236
569 427
64 3 5 521 282
315 222
474 334
667 142
64 5 860 253
213 454
108 663
560 143
272 529
546 35 36 39 40 41 371 26 27 28 29 31
426 402
161 215
609 232 233 266 267
56 4
157 167
208 202 96 487
283 428
458 242 239
89 286
56 413
3 572 5
59 964
89 253 303
64 3 4 5 138 240 159
272 553 58
897 3 5 406
136 817 754 861
662 503
301 63
283 143
216 296
810 59 58
64 3 4 5 846 282
250 259 330
264 114 115 246
346 347 295 343
267 566
445 334
96 909
146 22
123 180
28 29
250 284 367
819 93
89 305 370
668 14
538 53
409 5 60 413
97 90 253
547 122 83 84
552 185
680 664
122 475
418 28 166 262
66 291
49 76 77 254
652 429
263 284 63
80 117
40 25
418 340
59 212 286
161 154 356
168 42 197 207
482 132
586 85
107 45 406
576 852
184 706 130
362 340
64 59 55
699 413
530 495
39 41 48 49 371
132 367
274 140
289 234 210
105 61
160 210 304
424 246
857 167
192 683
130 293
363 435
168 169 492
357 358 330 107 479 81 82 376 185 411 188 184 287
162 142
169 130 293 487
138 22
162 82
195 6
2 107 190 378
146 106
96 14
536 174 135
168 343
234 59 60 58
136 444
352 129 366 496 115
18 167
88 507
418 548 486 264 424 362 172 334 48 114 115 246 444 445 319
547 367 143 146 83 122 283 284
82 435
65 117
75 317 310 223
376 212
89 90 59
113 67 109 478
358 63
145 434
547 910
106 148 213 534
449 140 141 41
90 3
192 84
13 20 45
18 343
964 244
264 898
226 149
339 36
424 304
168 461
108 405 358
82 357 63
108 358
174 367
296 297 396 391
185 82 250
171 117
161 394 251
83 187 227
435 309
64 138 4 572
448 449 140 141 430 429 447
368 893 406
212 372
306 59 860 253
441 177 178 179 345
182 15
444 821 86
569 130 494
72 50 51 83 84 85 122
472 161
609 9 266 267 499 574
154 250
76 77
547 31
608 549 366
289 163 71 72 434 50 51 85 373 181 218
553 374
547 116
64 130 363 366 184
257 129 82 115 284
418 548 486 264 424 362 172 77 334 48 49 114 115 246 443 444 445 319
381 102
87 327
380 317
289 547 234 236 146 533 405 253
315 223
474 82
19 222 227
988 116
499 52
257 143
64 897 457 107 301 174 211 406 893
529 374
934 430
130 543
82 21 22
826 924
161 148
495 71
193 3 4 5
302 174 14
200 168 343
83 527
104 87
264 161
129 162 107 45 366 17 406
122 83 613 146
304 106
469 222
613 38 218 556 494 145 114 755 753 85 250
75 222 227
161 82 357
146 87
434 289 218 84
152 439
449 40 41 76 27 30
376 81 231
170 45 115 821 281 29
24 534
611 143
987 412
288 69 878 82 185 510
281 130
544 292
13 701
132 428 175 305 122 59 253
282 212 412 58
161 347 181
169 435
537 373 87
608 171 549
553 739 212
608 256
289 163 71 72 365 433 50 434 85 373 181 153 218
338 116
577 143
106 284
483 135 522 555 341
553 394 235 297 210 212 122
41 76 254
841 233
83 31
421 175
53 782
46 323 534
106 915
64 257 4 138 284
185 474 300
232 233 557 53 278
17 643
376 81 664
289 434 373 181
4 272 212 860 253
122 204 821
441 265 267
82 421 302
74 75 298 342 312 249 216 223
372 893 406 47
827 5
609 805 265 266 267
29 30 31
2 171 107 980 317
48 41 444 39
64 130 304 115 279 29
416 415
421 734
144 84
601 459
64 196 5
211 284 47
580 447
108 63
787 167
57 59 60 55
195 196 5
124 421
97 49
1 269
897 301 372 406 125
939 612
322 163 104 297 393 296 396 369 277 182 472 473 284 61 62 216
405 143
109 110 111 112 113
553 306 212 286
250 43
429 270
73 21
812 85
82 519
115 107
104 161 369 105
242 243 239
122 106 83 84 85 250
130 292 293 134 487 295 169 233 427 459 173 527 15 404 54 184 441
234 146
161 180 181
64 881
642 496 83 280 731 542
232 129 173
165 286
420 15
182 7
292 143
488 333 837 407
104 1
33 136 362 117 152
264 170 427 83 116 339 115 319
250 420
534 191
482 3 739 5 810 212 55 56 287
140 141 273 820 447
664 81
330 420
262 31
928 243
529 490 7
590 639
602 495
315 364
148 533 406 37 296 170 42 174 821 315 64 454 327 334 78 82 475 356 107 108 368 116 250 507 254
2 311
137 166
11 14
140 270
64 587 5
178 298
161 108 495 83 84 87 122 63
162 667 20 662
897 357 893 406
161 534
129 250 363
161 558
83 428
41 33 31
380 297 396
156 487
442 474 45
361 431
297 394 63
699 286
224 613 134 75 43 273 310
281 233
810 807
666 175
306 286
82 83 188
192 143
138 108
65 490 6
236 237
442 547
304 253 286
1 18
200 909
257 250 107 63
173 414
90 253
200 204
184 170 171
130 406
682 279
558 582
122 83 84 143
289 163 71 434 84 85
65 459
418 548 486 264 424 362 334 528 49 48 246 443 444 445 319
272 210 925 846
550 679
466 810 708 62
282 846
37 14
5 287
951 167
91 67
376 475 358
64 3 5 138 287
108 5
769 98 355 100 101 102 354 641 324 709 99 619 372 405 663 186 125 126
144 198
264 291
419 14
3 212 5 991
289 59
144 421
260 261 74 75 310
348 181 350
28 94 52
18 148
257 129 107 108 406 281 250 29 63
585 330 291
378 63
122 83 87
64 211 253
965 374
64 4 60
180 63
281 130 295
257 42 250
250 106 83 494
260 261 70 401 509
471 495
67 109 110 112 113
553 739
130 15
122 83 106
777 821
161 97
306 175
560 283 519
264 920 418 548 424 172 48 49 443 444 445 319 77 334 977 486 362 114 115 246
133 167
129 197 198 199 200 201 42 203 204 202 168 207 208 205 594 52 95
64 3 4 5 138 282 860 253
40 41 34
160 302
553 14
533 133
465 524
461 534
609 142
378 380
128 2
1 75
930 323 141 335 274
154 122
153 116
366 766
193 194 3 195 833 5 196 827 59
257 130 715 402
213 166
33 36
857 9
81 113
168 52
488 586 511 781 270 559 624 85 602 153 122 475 255
394 106 428 270 367 83 116 534 155
184 81 185
107 460 269 691 223
33 418 439
30 439
539 531 93
161 210
184 545 130
171 461
283 17 75 222
521 409
233 227
273 187
76 77 334 48 49
65 257 645 490 529
544 130 291 451 293 281 169 427 459 173 271 601 527 402 569
914 359
337 401
108 542
122 132
266 675 570
449 141
260 261 327 11 401 21
813 860 413 686
232 233 557 54
432 59
161 897 174 406
306 7
259 23
664 81 82
12 142
12 431
209 3
32 108 29
184 130 22
272 739 212 55
185 82 109 510
234 84
545 83
257 130 107 204 366 435 20
170 451 341
17 396
352 351
257 130
304 130 64 184
410 109
134 582 558 309 446
64 4 304 184 287
64 5 138 282 860 253
41 428
153 188
616 475
553 122 59
807 305 89 90 286
449 965 39 41 25 27 30
81 108 63
475 357
609 265 266 233 178 179 276 441 414
38 31
860 253 6
434 373 87 135
65 6 7
107 772
264 532
409 521
456 465
422 363 142 497 530 467 499 603
96 197 201 909 95
347 295
402 149
304 284 47
250 106 59
226 83
138 60
166 338 339 117 281
420 334
435 45 366
41 114 726
2 330 107 496 378
284 493
98 100
8 325
170 252 117
96 129 821
197 198 199 200 777 202 203 204 201 168 205 208 594 52 821 95
82 339 639
425 122 283
192 346
587 413
208 96
897 357 330 301 47 639
130 173 94
257 130 494 18 250 222
174 534
116 117 166
97 262
51 613
257 250 212 133
3 139
217 165
482 739 810 55 56 57 58 59
354 372 366 130
116 166
216 296 61
260 261 298 75 401
64 257 129 420 491 45 82 435 185 250
122 106
122 427
739 699
264 246 319
434 50 88 85
441 563
88 298 75
363 366 431
282 6
162 363 45 366 20
754 979 471 120 861
505 45 431
444 926
418 548 172 334 319
425 129
884 117 166
65 421
284 134
482 3 5 212 56
448 140 677 447
161 405
161 143
919 909 975
88 42 51 423
65 441
5 63
297 143
51 122 83 85
366 435 166
921 436
153 117
36 52
46 141 270
87 31
234 237
134 406
234 367 83 84 85
24 589
74 75 298 18 312 249 216
227 308
95 215
108 100
434 50 51 181 373 218
161 330 475
122 373
188 519
115 117
260 519 135 174 536 155
41 371
212 412 59 132
233 265 266 267 53
117 438
232 177
144 143
544 295
36 14
456 6
130 487 293 279
22 231
168 232
257 107 406
790 279
434 83 85 71
842 870
760 122 727
32 368
93 327
97 171 212
673 142
306 212 6
161 241
410 34
107 108 366 406 284
356 301 406
539 327
326 327 106 11 174 401 307 21 22
394 390
522 555
515 259 357 358 67 329 109 144 475 376 91 92 479
32 24 40 31
58 3 5
192 213
860 991
901 14
495 108 87 63
130 255
272 212 132
49 51 76
64 409 4 5
207 343
25 412 989
122 527
380 6
8 452
407 359 333 45 526 500 501 503 408 505 506 507 700
74 269
403 421
281 410
130 451 427 173 184
136 161 338
273 652
352 281
640 159 160 320 588 210 211 234 235 236 237 238 239 241 242 243 244 245 638
147 167
857 250
919 201 909 95
129 475
984 115 548
64 108 284
506 662
608 421
64 3 4 5 521 860 253
175 286 287
74 75 298 342 249
368 367
401 21 223
418 166 39 362 172 80 532 116 117 340 444
109 94
332 20
107 75 222
184 435
282 3 253
275 141
625 652
336 323 335 448
289 234 210 244 829
423 428 116 22 24 475
321 322 395 182 251 62
291 451 494 527 184 281
454 174 143 494 18 148 405 821 24 857 154 509
58 860
363 662
144 11
283 69
425 402
24 26 27 28 29 30 31 32 33 34 35 546 37 38 39 40 36 41 589 722 723
66 108
184 358
544 17 406
897 162 129 301 45 406
253 860 933
64 17 282 59
32 33 39 40 41 24 25 26 27 28 29 30 31
448 593
143 227 63
21 22 23
333 700 501 407
821 367
441 366
352 330
167 367 84 373 309 602
113 109
75 460
257 122 284
106 435
88 405 423
272 553
339 171 117
312 298 260 261
536 341
82 107 406
128 108
652 119
128 161
185 7
75 189 223
85 494
339 171 252
64 3 4 5 521
122 373 374
5 253
42 435 821
244 238
585 273
169 534
33 418 362
81 138
17 772
273 813 47
305 421
161 234 235 236 146 243 244 84 245 122 59 829
106 306 122 59 253
80 108
107 420
2 86
330 259 475
234 55 57 58 59 60
5 406
134 262 136 137 26 28 29 31 418 546 166 40 170 172 444 337 338 94 483 362 368 115 117
122 250 148 106
297 379
74 75 332 298
500 502
75 188 223
448 274
833 194 3 195 804 196 827
59 699
769 102
390 327
270 167
451 173
849 446
955 534 519
923 500
570 571
435 549
108 222
64 129 130 134 330 45 366 304 82 115 184 281 29
104 742
241 58
64 4 304 409 287
861 901
224 759
860 175
778 174 135
19 302
914 142
534 583
321 322 105 369 948 182 378 62
289 163 71 434 84 85 253
205 206
269 223
432 71
361 171
64 195 133
272 146
138 14
330 83 475
532 79
272 3 5
108 133
369 398
448 430
48 410
343 727
64 409 213
273 310
232 1001 538 233
253 175
66 293 487 586 173 404
500 239
339 725
161 234 235 239 210 533 213
323 435
418 334 114
444 39
156 148
49 483
420 543
577 161
817 41
75 757
516 494
134 30
456 444
512 216
212 90 59 412
435 173
402 173
83 84 85 122 63
821 53
64 57 686
409 534
304 22
236 237 239 210 244 245
449 930 934 140 430 336 593 447
424 14
40 87
58 739
88 146 51 423
138 302
937 573
486 424 264 246 319
410 306
328 106
291 532
284 222
273 274 47
347 134
184 130 82 431
363 166
243 211 235
72 49 50 51 85 88
672 419 81 82 185
232 285
58 59 253
257 130 519 153 284 29 162 297 304 330 82 211 352 107 364 366 496 372 250
80 121
315 53
122 78
344 682
552 70
430 47
41 76 30
234 283
289 163 72 50 51 85
897 301 174 304 211 406 893
288 70 190
336 429
343 351
482 58
216 90
496 129 156 47
64 129 130 330 107 363 366 304 82 22 29 286 287
841 458 563
593 335
232 293
97 362
86 227 222
364 279
13 214
212 412
317 222 223
516 534
136 116 252
264 246
64 138
75 439
164 106 428 494 83 148 181 435
181 423
90 846
130 134 527 402 404 281 544 545 291 293 295 169 427 173 54 569 451 459 465 94 487
736 462
465 338
73 164 260
184 130 279
152 418 30 31
435 364
269 310
425 590
123 151
523 564
97 326
161 475 357
315 284
64 409 138 521
170 589
739 7
232 657
272 553 133
483 302
209 435
244 245
5 167
97 170 117
322 378
269 460 332 757
997 13
161 22
330 29
168 352
166 136 137 362 338 116 152 28
116 495
367 143 84 373 534
56 640 639
80 220
397 398 720 377 380 158
505 534
264 83
329 330 67
56 482 212 55
64 97 3 4 709 133 305 212 600
58 412 5 860
161 137
161 933 167 108 143 367 495 83 595 373 374 87 694 84 122 283 602 284
425 45
106 59 253
521 55
129 366
233 42
336 165 335
184 253
281 292
64 3 4 5 60
408 142
49 115
8 755
177 487
283 108 284 143
232 233 54
563 494
330 291
608 250 460 590
18 148 154 672 296 170 174 46 47 175 703 454 327 78 356 108 368 116 250
272 810 739 212
46 301 406
352 350 353 192 263 682 349 179 180 181 150 215 344 346 347 348 157 343
848 115
398 7
83 455
952 214
361 266
250 45 431
339 421
495 319
35 28
64 3 4 5
289 434 253
425 5
184 358 487
163 284
107 420 366
442 755 85
19 134
418 548 264 424 362 172 528 114 115 246 445 319
49 167
124 62
116 124
731 212
272 21
301 174 47 304 211 372 406 893
410 668
881 138 287
178 381
405 63
272 412 212 132
165 396 47 175 17 286
185 87
376 81
3 196 587 139 435 409 413
161 748
94 198
153 421
129 527
488 489
24 171
363 70
449 27 76 41
170 115 114
283 284 367
425 406
94 494
184 130 402
376 113 109 358
184 481
107 435 357
33 27 252
97 611 90 620 304 57 58
425 405
544 17
395 487
544 130 402
317 310
74 331 298 18 249
368 65
283 85
140 820
134 532 446
107 188 406 22
160 238 239 210 243 242 159
533 212 133
11 21 22
64 257 553 212 286
88 78
377 322
188 364
161 341
458 410
260 261 298 75 401 249
377 161 380 297
64 409
50 613
432 153
274 47
291 564
260 261 298 75 312 249
376 470 479
161 467
700 333
449 165 46
11 261
82 107
193 3 4 272 412
132 286
288 21
810 3 306
232 378
901 754 915 471 120
188 21 22
833 194 3 827
213 254
48 428
687 23
488 700 333
64 4 60 572
252 861
82 413
409 138
130 549
667 20
446 78
48 114 115 548
69 550
64 257 3 4 5 138 366 211 212 286
146 213
441 498
160 235 236 237 238 239 241 210 211 244 243 242 245 159
179 414
153 434
609 708 453 359 10 267 142 526 499 603 701 511
448 449 41 141 430 447
184 130 910
67 68
833 3 5
74 310
91 92 109 478
542 151
435 143
160 211 159
76 334 48 49 51
116 246
216 75 691
81 108
129 36 166 368 29 31
137 465
423 146 51 88 155
122 75
184 202
133 302
168 204
64 4 5 90 521 138 304 16 210 211 372 212 184 89 282 286 287
380 161 394 396
309 167
64 304 305 90 572
219 308
82 83 357
168 454
348 461
392 296
273 323
686 405 55 58 59
257 129 284 366
283 255
289 163 434 50 51 85
620 6
648 436
64 195 60
418 166 134 136 137 170 362 368 337 338 115 117 28 29 31
317 310 223
97 340
657 378 149
201 202 208 918 95
46 274 430
161 347
224 161
212 59 412 739
257 130 458 363 715 45 366 527 402
420 463
74 331 332 298
435 62
682 215
421 542
130 364 366 211 372
139 253
570 12
3 518
161 59 287
106 143 367 283 116 85 475 84 59
17 330 259 475
48 172 444
475 933
474 270
446 14
82 933
242 211
432 50 51 85
435 421
88 82
360 526
289 122 686 175 58 253
257 115 255
122 60 253
48 117
184 715
89 237 97
17 210
180 62
495 108 63 71
852 158
657 381
202 167
64 175 211 47
852 343
304 243
857 84 45
153 346
28 30
897 301 406
376 109
250 748
82 435 366
17 425 171
88 821
98 102
545 106 271 432 337 434 113 85 373 119 665 59 444 319
364 532
82 108 63
170 124 861 439
474 30
243 235
418 34 38 39 40 27 41 49 30 120 443 444 94
407 408 806 359 8 333 45 500 501 502 503 504 505 730 375
897 366 406
184 129 6 216
305 810
451 516 169 459 173 276 441
407 408 359 45 501 502 503 504 505 506 507
269 550
155 964
153 51
231 284 367
66 582
184 6
66 201 276 441 381 414
219 269
164 84
209 739
106 191
315 22
354 99
114 116
243 235 211 927
272 4
405 46
532 301
506 250
582 78
857 363
59 3 139 5
88 291
362 172
755 63
509 374
264 115 291
97 171 303 116 90
36 23
212 519
848 173
308 589 207
409 5 413
163 533
334 655
160 234 235 236 237 238 239 241 210 243 244 242 245 159
64 282 860
323 140
857 467
129 130 166 134 170 368 115 341 29
769 98 355 100 101 102 354 641 324 709 99 619 405 125 126
339 38
708 359
821 421
613 174
41 76 77
284 213
264 528 418 548 424 172 48 49 443 444 445 319 334 977 486 362 114 115 246
107 108 301 406
257 108 153 284 63 255
48 444 821
337 281
833 194 59 827
425 951
213 551
129 372
256 643 107 491 496 88
419 748
160 234
257 451 435 366
54 15
931 236 237 239 244 245
64 3 4 5 138
152 428
141 6
161 5
425 821
250 356 63
363 556 45 142 366 20
474 20
784 655
777 202
3 4 7
264 63
186 53
425 510
29 173
306 3 212 699
83 5
260 261 73 75 174 401 249
418 31
184 115 246
163 218 432 50 83 434 51 84 85 122
22 519
377 395 380 398
49 76
378 395
140 335
156 102
27 14
116 166 340
424 264 977 114 115
64 304 305 212 89 253
312 296 269
184 420 910
116 319
186 324
148 63
64 521 138
289 586 511 781 270 624 85 374 602 153 122 475 255
106 253
129 802 168 42 52 197 198 199 200 201 202 203 204 205 206 207 208 594 95 96
114 330
237 133
257 130 519 153 284 29 162 297 304 330 82 211 88 352 107 364 366 496 372 250
233 66
106 250 420
3 195
178 18
233 178
571 453
328 946
147 317
83 374
59 212 739
244 927
136 338 438
96 42 43 52 86 87
150 7
107 223
228 757
361 12
453 265 266 267 268 499 501 441
363 332
115 167
390 377 395 398
84 284 279
424 264 445
32 166
211 213
444 334
43 301
257 115 284 366
64 4 237 47 304 211 372 212
435 130 821 181
90 925
290 181
259 358 109 144 376 475 92 479
8 667 13 662
344 108
901 915 24 29 166 170 171 428 438 439 334 337 338 339 340 341 368 115 116 117 124
953 70
257 166
259 330 108 475 284
547 300
981 14
435 420 366 534
394 534 88 155 156
5 413
435 420 63
833 146 59 5
161 251 105
171 116 303
161 264 334 114 115
162 531
418 259 422 166 330 475 28
50 51 85
609 453 265 266 267 268 214
284 334
841 130
769 98 354 100 101 102 641 324 709 99 619 372 405 663 125
160 244
161 147
378 459
65 860 7
376 113 109
201 66 499
565 13 366 191
64 3 282 409 666 59
268 701
71 434 51 50 83 84 85
38 39 296 428 594 114 87 24
42 134
216 364
857 108
1 2 317 222
234 59
449 273
667 567
257 4 304 435 413
359 333 407
369 53 15
144 173
424 264 246 486
227 108
83 549
812 341
162 361 567 570 571
64 273 4
306 59 212
451 421
232 61 173 343
833 3 4 5
9 570
304 108
376 358
101 495
288 138 93
708 359 333 526 407
362 117
172 246
97 246
136 41 76 77 438
3 163
19 87
70 185 14
216 189
136 338
210 243
448 449 140 141 447
160 241 243 159
232 173
821 413
931 237 302 239
116 988 412 439
930 323 934 335 336
160 243 211 159
524 830
64 409 4 413
418 548 486 264 424 362 172 77 528 49 114 48 115 246 443 444 445 319
56 57
161 157
138 686 881 58 860
409 3 4
64 3 4 5 90 60
115 548
131 181 622
161 59 5
106 435 270
344 129 821
160 235 237 238 239 241 210 211 244 243 242 245 159
8 511
32 83
74 18 332
160 250
129 167
284 5
234 235 240 210 244 533
82 255
175 287
56 686
853 207
348 62
368 439
519 212 55 88 412
471 439
120 230
192 157
260 261 74 75 298 249
257 227
161 311
64 282 3 5
107 301 406
434 88 50 51
249 298 261 94
666 860
122 860
423 817 754 979 116
304 521 90 64
72 433 218 85
833 827
160 964 932
609 500
161 468
64 138 133
656 29
174 127
162 662
547 167 146 83 84 250
289 434 85
368 115 29
395 382
306 212 412 133
106 227
246 63
256 250 107 143 83 122 283 284 63
507 766
105 322
59 5 3 253
48 49 77
422 363 142 530 467 499 603
521 59
504 507
482 282
65 412 7
721 87 511
125 639
211 159
928 238 927
609 265 266 267 62
185 420
930 165
193 4 413
708 13
89 286 303
377 986
42 116 174
165 47
330 475 84
49 334
64 237 270 47 304 211 372
536 778
25 989
405 56 57 59 60
135 554 555 174 373 374 536
664 81 82 69
64 3 5 409 58
5 127 175 212 282 59 412 287
130 291 292 451 271 465 569
13 87
373 135
166 136 137 170 171 817 337 338 252 117 438 439 339 340 124
499 502
368 83 428
897 357 107 491 301 82 406 893
59 211
122 148
122 490
248 247
60 413
227 302
424 264 114 115
29 31
169 130
532 341
65 116
154 283
919 909 918 975
24 38
666 138 175
143 283 284 161 933 167 694 63 83 595 84 87 602 108 367 495 753 373 374 122
449 165 140 429 46 47 16 273 430 275 141 217 447
259 411
362 246
138 3
184 130 115
161 66
330 67
496 84
234 236 241 210 146 244 533 243 242 245 122 829
18 284
848 115 172 548
372 286
161 309
641 98 99 100 101 709 354 324 372 125
250 3
64 686 57 58 60
418 548 264 424 362 48 114 115 246 444 445 319
744 103
449 46 47
159 211 63
460 332
12 13
499 500 247
170 212
561 497
161 354 405
260 261 174
138 686
424 6
928 159
418 486
226 495
317 7
570 779
242 234 243 533
296 393
790 6
130 291 281 427 459 173 184 569
337 338 161
17 171
65 327
24 25 26 27 28 29 30 31 32 33 34 35 36 37 38 39 40 41 589
281 197
368 31
664 475
141 47
408 407
907 157
130 212
449 34 39 40 41 27 30
474 18
45 167
524 135
467 6
200 175
59 60 253 860
333 700 359 407
208 201 129
486 199
161 225
933 108 495 84 373 87 537
162 20 662
66 265 233 563 441
212 132 286
283 107
534 431
291 284
833 194 195 827 860 991
18 514 227 460
366 107 108 406
264 122 319
369 322
642 421
136 41 76 77 49 254
169 516 485
97 303 304 305 89 90 253
336 323
49 418 114 319
170 6
64 138 244 59 253
66 841 458 427 563
378 492
264 114 115 926
194 3 195 196 827
507 212 45 431
914 530
531 534
42 206
388 119
456 171
642 334
257 122 83 284
184 696
481 495
109 111 112 475 92
757 598
405 358
193 3 412
505 570
242 243 235
865 412
64 60 5 846
401 260 93 261
448 140 141 430
449 270 273
827 59
123 263
34 14
135 269 400 19 412 31 38 49 318 836 210 83 212 85 599 602 113 114 244 245 251
184 230
821 909
283 235
553 212 286
161 149
259 469
496 148 255
301 406
769 98 355 100 101 102 354 641 324 709 99 619 372 405 663 125 126
110 63
87 143
446 918
259 67 357 358 329 330 109 111 144 112 113 475 376 91 92 477 478 479
355 102
83 541
154 108
18 221
170 166
897 13 639
17 122
354 435
505 431
267 609 499 233
930 490
456 817
216 1
17 301 406
256 313
250 461
244 6
256 18
163 108 334 495 84 373 87 63
257 297
253 286
434 51 50 83 85
232 798
307 174
217 430 447
136 170 337 338 116 117
156 421
75 460 269 561 401 21 216 188 317 223
265 214
483 532
164 933 166 490 491
43 757
291 170 114 115 341 117 281
394 108
352 96 2 131 168 182 378 735
821 918 975
65 377 380 158
250 364
138 3 4
857 294
115 933 334
748 510
481 67 612 390 250 561 49 339 212 118 662 122 253
433 218 85 367
499 239
200 219
490 406
283 11
247 431
64 7
739 272 212 55 56 59
17 107 188
259 91 144 475 92 479
841 130 573 458
322 381
233 122
185 421
332 261
185 82 167
37 170 368 115 29
569 402 427
210 964
253 334
601 130 451
42 43 52 86 88 95
616 460
608 171 549 366
56 212
210 59
267 12
131 232 622 782 278 285
161 622
858 302
138 93 686
488 559
289 434 163
192 263
250 181 279
83 613
474 538 461
93 679
530 700 333 407
115 301
857 453
257 547
376 330 479
481 75 21 22
609 265 266 267 268 499
108 207
88 211
130 414
129 106
16 275 46 47
435 519 63
33 418 252
306 253
456 97 170 116
933 405
138 7
161 52
345 181 150
144 759
465 557
264 114 115 319
88 116
367 83 84 85 87 122
330 364
457 301 406
306 59 253
122 291
827 194 3 804
641 372
304 171
211 237 235
161 217
519 63
593 165
37 302
954 302
547 613 111 146 85 122 253
207 919
163 613 71 72 434 85 218
106 364
170 116 117 340
357 11 339 341 639
216 250 435 6
207 87
376 113
296 297
64 55
105 369 182 378 251
289 163 71 85 218
260 174
281 291 427 451
216 691
521 282
219 341
418 334
141 429
313 63
202 396
281 378 229
116 367
666 813 887
170 368 115 116 341 250 29
74 75 298 18 249
18 63
171 988
281 170 171 117
488 333 501 407 700
616 829
434 187
176 138
643 164 933 454
304 521
81 82 185
972 860
427 207
129 777 802 168 42 52 821 197 198 199 200 201 202 203 204 205 206 207 208 594 95 96 752
130 293 169 173 494 527 271 465 402
165 140 46 47 16 273 274 275 217
59 163 196
304 296 435 372
5 143
481 550
289 161 234 210 244 533 84
93 22
481 357 144 81 376
11 22
22 119
90 926
189 534
97 165
616 107
697 18
431 463 212 309 412
272 860 846
168 182 527
769 101
326 327 328 401 307 21 22
5 163 253
146 82
266 958
512 343
458 715 527 400 402
410 327
135 367 434 373 87 122
64 59 5
160 435
289 163 72 50 51 85 122
176 138 175
827 194 3 5
81 881
65 62
161 189
244 253 860
315 308 227 311
181 374
130 563 276 414
88 146 423
122 115 334
87 63
108 542 63
232 233 53 441 62
161 455
608 43
363 45 507
296 291
45 366 431
5 846
289 253
289 434 181 71
547 509
521 58 59 686
171 428
289 218 163 85
739 810 55 56 57 59 60
328 260
129 130 204 15 279 281
133 6
612 293
577 233
48 49 51
161 138
161 70
154 106
83 108 84 87
265 142
69 302
24 117
289 163 365 50 434 51 181 373 153
141 430 429
227 86
84 374
419 7
357 330 170 339 639
170 250 364
171 39
496 115
291 427
360 570
386 83
122 94
59 175
64 572 846
363 507
46 406
245 159
185 302
401 590
475 143
107 188 269
56 58
274 813
378 149
241 211
195 588
88 29
11 325
18 143
521 138 881
272 59 212 739
482 133
289 163 71 234 85
451 124
171 420
85 613 405
325 12 556 467 755
104 297 296
263 179 181 215 285
537 628 87 511
304 169 184
441 201 499 233
283 319
234 84 367
209 175
296 388
83 69
84 655
20 142
467 325
650 453
154 212
448 449 41 140 141 430 270 217 447
545 108
304 129 82 184
425 527
75 222 22
224 227 134 74 75 298 401 310 184 249
293 173 465 83 281 94
214 359
514 366
258 131 290 181 123 382
93 101
330 287
161 153
618 141
27 252
739 196
577 177
129 379
778 483 135
170 549
21 87
497 561
2 107 496 660 378
20 431
451 543
96 129 197 198 200 201 42 202 168 909 207 208 52 94 95
434 373 374 87 59
360 361
184 169 130
169 207
394 613 405
594 87
184 115 287
257 284 47
550 551 213 668 509 510
940 573
80 498 420 446
40 41 120 252 30
496 474 148
170 116 117
426 715
656 262
4 686
195 804
449 141 430 447
57 866
59 613
465 451
297 378 182
83 54
532 540 79
930 270
210 14
8 567
700 500
146 829
40 28 29
160 640 234 108 63 159
570 45
3 175
65 612
264 31
602 164
291 644
210 212
519 181 622 279
66 295
188 223
90 435
216 75 223
264 334 115 83 319
75 222 223
257 130 107 301 366 406
97 108
510 679
449 34 39 40 41 120 25 27 30
56 739 60
330 357 639
192 348
613 50 85 312 122 475
841 427 87
748 84
594 823
200 777
289 163 71 218 434 83 84 85 153 122
358 479
73 22
8 142
422 489 363 142 497 530 467 499
516 414
273 75 310
138 413
402 622
493 933
161 222
83 28
19 420
489 530 499 142
422 87
368 17
106 367 83 84 85 87 122
176 175
258 66 426 427 402
289 161 234 235 146 245 85 122 59
769 125
49 77 334
108 749 598
70 679
153 284 63
499 333 502 407
395 948
184 910
544 327
197 198 202 208 52
281 207
410 191
545 435
482 14
410 139
82 302
64 129 130 257 281 297 169 363 173 271 82 115 279 569 29
593 322 580 39
64 364 533
16 270
425 106
114 63
48 49 51 77
45 526
672 107 460 590 366 496 435 148 188
96 129 197 198 200 777 42 201 204 168 205 207 208 52 95
2 226
352 88
166 230
284 373 374
352 347 192 215
257 181 279
21 223
378 62
8 361 570
821 95
232 233 53 278 62
96 182
313 367
366 45 406
3 587 139 435 409 90 413
588 4
130 427
209 58
456 65 97
720 842
127 7
184 427
507 359
264 114 982
507 212 431
80 420
667 12
185 82 550 551
372 100
59 213
108 142
208 129 96 198
302 295
250 475
273 46 47
422 360 361 10 530 467 214
41 418 30
330 639 357 47
29 262
262 428 656 471 120 152
250 106 435
168 573
357 358 330 107 479 81 82 376 185 411 184 287
136 340 166
122 339
97 237
216 435 821
34 35 41 591 31
83 87
11 37
56 57 59
434 50 51 85 88
180 150
250 108
378 451
425 122 83
376 368
129 130 363 366 184
239 623
304 305 90
563 7
170 901
237 6
281 130 107
341 87
212 59 132
289 163 234 434 218 253
288 300
306 211
89 810 286 303
25 27 41
101 302
442 667
265 233 276 441 414
345 348 181 353
108 301 406
409 421
622 279
652 174
465 612
195 196 7
405 174
64 59 3 196
161 907 148
505 359
185 116
664 82
216 61
232 233 53 54 62
161 91 475
589 439
333 526
754 915 471 120 861
18 22
178 114
416 87
64 4 175
424 486
901 136 116 438 252 861
163 164
474 115 420
603 499
496 250
17 82 425
418 548 362 172 48 114 371 246 319
833 194 5 827 860
3 5 587 212 56
700 701
122 72 50 83 434 51 85 218
250 330
108 84 63
442 530
852 181
901 136 137 166 170 171 817 438 439 337 338 339 340 861 124 754 116 117 252
289 163 83 84 85
406 167
496 156
261 509
106 286
161 129 821
816 138 686
184 129
600 133
264 301 445
931 964
85 87
17 519
369 378 251
682 343
482 55 57 58 60
380 390
448 274 46 47
860 810 813 244 59 60 253
33 884
250 406
167 234 146 116 122 253
129 211
156 45
232 233 557 53 54 62
448 930 934 140 335 336 447
64 409 572
130 131 485 966 232 169 937 168 233 205 207 15 285
25 965
3 587 139 435 409 413 286
97 482 212 132
136 76 438 254
289 163 72 50 83 434 51 85
363 421
88 475
424 264 443 246
456 77
66 431
184 281
231 63
64 4 184
317 759
38 87
848 172 334 548
448 677 140 141 430 447
323 934 140 335 336 593
273 7
291 87
369 367
884 116
281 114 291 117
64 234
881 138 139 287
616 154
171 372
412 4
83 748
129 357 406
848 920 206
289 163 71 433 434 181 373 218
672 419 550 551 107 81 82 185 668 510
380 175
461 118
482 3 212
210 925
161 130 181 279
64 4 413 60
33 14
85 255
486 424 264 77 977 246 445
544 406
418 410
448 449 41 141 270 429 217 447
429 462
260 261 298 75 249
3 58 5 90 553 127 463 175 210 212 56 89 282 59 412 286 287
98 324 301 103
413 7
209 156
264 161 114
184 130 427 402
376 113 861
288 93
232 75 263
66 201 563 276 441 414
153 116 143
507 431
129 821 14
296 108
507 20
24 26 27 28 29 30 31 32 33 34 35 546 37 38 39 40 36 41 589 591 722 723
302 30
162 266 675 13
395 391
201 909
133 519
301 69
550 7
495 83 84 373 87
322 104 105 395 369 378
129 347
368 421
256 356
257 107 43 435 213 250
129 643 490 491 45 496 212 406
172 444 334 548
722 31
72 434 50 51 85 88
789 718
146 250 106
250 389
2 222
441 451 276 459
301 893
166 246
608 435
456 124
5 59 405 14
250 549
405 270
827 3 5 7 59
217 255
369 226 87
493 6
337 42
449 41
170 29
193 3
185 63
322 534
136 252 438
162 8 13 20 662 667
211 364
80 446 78
328 12
177 233
72 50 51 85
64 810 686 405 56 57 59
441 250
266 142
233 441 53 62
547 813
848 114 172
347 6
72 49 434 50 51 85 88
26 444 39
827 195
212 7
475 63
107 188 491
211 63
354 405
829 301 893 406
83 731
857 106
99 405
146 519
481 897 82 639
490 250
9 511
261 509 70
12 23
451 6
130 107 43 82 184
130 291
313 227 63
158 62
707 15
3 636
326 510
565 749
192 6
96 201 777 909 594 918 95
97 57
418 264 424 334 48 49 114 115 246 982 444 926 319
18 387
57 922
707 524
250 431
768 14
425 79
272 59 133
613 85
667 453
57 234 59
7 306 59 412 253
165 447
232 250
250 551
185 419 254
289 218 85 71
824 10 453
352 96
893 174
514 125
39 40 41 120 27
69 87
161 402
64 161 572
57 138
700 142
107 435 366
457 107 363 301 45 406
612 271
341 174 343
602 87
184 199
352 123
122 212 133
65 141 7
297 278
334 6
393 87
547 122 83
200 54
462 270
108 29
507 435
21 933
257 356
64 175 881 287
452 142
418 87
42 197
257 130 5 108 366 211 115 284
106 282
449 212 5 63
257 366 115 246 284 63
64 3 5 139 175 57 58 60 413 127
338 166
163 85
897 301 639
394 148 106
278 281 168 297 180 182 61 451 204 469 343 215 220 96 352 353 232 104 496 377 378 123
178 61
8 142 567
184 356
142 7
516 169 459 527 276 441 378 414
128 749 496 148 378
233 369 54 313 538
381 183
64 409 282 60
139 55
58 282
390 777 395 527 15 19 404 919 538 179 313 62 66 466 86 222 487 104 381
129 594 87
429 46 141 47 273 274
89 211
784 155
410 421
691 87
474 435 212
468 510
59 212
144 134
531 294
184 130 88
497 507
104 395 182
8 701
19 259 212
591 87
64 482 3 5 138 212 287
304 138
901 136 116 438 439 252 861
213 78
933 71 108 495 87
3 972
161 821 206
71 433 434 181 373 153 218
432 142 167
552 87
544 184
571 662
755 511
161 18 469
519 255
136 24
304 143
474 106
9 10 267 526 530 952 701 958 574 708 453 333 721 214 603 609 360 499 500
344 279
234 244 236
468 63
97 418 334 114 319
108 933 255
456 137
59 846
243 565
817 754 116 252 861
456 412 982
232 123
107 772 301
24 173
169 293 901 823
129 170 368 115 281 29
474 499 420 214
297 322
309 495
306 495
841 427
107 212
64 412 253
65 250
64 244 253
26 134
482 306
64 482 4
65 129
184 17
249 74 332
616 428
657 263
643 420
144 11 341
64 3 4 521 306 58 286 287
59 286
175 47
345 378 149
260 261 298 401 94
224 257
662 14
48 114 115
174 519
233 6
373 174 135
64 409 58
352 130 162 297 330 364 366 304 496 82 211 372 29
200 129 43
153 115
337 161
441 819
64 57 846
881 860 686
138 372
264 114 115
322 251 395 62
441 179 630
137 438
250 107 420
467 12 325
336 335
425 175
8 407
108 821
58 3 7
289 71 72 85 181
526 766 87 511
369 842
106 494
107 284
64 553 306 212 572 286
81 82
24 39
645 141
130 291 293 134 281 487 169 427 173 271 465 569 94
369 182
915 252
409 474
184 153 94
2 317
394 106 428 146 435
12 622
972 700 5
449 141 47
18 727
350 6 7
487 404 15
666 108
457 107 363 301 82 406
573 6
142 87
460 107 188
301 893 174
1 178
283 284
500 45
39 31
96 129 197 198 200 168 202 207 208 52 821
130 134
499 460
64 138 47 304 175 211 372 212 286
27 39
88 553
29 87
266 20
455 63
210 122
521 282 7
369 105
547 613 72 146 122 253
409 59 244 253
224 189 223
114 134
122 188
289 163 234 85 218
394 396
421 223
992 521
829 6
97 212 409 412 286
128 228
134 558
193 3 195 196 5
170 309
765 542
435 199
142 431
262 28 29 30 418 35 34 36 166 39 40 170 444 338 339 340 726 368 115 117
121 95
289 133 306 122 253
176 193 666 4
129 130 115 184 281 29
116 213
108 405 63
516 293 168 232 169 233 204 207 15
218 122 83 85
105 394
421 454
160 235
352 491 204 378 496 343 215 61
32 362
136 170 171 337 339 116 725 438
376 67
160 964 159
272 273 46 47
170 124
600 482
108 319
449 39 41 120 27 30
93 87
289 234 253
133 286
368 25 262
283 356
234 59 405
138 860 253 7
41 76 77 438 254
553 212 133
510 495
454 63
7 521 138 282 58
412 170 212 132
489 530 142
296 386
281 364
334 114 115 435 246
548 424 264 848 114 115 246 319
560 259 411
261 326 70 174 509
250 18
264 439
554 522 599
418 362 334 177 114 319
132 212 59 412 286
294 766
49 443
836 790
354 143
673 431
824 662
45 301 893 406
163 132 5 167 7 810 108 813 655 175 146 213 602 122 59 860 253
59 3 212
554 522 341 599
10 511
169 441
64 4 521 138 175 282
160 243 244
106 250 213
141 447
114 443 319
89 305
481 330 639
496 83 148
64 3 5 846 282
265 233 179 276 441 414
517 6
443 171
154 613
83 125
88 83
421 22
106 181
545 454 106 271 432 337 434 113 85 373 119 58 444 319
4 287
186 405
10 530 214 952 958
204 830
97 925 303 304 305 89 90 253
284 549
330 109
184 107
161 117
107 75 460 222
90 4
505 766 431
59 83 212
424 264 114 319
136 76 49 438 254
84 341
816 521 138 93
104 369 395
409 994
327 174 531 499 724 307 539 93
496 107
94 206
640 641 639 47
115 339
448 323 677 140 447
496 378
264 528 418 548 424 172 48 49 177 443 444 445 319 77 334 848 486 362 114 115 246
296 386 378
307 174 519
163 434 51 373 181
769 98 354 100 101 102 641 324 710 99 619 405 663 125
224 314 75 74
298 75 260 261
212 756
515 259 357 358 67 109 111 144 376 475 92 478 479
140 47
122 341
59 3 804 5
449 217 273 47
52 166
915 861
58 286
80 116 117 166
412 175
419 70
930 934 140 335 336 593
323 677
523 524
933 87
1 18 19 298 311 312 313 314 315 317 318 74 342 86 216 219 222 223 224 121 226 227 225 229 249
289 163 434 83 85
570 452 453
26 27 444 39
340 15
219 221
451 459 87
36 39
367 143 83 84 122 283 284
833 3 827
419 550 551 300 664 185 474 668 509
456 252
265 266 267 268 499
305 253
333 530 499 500 407
14 31
192 495
291 264 170 114 115 341 117 281
418 424 114 115 246 319
38 39
754 915 979 471 120 861
185 315
161 234 587 235 239 210 146 244 213 84 243 242 245
281 115 134
435 190
897 108 301 174 143 406 893
171 63
488 452 559
810 212
352 183
130 43
75 43
129 166 11 83 52 281 31
538 367
564 823
34 29
475 109
133 7
379 284
201 918
291 100
368 122 428
378 386
130 790
391 296 297 394 105 396 309 182 377 378 379 380
168 173
442 63
264 977 115
49 253
289 218 253
368 152
305 807
304 897 406
117 421
170 339 116
73 75 260
174 87
377 297
157 350
425 259
12 325
97 170 330 304 368 82 115 341 22 253 90 29
66 102 15 178 179 441 381
257 284 493 519
362 28
109 421
256 250
884 94
281 441
64 59 212 286
161 485
425 284
715 173 414
346 158
113 109 94
952 958 360 214
264 115 334
131 180 181 215
424 439
64 138 60 287
241 243
160 239 593 210 243 500 242 159
833 193 194 5 103 588 827
163 191
161 493
600 210
322 183
448 140 430
24 33 27 252
1 6
931 237 239
269 317 222
396 87
274 270
88 148
32 716 251 112 143 367 111 85 283
161 282 253
281 293
83 213
138 175
813 991
821 487
131 279
357 358 330 144 376 479
641 98 354 100 101 102 324 710 99 619 405 663 125
570 499
161 93
330 339 639
408 505 45
269 460 301 406
281 43
609 805 265 266 267 233 499 62
143 283 83 59 63 255
458 66
418 548 362 172 848 49 114 48 246 443 444 319
64 4 175 60 287
88 164
170 171 116
425 465
616 59
104 297
264 406
117 166
232 233 53 62
232 646
426 85
62 15
503 333 45 500 501 502 407 505
656 172
69 81 21 664 185 510
3 588
322 62
217 580 270
59 6
122 363
97 170 116
35 36 40 24 25 28 29 30 31
267 805
171 116 166
848 48
109 81 82 185 510
121 19
161 115 334
50 644
108 494
135 71 108 367 432 434 84 373 374 87
184 169
448 47
381 167
64 4 5 138 666 59
519 655 146 534 155 156 161 547 163 167 423 432 59 85 87 602 108 367 373 374
281 278
289 433 434 181 373 218
59 108
193 195 827
108 5 63
129 130 643 257 532 406 279 22 29 162 170 45 47 330 82 211 341 222 356 107 491 366 368 496 372
435 171
412 860
821 101
250 148 213
273 323 677
448 462
810 303 89 90 286
108 964
64 881 287
250 181
129 197
144 475 357 358
224 106
449 141 46 47
923 15
451 227 612 296 393 75 396 624 369 86 87 446
22 6
329 330 561
212 461
813 143
304 951
474 419
765 31
154 156
408 266
409 60
83 84 85 87 122 155
232 233 557 53
406 103
140 934 270 47
88 130
193 195
282 991
201 441
193 194 3 833 804 588 60
142 214
430 270
451 420
570 603
108 709
45 500 501 503 505
64 3 4 5 240 159
180 821
289 163 644 613 218
912 82 468 216 189 190 223
84 143
116 171 428
482 739 553 212 282
746 75 222
281 420
260 261 73 75 174 401
282 59 495
409 139 127
90 286
106 43 148 213 250
680 81 21 22 664 93
64 833 161 194 5 827 253
97 90
152 36 262
194 804 813 827 253
609 325 805 267 556 721 467 755
389 296 105 182 378 379
292 494
482 739 520 810 139 272 466 55 56 57 58 827 60
50 613 122
136 76 438
580 430
312 906
234 106 83 84 85
11 21 22 327
316 223
188 534
216 19 222
608 129 435
168 19
412 5 4 193
304 425
178 95
548 528 49 114 319
160 211 435
97 303 304 305 89 90 59 253
153 613
920 41 114
441 971
64 3 5 286
115 284
39 41 48 49 821 86 444
376 470
155 955
83 52
161 339
794 436
170 406
82 22
390 391 392 297 296 396 183
59 212 133 286
609 325 805 267 556 721 755
32 28 29
289 163 85 253
297 43
412 133 55
410 91
505 12
138 287
933 270
324 126
130 715
448 63
99 126
211 22
250 590
226 87
92 358
108 20 367
3 90 463 210 212 309 282 507 412 287
125 301 893 406
136 49 76 254
418 495
372 366
108 468
289 163 72 434 85
363 484
257 130 107 435 250
256 367
52 918 95
97 90 925 303 304 305 89 58 253
26 27 39
160 238 159
51 50 83 85
88 42 155 146
425 284 309
64 59 175
901 136 170 116 438 252 861
146 572
116 246 439
354 100
563 499
442 662
64 58 90
394 143
161 542
17 284
129 156
281 378
107 358
161 612
468 223
84 319
88 435 519
82 487
220 61
29 37 31
64 4
340 341
265 571 20
25 655
161 82
724 924
257 357 167 330 82
427 459
529 6
122 83 84 85
120 754 861 471
306 413 7
2 330 107 204 366 496 378
161 150
115 108
482 306 412 413
304 90 64
306 991
696 318
297 396 182 378 251
523 494
507 142
435 341
36 166 262 487 202 15 114 52
289 71 434 373 181
244 133
234 63
108 284 406
890 301 406
109 470
938 405
810 133
71 434 373 181 218
233 398 369 53 538 158
193 5 413
328 401
22 687
281 284 134
289 122 83 85
113 109 110
106 590
161 237
304 16 211 372 184 89 286
148 860
12 421
175 211 159
448 323 430 335 336 593
593 101
491 496 115 372 211 212
550 363 357 510
49 85
270 534
122 83 213
352 130 162 330 366 304 496 211 372 88 29
428 613
668 70
521 167
449 39 40 41 25 27 30
196 413
115 341 221 134
48 362
288 82 21 22
59 413 286
5 972 285
432 50 51 85 218
272 412
34 35 546 36 39 40 41 26 27 28 30 31
48 418 444
897 45 639
272 244 508
272 253
64 60 287
85 143
326 479
96 52 94
488 497
57 306
64 3 7 58 572
401 261 174
3 4 413 60
185 122 69
330 259 475 143
601 451
132 306 409 860 253
21 534
232 625
897 5
318 224 486 74 75 331 117 249 314 222
833 132
419 550 551 81 82 185 668 510
453 662
114 443 486
368 428 933
208 202 184
3 6
418 548 486 264 424 362 77 334 528 49 114 48 115 246 443 444 445 319
258 290 232 622 285
609 266 267 268
282 3 5
482 739 132 810 272 212 56 58 59 412
65 132
107 43 227
432 161
120 77
173 94
283 270
175 255
135 434 84 373 87 284
901 331 754 979 116 438 439 861
161 180
421 79
448 449 140 429 430 217 447
59 143
81 82 330
169 130 451 527
409 413
212 420
276 814
232 215
66 102
217 302
64 161 3 284 253
257 133
754 76
234 59 236
481 22
64 4 5 846 90
297 84 284
104 353 220 61
334 303
108 434 84 373 87 122 59
641 354 99 100 101 709 372 125
108 493
120 754 979 861
451 215
516 374
148 255
376 475 470
64 3 4 813
82 358
145 435
686 175
65 457
122 187 341
848 206
530 333
170 66
29 166 31
48 15
412 117
132 212 59 412 413
96 219
496 368
395 183
354 101 126
964 236
495 198 511
161 86
362 334 303
84 813
65 6 142 7
302 174
281 495
475 92 111
64 4 59 860 253
106 315
357 510
369 396
184 115
233 215
552 534
161 114
153 284 493 519
170 330 368 81 115 341 22 29
174 63
609 266 499 265
83 79
232 233 266 62
373 495
376 357
129 357 264 82 83 115 821 52 284 319
291 494
232 609 266 233
88 42 87
64 240 211 5
234 84 373 534
64 3 4 413
24 495 87
200 678
590 107 460 366
810 303 305 89 90 286
133 406
216 550
304 97
810 55 56 57 58 60
36 591 87
344 181
283 46
94 414
39 41 120 27 30
165 175 47 372 286
106 22
441 534
136 116
252 340
897 82 356 357
282 686
222 310
363 142 499
115 172
56 482 3
202 134
388 381
85 663
184 130 494
664 81 69
36 31
281 87
257 283
418 166 136 40 362 340 117 438 120 28
672 82
410 21
64 57 5
184 129 115 821
161 262
37 38
841 201 66 499
34 42 48 49 371 86
153 133
48 483
544 402
739 55 56 57 58 60
107 250 435 420
56 810 212 55
545 132 933 490 181
3 132
166 167
88 534
521 3
64 3 253
65 413
496 435 366
163 391 104 297 296 105 396 277 182 216 378 284 61
136 817 754 116 252 861
138 211
213 727
284 366
570 45 366
245 461
739 810 55 56 57 59
154 63
107 301 143 406 188
160 241
108 334
208 129 202 96
169 451 543
99 63
107 829
234 547
165 430 47 16 46 274 217
376 358 357 184
275 270
21 93 22
253 55
257 250 212 519
334 423
964 84
22 63
128 436 648
810 108
282 212
168 285
424 302
160 210
346 279
560 259
289 50 51 85 218
475 255
213 405
493 334
83 270 855
514 155
656 428
198 206
352 192 343 215 158
487 319
332 359
192 347 158
354 101 938 405 126
83 411
88 49 51 85
461 519
663 63
379 389
80 498 420
553 122
80 78
257 250
594 908
449 17
130 563
892 893 406
75 269 223
289 163
536 483 341 135
561 43
184 281 130
243 239
82 107 491
114 334
71 72 433 50 434 51 85 373 181 153 218
107 334 114 115 474
65 217
181 63
368 171
239 63
114 37
64 420
448 429
460 269 223
64 129 130 330 366 115 22 184
65 310
459 7
329 330
897 797 301 211 372 406 893
48 41
418 548 264 362 334 528 114 115 443 444 445 319
352 2
391 63
407 408 359 333 45 526 914 500 501 502 503 504 505 700 375
163 433 434 181 373 153 218
297 356 284
257 130 366 435 20 281
881 813
32 33 37 38 589 24 26 29 30 31
576 378
424 264 445 334
83 84
168 42 204 197
209 127
294 375
363 7
449 140 141 270 46 217
603 467
616 494
289 163 234 85 253
130 107 366 491
32 31
521 59 60
435 167
87 663
410 245
515 259 357 358 67 109 111 144 112 475 376 91 92 478 479
5 3 253 138
257 130 250 212
449 813
18 75 223
216 310
485 573 823
512 811
129 777 168 52 821 197 198 199 200 201 202 203 204 205 206 207 208 594 95 96 752
483 438
107 301
451 169 459 276 441
250 257 130 435
88 107
420 461
474 550
289 163 613 71 72 367 433 434 51 85 218
182 870
274 323 141 46
148 167
143 81 17 475 376 283
128 83
97 171 817
662 511
426 427 66 402
83 227
602 85
49 444
386 388 381
639 47
115 213
34 36 40 24 28 30 31
715 87
66 516 201 169 265 459 563 276 441 414
235 133
135 554 522 341 599
344 972 5
924 327
451 933
811 302
82 668
233 266
456 418
83 423
901 331 754 979 116 861
507 167
778 724
552 304
434 373 181
114 439
45 766
289 163 71 72 434 50 83 85 51 84 122
691 21
475 479
212 286 55
64 130 293 169 304 465 115 372 54 184 89 29
897 108 406
499 359
123 124
187 255
813 413
216 43
88 108
291 451 169 427 173 494 569 601 271 527 402 184 281
514 174
64 161
169 451
460 468
147 188
129 284 366
482 739 212 55 56
19 223
169 427 173 281
304 303
418 77
97 60
558 446 918
289 234 71
35 36 24 28 29 30 31
170 301 47 82 339 341 125 639
285 735
521 138 60 572
122 116 284
284 309
19 367
448 449 141 430 447
276 516
306 287
108 510
250 108 284
418 115 246 319
521 138 3
122 146
49 428
97 925
64 4 5 521 626
161 42 129
321 322 233 62
194 413
192 283
129 777 168 52 197 198 199 200 201 202 203 204 205 206 207 208 594 95 96
64 130 5 170 330 47 82 115 372 212 185
784 425
257 250 212
136 339
564 573
64 5 521 138 282 59
141 462
40 481
264 445
99 709
915 29
324 405
9 87
433 218
281 421
456 334
496 161 148
434 435
297 83
377 7
283 367 143
808 193 133
61 151
897 301
102 103
64 282 846
167 108 84 87 602 63
107 549
25 35
115 435
65 225
122 130
302 22
52 110
378 749
657 149 150 151
161 286
696 212
165 749 47
297 398
321 161 394
740 13
130 357 358 107 366 81 376 185 184
410 82
106 93
251 395
346 484
656 150
547 454
170 933
302 14 119
449 273 47
166 137 170 171 337 338 116 117 439 124
474 250 106
64 626
224 460
250 83 212
108 231
208 96 821
16 934
174 301 406
250 507
163 71 433 50 434 51 85 373 181 153 218
289 71 72 434 373 218
449 165 430 16 286
505 302
32 36 37 24 29 30 31
394 155 156 613
21 69
17 129 197
65 3 6 7
49 50 51 85
81 175
101 405
328 21
572 287
64 256 356 170 330 47 82 115 212 372
29 63
444 172 114 319
376 495
12 45
64 3 196 5 533
833 194 3 195 196 827
59 367
82 147
169 485
128 534
80 532 117 166
200 207
708 232 233 278 441 62
170 435
159 63
448 580 165 934 141 430 335
301 46
96 918
163 324
101 430
368 425
122 262
67 358 91 109 144 376 475 92 479
233 538 53 62
820 462
261 510
130 94
72 50 51 83 85 122
330 259 435 479
152 86
155 87
129 170 330 114 307 82 22 29
532 687
101 118
212 286 775
64 195 3 5 521 138 139 409 686 57 282 860 253 287
115 49 443
188 143
196 5
296 398
36 29 30 31
233 441 62
130 933
57 58
170 861
606 415
257 366 115 122 284
929 212
116 821
64 3 4 5 521 138 860 253 287
488 333 359
185 191
360 333 701
547 234 111 143 122
40 41 76 30
153 87
232 257 173
3 4 5
357 367
144 161 475
394 155
1 239
130 107 366
821 31
83 52 821
330 406
81 93
569 131
84 933
496 352
932 244
161 469
224 75 174
104 395
159 640 170 339 211 639
129 14
897 129 301 174 45 341 406 893
265 233 178 276 441 414
36 262 30
212 3 4 5
378 95
195 60
394 613 50 85
11 174
441 179
613 213
833 3 195 196 5 827
250 284
537 260
97 171 116
834 6
114 334 246
460 22
224 227 75 19 219 222 223
224 460 269
14 39
272 283 143
481 122
138 282
485 291 564 573
323 462
65 666
257 29 366
75 222 310
769 98 354 100 101 641 324 99 938 174 405 125
754 428 471
339 170 171
106 494 442 83 250
113 475 109
410 141
88 132
80 532 340
444 548
6 319
512 263
38 262
122 220
495 83 84 367
264 528 418 548 424 172 48 49 443 444 445 319 77 334 848 726 486 362 114 115 246
328 161
656 281 173
396 158
616 116
129 956
304 211 184
434 50 88
65 645 6 7 490 529
481 87
104 378 251
49 172
467 359
193 413
448 141
666 4
107 222
196 804
333 526 407 700 701
107 108 301 366 406 284
419 69
390 487 104 395 527 15 222 179 404 54 86 538 381 62
129 31
609 232 265 266 267 233 441 538
3 4
441 201 66 499
35 38
341 933
179 181
116 63
3 324
289 306 253
372 341
216 122
138 21
495 84 534 367
233 538 53
289 71 72 434 85 218
46 270
22 87
304 808
107 269 301 406 188
257 558
330 259 366
547 613 111 146 85 122
185 82 510
161 642 148
185 423
161 172 334
94 87
3 59 195
267 359
163 72 434 50 51 85
547 164 454 519 146 87 88 154 511
458 534
32 124 262
36 439
11 261 70
451 549 492 313 378
49 114
64 3 5 860 253
28 438
328 11
161 146
412 988 116 439
474 475 330
410 30
130 271 279
169 130 451 173
258 527
296 105
449 165
291 357 358 330 569
184 431
145 284
505 247 766 431
385 388 42 43 367 850 119 116 284 151 668 382
493 951
108 253
296 388 390
32 339
169 487
810 59 212
146 253
114 115 172
548 262 39 28 48 337 817 338 438 26 27 444 861 31
130 341
97 122
468 70
512 347
97 439
238 159
145 547
224 118 184
281 374
184 54
371 340
364 156
130 451 169 715 459 173 601
64 521 130 138
448 449 447
253 59 860 813
41 76 77 49 754 438
161 154
257 115 213 366
138 23
65 158 7
129 431
347 22
2 188
90 115
377 322 62
176 4
321 391 395 182 378 61 62
46 141 430
236 237 239 210 211 244 245
115 982 319
184 129 115
380 391
189 190
824 701 662
180 742
301 107 893 406
9 45
296 381
423 42 51 88 155
456 319
122 748
7 813 175 305 59 253
516 495
698 6
289 163 644 432 218
420 653
837 359 488 333 526 501 407 700
131 263 278 150 279 285 158 179 180 192 208 343 344 215 345 347 348 346 350 351 352 353 349 232 123
338 116 439
152 122
272 210
489 530
96 42
419 358 550 82 185 510
866 413
66 427
212 59 132 739
486 424 264 77 334 246 982 445
514 227 174
362 115 166
115 22
341 639
108 356 63
26 14
97 90 412
547 510
17 339
245 239
83 396
418 39
425 309
257 250 212 286
171 29
622 278
196 193 3 4
163 405
184 153
125 406
56 3 212 5
75 108
376 481
973 510
64 184
321 378 182
285 207
39 41 48 49 821 444
178 19
289 163 72 433 50 434 51 85 373 181 153 218
82 686 138
650 467
289 163 71 234 434 218
130 547
810 59 212 286
333 359
531 366
680 81 82
288 22
448 407 9 201 721 499 502 247 93 574
64 972 3 4
323 165
184 521
256 284 367
401 108 174
165 270
297 22
827 196
65 134
115 284 63
409 212 286
772 519
130 222
418 548 264 424 362 172 528 848 114 115 246 445 926 319
65 435
234 435
64 413
56 167
64 257 490 107 366 47 211 212 406
400 494
532 446 255
24 495
131 263 908 278 150 279 157 285 682 179 180 181 192 852 343 344 215 346 347 349 350 351 352 232 123
138 63
161 270
129 284 52 821
443 246
354 355 324 101 936 938 16 593 126
376 481 81
224 469
242 499
425 122
32 144
233 62
576 352
466 62
897 162 291 129 45 366 406 893
185 106
434 163
296 309
441 227
211 175
156 237
239 243 159
57 587 60 55
857 505 45
507 511
656 115
3 587 139 435 409 413
810 90
157 343
360 534
108 171 116
164 492
115 246 63
881 138 860
64 272 3 5
421 662
357 358 144 376 475 479
161 181 279
553 212 55
361 650 442 755 730 250
281 114 115
130 573
897 330 639 47
60 860
108 428
162 357 301 174 45 406 893
490 158
409 139
122 187 270
441 499
8 834
195 412
283 284 519
297 391
392 369
122 82 284 357
897 125 639
757 119
315 227
257 356 167 366 84 284
424 264 49 114 115 246 443 319
42 86
210 156
34 28
115 319 63
64 4 139 846 60 287
824 453
933 334
428 423
522 483
96 197
212 63
104 296 390 391
495 84 87
71 367 433 434 85 218
232 343
122 119
357 687 305 565 184
84 213
953 29
331 439
484 765
305 810 59 553
550 269 222
161 234 236 210 244 84 59
272 59
700 333 407
129 918
96 61
10 500
749 14
152 471
217 270 447
96 129 197 200 201 168 207 208 52 821 94
425 133
18 318
170 108
307 724 734
213 519
46 839
161 322
163 71 433 50 434 51 181 85 218
442 167
934 46
115 246 334 319
65 398
434 50 51 181 373 153
146 43 148 106
192 161
547 59 655
170 330 334 368 82 115 341 22 29
289 163 433 434 181 373 153 218
41 901 439
396 558
378 229
406 127
122 519
354 125
65 377
104 62
106 4 860
201 777 918 95
330 29 22 287
458 239
141 335
133 63
64 3 4 5 521 138
130 363
84 367
59 813
51 655
97 418
18 254
82 366
72 218 163
11 406
215 204 343 378 61
442 13
59 3 196
585 291 273
174 22
161 181 343
138 167
74 75 332 298 249
173 215
16 63
336 141
474 299
105 158
495 511
402 131
184 330 6 479
64 409 3
9 500
234 213 122 146
810 90 286
161 108
288 107
487 114 115 246 726 319
24 25 36
17 341
187 451
61 182 391
82 13 639
114 982
267 526
104 105 322
163 550
48 49 443
284 454
64 3 5 108 284
393 369
81 122 69
33 35 36 262 40 136 41 337 117 152 28 30 31
1001 233
82 363
140 46
138 139 572
283 164
1 75 216 222 223
410 591
24 122 29
241 212
64 130
106 250 6
422 526
482 55 56 57 58 59 60
59 860
439 30 31
142 526
699 950
352 281 343 215
57 59 60 405
289 71 234 434 85
291 357 358 329 330 109 144 376 91 92 479
410 14
289 163 253
74 499
522 483 341
468 22
130 107 45 494 435
369 394 105
83 133
161 151
357 11 341 639
458 87
304 210 211
315 308
153 334
520 519
8 142 431
582 14
233 19
41 444 39
146 547 423
153 122
188 551
64 860 253
65 412
289 163 71 434 181 373 218
161 583
48 14
496 130 115
265 233 563 276 441 414
213 173
264 170 427 339 116 115 319
672 357
553 810
449 934 41
257 213 250 284 63
420 45
1 378
395 54 15
212 253
115 14
336 448
253 413
552 724
129 107 821
338 28
122 69
608 250 590
147 68
62 214
61 382
323 46
640 641 47 125 639
272 950
897 170 341 639
161 394 105
474 4
125 143
64 4 286
56 719
846 304 272 212 925
569 122
305 87
244 821
564 15
367 83 84 85 122 253
608 228 260 107 460 21 406 22 86 538 316 317 223
555 341
435 534
263 279
641 98 355 100 101 354 324 709 99 619 372 405 126
442 574
136 754 116 438 252 861
17 306
973 509 510 959
145 85
401 310
449 46
347 207
65 380 158
560 356 519
8 265
347 181
336 930
442 325
100 324
553 257 519
418 115 114
129 15
330 479
427 143 495 87 281 319
465 494
232 233 557 53 441 62
366 431
64 306 212
22 223
122 111
170 302
352 180 157
608 250
418 486 264 424 362 334 48 49 114 246 443 444 445 319
15 87
956 821
363 20 45 366
135 434 84 373 87
810 58
20 13
137 362
829 357
386 388 296 297 381
224 156
513 161 148
394 106
134 94
405 87
582 22
232 293 61
106 143
184 89
754 171
364 509
283 374
59 196 5
185 108
170 171 549
908 157
169 130 279
359 526 499 500 214 408
715 414
474 435 420 366
138 860 686
58 950
545 63
104 182
64 4 5 521 138
161 441
553 212 519
414 516 345 201 233 205 177 178 179 276 94 441 382
666 5
101 126
474 341
682 683
129 130 170 42 435 181 439 124
458 402
209 116
64 3 4 5 409 58
289 218
3 195 587 139 435 409 413
561 107
144 83
201 178 179 563 441 381
168 281 204 207
918 95
409 59 253 7
499 527
259 357 358 329 330 109 144 376 475 92 479
380 62
184 117
410 3
748 509 510
3 4 813
547 59
521 60 846
108 482 212 810
138 255
98 100 324
539 93
289 234 176 213 59 253
285 175
64 138 184
88 548
130 276
739 810 55 56 59
541 87
897 174 406
146 423
257 108 250 284 63
169 790
522 63
200 129 821
84 102
369 394 251
8 431
154 356 122
88 212
90 438
448 449 323 140 141 430 336 447
507 407
132 860
363 431
210 366
255 108 63
496 250 435 366
286 175
336 46
328 14
122 18 222
915 171
321 378
18 156
456 982
377 870 398
530 12
129 821 151
394 398
136 170 171 339 116 117 246
857 20
163 821
352 347
283 171
755 556 45
135 554 522 599
593 141
98 99
1002 7
107 114 20 281 474
273 463
161 259
64 57 60
39 41 120 25 27 30
547 164
400 451
724 127
479 63
897 357 639
264 281 122 334
521 572
488 333 526 407 700
306 132
41 172
64 138 304 16 210 211 372 212 184 89 286 287
91 495
289 122 253 106
59 7
609 266 267 805
304 130 366
260 261 70 298 249 509
369 378 105
265 62
380 7
266 20 13
283 589
291 621 87
130 695
136 410
586 707
257 356 250 213 154
378 379 151
537 87
488 452
328 821 487
106 451
89 253
72 434 51 85
65 170
834 366
848 49
232 527 285 343
424 115 246
133 159
74 75 332 298 18 249
578 364
154 356 63
116 901
243 927
265 534
688 283
11 22 327
195 196
363 45 366 507 63
273 666
708 20
116 6
216 75 189 223
195 860
483 332
212 132 519
395 182
24 428
368 161
378 380 398
418 548 486 264 424 362 172 77 48 49 114 115 246 443 444 445 319
257 107
83 94
641 98 355 100 354 102 324 709 99 619 372 405 663 125 126
448 46
98 103
122 181
368 532 341 406 893
769 98 354 100 101 102 641 324 99 619 405 663 125
237 63
107 75
488 333 501
88 249 405 423
166 170 368 465 115 532 29
448 449 140 141 430 270 217 447
513 156
135 522 341 599
897 129 291 134 301 174 45 406 893
810 59 286 55
554 483 341
333 700 500 359
264 418
881 58 138 287
499 206
65 389 396 398 720 180 54 346 158 380 62 735
169 414
116 117
897 893 406
114 334 319
545 495
83 459
71 367 433 434 218
138 860 5
33 166
196 253
30 487
260 261 326 711 550 11 668 509 510
49 38
129 257 357 166 264 170 235 82 211 116 821 339 115 52 281 122 31 319
106 18
65 291
553 412
536 11
129 7
82 479
304 330 134 184
565 175
115 443
322 948 182
368 281
3 132 90 210 212 282 59 412 287
667 63
666 55
10 453
729 11
233 179 276 441 414
84 284 590
17 250 366
266 267
451 341 483
481 21 22
256 356 330 47 82 115
18 222
275 47
84 14
505 507
813 55
808 257 133
226 284 222
64 4 304 184 89
368 83
96 919
475 69
105 378 182
514 628
233 178 441
33 418 262 439 24 27 28
707 374
184 327
193 3 5
115 334
668 509
97 810 305 55 89 90 286
101 613 405 85 663 88 413
474 435 420
289 234 235 240 241 242 243 210 244 59
43 6
576 343
571 13
801 534
96 198 594 52 821
1 582
160 242 239
129 130 363 366
184 287
372 324
192 131
244 253
824 9
138 330
234 12
234 242
378 182 391
291 168 169 207 281 285
64 4 287 175
107 83
633 398
117 30
45 431
315 318
122 339 116
168 293
296 297 216 284 61
377 284
901 136 817 754 116 252 861
219 220
484 143
821 22
409 209
424 445 486
16 140
217 140 430
48 42 371
521 139
617 603
250 223
171 435 549
699 14
368 22
270 47
592 146
56 639 640 159
64 138 253
49 246 41
114 926
210 235
547 234 106 428 83 85 122
96 378
185 82
810 3
425 21
369 233
116 428
609 233 266 267 499 538
306 686
232 61
45 375
129 941
256 146
267 609 499 805
330 92
21 22 327
192 350
264 114 445 319
161 933 167 108 143 367 495 595 84 373 374 87 694 602 122 283 284
282 933
136 362
788 22
289 283
114 486
82 420
496 119
58 139
96 42 52 86 87 88 95
550 695
250 45 366 857 122
920 41
412 3 4 103
66 130 516 169 841 715 427 459 527 177 178 563 179 276 94 441 414
83 327
170 821
510 519
76 77 438
60 6
264 114 246 319
532 446
777 919
497 507 142
169 586
56 212 950
357 358 91 109 144 376 475 92 479
24 63
161 194 59
107 460
281 36 190 63
467 556
482 212 306
257 130 291 167
283 334
609 232 265 266 267 233 278 502 441
287 7
587 5
547 270
233 53
177 239
449 429 430 46 16 274
296 104 105 369 182 378
861 901 438 76
65 516
376 890
238 7
106 358
216 65
264 115 687
354 101
108 373 87 283 63
169 516 173 94
97 170 304 81 368 115 341 22 90 29
784 83 148
136 76
53 198
488 333 407
161 36 24 29 31
418 548 264 424 362 172 48 114 115 246 444 445 319
57 59 60 686
180 263
212 286 287
352 257 130 162 519 297 330 107 366 304 496 82 211 372 88 153 284 29
129 116
323 140 141 335 336 593 274
243 235 211 159
721 12
171 230
58 7
64 4 846
83 108 63
146 116
933 108 373 87 537
153 770 284 63
418 36 487 114 115 30 319
96 202 219
321 394
528 114 327 319
269 406
49 39
233 53 62
184 250
70 711
362 166
379 158
122 118
201 179
58 287
161 330 259 475
817 754 915
857 83
257 155
499 406
185 82 419 63
171 255
161 269
326 328 11 307 21 22
352 192
18 309
467 7
499 507
368 115
88 146 107 188
496 170 171 372
521 93
706 402
249 298 261
75 460 269 561 216 188 317 223
334 14
161 59 4
42 461
257 519 493 153 284
318 310
8 667
156 47
96 129 227 198 296 591 19 86 87 281 311 446
532 582
74 18
242 239
43 188
122 211 235 159
108 495
611 236
521 306 282 7
337 486
289 105
163 469
8 574
475 367
84 286
126 125 405
616 522
192 181 215 346 347
908 852
680 14
257 284 133
512 338
31 63
553 58 286
226 18
67 259 91 144 113 475 92 478 479
304 81 97
184 250 435
161 55
170 171 439
64 129 82 211 435 115
200 339
475 92 479
19 853
341 446
304 330
721 499
62 534
409 138 282
625 302
114 443 246
193 194 3 195 5 196
249 74 18 332
547 405
395 398
530 526
281 215
161 79
91 67 330 479
354 138 428 211 405 152 122 59 253 126
408 787 207
257 170 171 368 213
224 222
122 494 130
185 330
193 518
410 118
64 17
69 22
76 77 48 49 51
913 500
372 101
407 359 8 333 45 526 914 500 501 502 503 504 505 700 375
216 18 222
890 829
73 164
873 378
369 538 53 782
12 574
101 102
322 395 182 62
209 5
36 30 439
817 754 915 471 120 861
62 183
484 557
161 181 149
235 7
482 739 810 686 55 56 57
485 573
67 92
64 138 237 211 244
136 116 439
130 404
64 42
556 325
88 406
272 449 273
165 270 47
521 686
498 582
434 283 373 87
538 269
122 372 405
62 233 557 54
306 846
667 13
233 53 15
395 390
613 394 50 405 475
216 651
41 76 754 438 254
377 182
696 165
668 534
161 250
88 129 821
257 83 463
64 553 212 572 286
210 12
332 223
302 174 135
594 956
97 124
79 311
291 169 427 281 573
136 6
242 159
392 390
544 281
336 98
272 412 413
368 532
64 3 4 5 409 282
241 932
161 107
369 322 378
171 213
488 700 333 359
30 31
194 4
64 272 57
144 202 96
553 138
114 38 87
20 143
353 179
114 557
321 183
18 19 219
29 37
257 519 493 84 284
412 413 55
148 213
376 357 475 144
74 75 269
153 405
901 136 817 754 116 438 252 861
369 538 53 62
136 137 438
206 87
81 188
410 11
64 3 5 108 59
262 428 656 981 471 120 152
289 71 433 50 434 51 181 373 153 218
204 197
410 326
192 852
108 510 63
380 182
264 122
323 141 447
276 7
211 421
435 270
481 67 612 390 655 49 561 755 339 212 118 662 122 253
296 380
97 471
393 394
212 356
105 156
336 593 335
810 412
248 662
748 87
192 345 852
307 94
164 394 106 428 494 270 146 83 84 181
569 451
291 485
296 183
645 6
24 167
296 369 435
49 76 77
368 166
64 521 57
857 422
162 161 442
108 396
441 276
281 116
116 861 438 439
144 167
897 107 108 301 406
289 71 433 434 181 373 218
930 934 430
224 178 216
86 143
209 482
43 148 213
708 951
496 107 435 366
857 442 45
169 451 494 459
140 77
101 405 63
234 211
449 323 270
474 7
184 170
249 75
808 133 87
168 821 207
289 71
495 367 83 84 85
67 515
106 115
64 4 5 534 409 572
720 380
553 699 212
184 510
585 291
115 87
451 516 169 459 276 441
200 2
62 321 214
313 86
532 439
8 857
245 244 237
216 88
82 878
378 183
128 190
180 158
813 122 59 860 253
161 46
352 364
272 58 212 412
369 87
81 358
67 357 358 91 109 144 376 475 92
794 317
360 530 214
282 5
481 70
465 484
161 190
482 212 412 413 286
424 264 334 115 445
11 326 327
272 212 950
309 431
18 155 156
352 257 130 162 297 330 107 364 365 366 304 496 82 211 372 250 284 29
166 170 364 368 115 29
341 143
376 664
272 212
378 293
250 857 106 83
232 169
95 919
59 245
170 420
827 860
216 718
39 41 42 371 86
938 354 99 126
368 428 262
32 33 34 35 546 36 39 40 591 26 27 28 29 30 31
121 381
211 284 366
163 644 613 655 218
509 190
83 494
114 445
312 317 342 223
321 322 369 105
62 167
188 108
170 428
424 319
441 322
361 106
485 564 573
233 499
82 357 639
64 129 130 169 330 107 366 304 82 211 115 22 184 29
909 823
72 434 50 83 51 85 122
48 114
27 36
155 413
88 155 955
377 380 398 297
352 420
504 266
451 108
405 255
161 549 454
569 130 427
17 283
8 13 366
146 43 148
170 301 47 82 339 125 639
173 15
272 306 739 212
64 833 3 5 587
195 196 55
20 325
930 323 934 335 336 593
448 677
405 534
161 613 234 236 239 240 210 435 405 475 59
64 3 4 5 972
433 434 373 181 85 218
352 353 682 179 181 215 344 346 347 279 343
289 234 59
234 240 241 210 146
283 174
320 237
212 637
906 75 310 312 216 317 223
108 82 748
64 59 3
161 148 542
185 82 534
412 58 282 212
485 291 573
612 487
130 451 427 173 341
213 421
413 165
64 3 195 196 587 282
330 357 590 639
162 13
5 3 813
507 495
281 130 459
376 90
497 363
306 412 7
412 167
425 394
217 141
474 122
74 75 499
901 331 116 438 861
41 76 49 754 438 254
2 460 269
264 115
301 119
418 108
56 272 739 212
545 122
136 41 76 254
130 451 459 173 281
88 244
481 668 510
289 163 84 85
496 674
17 356
283 590
353 346
505 87
185 474
161 159
200 259
41 76 438
184 339
64 5 287
495 191
281 117
108 727
161 105
1 499
82 357 70
108 255
289 163 71 72 50 83 434 51 85
58 196
296 284
124 252
16 821
163 71 433 50 434 51 181 373 85 218
363 667
64 3 195 196 282
152 137
59 195 5
106 87
232 179 158
22 327
227 318
161 547 613 167 42 108 122 63
165 430 46 16 274 217
96 62
363 108
273 4
282 253 175
521 161
90 475
528 425
222 527
465 117
460 359
88 425
554 522 341
91 63
474 461
363 142 507
421 31
787 53
454 42 428 494 334 116 24
192 352 131 622 180 181 346
135 367 373 87 284
88 857
249 84 143
449 270 273 217 155
612 279
499 268
408 94
84 142
860 287
18 83
449 934
441 494
432 84 373
915 166
156 134
46 449 217 270
227 229 75 19 469 222 223
258 292
377 395
64 4 572
161 3
857 708
272 699 55
265 179 276 441 414
115 29
115 171
114 487
64 4 304 272 212 860 253
161 172
609 266 267 265
64 3
474 114
931 237
43 21
96 197 198 199 200 201 42 203 204 202 206 207 208 168 205 52 95
66 198
244 159
456 114
177 334
193 3 413
435 652
83 491
208 202 96 821
163 253
64 4 5 138 409 282 572
135 341 599
202 279
257 435 270
368 122
816 686
212 59 435 412
456 170 6
857 302
182 527
259 475 63
114 115 334
64 90 4 60
209 547
115 246
432 373
336 140 335
376 144
56 161 59
161 234 405 122
202 170
521 846
410 226
928 964 238
352 2 765 378
180 215
434 289 234 71
152 30 31
107 406 491
434 433 218 181
720 633
161 202
378 390
161 810
448 580 429
609 267 62 265
161 810 132
729 401 412
726 319
65 439
64 521 58 138
521 138
560 770
157 158
83 84 85
264 427
406 6
979 861 901
284 126
160 239
306 950 55
83 373 87
192 343
138 108 63
163 71 433 50 434 51 181 85 153 218
161 362
553 810 739 212
3 193 195
424 264 115 246
282 59 412
128 185
115 334 63
64 5 587 108 63
841 426 427 458 402 563 569
276 543
42 95
153 129 284
17 291 109
282 950
282 4
512 65
932 927
292 543
56 55
552 664
171 454
4 860
322 547
289 163 71 234 434 85
281 54
65 94
108 170 116 63
250 82
283 269
64 138 59 253
234 533 146
824 857
50 20
600 932 159
161 442
624 451 459
329 92
281 149
122 749
362 30
465 170
833 193 194 3 5 196 827
75 460 269 561 189 216 188 317 223
88 454
122 454
307 734
361 860 5 431
730 85 181
115 418 171
448 677 141 430 447
500 62
602 87 167
561 75
451 63
216 188 223
161 140
407 359 8 45 500 501 503 408 505 507
57 4
161 319
129 130 363
341 134
914 957
296 163 284 277
64 165 396 175 81 17 629 380 158
357 358 330 376 479
178 534
208 215
96 198 777 909 208 919 95
304 253
173 143
827 194 3
448 140 677
196 175
492 118
143 405 534 283 161 547 163 167 63 83 87 88 602 122 106 108 367 373 250
107 357
424 264
372 133
252 173
521 287
168 421
641 98 354 100 101 102 324 710 99 619 405 663 186 125
96 202
827 3 196 5
88 434 51 85
656 471
449 140
249 613 143
216 460
256 17 107
486 424 172 77 334 48 49 246
103 7
130 115 29
159 129 235 82 83 211 116 115 281 31 319
58 282 719
302 652 14 119
259 330 108 153 475
860 210 244 409 122 59 60 253
96 594
441 177 178 179 345 382
158 175
65 821
107 82 185 188 189
190 87
496 21
36 38 230
64 257 170 366 47 304 211 212 372 115 284
435 284
281 14
347 343 215
165 175
211 245
739 253
540 79
129 130 643 257 532 406 279 22 29 170 45 301 47 330 82 211 341 222 107 491 366 368 496 372
257 161 284
641 125
129 495
257 435 420
161 495
291 420
266 534
114 172 319
76 77 48 49 51 444
24 116
593 447
122 662
250 106 83
64 286
448 800 499
129 130 45 366 304 435 115 821 857 90 59 253
114 443 334
42 146 51 88 155
272 127
743 615
64 409 282 59
451 435
609 650 467
272 3 133
83 204
64 534
381 13 15
70 551
420 933
116 532
296 182
65 172
166 136 137 170 171 337 338 339 252 116 117 439 340 124
289 434 163 85
532 143
350 14
449 30 41
3 167
226 19
322 163 104 297 393 296 277 472 314 284 61 62 216
857 534 361
418 439
194 195 5
46 143
428 253
346 263
135 778 174 405 155
75 167
431 167
60 7
81 106
418 246 319
170 115
24 27 252
388 951
281 451
115 212
289 163 71 72 433 434 373 85 218
313 6
64 90 60
107 161 43
284 367
227 460
500 453
40 35
330 211
292 182
32 34 37 40 24 28 30 31
185 550
264 487
691 190
89 807
161 677
884 166
890 107 301 406
482 6
283 406
21 886
122 83 284
163 238
56 60
46 140 430 47
386 396
66 201 426 715 841 569 178 563 402 441 414
130 461
410 422
9 673
409 131
330 259
12 294
59 212 133
401 93 22
424 264 115 246 319
64 237 270 366 304 47 175 211 372 212
428 262
761 547
122 494
161 282
304 406
988 124
14 95
810 303
133 143
587 3 196 5
360 10 530
772 14
283 75
451 15
64 666 5 138
32 36
297 390 391
938 354 101 126
178 378
129 83
128 21 22
82 156 534
250 13
448 800 677 140 141 430
330 91 479
672 509 419 550 711 680 70 81 664 185 474 668 189 190
474 435 461
122 613
70 510
296 718
609 12
297 378
185 69
64 739 138 237 304 212 286
1 735
108 301
377 396
170 108 301 368 406 122 29
82 551
172 173
46 270 47
289 163 71 72 433 434 181 373 85 218
341 599
304 115
434 50 373 181
82 213
216 202
161 429 270
550 82 70
162 130
33 34 35 546 36 39 40 41 591 26 27 28 29 30 31
379 151
550 119
515 259 67 358 329 109 144 112 113 376 475 92 479
265 268
521 636
107 43 222
42 43 86 87
272 4 860
170 171 340
185 419
394 106 494 146 83 148 435 122
122 643
49 246
72 49 434 51 85
106 83
273 613
291 211
3 127
107 315
821 206
148 84
283 63
18 219 222
653 334
217 140
96 123
18 308
42 43 86 88 95
137 90
16 217
82 83
56 6 7
168 258
554 341 135
64 474
32 33 34 36 37 39 40 41 591 24 26 27 28 29 30
193 4 5
64 4 5 184
4 167
57 210
449 140 430 447
816 175
297 378 61
297 394 182 378
153 434 181 71
65 829
184 363
368 63
107 532
499 501
641 98 355 100 101 102 354 324 709 99 619 405 126
106 43 442 83 250
620 614
129 170 115 406 29
59 435 212
434 50 181
754 76 254
58 533
400 94
107 164
181 71
161 131
97 470
65 524
918 919
146 547
555 483
18 423
209 306
232 233 557 53 62
212 133 55
114 495
9 142
441 439
901 136 331 116 438 252 861
550 628 190
202 6
171 36 29
505 363 45 431
99 87
168 205
257 491
547 42 234 428 106 143 146 213 85 122
406 22
451 459
669 158
897 170 639
270 335
120 49 77
135 434 373 87 59
400 458 527
881 138 686
376 81 330
593 270
274 429
434 51 85
106 330
107 143
147 53
75 460 223
494 63
510 254
306 3 7
184 129 821
429 165 47
808 272 133
160 235 236 237 238 239 240 241 210 211 244 243 242 245
434 163 181
170 301
528 115
656 184
200 168
532 63
424 418
608 171
609 233 266 267 265
107 20 45
448 449 430 447
75 86
162 20 268 13
107 188 406
442 87
64 666 59
163 547 613 167 72 394 146 434 85
104 321 322
21 167
108 405 663
13 431
138 3 5
160 159
8 526 721 923 957 766
283 211
146 5
8 266
496 731 6
239 159
3 686
2 549
116 170 252
122 491 164
284 749 63
434 71
281 465 54 823
253 133
841 563
269 75 189 223
205 909
257 107 301 366 17 406
449 34 39 40 41 120 27 444
808 193
184 855
409 518
897 356 366 47 368 406
62 321 214 183
613 72 50 51 405 85 122
521 122
3 284
521 5
412 319
24 28
184 130 366
304 64 4
433 434 50 181 373 218
71 433 50 434 181 373 218
459 276
516 485 564 823 573
108 519
357 301 893 406
3 193 195 196
609 359 526 500 603
224 318
162 266
140 429 430 270
129 777 168 52 821 197 198 199 200 201 202 203 204 205 206 207 208 594 95 96
52 134
833 194 827 846 922 59
120 754 861
48 49 319
304 545 130 184
160 932 159
161 389
148 423
834 45 366
257 474
161 45
487 279
458 494
439 55
483 135 522 554 174
616 715
83 148 749
64 3 286
481 63
563 534
250 547
234 242 244 245
500 214
212 6
272 514
613 428 111 143 122
897 301 125 406
860 5 991
333 700 701 407
109 358
138 139 212 287
64 521 282
410 279
312 249 298 75
184 17 130
901 331 817 754 116 252 861
64 5 409 58 572 57
466 317
17 406
309 439
88 514 463
194 4 413
239 237 159
157 382
209 565
172 302
257 106 82
250 133
115 474 435 420
122 148 138
227 284 63
130 459
504 214
233 558
448 449 41 141 270 217 447
3 60
165 46
321 594
453 567
594 483
608 250 420
161 394 398
444 367
401 174
168 281 204
122 829
377 19
122 79
810 3 5
336 430
19 219
345 179
12 134
338 421
536 778 555
114 115 37
930 323 335 336 593
172 548
109 302
49 655
64 3 5 108 860
281 134
161 196
65 529 490
578 284
11 12 325
821 86
833 194 3 195 804 5 1002 827
640 211 639
372 47
64 366 115 284 63
376 113 52
366 107 357 406
49 371
58 59
170 339 356 639
169 277
670 6
258 285
582 534
272 211
192 150
129 82
129 356
378 157
64 170 330 47 496 115 372 212
474 171 117
291 527
503 375
448 449 934 140 430 335 336 447
428 262 76
64 209
481 75
289 163 613 71 72 433 434 50 83 85 51 405 218
322 395
321 105 395 182 378 62
352 162 228 297 330 366 910 304 496 82 211 372 88 250 29
322 163 104 297 393 296 396 369 277 182 216 473 284 61 62
521 58
408 214
451 173 414
374 167
48 281 170 117
64 138 212
24 161
282 287
564 374
242 211 237 235
158 182
573 823 351
273 618
304 860
448 441
59 951
130 170 42 435 116 341 439
75 189
536 555
250 494
857 161 162
62 321 322 378
482 3 739 5 810 212 56 412
526 87
421 6
354 99 688 405 125 126
346 181
421 279
116 172 117 39
821 951
409 138 282 5
198 495
133 808 306 212 412 286
24 25 26 27 28 29 30 31 32 33 34 35 36 37 38 39 40 41 591
272 132 133
202 821
449 41 120 25 30
1 179
609 265 266 267 441
83 357
372 213
232 281
53 398
613 860 253
347 158
65 90
482 739 810 55 56 59 60
34 35 36 40 24 28 30
89 370 90
17 107
129 821 389
964 927
260 510
547 423
810 412 413
339 83 116
64 129 130 170 107 363 45 366 330 304 114 82 115 22 281 29
420 301 174
177 130
129 122 821
108 167
482 739 810 55 56 57 59 60
897 82 301 639
66 367
161 223
547 821
211 435
139 991
482 412 413
235 236 237 242 244 245
253 59 405 55
107 188 190
153 493
81 287
821 63
321 735
282 212 412
256 285
81 161
65 173
304 301
82 421
348 182
547 253
40 368 31
89 305 90 303
495 142 511
41 26 35 39
449 930 934 336 447
833 193
728 465
60 287
259 832 411
233 484
104 393 105
521 22
83 446
84 134
792 613
283 116
241 210
200 594
39 439
273 165
352 161 181
161 91
257 162 107 301 366 45 82 406
496 209
3 133
139 212
421 326
798 343
200 201 95
101 108 405
778 483
260 261 74 75 298 342 249
42 213
70 174
481 69 70 82 510
59 412 5
64 4 5
526 239
24 129
496 107 491
43 406
363 45 366
6 903
106 83 84 85 122
115 367
926 334
172 117
130 357 134 358 330 114 82 30 184 411 29 94 287
448 449 140 141 430
130 36
368 428
82 250
609 265 266 267 268
234 405
200 129
923 957
48 49
418 362
281 204 207
2 143
185 973 510
328 108
402 543
83 372
64 138 5
553 209
209 59
291 406
264 115 319
181 278
473 454
135 108 367 283 434 373 87 59 63
136 97
17 45 301 406
474 451 420
72 210
372 22
97 334
108 341
376 330 357 358
232 204
380 161 396
138 59 133
170 639
98 99 100 324
141 6 7
185 82 70
395 182 62
56 739 60 55
296 451
172 166
224 18 75
265 511
810 699 286 55
75 460 222
282 253 846
260 261 70 401 509 94
754 861
550 716 69 70
52 582
107 301 174 406 893
64 58 90 421
321 157
403 149
289 434 163 253
116 493
612 167
15 431
256 84
810 699 55
297 394 122
132 374
171 165
428 933
56 306
131 156
393 589
41 439
88 42 43 86
211 406
560 161 154
297 2 378
91 14
453 142
224 221 216
19 75
166 136 362 337 28
9 359
412 605
297 386 388 381
304 130 115 184
330 107 188
64 129 130 134 304 281 29
339 356 639
357 330 301 406
699 212
265 570 333 501
2 75 222 227
519 423
65 230
285 150
82 156
136 41 76 438 254
64 813
170 534
192 87
18 460
251 396
97 327
114 246
59 5
307 108
168 207
212 59 412 431
451 292
161 194
108 153 356
378 295
97 443
202 487
281 129 52 31
108 250 356 63
4 237
216 561
161 115 821
3 196 195 4 5
368 33
56 412 132
64 572 253
666 138
322 182
257 284 133 17
499 15
3 195 239
352 257 130 162 297 330 107 364 366 304 496 82 211 372 153 250 284 29
435 36
821 143
10 214
8 571
64 132 133 272 212 533
250 45
242 235
184 545
410 419
82 363 357 70
52 741
305 83
451 527
336 323 335
59 132
442 106
641 98 354 100 101 102 324 709 710 99 619 405 663 186 125
348 167
436 534
64 306 212 55 286
36 262 170 330 368 81 115 212 341 22 376 25 29 319
41 76 48 49 51 444
380 158
136 41 76 77 49 438 254
379 180
65 529 490 645
134 582
514 748
257 519 107 17 153 250 284
64 193 3 195 4 5 196 56 282
841 66
8 250 45
520 436
318 697 19 86
914 923
833 613
41 76 438 254
194 3 7
41 534
74 75 460 222 223
394 811
288 419
344 184
305 55
401 11 70
946 410
283 133
275 429 46 47
161 813
213 70
157 646
289 163 296 297 372 284
289 163 434 84 85
89 305 810 90
418 166 40 170 368 115 340 117 438 120 28 29
857 266
482 7
107 463
160 161 234
257 130 291
406 47
201 66 563
22 23
75 261
96 168 104 232 173 182 377 378 220 61
330 475 479
857 106 250
170 211 246
425 213
289 234 176 306 146 213 59 253
226 227
160 435 461
65 43
143 495 87 167
58 139 4 287
369 395
434 255
71 72 433 50 434 51 181 373
92 478
752 129
170 901 439
195 196 5 991
224 460 87
249 283
304 245 237
609 266
168 15
833 3 588 5
448 449 934 140 430 335 336
696 21
363 20 45
107 43
456 340
163 71 50 434 51 181 373 218
600 159
161 394 286
209 237
475 613
59 212 647
953 82
435 422 62
449 165 46 47
345 177 178 179
304 161
137 171
272 3
901 166 230 136 137 170 171 337 338 915 116 725 438 439 117 339 861
289 234 163 85
120 41 40 30
538 228
645 270
249 234 143
377 158 381 398
953 509 510
106 551
737 63
699 55
65 490 6 7
538 614
153 63
64 3 5 587 409
216 221
3 195 253
482 306 212 412 286
270 6
449 217 270
232 130
8 570 452 453
50 298
560 283 167
481 510
544 524
107 460 75 188 223
648 155
952 914 958
216 223
521 5 686
257 519 493 84 213 153 284
265 570 453
253 59 405 57
8 361 570 453
116 161 252
358 109 144 376 475 92 479
116 933
115 532 246 687
64 282 572
338 884
810 699 306
11 341 326
2 315 53
951 250 167
848 982 926
184 130 82
568 281 130 83
114 444 319
289 161 234 236 146 435 244 533 84 245
163 71 72 433 434 85 218
302 446
901 979 116 438 861
257 339
108 356
901 136 331 817 754 116 438 439 252 861
173 334
521 58 306 7
156 740
193 517
114 14
312 249 298 261
721 267
304 122 187
266 214
234 146 122 59 829
250 821
185 547
210 284
64 165 175
53 302
357 550 363 82 510
402 427
289 550
667 87
833 194 3 5
857 662
65 380
449 430
170 116 166
823 351
250 284 63
407 408 359 44 45 526 500 501 502 503 504 505 507 700 375
422 142 497 530 499
289 106 306 210 409 122 59 253
441 6
64 521 138 282
372 474 420
289 106
321 182
193 3 195 196 412
97 611 90 304 57 58
97 90 167 106 306 122 253
24 252
424 264 977 246 445
109 14
222 15
558 519
161 406
338 302
65 142 6
264 233
197 95
302 158
64 282 5
16 217 140 141
161 507
66 427 715 173 402 563
362 172 334
184 257
521 156
72 49 434 50 51 88
778 174
754 979 861 471
184 402
919 594 909 975
641 101
897 11 13 45 82 639
262 428 656 471 152
184 257 130
401 87
155 253
529 490
180 870
721 755
964 143
682 285
64 47 304 212 372
83 191
91 92
184 114
313 315
306 739
283 132
133 176 49 59 253
507 367
130 250
344 346
290 285 278
64 138 4
64 59 3 5
304 210
29 439
88 50 51 85
104 297 527
59 655
64 306 3 5
362 115
289 163 71 72 433 434 50 51 85 373 218
161 454
49 37
129 143
482 739 810 139 272 55 56 57 58 827 60
283 22
420 85
488 333 700 701
302 249 652 14
140 270 47
404 527
494 423
857 161 363
972 4 5
129 901
425 212
460 29 30
142 439
616 519 493 143
171 549 79
64 133 304 305 212 89 59 253
88 514
401 260 261
193 3 4 588 413
153 22
409 6 7
109 478
526 766
43 435
616 84
283 223
161 138 253
363 422
541 550
715 374
125 709
768 804
134 15
448 141 430 429 217 447
106 211
811 270
55 56 57 59 60
216 82 115
482 739 132 810 212 56 58 59 412
64 138 3 5
544 130
425 84
392 321
305 257
441 178 179 276
432 72
162 12
499 198
88 162
306 413
495 63 71
163 71 433 434 181 373 153 218
97 14
720 377 398
1 223
482 739 422
66 93
256 611
422 360 10 333 530
810 59 860 253
708 526 499 500 701
433 434 181 153 218
163 748
185 43
216 75 222
394 156
129 532 301 406
596 53
269 302
336 593 323 335
122 650
132 533
777 750
344 108 223
171 116 117
427 87
74 260 298 261
553 212 950
127 55
184 65
407 408 359 44 45 500 501 502 503 504 505 506 507
168 516
169 427 494 281
122 282
257 553 212 250 286
58 306
465 532 166
165 335
64 4 304 184 860
122 83 153 250 284 63
18 315
130 431
441 95
108 36
139 686
297 386 381
448 140 429 430 447
561 13
219 6
116 166 487
357 406
418 548 424 77 334 528 49 114 48 443 319
435 412
609 805 265 266 267 499
161 363
234 461
442 435
104 742 151
201 777 205 594 821 918 95
76 48 49 51 444
352 2 378
88 209
570 453
64 212 4
45 503
296 182 391
297 322 378
136 76 77 49 438
211 235
478 470
675 511
274 429 46
829 107 301 406
97 166
427 494
207 63
48 42
321 386 322 104 105 395 369 182 378 251 62
232 233 441
232 233 557 53 441
275 430
296 19
589 207
193 412 5 324
484 14
212 284
106 423
283 421
310 223
769 98
60 55
16 301 406
97 338
59 194 3 5
813 846
264 115 170 339
289 163 71 72 433 434 181 85 153 218
301 167
954 700 846
145 167
122 964
449 447
884 117
284 45
2 107 460 757
178 382
24 591
861 439
89 90 253
378 484
392 381
130 451 276 459
249 18
257 356 357 170 107 46 47 368 29 115 372 341 406 309 125
168 451
86 87
413 55
97 235
146 107 366
3 309
45 13 639
161 11
66 326
224 561
115 47
122 84
257 130 803 173 366
161 394
212 470
376 283
516 94
481 82 495
32 257
138 983
58 5
296 390
544 818
49 434 51 85 88
553 212 132 286
7 521 138 686 282
162 452 453 8 361 570
550 82 357 510
582 102
192 435
417 401 972 5
144 330
200 129 204 821
264 170 427 114 339 115 319
810 196
304 211
353 42
3 4 5 860
64 521 287
185 226 419 82
442 367
164 132
608 260 107 75 460 21 406 22 86 538 316 317 223
250 534
17 211
138 860
292 207
315 227 311
149 150
164 143
216 151
234 405 57 59 60
421 231
70 167
129 250
561 1
481 283
281 233 204 285
857 265
609 267 233
281 291
339 166
49 106
72 49 51 85 88
497 467
263 63
281 295
442 363
330 357 358
372 364
435 678
456 264
212 22
88 234
185 82 357
281 707
418 548 486 264 424 362 172 334 48 49 114 977 115 246 443 444 445 319
289 71 433 50 434 51 181 153 218
515 259 357 358 67 329 330 109 111 144 112 113 475 376 91 92 478 479
304 272
580 429
352 257 181 149 215 347
192 167
428 143
680 81
448 934 141 430
217 447
401 97
52 94
625 14
402 715
122 237
547 155
163 196
90 303
161 234 210 244 533 122
532 174
616 358
819 302
104 158
161 132 133
36 63
32 439
250 59
465 36 166
160 964
20 550
444 319
418 334 49 114 115 443 319
285 750
409 58
593 217
136 41 76 77 254
184 400
120 41
298 261
643 213
446 87
66 201 265 233 563 276 441 414
481 357 144 21 22 222
321 334
516 485
129 347 52
88 813
14 479
8 363 142
424 63
59 85
64 253
390 391 296 297 396
981 6
777 909
723 444 39
122 655
232 265 266 267 233 278
482 412 55
122 83 84
161 201 821
6 991
602 198
339 230
174 893 406
175 4 60 287
202 94
376 357 358
262 368 656 471 152
59 55
494 279
184 366
340 39
264 334 246
281 115
34 40 41 120 30
507 366
300 591
640 170 47 339 639
609 233 266 267 538
368 152 63
363 12
144 420
427 63
35 591
547 613 428 143 111 146 122 253
337 171 117
632 210
910 494
64 3 972 5
369 441 276
52 30
62 321 474 214
441 62 15
59 116
441 459
184 82
60 253
330 291 109
250 519
64 59
452 488 489 333 559
282 334
928 964
249 298 75 261
163 187
483 484
480 178 382
313 229
180 340
107 255
833 3 4
122 459
406 774
784 83
359 333 526 500 501 407 700
131 180 181 279 215
357 358 144 475 92 479
184 155
210 234 829
186 534
257 451
148 302
64 409 860 521
243 211
207 7
84 87
201 129 202
369 380
428 334
394 391
259 358 144 376 475 479
483 173
328 22
521 209
418 548 38 39 136 27 362 41 48 49 371 26 443 444 93
396 380 397 158
162 364
130 378
107 269
424 264 115
554 87
435 420 461
580 165 270 47 217 447
304 211 212 739
640 211 639 159
184 143
28 45 94 52
184 259 199
161 19 174
354 435 366
613 829 341
88 174
401 21 22 216 223
34 36
334 167
330 108 358
45 407
216 307 435
83 854
512 652
261 326 679 550 509 510
130 54
168 197
104 369 378 105
108 449 140
442 45
642 283
264 115 445
328 474
192 263 180 149 150 345 123 349 350
753 83
161 167 495 84 87
64 237 175 304 47 211 372 212
376 578
32 425
32 283
34 39 40 41 120 27
499 923
281 130 134 143
498 171
56 639
22 463
353 682
482 413
42 602
59 163
64 58 306
357 358 330 107 479 81 82 22 376 185 411 188 184 287
897 82 639
233 157
288 419 69 878 82 185 510
274 323 141
356 213
64 409 521
234 495 367 83 84 85
706 212
83 174 327
42 52 134
298 317
176 533
460 566
98 355 99 100 324 126
81 17
339 171 116
472 422
188 406
367 311
122 282 59 860 253
257 107 301 17 406
640 639
17 425
257 549
184 479
816 521 138
60 846
482 810 686 55 286
3 108 5
897 22
304 58
881 7
216 263
721 701
115 63
609 805 233 265 267 499
250 85
485 516 573
74 757
317 630
168 123
496 212
915 471
64 108
439 7
486 424 264 77 246 982 445
441 242
65 178
731 108
443 479
804 253
130 451 459
482 739 212 286
554 341
234 211 63
481 668
264 418 77
273 46
322 61
56 57 59 60
64 3 804 5 138 860 253
180 149
46 47 16 273 275 217
272 273 47
521 138 59 686
328 307 21 22
281 202
108 286
211 284
360 10
337 116 117 340
227 276
164 613 106 428 494 442 146 83 435 181 534 18 88 250
465 42
364 365
161 3 5 167 253
93 69
848 548
505 467
135 71 432 434 595 84 373 87 283
444 30
766 366 431
313 222
696 316
291 63
84 215
820 141 46 429
108 134
132 133 108 272 153 286
21 22 463
209 686
75 260
184 435 461 366
118 620 614 615
106 171
281 171
184 757
619 663
104 379
848 114 48
211 964 237
297 394 396 84 284
26 166
65 307
59 499 412
280 83
282 108
115 291
282 253
88 107 108
721 530
449 270
274 323 141 335
173 534
49 114 319
212 12
420 491 496 435 474
75 87
32 143
129 166 31
196 253 860
603 366
260 261 94
171 340
358 590
306 195
448 934
265 13
257 519
367 83 84 85 122
139 421
675 142
901 754 471 120 861
824 701
161 727
132 133 272 212 59 412
419 70 551 550 213 185 509
41 26 27
234 159
7 813 305 116 405 59
507 45
32 122
130 343
441 179 276
289 161 167 72 367 84 85
87 311
755 212 45 662
424 264 246
57 127
130 166 281 107 45 366 494 435 115 857
108 20
456 262
250 108 406
64 58 3 306
200 197
321 322
594 343
467 54
108 165
82 284
546 463
715 173
146 405 160 161 59 829 210 211 475 234 235 236 237 238 239 240 241 242 243 244 245 122
232 527
368 108
99 324 405 103
139 127
33 362 35 28
611 421 297 695 473 251
115 230
18 220
152 428 262
819 534
136 817 754 252 861
482 739 810 686 55 56 58 699 60
857 161 142
656 224 38
249 222
190 191
512 542
64 4 138 237 47 304 211 372 212
56 739 212 55
442 250
421 319
435 428
87 599
122 270 47
28 52
64 6 519 860 253
257 421
57 3
129 777 909 918 919 168 42 52 821 197 198 200 201 202 205 206 207 208 594 95 96
538 412
359 968 333 526 914 500 407 700 701 766
345 181
192 158 150
362 334
128 687 23
186 355
283 284 143
1 74
97 611
344 14
769 709
289 106 306 409 122 253
168 469
64 409 60 413
289 234 59 210
613 925
336 273 323 335
553 282 212
115 334 319
65 507 142
301 892 893 406
105 395 390
129 134
43 493
185 250
833 860
640 639 47
32 34 36 37 40 24 29 30 31
266 452
257 250 284 63
97 303 305 89 90
833 194 3 195 804 5 196 827
5 3 253
260 261 326 327 328 778 11 174 401 307 724 341 536
152 41 36 30
857 561
264 982
313 219
36 591
377 123
48 438
75 6
167 367 495 83 84 373 85 87
265 453
59 4
345 178
71 433 50 434 51 181 373 85 153 218
104 183
266 324 98 534
232 75
465 341
12 6
546 36 39 41 26 27 29 30 31
160 241 159
28 45 52
386 390 391 296 105 395 369 151
680 376
89 90 97 303
216 409
195 133
357 358 329 91 109 144 376 475 92 479
380 398
135 108 367 283 434 373 374 87 59 284
212 412 133
64 5 521 138 409 282 287
352 2 297 527 496 378 251 61
257 519 425 17 250
208 173
36 37 24 29 30 31
219 87
517 7
923 341
88 49 434 51
521 5 3 413
256 284 727
3 5 846
284 373
161 133
639 159
412 286
161 964
72 50
519 167 143 367 283 284
209 134
244 614
486 87
83 45
75 310
18 108
16 354
512 302
257 281
250 55
80 532 117
193 196
170 252 439
161 198
64 372 364
64 4 138 846 282 413
608 420
424 264 977
59 87 63
100 102
120 449 30 41
200 821
572 143
313 421
64 3 5 846 60
276 527
257 297 108 63 255
289 434 284 85
561 322
857 161 45
88 130 115
378 204
44 407
222 311
612 12
515 475
83 643
124 117
106 250 148 534
170 439
821 919
64 4 813
304 184
376 7
185 82 419
289 434 84 85
672 81 82 510
388 390 391
72 51
200 201
312 394 50 613
184 330 109
162 130 490 45 212 406
194 3 413
201 777 909 918 919 95
83 341
297 191
43 244
609 673 708 360 266 268 142 755 503 571 700
170 301 406
108 212 132
201 777 909 594 918 919 95
435 301
379 388
161 395
170 37
448 449 429 141 447
696 148
107 45 15 496 474 114 435 372 115 250 29
161 447 430 270
27 30
730 142
284 301
16 930
241 159
408 526
451 427
130 910
810 286 303
107 933 174
116 24 428 334
65 81
321 180
190 6
833 193 195 196 827 4 3 5 194 59 413
264 427 115 339 319
98 6
218 547 85
352 2 297 378 61
152 49
64 409 4 521
247 422 431
129 777 909 918 919 168 52 821 197 198 199 200 201 202 204 205 206 207 208 594 95 96 752
749 406
163 50 434 51 181 373 153 218
539 174
89 90 303
418 796
987 262
928 238
146 291
257 115 366
108 533
289 163 85
13 87 511
58 6
115 308
418 252
160 54 216
484 95
184 130 29
394 951
729 886
65 602
449 429 430 47 16 141 274 46 273 217
972 175
64 282 59 60
114 117
250 244
301 103
161 449 447
24 29
24 31 63
521 138 60 686
193 3 195 196 5 6
322 395 378
65 412 6
915 117
336 165
167 215
435 491
281 83
860 133
104 583
283 254
569 563
64 130 366 435 184
66 207
259 212
45 639
188 190
281 821
369 538
67 358 109 110 112 113
522 483 341 135
384 104 105 251 369 151 378 379
266 20 708 13
88 546
308 86
296 61
124 276
339 117
352 279
537 215
474 413
339 170 171 166
292 6
285 181
73 75 260 261
137 252
297 394 398
368 76
824 571
112 113 67 109
521 282 686
108 301 406 63
107 257 435 460
536 14
138 636
64 129 130 330 204 366 115 22
394 534
507 87
446 311
272 482
129 42
321 322 395 62
200 435
129 558
264 334
64 161 4 60
386 395 251
210 412
281 122 83
42 435
194 3 5
306 212 412
3 196 7
334 246
537 547
267 501
144 475 91 92 479
33 114
371 415
289 234 210 244 533 253
376 81 283 475
833 4
834 250
425 396
158 150
261 298 75 401 249
915 861 901
154 455 63
680 81 82 185
354 101 405
83 116
58 253
83 211
544 122 184
80 446
166 337 338 339 340 117
717 6
116 340
75 691
553 306 7
122 187
224 178
226 283
139 286
98 405
185 300
64 3 4 5 138 286
40 41 27 30
451 276 459
297 63
37 439
289 71 234 434 85 218
70 778 11 174 509
152 122 138
507 212 309 463
65 281
264 115 532 687
106 116
2 378
185 188
286 534
816 860
64 4 5 175 572
435 22
83 451
232 233 278 441 62
302 263
64 256 170 330 47 304 211 372 115 212
500 511
3 435
64 250
161 372 405
64 138 212 286
302 625 14 119
338 339 116
179 414 215
709 126
24 84
507 63
82 330 358
184 281 130 451
334 174 63
291 893 406
11 12
4 175
161 381
169 291
185 82 22
521 138 282
59 860 5
367 167
42 114
931 927
64 138 4 5
140 141 16 210 542
88 85
881 686
161 495 432 84 373 87
897 330 301 47 639
170 213
550 222
578 579
59 250 3
972 4 813 860
289 161 234 244 533
165 140 270 46 16 273 274 275 217
96 95
363 20
257 367
357 70
211 212
696 107
104 386
90 334
273 270
49 434 50 51 88
200 42 52 207
216 18
18 315 227
166 136 137 170 171 337 338 339 252 116 438 439 117 340 124 861
366 107 406
289 163 83 85 122
1001 207
149 263
161 356 284 519
897 406 143
161 167
339 933
302 652 421 14
296 390 391
449 34 39 41 371 27 30
337 338
161 71 42 250 106 494 434 83 213 181 122
499 142
304 236
296 297 386 388
542 534
667 20 13 662
496 107 366
296 425
140 165 430 47
64 161 5 253
272 133
161 234 235 236 210 243 244 213 533 84 405 245 122
246 39
500 359 333 407
257 366 115 284 63
3 286
834 45
224 625
104 378 87
306 484
3 587 139 435 409 60 413
519 107 590 17 250
166 136 137 170 337 338 339 252 116 437 439 440 438 117 340 124
65 103
352 180 343
193 517 103 744 409 763 412
161 602 84 167
224 613
88 373
155 260 174 135
338 171
145 493
474 116
108 339 116
481 93
528 114 115 319
312 191
200 106
122 223
235 367
128 21
526 407
672 481 224 357 550 358 75 144 81 21 22 376 222 510
922 286
609 805 13 721 499 501
420 496 474 435 250
208 200
328 326
418 926
108 165 63
25 115
456 439
327 174 307 531 539 93
666 59
260 261 401 312 94
122 420
122 357
800 161
193 132 133 272 412
250 148 63
306 244
213 174
272 212 412
616 146
901 136 817 754 116 438 439 252 861
106 159
146 171
107 460 491
74 75 332
352 281 2 378
490 211
115 372 341
664 81 70 550
163 72 50 51 85 218
65 52
136 437 438
33 418
434 181 71
354 126 87
458 715 402
65 301 406
296 18
412 133
97 102
484 62
96 104 232 369 377 378 220
347 7
1002 3
233 441 276 414
232 278
448 273
49 644
395 380
420 181
378 395 182
810 286 807
544 425 479
3 860 253
6 199
460 549
129 206
249 310
13 366
289 163 50 83 51 84 85 122
217 108
532 166
2 232 297 278 150 378 285 735
129 84
449 39 40 41 120 27 30
212 334
558 206
244 239
202 42
107 65 43 6
257 457 107 366 211 406
112 113 109 110
281 122 341
246 319
435 212 133
560 283
129 130 42 45 366 494 435 115 857
392 391
394 106 146 148 155
213 494
514 423
88 334
593 47
421 150
451 483
337 420
434 181
114 362
412 5
366 311
425 165
656 115 172 166
80 923
9 499
170 339 639
283 372
368 362 152
356 334
382 151
482 412 306
210 108
534 951
897 106 301 174 406 893
234 59 253
99 324
778 555
235 238
162 667
396 380 158
210 964 927
83 237
431 63
442 234
312 75 310
304 435
64 139
56 666
32 33 34 35 546 36 39 40 41 591 26 27 28 30 31
211 235 159
594 205
166 170 171 337 338 339 116 117 340 439 124
264 418 548 424 172 48 49 177 443 444 445 319 77 334 848 486 362 114 115 246
122 83 749
155 156
305 90
318 314 227 86
490 22
594 52
8 162 20 662
334 262
49 339
394 322
217 165 447
122 59 212 286
94 79
64 256 356 170 330 47 82 115 212
696 260
425 171
857 332
46 47
25 36 30
245 237 239
281 222
314 75 318
233 15
731 6
130 169 173 271 279 569
755 212
400 130 527
299 813 878
74 18 332 298
114 115 246 487
130 451 292 293 134 169 173 271 527 465 402 281
412 470
307 724
64 90 4 846
163 71 433 434 181 373 85 218
953 510
44 567
609 214
428 461
289 133 106 306 122 253
757 167
94 439
284 87
870 183
810 306
42 52
43 668 21 246
146 43
82 475
107 188 366
321 322 573 484 205 594 378 157 95 351
184 29
964 238 927
114 115 246
170 173
192 380
169 130 459
412 124
321 297
254 63
1 381
792 494
363 284
184 130 173
107 189
321 182 62
601 130
570 567
897 130 162 457 107 491 45 366 301 211 372 406 893
369 151
521 3 413
323 47
97 101
49 166
65 398 377 380 158
923 422 489 363 142 497 530 467 499 603
390 392 297 296 396 183
16 449 140 141
390 391
565 127
297 182
143 283 255
594 573
587 212
435 814
972 813 4 413
64 193 3 195 4 5 56 282
609 805 233 266 267 265
43 84
532 421
56 127
755 294
41 26 444 39
208 410
889 413
105 378 173
242 500
377 263
530 507
539 174 519
96 129 198 487 201 202 396 208 52 95
57 60 413
378 343
433 218 367
778 22
32 97 144
161 108 84 63
369 113
635 636
340 166
322 382
107 108 301 82 406
522 778 483 135
116 252 861
201 821
577 167
250 107
323 820 141
283 821
291 334 366 494 435 116 20 406 246 117 857
673 250
538 86
899 231
81 69
104 105 378
521 972
129 54
418 172
169 293
328 11 326
395 629
6 719 409 282 287
1 2
860 846
530 167
163 860
97 7
778 155 174
281 52
18 367
49 116
273 274 323 141
256 108 254
18 933
609 805 233 266 267 499
81 63
96 229 182 281 378
512 950
553 212
5 4 813
248 571
129 777 918 168 42 52 821 197 198 200 201 202 204 205 206 207 208 594 95 96
171 311
50 51 298
494 167
810 60
658 270
3 212 5
356 22
418 115 114 319
401 12
192 347 150
212 14
107 250 43 435
419 70 551 679 550 185 509 190
272 5
10 20
5 212 253
45 534
366 107 301 406
313 842
474 435 106
522 767
161 170
40 41 76 27 30
755 951
376 97 470
576 352 2 130 131 229 129 297 180 149 215 281 378 735
304 620
441 178 179
341 767
256 63
361 171 372
833 3
33 339
281 484
142 422
538 308
130 459 173
482 810 950 60
602 84 87 167
281 250
122 435
136 116 166
395 180
307 69
266 708 13
390 183
257 222 313
289 84
106 6
425 17 435
136 41 76 49 438 254
265 162
283 475
161 170 116
142 574
163 71 433 434 181 373 218
161 821
400 426 404 494
298 75
192 284
257 130 115 29
857 507
394 422
354 138 83 211 152
257 284 143
378 527
972 4 813
106 83 84 85 250
210 155
65 380 7
403 263
544 425 749 45 368 211 275 406 281
232 731
272 153
530 603
297 811
83 132
337 93
88 190
116 170 124
212 412 287
165 175 47 17 372 286
956 95
234 85
547 534
22 255
897 107 301 406 893
545 543
36 29 31
953 185 668 510
46 430
64 129 130 363 304 82 115 184 29
83 284
166 170 171 338 339 252 117 340 439 124
249 75 260 261
421 270
184 21 22
136 817 116 439 252 861
85 111
341 174
64 282 253
520 161 148
257 612 613 104 561 339 212 118
117 246
256 364
153 468
208 96 919
821 198
442 283
235 237 239
171 6
250 164 519
289 163 433 50 434 51 181 85 218
243 159
273 138
569 130
357 358 330 109 376 91
81 330
262 428 76 368 656 981 471 152
425 281
212 46
94 166
288 510
104 393
833 194 3 5 827
320 161
283 547
64 3 860 5
65 297 380 398
368 428 63
556 45
184 30
482 739 59 810 686 55 56 57 58 699 60
36 262 170 330 368 81 115 341 22 376 25 29 319
76 254
427 93
107 468
435 821
821 87
372 14
672 18
154 770 108
136 76 77 438 254
346 180
165 46 429
456 115 412
824 708 13 701
616 405
256 695
169 527
24 34
41 94
456 97 170
291 131
869 6
232 622
129 82 115 366
272 412 132
4 60
296 297 378 388
74 298 332 18 249
297 167
5 686
36 37 38 39 40 589 24
64 211 212 253
548 341
354 405 126 87
357 550
257 356 366
376 330 212
260 261 298 75 342 249
184 130 250 366
161 442 431
104 547
88 490
161 143 432 51 218 283
216 435 36 270
129 155 821
213 463
364 29
74 331 332 298 249
121 1
52 109 110
64 4 413 860
347 6 7
672 107
585 564
561 460
64 5 253
304 89
500 333 407
36 30
609 500 214 247 248 474
161 613 102 234 236 146 84 533 85
168 166
120 41 27
344 161 181
827 196 7
394 250
116 412 117
169 129
347 182
92 12
81 122 463
128 614
396 397
386 395
129 166 52 821 281
64 482 739 3 5 810 212 56 57 59 412
150 285 278
24 25 41
613 72 432 50 51 85
804 5
281 923
57 59 405 55
833 588
257 420 366
201 95
860 813
334 951
106 494 146 435 148 250
132 423
412 982
296 315
964 932 238 927
64 129 130 330 107 363 366 304 82 115 372 22 184 29 286 287
108 964 933
530 923
88 138
169 130 516
75 691 223
448 140 430 47
184 108
431 463 212 309 507
64 3 5 138 237 47 304 211 372 212 286
628 63
857 161 502
394 122
122 59
901 331 754 116 438 861
161 642
332 341
352 6
412 59 132
283 367
116 156
418 548 486 264 424 362 334 48 49 114 115 246 443 444 445 319
41 591
25 170 115 36
387 389 390 391 395 396 398 296 182 61 104 105 369 379 377 378 251 380 381
289 163 71 84 85
435 54
193 3 4 412
132 133 87
122 475 330
209 286
410 70
250 107 406
1 460 269
257 212
122 45
129 82 495 319
57 59 60
680 509
161 398
26 460
140 141 270 16 273 274 275 165 429 430 47 447 448 449 323 580 462 335 336 593 217 736 618 761
81 396
484 852
257 130 107 366 406
936 101
306 719
337 116 117
130 293 134 487 169 233 427 459 173 527 15 404 54 184 441 94
43 213
378 182 62
507 14
301 174
80 821
164 167
129 130 43
951 423
29 591
289 613 432 84 405 85
85 511
213 493
696 460
45 333 359
357 250 366 82 83 122
432 167
64 4 409 58 860 253
161 148 749
216 441 348
8 538
474 372
114 339 319
64 212 133
367 434 373 87 122 283
50 51
115 486
46 430 16 47 273 217
435 20
284 590
833 3 195 5 196 827
315 86
281 285
448 449 141 270
83 509
108 69
129 821 207
534 327
409 60 413
233 134
133 553 212 412 286
11 307
289 163 71 72 433 50 434 51 85 373 181 153 218
178 460
161 28
48 49 444
313 227 254 63
682 351
262 456 117 25 319
112 475 92 144
273 429
233 242
449 273 46 47
130 166
873 86
129 29
136 120 166
448 449 934 141 270 447
547 829
860 174
552 107
305 90 97
65 938
1 460
190 510
41 27 30 39
441 62
296 87
200 208
9 526
64 256 356 170 330 171 47 82 115 212
358 109 113 376 92
59 860 813
129 130 271 527 20 22 279 281 29 169 304 184 569 64 451 330 465 211 107 363 366 115
166 170 171 337 338 339 252 117 340 439 124
954 29
21 302
334 486
82 357 550
208 129 198
503 44 526 500 502 407
116 334
64 212 286
499 422
184 130 406
136 137 76 438
161 338 116
366 107 406 63
475 470
362 115 534
248 9 500 526
857 63
16 761
8 453 567
810 3 212 5
312 226 219
48 444 39
115 108 334
139 87
25 28
97 341
308 302
553 250 212 286
589 495
289 655
178 410
253 7
129 130 271 527 20 22 279 281 29 169 304 184 569 64 451 330 465 211 352 107 363 366 115
247 499 766 431
40 38
135 108 367 283 434 84 373 87 122 59
656 117
193 833 3 195 196 827
666 813 860 413
88 18
184 12
104 233
212 482 739 810
547 356
99 324 405
97 212
931 932
550 551 70 679 668
441 54
3 196 195 4 6
75 255
425 330 259 475
64 3 739 5 212 286
500 503
571 708
361 45
354 99 355 101 936 126
107 188 301
172 14
120 817 754 861
474 643
56 212 55
18 155
144 327
167 143 495 83 87 122 283 284
729 261
130 134 232 169 173 144 821 54 343
162 406
901 166 170 171 817 337 754 116 338 438 439 915 117 339 340 124 861
129 52
291 207
458 527
700 333 359
363 87
161 414
105 322 378
116 29
82 69 495
769 98 355 100 101 102 641 324 936 938 99 405 125 126
45 87 511
616 270
10 499
13 142
499 431
41 14
322 157
257 153 108 284
656 38
233 295
5 159
106 11
243 237
122 421
289 163 71 234 434
129 421
728 484
249 74 298
20 167
709 405
2 249 75 178 18 308 310 311 216 121 219
29 302
498 549
418 28
304 6
132 7 810 306 409 860 253
90 261
25 31
769 98 324 405
195 4 413
88 146
64 572 286
193 4
64 138 212 58 59 286
330 22
429 302
224 748 590 401 216 223
315 727
754 471
64 860 5
289 163 71 434 181 373
394 163
339 108
739 272 212 55 59
588 5
833 103
405 495
136 817 754 116 439 252 861
29 167
104 105 378 251
107 491
544 106
338 339
257 122
108 223
498 420
122 211 237
322 182 378
418 115 319
3 4 103
324 85
192 279
283 253
9 442
313 86 311
339 252
24 418
330 477
104 391
616 88
289 614
265 13 20 662 701
32 36 37 166 40 368 338 339 29 31
442 143
811 245
321 351
233 2
178 179 276 441 414
40 230
118 119
481 75 222
4 5
210 167
232 233 557 54 62
96 129
330 63
187 421
425 330 357
410 358
72 367 433 85 218
88 46
749 63
114 933 334
184 156
587 3 5
136 817 116 252 861
486 264 77 115 445
97 370
326 327 328 11 307 21 22
163 433 50 434 51 181 373 85 153 218
84 63
160 821 54
824 10
42 494 116 181 24 475
18 86
59 63
97 122 521 75 396 491 45 212 282
40 29
491 420
304 122
611 90 620 304 57 58
20 268 13
593 449
65 158
280 161
72 51 85
821 975
472 473
65 306 7
172 6
452 453 8 361 570
232 467
340 31
175 159
481 212
97 90 116
307 367
175 63
482 739 212
161 291
250 106 155 6
93 23
64 287 5 175
232 369 53 54 538
285 6
122 212 138
336 449 140 430
64 89 4
328 161 174 22
368 24
418 264 362 114 115 246 319
69 70
230 367
126 143
598 63
22 215
233 441
593 140
48 418
306 60
64 58 3 5
77 246
117 171 549
97 67
307 22
208 201 129 202
89 303
330 460
708 360 10 721 530 500
168 233
1 251
106 148
64 3 4 5 175 287
42 94
64 3 5 521 138
185 419 69
378 469
972 748 5
512 6
272 412 59 132
418 548 486 264 424 362 77 334 528 49 48 115 246 443 444 445 319
422 489 142 497 530 499 603
449 323
318 227 86
260 70
12 407
64 138 59 132
264 528 926 418 548 424 172 48 49 443 444 445 319 77 334 848 486 362 114 115 246
184 357
736 141
115 327
65 70
390 391 104 297 392 296 396
107 82 250 188 63
97 212 286
401 70
928 931
122 491
64 58 5 287
357 358 330 82 479
188 301
285 134
521 58 138
83 6
129 42 130
64 60
216 495
353 852
444 86
142 507 366
821 270
368 213
557 15
483 135 584 522 341
267 609 266 499
224 122
146 14
289 167 106 306 122 59 253
32 24 29
378 182
448 449 429 447
609 325 267 556 721 755
395 380 182
224 1 227 134 74 75 269 401 19 310 311 312 313 184
212 132 533
27 29
106 83 84 85
64 60 413
59 474 435 212
70 778 405 174
824 265 662
304 301 406
328 417
212 463
563 66 499
281 114
517 518 103
50 51 83 85 122
64 3 196
564 494
427 527
152 33 362 28
291 109
109 70
98 324 405
369 1
96 129 197 198 199 200 201 42 203 204 202 206 207 208 168 205 52 95
192 352 215 131 622 180 181 279 346
418 35 34 36 166 39 40 262 28 338 339 340 117 726 444 30
133 860 810 244 60 253 287
656 527
107 75 108 143
224 178 221
88 291 494
418 264 114 115 319
409 306
672 69 550 551 474 668 509 510
786 14
824 214
289 551
409 3 5
122 235
708 958
482 3 5 810 212 56
134 166 108 45 558
641 125 639
376 81 63
281 170 117
571 452 453 567
16 273
419 357 550 363 82 185 510
194 196
28 302
376 113 369
64 3 5 739
317 222
337 170 338 166
122 83 231
312 313 226
170 262
75 461
483 135 554 555 522 341 599
281 122 116
130 366
550 668 509 510
233 202
301 143
227 893
3 5 7
33 252
666 59 813
202 207
58 4 413
5 59 253
13 15
21 22
59 3 5
172 444
257 166 465 115 532
363 13
521 7
168 61
247 499 431
144 470
216 54
289 106 305 122 253
161 897 174 406 893
3 495
259 144 67 329 330 470 475 92 91 476 477 478 479 357 358 109 111 112 113 376
96 219 197
315 75
427 527 402 277 569
833 194 195 196 827
104 369 378
42 31
250 107 212 133
482 108
146 107 189
41 76 77 49 438
392 777
263 278 150 279 285 179 192 215 344 345 346 347 348 343 350 351 352 353 349 232 123
328 734
448 449 140 141 430 447
106 413
570 958
810 59 55
354 98
224 88
360 142
861 438
115 982
74 318
10 526
88 50 51 955
144 329
184 414
46 430 270
219 460
185 6
370 631
754 549
132 210 212 59 412
234 533
192 14
166 136 137 337 338 339 340 438
274 275 302
497 499
250 283 143
166 136 170 171 337 338 339 252 116 438 439 117 340 124
65 529 7
347 173
257 212 133
216 460 269 223
59 423
11 357 639
495 284 87
173 343
83 510
452 488 10 333 559
98 372
88 955
132 84
211 239
122 253
499 44
25 38
114 115 548
672 330
321 390
140 165
161 276
303 239
13 511
544 431
274 302
442 435 45
96 129 198 296 396 87 281 311 446
184 474
250 156
12 93
426 427
259 933
66 201 265 179 563 441
715 173 87
549 366
928 211
114 371
409 175
18 951
570 13
816 93
184 279
71 433 434 181 373 218
591 471
696 22
122 211 235
193 3 4 5 412 413
729 174
521 138 59
833 193 194 3 804 5 196 827
184 5 910
272 324
81 185 69
616 857
394 494 18 821 181
721 333
352 129 47 496 115 156
184 82 43 116
368 36 152
114 487 246 319
32 33 34 36 41 24 29
59 3 4 5
124 303
550 174
881 59
297 61
138 813
108 813
452 453
79 63
357 590 639
257 519 306 212 250 286
184 213
17 435
195 699
257 115 63
675 431
297 389
628 87
182 151
184 130
353 852 343
129 94
304 514 519
964 302
666 213
254 22
109 479
212 412 286
306 412
283 125
954 700 925 846
161 465
380 397
76 340
617 603 500
547 222
96 202 909
289 167 106 122 253
483 135 554 522 341 599
131 14
833 587 5
931 302
532 366
212 286
65 306
441 201 178 179
211 255
360 530 422
274 84
302 270
85 230
396 182
810 212 950 55 56
52 487
266 708 958
339 63
83 148
616 244
330 990
321 369
234 55 57 58 59
721 214
88 51
289 434 85 71
255 63
185 190
810 699 286
283 189
401 298 260 261
154 514
115 341
339 116 117 340
193 3 195 196 827
420 527
467 453 422 359
553 282
429 46 47
83 75
459 495
454 108 334 148 821 250
400 458
553 212 286 257
162 45 406
801 186
435 406
153 167
259 166
460 422
427 319
12 662
264 49 230
13 63
362 172 115 246 319
474 460
376 82
522 341 135
251 158
482 5 810 108 212
731 108 63
64 409 5
43 188 301
124 38
289 163 71 72 433 50 434 85 373 181 218
521 60
270 143
56 7
833 5
19 421
334 231
200 400
833 146
821 213
233 322
17 412 133
232 233 53
816 58 138
169 276
141 7
122 547 253
547 964
482 810 686 950 55 57 58 60 253
104 390
412 413
73 525
341 14
411 287
129 52 45
84 270
420 29
18 223
161 130
210 286
88 405
57 58 55
161 883
561 20 13
281 341
259 92
136 27
64 253 4 813
435 15
136 14
833 194 3 196 5 827
769 451 516 169 435 372 441 479
195 686
75 310 216 317 223
420 134
64 282 5 846
3 250 860 253 287
475 92 109 111
459 143
237 239
114 115 439
307 613
292 295
81 283 17 143
594 95
668 510
64 63
129 491
521 306 846
256 296 216
932 159
64 297 130 82
427 286
283 219
17 47
250 22
901 817 754 979 116
490 83
184 161
72 85
827 413
538 171
3 195 196 5
197 87
6 463
550 70
207 95
256 106
519 87
769 405
14 22
74 331 332 298 18
136 861
512 421
162 452 453 8 361 567 570 571
354 237 83 211 152 122
185 358
459 398
184 459
338 439
64 860
901 331 754 116 861
507 501
21 84 93
113 470
312 298 261
283 291
171 164
64 116
126 167
264 170 427 334 49 114 115 116 339 319
81 951
449 934 140 430 335 336
448 800
326 14
268 13
64 3 196 4 5 521 138 409 282 572 413 287
810 175 212 59 286
184 419
801 410
115 5
816 58 93
698 646
550 509 510
161 129
234 367
90 516
257 250 420
256 283 284
499 453
665 167
186 98
161 3 59
304 286 287
17 175
107 227
3 253
367 143 84 213 283
17 82
810 175
74 260
45 406
64 60 5
393 297
83 132 133
122 83 167
132 143
280 63
932 6
163 542
506 63
33 31
500 407
32 34 36 37 40 24 28 29 30 31
664 81 70
216 296 163 284
251 151
641 125 126
64 129 4 138 237 47 304 211 372 212
448 274 47
66 487
64 4 846 90 60
16 335
64 866
304 83
104 378
553 59 133
608 394
64 636
284 421
178 179 630 441 540 62
202 284
96 202 197
46 63
322 105 395 182 378
441 130
107 821
260 135 519 174 463 307 536 539 63
216 307
12 214
467 422
377 394 161
298 260 261
104 105
824 567
131 263 278 150 279 157 285 179 180 192 852 215 344 343 345 347 348 346 350 351 352 353 232 123
234 242 146 244 533
184 106
71 72 434 50 181 373 85
448 447
339 212
841 527
232 181
120 754 861 901
108 749
739 810 55 57 699
257 15
107 156
250 603
860 167
154 435
170 115 29 166
267 265 266 499
162 330 364 496 304 211 372 153 284 29
252 31
59 435
99 108 405
296 297 390 391
106 519
937 291
184 957
184 569 130 402
65 529 6 7
161 338
238 927
212 309 431
475 108
480 321 322 392 178 381 180 62 61 382
558 446
41 34
753 66
561 223
129 291 170 115 341 281
250 84 63
41 27 76
18 2 83
265 233 179 276 441
257 154 83 122 411 284
97 132
339 116
251 182
161 164 436
376 330 184
257 108 255
250 372 405
609 267
197 198
709 749
244 951
176 253
86 222
184 130 366 22
8 609
114 443 486 87
115 412
3 507
206 15
49 319
224 118
161 252
283 405
170 115 116
5 302
46 429 430
269 495
152 41
152 30
554 483 341 135
161 317
553 122 59 212
104 180
289 71 72 433 50 434 51 85 373 181 218
482 810 212 699 286
442 700
59 159
96 129 378
514 117
306 699 341 14
211 964 244
553 133
100 421 405
52 101
65 257 519 490 107 301 174 406 284
170 250
489 500
65 239
2 53
192 351
163 390
419 510
521 138 165
521 138 60
97 90 303
4 413 860
161 334
65 99
259 470
432 757
90 413
289 507
686 991
52 173
276 494
393 105
129 83 821
184 282
89 212 286
121 66 381 102
64 3 5 175 287
9 13
618 619
458 563
424 115
134 108 309 558
549 293 104 395 492 527 369 313 378
184 354 546 130
739 810 272 55 57 827
372 108 405
301 445
897 108
170 83 116
160 241 211 159
434 85
304 666
302 215
367 87
495 108 71
13 574
18 534 311
64 3 572
116 645 167
32 24
640 639 159
83 326
672 510
281 129 341
194 3 412
213 270
749 598 933
16 165 335
8 63
262 428 368 656 471 120 152
88 301
18 19
129 777 168 42 52 197 198 199 200 201 202 203 204 205 206 207 208 594 95 96
32 34 36 40 24 28 30 31
184 130 301 406
42 821
253 167
88 442
757 391
495 439
227 143
249 74 75 298
122 602
107 155
322 395 182 378 62
376 341
185 283
75 951
425 116
65 141 6 7
97 303
161 167 616 83 148 122
108 5 860
819 167
256 17
64 306 212 59 253 286
465 340
359 9 10 526 500 407 700
547 122 83 85
283 691
428 340
329 332
309 463
420 303
122 47
64 521 4
232 386
75 21
264 170
448 449 41 141 430 217 447
394 270 18 148 533 405 24 154 164 42 43 428 174 181 442 213 475 234 106 494 116 250 253
42 494
345 350
161 211 964
337 171
24 37
26 546
129 42 63
64 3 5 846
192 421
120 41 40
352 385 162 519 106 204 237 364 281
129 130 257 532 406 279 22 170 45 301 47 330 82 211 341 222 107 491 366 368 496 372
161 234 533
441 367
170 532
216 219
201 129
424 114 982
227 213
138 139 287
8 247
259 358 376 475 479
373 87 135
129 36 166 368 24 29 31
289 106 306 122 253
281 15 87
234 245
213 510
18 19 342
216 250
161 372
474 420
59 132 253 860
163 71 433 434 51 181 153 218
264 319
161 287
138 3 4 413
465 378
720 297
184 474 435
412 127
64 282 59 286
699 5
264 170 427 334 114 339 116 115 319
75 550
293 134
168 134
376 161 475
474 36
220 173 182
250 542
97 611 620 304 57 58
613 109 111 112 144 475 92
376 115
642 167
187 493
552 734
132 213
486 424 264 77 334 977 246 445
57 234 59 405
16 217 141
377 842 398
64 132
32 37 24 29 30 31
97 482
465 166
813 103
18 43
352 343
672 419 550 711 680 510 138 107 551 81 82 21 664 185 474 668 509 190
142 167
149 151
361 534
45 29
418 548 41 362 48 49 114 371 115 341
89 150
33 34 35 546 36 39 40 41 591 26 27 28 30 31
449 140 141 447
22 47
64 57 572 253
286 63
652 302
73 260
108 166
64 364
180 348
336 930 335
233 972 5
177 414
418 486 264 424 362 77 334 48 49 114 115 246 443 444 445 319
259 330 108 475 63
897 117
208 129 108
281 284
129 777 802 168 52 821 197 198 199 200 201 202 203 204 205 206 207 208 594 95 96
532 341 812
425 143
36 302
68 87
161 132
233 369 53 538 62
20 511
264 362 114 115 319
170 171 117
130 297 330 366 304 211 372 88 250 29
227 86 87
114 246 319
272 81
192 151
201 441 177 178 179 345
264 114 246
29 38
65 257 6 490 106
425 83
505 500
465 130
466 15
507 294
45 662
267 62
64 287
328 21 22
288 81 82
429 46 141 47 274
3 412 5
161 163
881 253
389 391 392 297 296 396 183
322 163 104 297 393 296 277 472 284 61 62 216
475 109 111
235 6
173 87
17 358
185 250 366
922 860
19 1 147
259 109
691 75 189
297 394
43 45
168 821
469 1 2 317
602 813
374 198
161 84 167
766 431
467 87
546 37
488 497 452
700 407
289 234 59 244
289 71 434 84 85
166 262
833 196
129 130 281 29 286 287 166 170 45 304 435 184 64 82 354 487 107 363 366 368 115
307 70
496 156 47
272 412 133
954 27
616 250
161 108 84
114 115 319
402 283
412 3 4 193
608 534
362 108
244 282 860 253 287
496 83
609 453
668 583
296 107
577 330
106 330 82 327
64 5 138 846 282
74 331 75 332 249
183 391
217 580 447
547 156 519 423
435 413
777 343
233 7
291 108 63
330 487
259 108 475
748 63
130 372
124 161 428
40 25 41
697 219
144 481
291 15
188 284
424 371
101 821
821 534
289 163 613 72 50 51 84 405 85
131 285
227 166
181 350
91 87
242 243 159
368 471
122 83 85 106
721 766
152 36 656
454 87
496 106
336 16 430 335
352 215
97 319
881 58
177 178 179
97 212 132 102
448 140 677 430
57 139
25 29
313 75
320 161 234 238
12 22
329 330 91
308 348
609 232 233 266 267 265 15 278 441
232 265 266 267 233 278 441
33 546 36 37 39 41 589 591 26 27 28 29 30
264 528 920 418 548 424 172 48 49 443 444 445 319 456 77 334 977 486 362 114 115 246
363 821
640 170 639 47 211 339 159
324 101
537 21
421 431
609 232 265 266 267 233 53
150 622
133 270 146 409 303 304 176 306 305 59 60 213 89 90 97 234 370 116 253
418 264 424 172 334 48 49 114 246 443 444 445 319
641 357 125 639
64 367 175
216 401
161 354
64 138 572 5
122 495
372 156
820 141
667 662
585 291 707
321 161
64 212 372
833 3 7
286 255
84 284
407 359 45 503 504 505 506 507
451 439
8 87
441 461
212 372 47
21 143
613 434 50 51 85
737 334
987 471
193 5
312 216
435 155
550 307 70
16 275
64 3 5 306 58
564 87
272 860
41 76 77 49 254
482 286
304 287
161 234 146 84 59
14 327
161 60
591 39
62 214 183
964 239
147 188 317
616 454
376 143
278 150 279 285 157 179 192 215 344 345 346 343 348 350 351 352 353 232 123
264 115 246 319
70 307 174
272 244 133
98 99 100 101 354 355 324 619 126
235 159
264 49 418 115
367 284 143
138 82
306 3
65 97 6 7 528
348 263
56 59 60 739
172 300
136 137 252 438
256 296
41 918
49 51 334
721 609
720 297 394 122
307 374
17 250 284 519
209 212
848 449
264 528 920 926 418 548 424 172 48 49 443 444 445 319 77 334 848 982 486 362 114 115 246
544 689
808 6
824 266 708 20
135 108 367 283 84 373 87 122 59 284
18 227
284 63
544 130 184 402
64 129 130 330 107 363 366 304 82 115 22 184 29 286 287
57 7
272 58
129 83 52
291 516 485 564 823 573
115 821
109 191
128 22
291 302
257 213
242 239 623
8 499
112 475
256 107
848 114
848 465
153 213
296 377 284
58 59 139
13 421
184 425
176 289 306 253
835 108 454
130 173 63
16 275 46
668 7
561 30
160 640 238 239 210 243 242 159
138 881 244 282 860 287
866 3
184 146 107
161 43
132 262 272 977 212 117 25 412
17 270
66 201 265 233 563 179 276 441 414
19 75 222
666 813
184 420
336 16
129 130 366
561 75 223
297 158
680 81 664
170 7
165 140 46 430 47
329 91
481 21
328 326 6
547 367 143 83 122 283
80 532 540 812
777 204 750
720 65
138 366
233 359
10 574
901 438
482 553 810 212 950 55 56 286
26 31
41 28
153 84
165 140 429 46 430 47
161 146 107
390 391 393 395 396 15 284 296 297 182 61 62 322 216 104 105 369 378 381
136 137 171 337 338 339 252 116 437 439 440 438 117 340 124
3 813 4 413
410 556
98 324
264 528 418 548 424 172 48 49 443 444 445 319 77 334 848 486 362 114 115 246
120 41 30
421 855
284 821
336 125
816 521 287
555 135
39 41 26 27 444
330 475
147 22
158 215
64 366 211 212 59
456 97
233 54
81 425
281 343
122 325
2 285
184 129 29
132 55
114 115 420
750 63
153 284 519
289 434 50 51 85
154 423
35 55
495 63
224 167
326 327 328 11 21 22
146 406
161 174 22
184 257 130 366
143 459 63
192 6 7
104 296 216
283 21
65 125
245 931 964 236
74 331 75 298 18 249
988 116 439
165 429
257 519 167 493 153 284
456 305
724 734
301 109
81 460 223
161 253 97
458 805 972 5
58 611
233 52
163 71 433 434 181 218
666 255
345 177
65 485
538 15
107 133
88 42 86
88 250 519
275 550
139 287
481 639
136 116 252 861
184 129 130 279
188 495
57 846
253 303
181 150
484 158
90 260
129 42 166
419 510 679 551 550 185 509 190
201 918 95
289 163 71 434 85 218
352 353 192 484 343 215 346 347 669 158 351
388 486
141 430 47
242 238
848 172
72 85 613
213 181
696 366
130 451 293 487 169 427 173 569 271 115 281
361 442
108 301 366 406 284
388 390
484 343
715 63
45 22
20 366
352 179
720 377 394 380
394 380
67 515 330 144 91 92 478
65 303
474 107
129 821 63
483 373 174 135
296 391
165 140 429 430 47
121 233
160 238 239 243 159
64 129
210 84
8 333
161 18 315
174 135
315 406
289 163 83 84 85 122
284 167
680 483
312 75 216
592 161 148 542
422 247
4 413
81 21
350 150
487 130 459 271
184 435 366
459 87
394 378
810 827
253 59 860 405
490 645
162 266 20 13
37 30
377 161
481 67 612 390 561 49 339 212 118 662 122 253
264 330 115 246 319
547 122 83 367
372 405
482 195 3 739 810 55 57 59 60
249 298 401 261
448 449 934 140 141 430 335 336 429 447
499 93
180 382
160 237
11 340
729 401
893 309 406
96 52
161 62
378 215
164 283 367 143
438 861 166 76
594 206
441 527
739 810 55 57 59 60
897 174
83 204 821
296 297 386
363 402 715 527
96 129 198 200 168 202 207 208 52 821 919
283 356 519
201 66 441
448 580 140 429 462 430 336 593 141 335 217 447
582 311
146 160 289 547 210 211 234 235 236 237 238 239 240 241 242 243 244 245 122
241 210 237
223 167
410 516
291 357 358 330 109 144 569
464 463
81 107
641 639
64 138 282 287
59 255
544 130 169 402 184
82 250 357 366
16 304
161 90
129 406
18 227 86
64 881 287 175
168 341
27 171
75 68
412 212 132 133
122 428 143
64 282 108
495 108 284 87
217 140 270
130 451 293 487 169 459 173 271
425 234 108 84 155 63
42 428 116 24 475
64 821
12 453
346 351
108 860
498 582 79
848 926
432 5
460 662
15 182 391
48 340
482 810 212 950 55 56
16 175
137 338
321 380
922 931
75 486
281 170
918 975
352 353 682 346 181 279 344 215 347 343
334 534
441 179 276 414
10 45
49 51
485 14
569 458
388 391
407 408 359 8 44 45 500 501 503 504 505 506 507
233 61
320 244
193 133
435 101
161 479
217 46
157 181
434 289 234 85
344 129 279
130 291 293 487 169 427 173 494 569 527 465 402 281 94
256 643 164 454 43 460 491 496 148
64 138 846
284 175
363 499
194 827 860 5
341 63
813 4 413
58 138
435 230
116 6 7
543 527
359 407
64 129 130 330 366 115 22 184 29
418 486 264 424 362 172 334 528 49 114 48 115 246 443 444 445 319
16 46 47
114 115 246 444 319
394 146
346 343
552 300
587 195
930 141
82 495 167
160 211 235 159
405 126
74 331 75 332 298 18 249
129 6
74 331 75 332 298 249
610 31
64 138 47 304 372
155 821
257 292
104 378 151
166 170 171 338 339 340 124
489 363
171 166
27 28
504 62
161 521
132 951
64 409 138
257 82
425 270 84 88 283
65 142
152 29
289 163 71 433 50 434 181 373 153 218
353 484
212 156
71 433 434 50 181 373
418 115 166
48 444 548
496 107 406
289 213
32 33 34 36 38 39 40 41 591 24 25 26 27 28 30 31
721 526
361 570
377 380 297
114 115 334 319
60 887
170 171 213
67 109 110 112 113 475
453 214
482 810 950 55 56
616 547
857 108 45
377 655
322 484
27 41 371 30
401 93
250 116
424 264 427
170 117
161 427
108 70
66 14
161 194 59 5
376 425
216 74 75
449 217 270 41
289 284
83 116 117
378 366
129 291 330 47 496 115 372 212 607
57 195
168 378
290 66 458 426 622
32 33 34 35 546 36 39 40 41 28 591 26 27 444 29 30 31
83 358 475
852 853 606
157 14
304 97 90
98 99 324
536 165
930 335
72 50 51 83 84 85
569 258
48 264
153 365
434 373 181 71
184 130 173 94
234 83
264 412
66 201 265 563 276 441 414
3 4 860
233 205
173 134
64 175 855 380 286 287
264 114 115 246 319
59 196
609 265 266 267 499
3 55
64 306 59 212
64 833
561 475
321 105
184 45
424 893
64 3 572 5
866 60
64 521 413
17 108
291 170 171 48 341 281
289 163 71 72 433 434 373 85 153 218
6 431
202 63
376 113 357
64 129 435 287
210 43
901 817 754 471 120 861
724 93
810 739 212
272 739 212
8 857 250 45
88 106
421 652 14 302 625 410
616 147
4 7
306 253 7
148 14
1 2 18 317 222
170 124 252 439
261 174
933 255
810 212 412
160 63
48 418 252
28 63
114 444 362
289 163 71 234 434 85 218 253
286 807
357 550 70 363 82 510
107 106 43
120 25 30 41
24 108
273 275 22
257 449 140 270 46 435 217
481 679
248 499
169 84
256 454
686 7
971 821
113 67
128 436 943
108 181
88 155
40 115
193 60 413
192 825
307 510
233 563
181 149
141 46
64 122 59
848 41 114
833 194 3 195 5 827
108 439
625 421
169 204 281
116 262
362 444
58 686 138
88 372
46 462
291 295
194 7
283 412
352 347 212 14
3 587 139 686 409 413
482 699 60
449 140 141 820
328 174 22
323 934 430
122 83 235
129 291 37 166 170 45 368 115 52 341 821 281 29 31
142 6
578 758
321 62
33 439
58 3 196
104 161 394
181 302
104 527
544 122
460 391
16 425 46
488 333 526 407
108 933
418 115 548 362
826 307
3 5 138 666 59
17 356 284
193 4 860 813 412 60 413
483 79
184 161 130
538 2
184 130 451
170 427 114 339 115 319
187 63
769 98 354 100 101 102 641 99 619 405 663 125
141 167
32 41
425 211
210 85
252 117
281 84
481 21 93 22
824 266 10
460 167
211 244
134 45 144 52 28 94
200 400 343
482 739 810 55 56 57 59
297 250 363
731 469
909 919
166 136 137 170 337 338 339 340 117
242 243 238
144 329 479
418 424 264 362 528 114 115 246 445 319
424 264 445 486
130 643 394 18 148 22 24 29 297 170 45 174 185 59 454 330 334 211 857 475 494 496 115 116 122
200 343
11 406 22
777 378
512 119
257 426
196 60
368 143
574 45 502 359
439 87
85 167
202 909 918
78 167
402 108 406
979 166
107 257 435 366
616 130
933 270 47
696 228
428 334 116 24 443
192 345
265 499
152 36
83 163 85
848 97
134 262 136 137 26 28 29 31 418 546 166 40 170 172 444 76 337 338 94 483 362 368 115 117
257 107 460 590 366
161 822
645 6 7
64 409 139
88 327
64 409 282
609 232 233 266 267 499 441
83 47
534 87
816 881
931 964 237
75 310 312 317 223
312 219
769 98 355 100 354 102 641 324 709 936 99 619 372 405 125 126
129 22
260 21
128 93
211 893 406
194 59 5
108 434 373 374 87 283 63
330 188
304 237 184
64 282
160 243
64 129 257 107 45 82 821 857 185 250 59
138 5
64 306 58 59 286 287
185 668
281 171 117
394 106 494 146 83 116
96 129 197 200 201 168 207 208 52 219
83 180
273 564
168 656
553 196
560 283 519 167
448 449 323 46 274
216 42 435
129 36 115 184 29
201 919
641 98 99 100 101 324 125
96 42 43 52 86 88 95
281 465
441 563 414
146 181
184 210
97 260 327 328 11 174 882 21
210 565
179 276
184 130 107
613 72 50 51 405 85
5 972 845 308 696
769 98 99 100 709 102 101 354 324 405
8 453
841 458 427 563
432 85
8 570 453
249 260 261
104 296 216 284 61
401 75
833 60
748 302
232 169 293
64 4 626 57 60
186 354 355
16 425
107 460 269 718 188
272 553 212 412
18 379
306 699 55
129 199
672 43
283 933
64 132 133 212 282 253
232 258
352 181
71 72 367 433 434 85 218
257 130 420 107 366 15 82
265 359
247 366 431
184 273
587 482 3 212
42 435 181 130
107 21 22
225 149
589 30
104 61
505 142
52 125
24 26
18 283
49 115 319
290 204 15 278 285
171 262
435 133
421 327
283 813
162 122
64 3 521 409 282
75 460 269 561 189 216 317 223
115 340 166
418 115 166 362
129 933
827 195 196
20 14
107 22
64 211 212
475 108 358
27 439
376 81 664 113
64 3 4 5 138 159
89 90 97
64 4 413
226 757
125 372 709 405
377 394 380
932 302
65 398 7
909 95
264 528 920 926 418 548 424 172 48 49 443 444 445 319 77 334 848 977 486 362 114 115 246
372 709
553 161 132
530 45
598 119
281 173
259 475 479
435 422 174 22
827 3 413
223 143
408 8
498 812 78
127 639
573 392 873 777 908 919 594 852 183 378 157 351
656 173
978 210
901 331 817 754 116 439 252 861
131 263 278 150 279 285 179 192 215 344 345 343 347 348 346 350 351 352 353 349 232 123
278 207
608 228 229 260 520 107 460 21 406 22 86 316 317 190 223
64 4 302 175
652 255
161 167 154 108 143 495 367 83 84 87 122 283 63
428 471
184 82 330 357
1 147
210 250
8 505
56 57 60 55
184 487
552 288 299
18 547
265 13 662 701
451 483 281 134 459 465 276 341 441
248 268
367 84 143
165 140 270 47 16 46 274 275 273 217
257 107 188 284
74 298
65 981
42 15
297 388
334 319
409 194
992 813
129 378
857 122 45
810 14
378 173
514 547
488 489 452 559
474 151
233 266 267
4 159
115 427
435 244
17 106
561 85
914 507
88 50 51
161 185
177 178 382
88 547
84 167
64 810
281 22
48 548
482 139
449 140 141
514 93
250 302
257 250 107
561 914
114 108 334
296 321
24 33
240 14
616 857 250
227 222
64 257 4 5 553 138 366 211 212 286
64 4 521 846 409
558 78 80 79 446
369 84
85 405
339 170 171 116
177 516
97 253
474 435
338 83
461 749
184 22
707 564
5 3 4 413
1 317
344 351
115 439
264 116
857 143
147 14
474 29
20 460 45
609 265 266 267 233 53 441
363 45 366 507
696 229
32 116
122 18 229
120 754
401 261
468 167
550 662
64 897 3 4 5 406
304 63
88 662
5 3 860 253
212 83 132
64 253 184
114 85
548 48 114 115 984 319
90 412
416 853
810 739
130 108
66 381 102
257 270
36 170 330 368 82 115 341 22 376 29
881 282
821 6
132 253
82 21
407 500 503
115 83 319
91 259 475 479
184 82 70
265 266 267
390 391 392 297 296 396 398 369 183 381
45 247
88 394
171 252 63
424 264 982
257 130 420 107 366
88 42 423
664 668 672 419 550 551 680 312 185 190 63 70 711 460 81 83 87 216 474 226 107 122 509
291 695
179 499
64 4 287
161 289 234 236 83 84 533 122 253
441 233 178 499
810 5
857 83 363
587 3 108 5
409 212 97
174 167
8 857 250
401 22
296 297 398 377 380
128 23
2 315 86 227
810 686
300 711
313 318
769 98 355 100 101 102 354 641 324 709 99 619 688 372 405 125 126
132 647
482 3
421 30
122 187 821
418 548 362 340
192 682
425 94
166 134 136 137 170 362 368 337 338 115 117 28 29 31
376 330 108
184 130 366 519
409 490
64 170
345 201
192 181 263
48 130
561 460 21
162 453 8 361 567 570 571
155 174 135
46 323 270
184 603
136 252 861
30 63
458 295
234 686 57 59 60
425 357
216 75
32 97
201 66
66 563 276 441 414
992 636 813
418 486 264 424 172 334 48 49 114 246 443 445 319
444 246
173 735
256 2 107 317 190
34 29 87
955 425 534 88 155
282 860 253 287
539 734
214 559
136 41
982 246
156 471
115 170 339 116
24 108 29
593 161 270
147 148
302 582
368 420
257 153 115 284
161 339 116
181 534
115 418 435 362
184 545 130 82
25 33
357 122 83 82
259 108
722 230
17 165
257 83 519
57 5
188 63
161 829
66 402
116 143
156 214
748 70
144 475 479
138 286
369 233 53
577 83
919 975
64 409 60 5
20 269
307 14
330 475 255
686 55
64 3 4 5 413
64 4 521 846 304 184 409
312 18
553 235 83 212 184 286
233 487
490 91 14
326 328 11 21 22
289 72 50 434 51 85 218
272 409
537 299 508
88 156
184 427 13 54
964 613
570 20
456 412 262
216 341
37 87
171 876
334 143
164 6
160 435 244
137 42
168 14 30
114 726
170 171 337 915 116
442 250 148
515 14
456 371
64 138 3 4
602 423
64 130 184 138
257 250 213
193 5 4 413
9 662
96 206
64 3 4
409 4
376 161 475 664
106 282 253
227 779 468 86 315
260 261 73 531 539 93
456 901
107 188 366 491
304 115 212 47
560 283 356
914 923 957 934
613 428 146 213 122 253
833 413
284 597 367
234 55 57 59 60
672 551 81 82 185 510
52 558
896 418
202 19 134
253 4 813
64 244 412 253
171 549
475 358
208 202 96
72 289
64 257 4 5 138 366 211 212 286
129 166 52 281 29 31
964 951
901 439
257 130 250 519
547 188
548 340
547 334
201 594
88 22 327
284 143
376 81 97
881 57
211 495
257 122 83
211 108
185 510
72 84
586 130
282 59
40 495
129 198 87
264 528 920 926 418 548 424 172 48 49 443 444 445 319 77 334 848 486 362 114 115 246
901 136 331 817 754 116 438 252 861
166 171 337 338 339 116 117 439 124
129 95
192 215
74 75 298 312 249
196 7
257 167 519 493 153 284 255
837 488 333 407 700
129 130 363 366 281 29
83 54 494
22 551
64 306 244 212 412 253 286
88 975
528 6
161 369
933 71
28 166
499 214
138 139
106 270
283 494
184 173
64 282 212
129 410
84 613
64 3 521 409 282 286
9 571
602 83 933
8 530
200 202
18 394 155 613
89 97
326 328 11 401 307 21 22
616 801
418 115 246
816 306
3 860 5
122 28
122 534
964 245
330 199
96 310
130 612
497 530
950 245 14 31
161 3 253
382 687
257 418 366 114 115 284 319
257 212 519
346 187
449 27 30 41
582 812 78 558 79 498 540 446
233 557
520 317
184 92
184 532
306 139
29 37 30
281 108
339 116 117
16 46
530 214
672 304 330
824 10 453 650
433 434 181 373 153 218
435 148
444 117
821 199
80 421
87 527
170 339
107 301 17 406 893
82 63
135 554 522 174 599
64 161 253
336 140
539 307
185 82 300
108 116
442 499
331 557
367 143 83 84 122 283
609 805 265 266 267 233 499
418 319
860 413
161 297
136 117
412 517
324 102
161 401
211 167
209 196
136 137 339 116 252
488 923
487 114 115 246 319
211 143
17 107 301 406
114 115 982
253 925
352 297 204 180 378
13 14
64 58 686 846 272 57 922 60
122 547
235 237
108 180 181
148 143
64 739 5 138 846 282
80 483
857 13
233 116
122 211
419 550 551 82 185 510
341 174 255
210 274
209 195
113 67 109
521 59 60 57
196 4
376 475 357 358
550 509 70
194 3 195 196 5 827
265 441
170 366
65 210
6 135
428 166
460 63
459 494
88 84
32 230
418 424 264 362 114 115 246 445 319
650 85
377 378
354 83 405
16 449
881 158
142 359
185 82 83
147 86
731 63
616 821
569 402
56 553 212 950
810 58 413
26 37
474 300
441 114 27 14
56 212 127
169 427 173 494 527 281 94
87 431
521 739
45 501
260 22
38 24 30
341 166
352 353 215 682 181 343 344 346 347 158
8 361 363 20 570
64 4 5 138 587 666
108 87 63
48 97
656 36 152
11 639
304 545 64 184
3 212 5 63
177 479
65 377 7
281 233 15
75 220
609 265 266 267 268 499 441
409 138 5
429 46 430 16 274
813 462
32 34
64 306 572
514 373
485 564 573 823
442 45 63
800 190
563 427
833 194 195 827
274 141
269 935
608 549 454
497 530 161
161 246 334
306 282
212 55
192 149 151
152 171 428
509 510
547 341
424 264 334 114 115 246 319
778 135
562 463
83 78
474 356
82 107 188 189
83 143
43 167
474 964
171 116 14
178 75
428 167
224 226
53 54
324 103
171 108
115 726 487
617 534
212 132 253 860
435 366
14 447
163 72 433 50 434 51 181 373 85 218
422 142 530 467 499
106 821
80 532
360 530
13 639
16 165
304 413
219 37
80 121 220
336 274 323 141
89 90 286 303
272 412 253
281 334
833 409
138 282 7
380 183
301 174 893 406
130 292
8 213
64 4 253 860
296 151
64 3 4 5 240
178 179 382
132 127
158 54
182 62
106 45
5 810 59 405
219 197
931 239
289 234 163
412 283 132
85 334
306 684
56 810
964 132
360 214
457 406
368 656 152 262
136 32
122 547 146
81 481
41 114
283 519
232 317
64 257 366 115 284 63
122 212
48 484
288 81
212 108 63
161 346
91 108
701 239
456 445
26 42 37 31
8 375
193 194 3 195 196
226 190
227 87
665 59 253 519
474 435 173
61 173
494 295
421 134
212 739 412
977 334
168 281
64 58
257 108 284
96 821
108 238
641 99
609 265 266 267 233 499
257 132 133 212 284
312 75 310 223
289 163 234 218 253
439 252 87
48 49 77 334
345 150
24 26 27 28 29 30 31 32 33 34 546 36 37 38 39 40 41 589 591 722
5 7
456 339
136 41 76 438
64 846 130 184
106 108 83 84 85 122 63
821 255
547 212
460 191
318 224 486 74 75 117 249 314 222
418 972 5
32 28
444 438
283 141 270
258 451
184 363 45
152 362
258 264 427 114 115 319
84 366
216 129 435
41 76 77 754 254
72 433 218
130 107 366 146 435 184
315 86 227
378 379
510 191
284 309 134
3 517
497 162
18 107
19 116
74 107
129 207
955 17 184 250 155
194 846
216 302
569 66
36 879
233 474
778 734
64 3 4 55 56 57 59 60
336 274 323
129 173
354 167
81 129
219 205
49 115 486
161 18 311
20 551
394 388
106 59 212 286
522 483 135
233 612
266 501
291 357 358 330 376
224 74 75 216 314 318
408 527
426 122
613 102 234 405 85 59 125
507 652
609 232 233 266 267 441
184 63
207 215
518 103
82 190
491 150
48 49 334
48 444
396 165 175
59 60 55
250 107 63
510 63
304 305 90 97
130 491 366
272 59 212
250 474 435 420
45 551
64 138 282 59 413
257 122 250 212
376 113 897 406
248 531 247
216 561 460 223
96 42 43 88 95
163 72 433 434 181 373 85 153 218
122 175
250 435 63
409 686
522 599
589 37
49 246 319
144 406
170 171 339 116 246
169 543
208 42
122 31
91 109
752 7
10 267
166 136 137 170 171 817 337 338 252 116 438 439 117 339 340 124
64 138 282
160 964 239 244 159
57 719
561 212
65 377 720 7
64 3 82 115 565 159
267 534
208 202 219 96
107 45
64 161 234 236 283 210 83 146 84 435 59 829
613 72 218 394 85 405 122
107 583
296 183 391
88 910
65 645 6 7 490
194 991
505 766
757 614
386 390 391 296 297
97 47
107 188
305 59
482 739 810 686 55 56 57 58
264 334 977 114 115
237 159
521 138 174 21 22 23 93
88 155 174
273 447
304 88
755 556
96 129 197 198 200 168 202 204 208 52 821
544 400 184
768 474
280 6
950 7
65 406
272 193 412
193 3 4 5 412
175 396 165 47
129 250 108
198 87
136 861 438
161 499
956 206
500 45 503
257 250 284 366
80 166
332 30
16 165 46
122 358
161 303
69 213
306 212 412 7
140 447
108 284 84
505 507 45 407
640 481 357 330 47 639
134 582 6
88 330
924 734
88 305
628 550
21 22 231
216 59
435 116
56 950
696 223
608 250 171
232 233 441 62
138 93
818 516
41 27 30
56 59 212
107 188 406 143
129 284
289 434
19 222 366
378 284
459 173
116 613
80 163
425 317
821 173
336 449
256 107 460 435 472
350 263
554 75 135
72 434
208 129 202
80 15
34 24 26 28 30
281 427 87
499 142 431
38 230
56 412
198 14
182 183
234 106
122 174
624 203
129 281 130 363
64 3 4 5 175
163 83 84 85 122
233 179
804 413
582 812 78 558 80 498 532 540 446
321 61
88 49 51
666 686
680 81 21 664 93
65 7 398 720 380 158
873 308 86 311 313 315 318
171 439
64 237 47 304 211 372 212
449 429 430 47 16 141 46 273 217
48 926
141 430 7
250 363 45 142
18 519
394 547
601 130 459
144 479
472 435
777 42
162 452 453 8 361 567 570
116 374
432 425 84 85
17 284 406
425 498
482 60
6 727
306 6 7
412 6 7
233 207
537 185
195 212
168 281 15
341 79
306 686 7
105 83
125 405
920 90
18 249 74 331
65 22
482 739 59 810 686 55 56 57 58 699 60 413
184 291 357
105 390
80 341
129 257 82 83 115 122 284
283 357
59 87
306 196
474 532
171 189
306 866
268 62
162 452 453 8 361 570 571
257 212 133 286
553 59
88 213
289 122 253
140 542
708 662
185 257 107 420
266 13
296 386 388 381
22 175
340 439
227 219
486 424 264 77 246 445
107 279
177 441
266 530
1 2 317
107 357 406
312 298
306 367
195 6 7
216 460 550
483 135 554 522 174 373
157 735
3 613
329 91 87
338 117 166
3 161 195 253
829 46
409 517
257 250 132 213
608 696
266 571
427 173
409 97
226 460
257 250 212 356
435 270 534
10 566
10 958
166 495
25 36
84 373
18 148 154 672 296 170 46 47 174 175 703 454 327 78 356 108 368 116 250 507
33 36 37 39 26 29 30 31
192 158
83 367
171 491
104 322
857 547
547 851
482 699 412
257 107 43 213 250
109 495
97 428 334 116 24
296 377 398 297
83 84 85 87 122
648 94
244 237
142 294
97 114 319
64 816
107 260 22
420 790
496 18
810 739 55
250 766
569 451 459
509 550
90 166
113 67 109 110
164 171 116
75 332
372 270
97 170
982 926
297 108
265 441 233 414
766 87
361 570 452 453
153 284 45 63
106 613
99 100
29 166
546 40 26 28 30 31
778 155 260 174
71 433 50 434 51 181 373 218
169 123 516
24 161 29 31
356 639
334 518
409 4 413
178 547
132 133
283 479
8 361
91 470
954 36
129 210
496 435
130 291 131 197 292 293 232 169 168 290 204 271 15 281 285
123 181
301 174 143 406 893
242 235 237
656 302
91 479
449 429 430 141 16 46 274
58 108 138
427 94
99 100 125 405
66 258
97 90 334 303
608 119
64 306 212 412 286
184 130 63
107 188 284
532 334
249 74 75
44 325
130 803
167 108 84 534 59 286
58 139 138
170 130
91 12
32 156
64 59 534
8 363 45
34 35 546 36 39 40 41 26 27 28 29 30 31
233 538 54
425 759
401 107 22
952 708 958
3 195 196
216 24 435
488 333
4 813
824 266
161 475
304 372
521 286
258 181
283 598
77 334
258 402
130 63
67 109
409 286
96 65
833 521
372 829 47
155 364
122 357 82
298 75 310 312 216 317 223
64 4 5 175
153 83
298 261 94
368 301
483 439
488 333 407 700 701
459 6
161 897 893 174
297 386
19 86 219
302 23
235 495
707 125
272 590
418 445
577 161 483
412 284
931 235 927
553 519
153 341
146 428
64 272
354 250
108 284 63
168 281 204 197
101 405 106
269 222
216 412
972 813
381 398
482 412
130 749 301 304 211 372 406 797
109 261 94
860 933
553 286
304 175
72 50 51 85 88 218
160 821
208 129 96
64 302
188 167
361 452
82 639
362 115 334 246
152 33
363 63
155 475
427 957
16 421
613 72 50 85 475
82 301 125 639
666 3
507 972 5 191
892 406
322 395 62
245 238
6 30
507 12
857 367
377 633
715 495
625 410
784 421
642 164
321 395
64 866 4 60
284 6
264 528 920 418 548 424 172 48 49 443 444 445 319 77 334 982 486 362 114 115 246
130 83
96 129 197 200 168 202 204 208 52 821
201 499
897 47 372 406 893
192 181
70 778 174
857 250 45
88 354
64 3 5 138 409 287
8 162
60 253 860
613 83 85 405 122
499 412
731 14
330 107
232 233 538
346 347
8 507
296 297 388
104 394 377 251 380
17 116
274 3
129 202
304 83 741
442 507
64 42 5 287
460 269 561 216 188 223
329 461
330 67 92
216 74
441 178
321 163 390 296 297 277 284
364 519
376 161
546 439
108 45
115 83
322 395 62 378
746 190
434 373 135
138 212
97 114
161 21 22
488 422
972 4
594 341
616 18
161 293
81 130
333 422
114 420
143 167
28 262 31
184 130 108
232 66
3 4 60
284 374
427 284
184 411
376 113 358
533 406 37 296 170 42 174 315 64 327 78 82 475 356 107 491 108 368 116 254
356 933
304 83 253
235 284
648 107 435 31
106 59
897 108 406 63
897 162 107 301 45 406
257 519 167 495 87 153 602 284
641 405
9 503
99 100 405
264 281
412 253
442 603
89 1
400 167
345 263
24 116 334
212 860
810 212 412 286
193 412
89 130
168 150
448 270
423 42 146 51 88
204 285
257 122 421
105 386 395
521 3 5
118 190
378 175
232 233 266 441 62
184 219
107 886
827 3 5
739 55
192 352 131 682 622 180 181 278 279 215
59 3 4 887
115 364
138 127
200 378
184 130 291 451
36 29 38
81 283
509 70 87
69 679
833 253
156 302
224 219
333 526 407
67 68 109
190 22
69 495
170 31
49 418 115
412 518
817 754
166 170 368 115 250 29
326 327 328 11 174 401 307 724 21 341 22 536 539 93
81 357 358
451 341
69 143
129 821
482 739 553 272 212 699 412
505 422
283 108
813 4 413 860
367 63
3 413
394 283
153 356
16 580
181 150 215 344 285
33 27
574 87
194 59
754 915
104 393 296 284 61
53 815
25 26 27 28 29 30 31 32 33 34 35 36 37 38 39 40 41 589 591
312 613
216 590
483 420 11 79 80 849 498 532 341
444 340
352 115 156
16 161
556 12
321 398
273 335
94 527
495 823
161 164
114 340
824 265 453
49 50 51 85 88
354 495 126 87
490 230
149 350
170 211
56 212 108 63
250 341
482 699
104 151
481 161
113 357 109
686 405 409 58 59 60 57
420 366
330 475 108
424 264 114 115 246 982 319
72 433 434 181 373 85 218
16 14
326 327 328 11 307
421 167
345 149
481 69 70
107 108 301 211 406
58 139 138 287
456 170 116
306 133
216 269 222
435 519
104 296 284
136 137 171 337 338 339 252 116 438 439 117 340 124
1002 991
89 138
563 66 427 402
449 580
257 83
442 83
122 428 146
389 296 297 284 61
354 372 126
82 84
57 413
757 143
474 582
321 378 180
64 533
394 379
964 237
454 167
211 133
29 878 30
233 292
244 413
361 170 171 496 372
312 226 18
56 739
810 132
297 386 396 391
137 28
83 84 367
410 347
171 302
52 918
697 298
184 130 419
65 185
665 516
114 548
421 70
233 381
708 214
184 91 475
114 246 327 319
289 163 72 432 50 83 51 85
217 270
161 83
483 15
115 52
64 587 3
920 114
210 238
262 977 117 25 412
313 226
664 69
129 52 821 918
322 414 207 178 179 276 441 62
545 130
88 51 423
641 639 47
363 957 507
739 412
363 556 45 366 20
75 143
425 22
64 3 5 810 212 59
393 158
64 58 138
449 140 141 430 447
403 212
18 213
656 224
881 860
435 159
516 7
108 125
37 166
162 457 363 301 45 406
122 111 613 143
152 31
257 435
200 66
376 65
161 510
482 306 7
451 14
202 909
425 125
377 380 398
897 13
418 548 486 264 424 362 77 334 48 49 115 246 443 444 445 319
212 45
106 250 148
328 821
613 51 341
682 6
232 233 15 53 62
250 662
532 406
97 90 620 304 57 58
744 517
41 27 76 30
48 49 76 77
163 134
281 575
75 367
48 49 76 334
901 166
539 531
435 479
165 140 429 430 47 217
302 454
574 167
64 3 4 5 846 90
538 190
56 482 739 212
114 982 926
180 285
83 164
176 666
66 169 426 427 458 173 841 459 402 563 286
462 534
88 439
64 209 5
88 283
354 126
266 467
272 244
161 819
467 13
185 748
45 213
234 211 964 933
83 229
97 212 412
164 106 83 148 435
289 163 71 433 434 181 373
180 157
256 161
376 81 108
262 495
211 534
202 42 204 87 95
21 93
537 602
410 372
90 439
126 102
59 413
435 405
472 608
982 319
445 439
3 588 5
122 59 253
69 421
130 134 527 402 404 281 544 545 291 293 295 169 427 173 54 184 569 451 459 465 94 487
245 253
82 330
132 133 553 272 306 212 412 286
441 7
250 108 284 63
105 378 379
586 494
176 59
33 362
210 211
419 550
368 749
306 212
233 527
293 134 487 169 427 173 494 465 569 94
816 881 138
56 482 686 55
777 594 821
216 75 460 223
108 174
80 446 582
57 55
99 14
394 83
166 134 136 137 362 337 338 117 28 31
691 223
619 405
352 378 204
285 278
284 494
445 246
96 129 197 198 200 201 42 168 204 205 207 208 52 95
161 211
482 132 810 272 212 59 412 286
467 507
330 166
281 129 495 87
410 94
116 84
569 426
18 316
159 211 951
418 486 264 424 362 77 334 528 49 48 246 443 444 445 319
577 14
474 546
897 711
425 17 291
64 922
74 317
9 12
61 134
435 420 366
402 435
135 108 367 283 434 84 373 374 87 122 59 284
409 138 287
92 479
340 438
65 75
460 590
162 571
195 7
108 175
48 115
96 94
544 292 169 107 204 173 527 569 184 281
484 215
115 366
777 205 594 918 919 95
729 97
841 169
410 307
148 749 63
698 415
212 406
163 213
69 174
500 247
289 163 71 72 433 50 434 85 373 181 153 218
897 893
130 451
256 108
498 483
64 57
122 495 87
64 161 4 59 60
272 108 133
972 5 860
359 488 333 214 407 700 701
897 174 301 406
442 267
483 135
873 183
381 62
435 227
257 108 284 366
232 285 278
58 602
180 343
265 501
646 415
497 422
613 433 50 51 84 85 218
19 220
168 291
36 6
80 48
41 33
161 188
21 174
62 322 395 378
259 455
57 58 60
212 132 133 286
275 87
824 20
140 934
315 421
129 210 43
48 49 172 334
401 106
259 357 358 329 109 144 475 376 91 92 479
136 41 428 77 76 49 438 254
326 327 328 11 174 401 307 21
59 860 253
330 435
591 439
289 72 50 83 434 51 85 122
569 358
120 981
26 30 31
643 107 491 496 406
88 146 155 423
166 230 136 137 170 337 338 339 116 725 438 439 117 340 124
11 301 406 22 893
64 5 572 253
545 818
160 161
144 613 475 109
329 330 109
291 427 87 281 319
232 180
771 405 663 688 186 324 709 710 98 355 100 101 102 354 99 619 372 125 126
98 99 324 103
17 366 406 130
301 125 639
58 413
41 252
841 441
763 517 518
17 357
496 749
475 111
380 396
456 471
174 495
184 656
451 495
122 494 442 83 84 250
425 642
161 860
170 114
107 727
104 394
250 174
860 270
272 412 132 718
262 439
373 367
576 233
499 62
129 200 168 204 821
201 177 178 179 441
138 878
233 467 179 499
122 491 454
171 817 754 27 28
3 804
202 52
54 183
18 219
96 198
64 5 175 666 287
341 655
171 549 491
931 244
161 590
392 322 309 158
378 908 183
446 78 79
602 524
933 108 495 87 284
40 117
92 357
32 38
274 46
421 166
425 238
754 979 861 901
617 436
363 467 499
499 500
122 284 82
108 838
41 76 77 754 438
3 739
33 28
161 58 139 881
465 36
64 176 175
306 59
252 439
368 152 749
429 430 47 16 274 275 217 447
184 185 130 82
211 301 406
378 251 182
613 394 50 85 405
306 421
184 70
424 264 334 115 246
64 244
289 163 71 234 434 85 253
88 191
827 194 3 588 59
243 211 159
41 27 76 39
475 14
486 424 77 334 48 49 246
87 823
404 222 15
326 327 328 11 401 307 21 22
161 227
497 363 142
754 915 861 471
281 129 134
185 487
276 414
129 821 167
233 130
99 108
129 166
474 94
656 152 262 471
107 291
508 244
25 41
77 334 48 49 51 444
177 418
180 389
435 510
257 569
129 119
59 519
577 933
216 314 296
754 76 438 254
129 166 52 281 284 31
185 300 711
338 6
130 173
42 43 106 146 148
257 107 463
608 545
291 199
810 139
134 182
64 3 4 5 138 409 282 287
377 386
362 982
505 45
165 63
65 377 380
340 14
163 46
367 143
376 272 244
517 103
305 286
359 45 407
409 860 253
158 279
304 514
449 165 141 270 16 217
161 243
930 323 141 335 336 593 274
435 181
449 273 447
24 161 31
259 63
67 470
24 410
158 351
180 61
122 22
200 42
120 754 471
347 821
561 75 460
159 167
19 222
243 133
467 12
739 212 55
134 166 115 117 29
636 127
482 739 810 686 55 56 57 58 60
401 21 22
185 163
810 686 57 58 60
507 45 366
323 141 46 336 274
296 289
97 117 262
954 293 901 823
434 51 50 83 85 122
76 334 49 51 246
32 255
499 15 142 431
393 284
21 231
447 217 47
352 353
315 220 219
805 265 266 267 233 499 62
235 932
859 307
1 167
88 154
64 833 194 5 827
609 805 233 266 267 499 62
283 84
82 357
161 13
281 129
288 70
218 85
117 39
216 188
192 149
448 140 429 447
129 198 200 777 202 201 168 909 205 207 594 52 821 918 919 95
955 519
684 132
161 182
275 449 323 141
101 709
163 174 406
810 305 89 90 412 413 286
808 133 7
64 161 59
337 116
107 174 406
64 409 138 860
833 194 3 196 827
216 542
482 59 810 699
292 134 233 207 401 402 180 53 404 285
49 115 246 319
453 574
529 645
161 139
64 972 4 413
297 378 389
264 445 486
446 6
84 85
431 499 247 505 957 766
257 366 435 472 190
357 358 109 113 376
106 359
304 286
281 15
98 324 103
339 319
321 382
312 107
182 382
124 173 62
472 334
283 587
64 3 195 196 5 282
289 50 85
249 74
418 438
300 7
386 391
376 81 113
786 24 25 26 27 28 29 30 31 32 33 34 35 36 37 38 39 40 41 591
129 166 52 281 31
97 339
122 366
80 63
109 653
521 282 175
553 212 412
97 843 212
175 4 159
346 215
410 52
46 430 47
161 442 667
241 964
897 301 893 406
372 175
948 61
161 394 151
129 777 168 42 52 197 198 199 200 201 202 203 204 205 207 208 594 95 96
184 372
41 76 77 49 754 438 254
257 130 519 153 284 29 162 297 304 330 82 211 88 352 107 366 496 372 250
195 413
80 87
65 641
81 175 287
59 122 83
257 284
304 59
445 486
184 130 372
420 494
369 2
115 420
106 213
161 213
521 165
564 94
223 75 312 249 216
488 10 559
8 556
152 262
376 329 358 470
19 308
449 140 217 270
57 234 59 60
444 821
234 143
241 425
250 406 63
516 169 527 400 404
8 675
260 519 135 174 536
359 488 333 526 501 407 700 701
339 171
624 612
184 514
107 643
200 297 378
24 122 31
222 223
283 301
32 199
5 991
97 236
282 860
289 218 163
90 412 286
109 110
153 187
130 187
48 49 51 334
130 330
348 181
153 613 727
33 34 546 36 39 40 41 591 120 26 27 28 30
89 90 286
257 154
24 25 28
636 286
376 302
106 83 84 85 122 59
264 114 334
448 449 323 141 46 274
115 334 167
177 382
115 334 246
289 163 71 72 433 50 434 51 85 373 181 218
169 495
64 474 435 420
553 58
204 207
100 63
64 138 860
282 59 719
97 165 47
357 339 341 639
330 475 92 479
70 478
441 451 276
72 434 163 85
2 330 107 148 86 317 190
210 122 253
19 183
18 87
274 323
570 142
5 326 361 972 974
8 12
162 83
167 143 495 87 122
82 301
250 108 63
748 509
202 83
881 175
357 302
84 20
282 122 59
232 265 266 267 233 441
534 231
97 114 246
161 281
24 33 27
42 122
18 190
318 315 86
130 283
64 3 4 5 521 175 282 860 413 287
369 378
547 743
10 422
409 90 60
290 278
534 519
394 87
452 567
848 444
577 130 169 427 173 271 569 281
131 263 908 278 150 279 157 285 682 179 180 181 192 852 343 344 215 346 347 349 350 352 232 622 123
1 7
197 821 421
412 431
82 69 63
169 427 173 494 527 281 122 94
3 195 5
289 234 213
136 48
544 250
729 21
162 315
184 363 20 45
37 30 31
64 3 4 5 813
376 170
345 378 149 150
352 346 181
441 250 372
80 14
336 275
48 49 371 39
418 166
312 283
32 428 83 24 31
810 286
289 72 50 51 434 85
130 264 170 427 114 339 115 319
88 75
64 827 194 3 5 138 57 59 60
135 432 434 84 373 87
192 529
117 439
211 236
171 36
130 293 169 271 279
105 395
672 357 358 109 113 376
188 156
265 662
220 310
897 301 893 174
619 99
530 363 534
59 588
272 193
402 363
616 461
827 3 7
435 116 93 174
421 652 302 14 625
29 230
152 87
254 143
136 337 338
212 59 739 55
216 189 223
242 243 211
161 174 406
129 166 170 171 281
16 430
64 306 7
64 132 553 138 212 286
344 215
322 414 516 276 441 62
97 164 454 394 75 491 45 494 396 18 116 857 122 253
56 810 212
354 372 102
163 71 72 433 50 434 51 85 373 181 153 218
810 253
184 271 279
35 6
283 358
64 4 60 287
130 199
212 587 420
463 255
514 22
29 213
108 101
195 139 686 303 925 253
264 487 319
89 810 90 286
65 7 297 182 378 380
184 81 330
45 13
609 805 232 233 266 267 369 499 53 54 538
74 75 318
233 220
65 446
413 103
5 108 813
356 301
230 30
93 174
467 142 359
120 428
482 287
578 334
84 22
376 108
24 35
684 413
405 423
131 263 278 150 279 285 158 179 180 192 343 344 345 215 347 348 346 350 351 352 353 349 232 123
369 538 233 53
409 90
821 933
424 264 114
122 72 50 83 51 85 218
65 297 182 378 380
642 372
272 273 302
45 294
526 359
24 29 37
74 331
161 430 447
257 250 284
3 860
41 362
234 83 237
211 47
824 559
281 204 292
219 367
209 55
587 463
267 142
41 27 444 39
88 42
212 108
130 138 47 82 22
570 755 675
192 179
691 367
136 340
819 87
421 119
321 386 322 105 395 182 378 251 62
856 474
89 305 90
130 435
813 374
450 415
201 778
901 754 979 471 120 861
138 739 212 286
122 116
11 174 22
166 136 137 116 117 438 340 28
64 521 282 5
488 214
394 613
754 262
80 340
264 420
97 93
122 83 85
327 307 499 724 539
64 356 170 47 372 212
434 373
713 402
483 319
41 410
401 261 510
343 63
179 173 414 215
41 418
264 362
32 30
981 758
170 171 63
216 75 269 223
566 431
106 367 83 84 85
32 122 83
496 460
129 777 168 42 52 821 197 198 200 201 202 204 205 206 207 208 594 219 95 96
109 510
52 206
135 434 373 374 87 284
258 131 263 278 150 279 285 290 682 180 181 192 215 344 343 346 347 349 350 352 232 622
116 167
337 170 338
185 410
682 134
363 302
57 14
224 75
507 212 309 431
8 673
547 148
833 194 195 827 860
323 430
56 553
250 435 461
330 14
324 655
48 114 548
339 639
42 43 86 87 88
224 75 216
99 125
104 161 394 369
118 87
162 45
521 306 7
265 20
306 490 6 7
155 534
218 367 887
266 12
528 319
64 5 175
482 3 739 5 810 212 56
174 406
352 232 202 281
48 114 115 926
281 233 285
116 252 861 439
26 27
82 138
24 161 29
616 282
52 119
49 114 41
173 62
72 210 85
170 340
32 97 124
485 516 573 564
496 279
208 129 821
161 284 519
181 215
944 296
739 6 272 306 212
297 394 386
184 310
928 964 244
64 4 5 138 282 253
873 233
20 45
129 363
336 16 270
602 108
576 168
283 140
223 87
107 213
8 547
210 237
130 250 284
24 954
106 84
170 107 406
250 108 542
72 49 434 50 51 85
193 3 4 5 103
394 183
272 274 133
428 87
481 108
326 714 509 510
64 972 4
52 15
107 243
224 219 342
96 777 203 204 205 206 207 208 594 821 95
881 138 860 686
418 115 114 362
108 170 116 284
65 529
465 115 166
3 14
163 72 50 51 85
28 36
197 821
540 78
107 460 269
116 549
288 82 21
178 219
377 380
456 171 116
435 460
363 142 497 467 499 603
515 259 357 358 67 109 111 144 112 113 475 376 91 92 478 479
272 273
64 3 4 5 846 60
857 83 366
58 813
340 117
378 87
182 398
64 4 972 813 860
497 452
83 22
106 356
106 435 143
603 183
330 639 47
821 54
83 131 181
40 24 28
530 467 422
129 420
608 257 250
418 63
257 45 82 435 20 185
372 63
456 861
420 406
491 461
178 906
58 138 287
474 302
410 475
368 262 31
302 598
161 234
602 284
163 71 433 434 51 181 373 218
74 75 298 342 312 249
505 526
505 495
74 331 75 332 18 249
441 427
544 425
234 236 210 244 213
165 425 175 47 17
424 926
430 447
154 143
376 412
361 755
425 367
329 109
32 171
296 105 395 182 378
181 622
299 107
217 143
483 229
135 554 174 373 536
449 39 41 25 27 30
153 148
260 87
142 15
289 234 176 146 213 59 253
70 87
603 500
496 474
946 326
357 330 363 45 82 122
173 63
736 323
166 137 171 337 338 339 116 117 439 124
547 146 83 85 122
283 191
94 130 83 494
236 85
72 51 50 163
500 359
314 311
146 250
160 234 235 236 237 238 239 240 241 210 211 244 243 242 245
284 133
108 84
301 47 211 372 406
241 235 159
48 114 319
330 188 22
40 41 120 27 30
304 240 64 4
857 442 250
330 81 82 376 122 475
133 553 810 306 212 412 286
515 92
41 34 30
298 342
777 131
494 15
306 85
390 391 296 297 392 396 183
645 167
224 101 118
431 6 7
97 303 305 370 89 90 253
418 362 114 115 246 319
160 632
98 125
427 167
58 244
56 161
363 45
456 486
32 108
259 67 357 358 109 144 475 376 91 92 479
298 87
297 388 381
448 449
90 63
82 300
129 36 52
26 30
156 109
680 81 376
212 132 133
106 250 405
66 134
148 461
108 367
108 148
88 364
139 413
367 83 84 85 87
49 493
115 319
224 314 216
114 302
312 679
200 84
644 613 394 106 18 83 84 181 122 155 156
642 749 542
48 161
64 739
810 6
272 212 412 55
56 272
475 213
83 187 122
59 212 63
664 81 461
270 255
306 6
65 270
421 652 14 302 625 119
83 166
235 236 237 244 245
614 615
41 36
5 860 413
150 207
41 76 77 754 438 254
514 463
96 129 52
341 311
418 114 115 246 319
130 715 173
352 484
282 302
357 143
163 254
289 84 253
232 178
242 243
435 12
39 40 41 120 25 27
84 45
422 766
136 337
451 87
274 430
189 22
138 572 686
130 134 173 184 94
474 490
264 114 115 334
192 263 180 181 150 348 349 350
201 205
88 494
143 63
512 192
70 551 550 307 52 92 94
257 706
448 449 41 140 141 270 429 447
155 519
196 6
810 56 57 59 60
75 318
128 378
70 190
106 367
666 413
11 483 341
195 239
168 219 197
345 815
233 398
96 802 197 198 200 168 202 204 207 208 52 821
25 6
218 522
509 534
42 75 43 146 148
20 45 366
161 749
129 130 166 170 42 363 45 366 494 368 435 116 115 24 442 29
315 167
130 494 255
547 613 234 111 146 85 122
146 270
609 333
130 291 494
395 948 182
672 419 550 711 680 551 70 107 81 82 664 185 474 668 509 190
394 309
166 170 171 338 339 117
516 293 168 232 169 233 204 207 15 281
312 226
897 639
306 517
82 330 357
169 204
184 130 363
250 435 421
813 286
456 170
873 308
413 239
372 356
167 82 83 122 284
129 197 198 199 200 168 201 202 52 821
248 708
394 343
45 87
475 420
235 244
964 159
252 901
200 197 821
94 173 414
848 172 548
64 138 421
161 829 406
216 561 718
334 367
474 250
276 173
9 10 526 359
273 423
205 142
161 386
64 58 572 138
128 167
104 251 742 151
296 386 388
15 391
129 12
97 171
122 334
169 459 94 527
122 115
739 212
108 22
289 51 85 71
64 129 130 363 45 366 304 115 184 29
64 130 4 134 358 304 114 30 184 411 29 94 287
668 38
70 959
467 495
64 850 4 572
65 108
282 286
42 43 146 435 148 821
180 181
97 444
580 47
27 443
161 21
59 3
302 279
405 167
64 626 287
248 701 662
61 134 151
237 270
1 19
418 548 486 264 424 362 77 528 49 114 48 115 246 443 444 445 319
45 301 406
419 550 551 680 70 81 213 664 185 668 509
530 499
257 162 153 519 107 364 237 366 212 281 250 284
285 622
88 42 43
170 438
115 406
930 430
66 131
409 282
64 881 626 287
5 813
435 461
232 538
970 510
161 162
317 223
184 4
64 47 304 211 372 212
184 367
153 85
185 711
521 175
394 270 18 148 405 22 24 32 164 428 181 821 964 454 334 78 341 857 475 860 494 116 122 253
441 276 414
256 561 223
326 327 11 307 21 22
488 452 422
250 366
41 28 36
189 421
161 234 146 213 533 122
286 303
485 823
285 622 279
304 302
144 326
233 557 61 54
313 18
296 561
474 70
229 343
827 7
3 5 90 553 127 463 175 210 211 372 212 56 89 282 59 412 286 287
56 739 55
83 358
238 175
336 323 46
702 463
162 452 453 8 361 559 497 570
16 354 101 126
302 246
394 423
739 55 56 57 60
481 363
163 71 433 434 51 181 85 153 218
65 69
243 964
402 715 173
570 363
14 343
281 114 108
105 322 395
304 14
257 309
107 174 893 406
184 354
454 655
810 175 55 412 286
320 236
161 253
548 172 48 115 444
83 550
642 107
641 165 11 749 590 565 639
890 301
115 134
169 516 173
306 132 253
107 108 17 406 284
404 222
256 257 250
216 315
264 445 334
115 372
914 700
235 964
49 418
64 3 4 5 138 175 159
16 273 47
28 918
232 233 53 278 441 62
26 410
97 212 132
321 284
273 836 85
41 418 27
366 301 406
341 421
425 394 106 283 116 213 85 475
284 244 237 84
321 869
75 460 561 216 223
129 975
65 97 3 196 6 7 141 306
64 7 553 138 306 212 58 412 286
857 363 108
20 958
84 260
115 156
88 181
158 380 62
322 251
216 435
401 82
530 534
64 59 4 60
810 699
24 879
83 85
18 310
272 412 132 133
56 59 212 55
185 174
264 284
114 339
336 16 275 335
29 878
232 233 441 278
282 14
368 152 262
129 777 168 42 52 821 197 198 200 201 202 204 205 206 207 208 594 95 96
897 108 301 406 893
550 474 628 190
129 122
77 486
211 212 133
170 116 122 439
281 129 821
56 59
256 223
161 428
24 41
163 413
405 102
332 45
130 107 114 20 281 474
283 59
105 396
456 548
161 253 881
72 218
908 263
123 348
88 146 107
376 108 357
418 115 334
161 682
161 4 813
272 65
257 259 479 330 108 475 63
857 505
12 359
312 185
64 409 413 521
422 488 333 559 530
122 235 159
83 63
60 991
521 57
378 573
83 821
240 234
84 431
328 729
360 361 214
291 836 484 134 494 271 695 281 573
378 251
34 546 39 41 591 27
474 191
194 827 5
76 655 116 85 443 253
257 420 421 107 435 250
192 263 852 278 345
412 413 286
410 22
201 777 909 918 95
330 212
547 398
216 75 310 223
405 421
352 343 215
136 137
18 75 222 227
560 167
135 71 108 367 432 434 84 373 87
170 171 339 116 117
106 213 405
291 84
161 897
218 108 813 367
394 386
130 22
11 326
291 573
698 322
321 309
65 114
32 33 34 35 36 37 38 39 40 41 24 25 26 27 28 29 30 31
65 529 490 7
122 547 428
210 234
344 192
547 45
833 194 827
410 339
291 573 823
172 262 471
58 60
43 191
530 467
165 141 47
272 738
284 727
897 174 893 406
257 291
496 171
65 92
163 324 405
395 182 15
17 425 45
451 582
42 594
482 237 212 59 63
897 357 330 11 301 639
339 114 443
133 87
298 260 261 94
624 314
264 170 427 339 115 284 319
210 495
56 482
441 177 178 179 630 345
442 570
108 154 356
152 656
425 47
136 76 861 438
123 516
164 935
233 708
534 270 47
616 169
114 319
33 34
481 82 284 495
827 60
156 542
243 6
207 347 295
474 551
243 14
152 36 30
668 474 628 550
114 427
8 366
482 739 553 212 55 56 699 286
553 55
82 83 510
26 362
860 255
130 211
59 739
129 130 257 532 406 279 22 170 45 301 47 330 82 211 341 222 107 491 368 496 372
505 87 511
67 147
496 170 2 372
330 356
122 191
87 319
154 356 933
170 367
108 46
330 170 107 82 188
3 159
432 122 84 85
289 434 71
12 567
107 211 301 406
281 557
125 126
266 675
166 136 137 170 337 338 339 252 116 438 439 117 340 124
640 170 639
530 500
553 212 213 59 286
34 35 36 39 40 41 27 28 29
97 445
357 125 639
600 209
237 238
80 558 582
58 4
42 87
59 334
35 29
286 55
285 158
171 471
888 93
336 761
107 146 22 184 189
286 287
232 233 557 441 62
357 14
553 161
982 334
161 772 519 425 106 146 83 213 534 184 122 156
360 914 214 952 958
570 662
778 11
105 322 182 378
769 98 355 100 101 102 354 641 324 99 619 405 125 126
458 63
846 686
360 505
64 253 175
358 330 376 91 92 479
209 132
461 334
897 301 174 406 893
190 583
108 829
933 254
64 3 5 138 860
410 507
212 127
170 171 116 117 246
919 201 918 95
81 867
116 252
178 230
381 158
424 90
129 250 821
360 499
104 161
409 282 287
537 167
184 90
192 180
446 63
134 334
136 137 24 29 166 170 171 428 438 439 334 337 338 339 340 861 368 124 115 116 117 252
161 418
42 108
219 167
105 19
358 329 91 112 144 113 376 475 92 479
561 811
152 749
300 701
64 161 3 253
81 300
17 197
20 453
122 85
16 363
184 82 69
128 38 22
24 26 38
164 122 394 106 428 494 18 83 148 181 250
163 493
216 6
64 130 304 184 286 287
425 31
88 24
152 418
185 81 82 435
250 428
187 166
731 461
433 434 50 51 181 85 218
361 363 499
152 25
114 115 726 319
355 324
166 87
56 587 3
82 461
306 55
134 167
90 60
39 41 48 821 444
353 351
192 180 181
230 40 362 76 337 49 561 28
64 257 212
161 116 166
170 338
65 197
65 490 645
130 451 281 169 715 271 601
522 373 135
481 82 69 70
545 130 420 366 184
307 427
361 214
114 479
128 37
167 143 495 87 602 284
422 142 497 530 467 499
339 125 639
9 161
488 333 526 500 407 700
20 367
96 129 197 198 200 201 42 202 204 168 206 207 208 205 52 95
449 217
385 389 296 297 105 182 378 379
930 580 335 336 593
930 323 141 335 336 274
289 163 234 434 85
140 167
306 518
272 739 212 699
958 214
75 223
897 260 261 70 135 778 301 174 307 405
15 61 182 391
569 330 291 358
130 47
115 116
236 421
890 829 301 406
414 543
821 918
289 59 253
65 396 398 720 380 158
330 21 22
64 833 587 3
161 394 369
56 639 159
25 610
496 366
269 391
299 43
897 162 107 45 406
936 354
26 37 31
130 37
210 63
40 24 36 30
260 21 87
296 561 322
185 122
297 378 284
234 829
505 161
352 130 162 297 330 366 304 496 82 211 372 88 250 29
412 482 699 810
116 861
409 287
83 84 85 88 122 155
888 886
114 172
212 612
129 777 909 918 919 802 168 42 52 821 197 198 200 201 202 204 205 206 207 208 594 95 96
64 421
156 285
245 210 237
66 381
667 421
41 114 443
266 10
173 527
272 143
301 639
161 115
105 388
170 334 368 115 29
40 449 27 41
481 357
64 165 138 396 47 175 17 372 855 380 286 287
602 284 167
366 406
307 87
209 810
321 435
474 214
376 330
129 53
451 84
181 951
107 284 406
19 229 219 227
122 235 284
283 29
64 572
75 213
168 232 169
769 98 355 100 101 102 354 641 324 99 619 372 405 663 125 126
291 621
233 516
321 617
425 358
848 548 334
116 230
378 205
66 451
11 367
65 306 6 7
9 467
170 319
496 161
136 817 754 116 438 252 861
329 495
538 782
129 28 29 52
224 315
83 964 211
83 454
329 330 67 92
210 813
78 79 80 532 446
330 356 357 639
519 174 135
842 398
507 828
570 250
64 138 5 287
901 754 915 979 471 120 861
352 346 192
833 194 3
226 302
424 264 114 115 982
64 57 4
65 421 142 6
168 169
169 173
274 140 47
378 348
204 205
281 427 494
449 47
24 33 27 28
400 130
82 87
76 77 438 254
185 583
352 378 285
11 21
89 212 412 286
212 412 55
769 98 355 100 101 102 354 641 324 709 99 619 405 125
75 260 261 174
129 158
105 395 182 378 251
75 317
449 429
301 125
297 396
369 53
208 202
64 5 3 253
321 435 422
161 234 106 236 146 84 533 213
71 433 50 434 51 181 373 153 218
496 284
140 343
643 491 107 301 366 496 17 82 406 284
166 136 340 117 438
418 548 486 264 424 362 172 334 848 49 114 48 115 246 443 444 445 319
529 7
24 547
257 420 45 465 406 250 219
186 354
32 29
272 305
652 598
720 297 380
826 724
192 263 908 349 180 149 150 345 123 348 157 350
412 244
212 605
263 815
304 305
816 65 6
197 821 6
184 134
67 109 110 113 475
64 866 3 4 60
11 70
64 3 5 846 282 60
866 846
337 338 116
24 161 36 29
16 593 354
24 166
185 406
29 47
424 977
89 810
140 430
312 17
720 377 380 297
273 47
114 39
561 317
711 748 499 509 510
164 174 146 18 148 857 250
129 594
169 285
122 19
267 467
122 83 111
289 234 236 239 146 242 244 533 85 84 116 405 122 245
833 194 3 827 5 59 253
144 549
609 232 233 266 441
233 293
2 107 148 330
302 447
357 109
107 301 368 341 309 406 893
561 41
1 222
171 116
482 810
498 341
972 413
2 219 222
232 458
521 413
545 586
818 494
264 528 926 418 548 424 172 48 49 443 444 445 319 77 334 848 977 486 362 114 115 246
81 122
224 2 227 229 75 19 222 223
239 87
334 487
496 297 378
2 107 727 317 190
36 40 24 30 31
888 21
160 216
289 163 71 234 434 218 253
289 163 72 50 83 434 51 84 85 122
720 377
250 356
161 418 115 334
302 14
132 133 553 272 212 412 286
337 339
408 267
696 735
297 130
94 63
448 691
40 24
61 343
64 138 304 212 860 413 287
108 327
282 234 59
82 686
132 7 860 810 306 244 89 58 59 60 253
272 413
914 500
857 559
122 211 964 159
432 84
188 107 108 63
435 334
373 374
146 107
609 805 266 267 778 499 247
64 256 356 170 171 138 330 47 304 82 115 212 185
107 188 301 143
249 74 18 298
363 142 431 15 499 281
248 20
901 754 979 116 438 861
201 777
497 530 603 489
388 199
519 272 55 412 253
161 431
856 300
245 423
289 163 71 433 434 181 373 153 218
24 25
250 283
369 388
249 367
553 127
107 460 491 590 366 496 561
107 829 406
491 460
675 268
264 339
769 99
289 163 434 85 218
140 934 430 47
2 22
234 122
517 518
369 108 87 63
609 265 266 267 233 441 62
482 3 739
65 441 6 7
178 14
468 21
376 97
104 369 296 87
390 391 104 297 392 296 396 183
32 25
699 127
810 286 175
922 7
225 18
232 345
289 163 72 433 50 434 51 85 373 181 218
138 59
135 367 434 373 87 284
302 119
85 583
181 167
130 427 173
50 85
363 28 166
819 63
170 339 82 639
337 166
833 195
202 108 207
26 655
437 439
425 291
12 805
524 837
210 421
412 306 212 132
405 302
260 519 135 302 174
424 122
260 519 155 174 539
264 49 246 319
224 213
293 134 487 169 427 173 494 569 465 281 94
261 70
57 810
572 5
257 130 420 107 146 250
174 341 406
257 171
59 155
3 813 413
250 435 420
89 810 90
211 964
32 36 40 24 30 31
26 39
193 3 4 413
372 933 405
428 213
284 182
18 148 154 672 296 170 42 46 47 174 175 181 703 454 327 78 341 356 107 108 368 116 250 507
166 14
166 136 137 170 171 817 337 338 252 116 438 439 117 339 340 124 861
459 421
76 262
418 486 264 424 362 172 334 528 49 114 977 48 115 246 443 444 445 319
459 14
328 97 326
394 251 378
549 406
368 656
425 165 47
130 527
257 364
161 132 860 810 306 409 122 60 253
59 132 860
192 161 181
250 363
24 33 252
169 492
161 459
161 284
315 341
86 310
39 40 41 27 30
126 6
192 349
49 362
161 691
122 309
390 391 296 297 182
65 358
74 331 332
194 195 804 5 827
88 519
817 954
216 269 223
494 143
418 262 152 28 30
458 173
305 122 59 253
166 137 116 117 438 340 28
330 475 63
184 563
748 550
650 247
553 306
260 509
953 973 510 959
116 438
593 462
180 279
609 422 359 9 266 267 530 467 499 504 574
65 213
97 212 5
435 188
313 178 86
114 115 29
181 367
161 131 181
860 63
171 549 311
64 122 175
570 452
56 209
841 87
448 701 968 201 526 721 499 500 93 502 247 441 603 957 574
367 143 84 249 283
200 2 400 343
83 37
297 83 396
259 515 329 91 113 475 478 479
168 919
212 213
451 516
212 421
18 226 283
65 451
580 14
354 324
122 532
250 367
321 350
162 20
130 487
212 215
188 22
64 282 59 253
339 246
106 43
368 170 115 29
59 373 374
32 38 230 554 341 87 152 319
200 83
901 817 754 915 116 861
152 143
169 134
144 122
130 271
296 284 61
226 75
160 928 238 239 242 927
860 813 244 59 60 253
640 1 516 136 265 526 276 414 177 178 563 308 819 441 321 66 201 205 335 353 484 359 999
378 131
108 4
611 90 620 304 57 58 60
295 527
376 456
421 652 302 14 119
264 445 246
472 256
32 171 144 262
55 56 57 58 59 60
138 421
193 194 3 195 833 5 196 827
168 278
169 494
64 257 304 534 184
273 141
184 37
122 82
9 574
184 821
344 130
72 163
90 807
166 171 338 339 116 117 439
257 133 366 212 284
64 256 356 170 138 330 47 82 115 212
3 827 195 196
448 140
357 358
8 363
107 108 301 372 406
412 287
288 70 510
308 318 311
555 420
249 143
32 33 34 35 546 965 36 39 40 41 591 26 27 28 30 31
914 957 934
160 461
185 143
260 21 22 87
376 330 475 479
421 495
304 364
64 138 59 5
304 130 184
212 364
166 136 137 170 171 337 338 339 252 116 438 439 117 340 124
281 220
521 58 572
496 21 22 231
101 372 405
435 829
346 347 215
411 63
32 262
321 395 182 251
65 869 582 7 6 134 558 309 446
603 363
885 413
360 467
153 284
409 282 413
330 639
108 92
162 453
108 280 148
161 418 115
178 222
284 373 374 135
202 594
267 609 499
356 357
105 251
226 315 86
18 315 222
357 479
8 824
130 29
232 233 441 53
156 334
170 334
553 132
897 301 893 406 829
177 179
184 109
512 285
289 122 59 253
210 244
20 662 503
739 810 55 56 59 60
17 425 284 309
201 777 909 205 594 918 919 95
357 63
456 848
214 534
161 527
232 233 54 15
43 22
224 216
257 553 212 59 286
83 334
608 129
901 166 170 171 337 338 915 339 117 438 439 340 124 861
232 656
64 59 287
129 52 821
41 76 77 49 754
248 701
406 519
122 83 284 82
428 76
272 412 244
857 45 933
569 527
405 663
291 166
136 76 77 254
180 350 263
419 109 82 185 509
359 488 333 407 700 701
833 194 827 860
448 800 447
64 14
369 122
232 207
505 495 87
4 324
521 813
108 311 63
49 486
162 268 20
83 212
64 90 846
572 5 63
304 64 286 287
107 550
609 805 265 266 267 233 62
41 26 27 39
708 268
188 107 468
572 374
169 281
360 12
130 357 304 82 115 184
184 130 435
83 551
64 533 133
64 846
184 860
308 589
219 222
248 265 571 701
97 115
928 927
64 122
132 133 553 212 286
993 130
512 307
107 460 757
19 315
64 161 860 253
136 456
449 39 40 41 120 25 27 252 30
289 163 72 433 434 181 85 153 218
123 180 181
273 514
857 45
816 209
142 511
264 445 87
368 108 428
129 364
901 331 979 116 438 861
296 314
251 167
322 104 105 369 378
2 219
145 146
410 172
257 356 284 366
34 283
150 151
179 215
378 547
428 63
197 200 168 204 207
76 77 334 48 49 51 444
235 167
315 302
64 122 253
325 267 12 556 755
97 303 305 89 90 253
449 165 46 47 16
320 238
193 3 4 103 412
432 250 167
570 106
41 444
28 39
184 330
156 519
352 258 290 622 181 343 347 350
445 319
330 284
116 83 124
56 212 286
963 326
135 367 432 434 84 373 87
549 382
357 358 330 109 144 376 91 92 479
181 382
313 233
161 219
456 48
64 4 813 860
136 166
185 82 510 551
257 130 107 366 494 435 20 857 250
243 244
505 9
65 235
114 115 172 319
348 158
402 527
41 262
96 129 197 198 202 208 52
234 238
250 20
363 28 29 166
161 394 322
296 297 378
448 449 140 141 430 335 336 593 217 447
212 59 412
372 301
232 233 62
152 656 262 471
169 425
563 66 427
115 37
500 701
75 269
264 77 246
972 3 4
364 166
857 161 20
16 447
161 540
65 142 7
410 28
224 283
45 142
184 303
359 333 526 500 407 700
257 212 284
227 228
305 122 253
96 129 197 200 201 168 207 208 52
499 247
41 27
169 459
216 19
117 262
528 114 319
171 337 338 339 116 117 439 124
257 133 108 212 250 284
212 287
162 359
224 757
587 87
161 285
257 129 366 82 115 284
161 285 181
192 263 180 181 157 150 123 348 349 350
274 930 323 335
553 413
289 72 50 51 85
66 283
88 42 444 86
20 574
32 33 34 35 36 37 38 39 40 589 24 25 26 28 29 30 31
398 720 158 380 62
289 163 72 50 51 84 85
40 340
232 441
83 116 166
161 449
96 777 204 205 206 207 208 821 95
64 4 5 860
264 926
220 173
475 423
273 711
71 72 434 50 51 85
372 420
48 371 39
190 455
40 14
89 138 211
592 63
184 83
65 202
816 287
308 311
130 107
860 7
321 322 395 182 62
289 163 71 72 433 434 85 373 181 153 218
427 487
257 250 63
5 3 413
490 7
469 149
232 265 266 233 441 62
257 107 829 301 406 893
166 136 137 170 171 817 337 338 252 117 438 439 339 340 124 861
64 4 5 175 59 63
135 7
122 254
82 510
12 526
424 264 115 982
212 5
114 444 340
378 285 150
184 212
62 759
165 389
289 20
481 509
460 757
64 306 846
120 471
48 49 444 334
45 550
64 257 47 304 211 372 212
233 821
184 59
72 49 434 51
544 495
81 82 21
64 482
420 199
284 406
932 238 927
609 233 266 267 265 441
283 748
259 479
64 57 58 60
104 296
185 70
65 821 6
369 394
1001 293
496 474 461
13 20 662 824 667
220 182
816 521
260 261
451 276
224 75 223
57 60 55
129 594 198 87
136 76 77 438
429 47
96 129 198 200 777 202 201 168 909 205 207 208 594 52 821 918 919 95
3 587 195
122 860 253
136 161
194 827
474 31
257 519 327 174 22
56 57 58
313 315 86 227
185 628
184 319
544 66 258 836 871 715 427 622 431 402 563 665
166 136 137 171 339 252 117 438 439 340 124
901 331 754 979 116 438 861
289 234 434 85 218
116 252 439
539 499
166 52 821 281 31
602 334
27 591
714 510
8 662
257 291 170 174 29 115 406 893
288 82 69
88 425 143
83 363
212 647
260 261 298 75 401 312 249
827 194 3 813
210 212 412
236 245
218 813 367
369 302
514 519
161 165
346 179 215
168 492
482 739
496 474 435 420
163 71 434 181 373 218
289 163 71 72 433 434 50 51 85 181 153 218
97 87
363 134
553 482 306
42 199
97 210
85 119
409 59
114 443
547 519
28 94
253 813
161 293 487
956 198
125 102
560 284
172 334
192 347
64 282 59 212
312 757
528 114
266 499
208 161
368 82 45
98 372 102
224 134 401 310 184
83 181 279
213 22
481 357 170 330 82 339 639
274 462
360 559
233 276
42 63
71 433 434 50 51 181 373
46 449 430 335
344 129 43
641 938
435 532
104 321 322 62
8 500
261 94
441 201 66 563
833 194
136 337 117 246 152 28
510 959
516 293
211 372
289 163 71 434 85 253
92 213
51 644
482 5
449 41 141 217 447
21 119
352 192 344 263 232 346 180 278 279 150 345 215 123 348 350
130 612 293 271 184
201 909 918 919 95
16 47
318 311
211 235 495
32 29 933
720 377 380
408 45
281 204
357 70 550 363 82
170 117 439
122 83 106 367
34 39 40 41 591 24 954 28
821 750
130 211 372 366
89 59 212 286
232 233
490 130
821 167
544 402 184
554 483
97 92
129 180
64 129 257 420 166 106 491 45 368 82 435 116 115 185 250 29
425 107
144 414
412 116
356 167
344 130 184
602 405
257 897 107 301 174 406 893
673 571 972 5
167 84 373 694 374 284
459 790
210 6
492 391
257 255
227 519
297 527
448 449 580 618 140 429 462 141 16 336 273 275 274 447
609 265 266 267 268 62
64 4 860
96 42 94
96 129 202
16 126
96 451
304 90
321 322 62
289 106 306 122 59 253
108 143
101 143
72 433 50 434 51 181 373 85 218
412 282 212
474 461 130
161 18 229
45 366
253 213
153 435
321 322 105 395 369 182 378 251 62
897 357 107 301 406 893
449 140 430
72 50 83 434 405 51 85 122
324 125
144 87
548 134
616 519
368 246
289 84 495
97 116
75 188 269 223
609 268
64 5 301 175 211 212 406 893
281 427
16 46 430 47
224 269
65 7
378 594
366 107 284 406
394 18
107 87
107 12 435
547 122 255 146
306 3 212
456 116
32 34 35 36 37 40 24 28 30 31
162 668 550 551
200 129 108 821
75 63
547 494
65 25
330 259 108
296 491
65 380 6
59 405
184 82 910
146 327
82 419
306 699
619 821
59 412
69 367
40 24 368 262
144 341
66 516 265 201 459 527 563 179 276 441 414
106 75
412 210 132
115 532
48 6
17 82 284
402 563
256 255
330 358
209 364
304 264 63
98 355 100 101 354 324 99 372 405 186 125 126
409 59 212
265 701 662
550 70 668 326
172 319
418 548 264 424 362 528 114 115 443 444 445 319
794 614
289 163 72 50 434 51 85 218
341 167
262 28 29 30 418 35 34 548 166 39 40 36 170 444 338 339 340 726 362 368 115 117
104 381 398
81 474
64 139 686 533 57 58 60
134 446
80 134
185 167
24 461
171 486
161 29
547 475
250 142
64 686 272 57 922 60
138 5 287
873 708
64 282 108 63
156 23
833 58 3
321 167
212 59 412 286
14 303
449 39 41 120 25 27 30
570 675
550 551
64 59 132
474 94 130
267 266 499
68 534
162 107 363 301 45 406
483 341
10 507
721 12 701 359
321 322 390 104 393 392 395 105 369 183 381 62
561 460 223
101 100 125
168 169 204 15 281
378 53
83 311
483 420
134 63
391 296 297 394 216
641 186
490 14
64 3 4 60
110 367
64 60 846
483 219
514 84 284 519
78 143 116 757 475 572 254
227 63
530 142
297 378 379
161 289 613 234 106 236 146 84 85 405 122 59
273 813
172 591
592 161
165 430
45 63
104 369 151
329 475
161 18 19 311
307 92
901 136 137 915 166 170 171 817 438 439 337 338 339 340 861 124 754 116 117 252
153 356 284
306 5 14
296 269
272 184
624 130
64 482 3
266 268
364 116
33 262
37 22
42 172
813 860 413
113 357
496 22
538 54
602 860
245 237
283 597
585 87
306 5
696 406
1 460 222
257 6 519 107 17 216 250
250 422
281 129 166 31
378 151
104 105 369 151 378
301 893 406
64 409 435
265 266
160 238 239 242 243 159
192 65 6 7 398 377 380 158
144 42
901 754 979 116 438 439 861
65 490 7
291 487 169 427 83 54
66 451 586 494 563
166 136 137 170 171 337 754 338 252 116 438 439 117 339 340 124
291 495
122 5
553 90
260 401 21 22 223
390 151
816 58
88 155 156
65 645 7 490 529
37 31
371 86
821 423
114 487 319
507 45 63
514 155 174
184 130 487
396 390
24 28 36
130 427 487
201 563
208 95
445 302
83 235
40 41
346 181 122 279
257 107 749 301 17 406
51 85
337 170
64 138 304 16 210 211 372 212 89 286 287
184 88
129 301
602 83
544 130 109 402 184
748 711
5 680 972 21 730 506 27 94
161 157 181
64 257 213 860 253
90 59
544 114
272 11
5 881 306 213 122 860 253
169 516
530 422
161 118 454
282 3
45 31
140 430 270
69 933
177 178
896 334
283 435
777 204
108 101 63
315 108 86
281 389
352 204 378 496 343 215 61
371 39
3 827 195
194 827 804
48 39
360 8
300 191
291 823
56 3
216 460 223
289 163 72 433 50 434 181 85 153 218
281 122 494 130
291 420 334 174 18 821 22 88 857 154 253
258 131
169 612
193 4 5 412
673 161
884 28
72 433 218 367
130 494
59 860 686
821 151
766 359
115 246 687
608 549
32 33 34 35 36 37 38 39 40 41 24 25 26 27 28 30 31
18 222 311
193 3 4 5 413
135 554 341 599
208 202 96 909
366 108 301 406
356 47
115 255
184 114 115
257 519 106 107 43 84 213 153 284
129 610 115 134
439 31
83 860
897 45 406
88 59
170 171
64 409 4
354 709
522 367
166 171 337 339 116 252 117 439 340 124
95 295
373 374 87
359 567
7 813 686 860 413
648 83
265 266 13
496 148 84
64 3 409 282 60
92 109 478
285 279
304 64 4 175
256 164 552 107 366 82 435 472 190
64 138 572
394 182
368 547 527 31
69 510
161 166
82 108
184 412
146 405
232 233 557 53 278 62
289 51 85
176 666 59
297 390
21 189
59 3 5 827
169 347
184 330 411
613 106 148 534 250
494 527
155 334
64 257 572
433 434 373 181 218
64 5
216 224 223
216 284
8 708
212 302
210 910
129 291 37 166 170 45 368 115 341 281 29
486 264 424 172 334 48 49 246 443 444 445
516 278
352 156
64 897 3 5 406
356 63
315 219
29 22
326 174
318 697 227 86
347 215
61 391
52 198
161 394 297
161 343
257 519 493 84 153 284
134 262 136 137 26 28 29 31 418 546 166 40 170 444 337 338 483 362 368 115 117
13 566
64 56 212
83 181 278
458 93
272 212 55
488 10 333 559
293 487
784 83 231
496 2 491 378
507 212
71 433 434 51 181 373 218
108 406 63
3 196 5
106 347
45 333
161 181 350
161 18
283 341
24 31
257 284 366
264 115 334 319
129 162 457 170 107 363 45 301 82 115 406
266 708
249 331
376 330 144
481 357 75 144 81 21 22 376
83 367 87
106 510
148 534
66 991
700 333 526 407
482 212 5
357 301 406
108 237
233 134 52 558
107 108
49 548
65 483
573 823
257 418 366 115 284
249 298 906
184 13
372 125
897 357 406
122 432 50 83 51 85 218
104 322 379 378
341 495
418 264 362 334 115 444 445 319
87 239
212 239
122 143
122 327
193 409 588
452 422 497 530 214
106 83 84 87 122
857 499
304 272 253
432 428
161 263
208 219 96
64 409 60
296 322
521 282 413 7
184 283
432 84 373 374 87
817 166
972 5
264 528 418 548 424 172 48 49 443 444 445 319 334 982 486 362 114 115 246
64 257 897 107 301 174 406 893
716 21
64 138 59
64 129 130 4 134 330 45 366 304 82 115 184 281 29
52 86
192 285
434 218 181
441 543
468 190
97 428
18 74 331
98 301
448 609 499
322 163 104 297 393 296 396 277 182 216 284 61 62
188 301 406
200 197 168
304 64 4 184
58 412
893 439
406 175
398 54
25 441
457 357 301 406
193 324
144 485
148 613
83 219
17 829
160 243 159
952 360
454 108 494 83 51 85 84 87 122 59 253
194 827 804 253
249 298 260 261
161 356
376 108 63
570 740
64 833 194 827 860
441 451 276 414
317 469
642 83
64 175 367
134 28 94 52
444 415
160 235 241 243 211 159
296 378
24 25 26 27 28 29 30 31 32 33 34 35 36 37 38 39 40 41 589 591
510 14
257 59 212
136 76 77 49 254
272 810
304 305 97
237 87 239
212 133 286
283 213
64 3 5
539 724
41 30
21 174 22
121 102
337 261
194 3
514 223
909 95 919
474 212
708 332
97 620
769 98 354 100 101 102 641 324 709 99 619 405 663 125
93 374
362 115 439
485 516 573 823
129 170
184 89 303
161 202 821
80 532 87
205 95
142 499 422
860 887
122 821
106 348
136 438
217 63
460 223
249 298
266 526
224 223
42 43 86
739 5
857 161 407
343 215
80 446 78 79
424 115 334
64 138 175 855 380 286 287
170 117 166
356 284
424 264 114 115 246 319
114 87
376 283 475
755 212 662
901 817 754 915 861
42 86 87
314 18
454 108 334 148 821 250 507
563 203
418 246
361 499
593 275 270
153 354 405
272 274
561 491 460
720 158
548 334 977 115 926
288 82 70
816 138
129 108 821
288 185
106 250 84
28 29 36
425 282
435 45
373 374 135
241 243 235
64 521 138 108 572 63
64 256 356 170 171 138 330 47 304 82 115 212
25 97
71 434 50 373 181
709 63
388 389 390 391 392 393 394 151 296 297 309 182 61 62 321 720 104 105 369 379 377 378 251
264 334 114 115 319
72 49 434 51 85 88
107 406 175
824 20 13
128 190 22
88 253
330 115 356 47
412 132 133
265 233
128 492
368 36
60 813
64 881 138
162 363 45 366 20 662
122 116 166
321 386 322 105 395 369 182 378 251 62
210 175
254 367
438 166
380 182 7
496 406
589 37 30
817 117
146 301
901 166 136 137 170 171 337 338 915 252 116 438 439 117 339 340 124 861
99 101
261 260 509 70
187 364
409 58 175
498 14
122 115 334 319
83 222
252 28
434 289 234
755 662
227 36 254 63
65 396
322 163 104 297 393 296 396 369 277 182 216 284 61 62
209 211
5 972 333 824 217
64 211
65 490
482 3 212 5
161 451
18 74 75 332
499 766
881 138 3
122 547 428 143
377 398
56 132
264 114 445
160 211
41 76 77 49
88 167
8 45
352 321
281 42
205 582
164 421
339 124
115 291 427
66 451 130 281 427 173 569 563 276 441 414
6 7
672 188
444 591
216 224 75 223
297 394 255
181 534 343
177 180 382
216 215
817 754 861
553 59 212 286
793 122 454
617 460
376 329
248 507
93 69 22
129 257 13 271 420 169 173 45 184 185 63 69 200 592 82 338 469 215 222 107 491 366
96 130
82 299 686
84 454
297 394 108
299 300
577 483
257 406
432 142
466 708
161 394 378
201 129 594 206
81 491
514 230
184 130 427 173
18 394 155 156
486 264 424 172 77 334 48 49 246 443 444 445
352 180
521 58 59
857 213
161 58 59
74 331 332 298 18 249
8 570
40 49
8 914 247
302 652 14
549 47
810 212 55 412 286
57 860
250 474 107 420
262 471
418 35 36 37 114 22 439 152 26 29 30 31
212 133
138 4
432 434 373 135
429 46
84 485
272 211 133
64 3 4 5 521 846 282 60
144 129
88 423
1 310
547 613 111 146 122 253
296 460 269
121 6
532 78
78 79 80 498 446
184 130 366 63
64 3 804 5
32 152
545 821
106 107
136 137 252
161 394 380
376 330 108 357
184 505
330 259 475 63
104 296 284 216
253 534
471 87
282 412
378 491
25 954 965 41
574 526
394 62
129 777 909 918 919 802 168 42 52 821 197 198 199 200 201 202 203 204 205 206 207 208 594 95 96
101 405 126
264 528 418 548 424 172 48 49 443 444 445 319 77 334 486 362 114 115 246
161 167 84 373 88 602
377 381
418 548 264 424 362 172 77 48 49 114 115 246 726 443 444 445 319
881 4
449 270 273 534 217
475 92 109
80 79
460 20
73 260 261
897 125 406
57 59
184 129 130
202 250
45 134
20 422
550 466 474 668 190
5 14
257 107 301 17 406 284 893
933 311
336 140 934 448
460 188
144 52
532 78 63
298 310
161 362 334
435 468
547 213
28 495
451 414
5 4 413 860
449 34 40 41 918 120 27 30
155 270
177 293
45 107 325 366
82 147 300
608 106
122 270
82 419 510
338 7
362 439
755 675
656 152
5 972 325 894
449 217 270 273
352 130 162 330 366 304 496 82 211 372 88 29
769 98 99 100 324
330 357
344 821
161 779 583
107 643 188 491
75 227
129 108 821 270
107 108 301 17 406 284
65 97 7
164 83 643 549
312 310
371 548
106 405
106 164
161 116 117
352 378
908 181
458 66 233 293
264 83 334
232 263
24 122
161 171 116
163 433 434 181 373 218
180 181 350
418 362 114 319
563 414
168 202 19 134
373 87 527
645 7
9 10
64 4 138 175 572
286 143
306 3 5
94 790
281 814
194 5
212 309
460 74 75 332
256 6
410 31
521 22 23
24 83
11 301
106 29
833 195 196 827
143 255
256 129 643 264 22 284 162 45 301 304 184 330 210 211 219 476 740 496 372 890 639
96 129 197 198 200 777 42 202 204 201 168 207 208 205 594 851 52 95
462 119
224 118 119
136 76 77 49 438 254
395 61
423 146 88 857 829
161 246
37 589 26 29 30 31
163 237
24 589 30
441 239
73 21 260 261
552 22
42 43 821 6
64 4 175 57 60 287
422 360 10 214 952
248 214
915 532
272 46
546 29
470 479
146 18
226 222
544 130 419 109 402 184
715 94
708 701
364 237
161 114 115 334
282 108 63
257 170 339 366
893 406
95 87
259 358
130 45
130 534
64 90 4
48 42 371 86
130 821
64 237 47 304 211 372 435 212 250
24 334
96 129 821 207
163 72 433 50 434 218
88 435 613
901 331 754 116 438 439 861
334 439
441 563 276
3 991
341 135
224 227 19 222 223
82 495
2 148
16 217 47
153 459
833 194 3 195 5 196 827
96 129 197 200 201 168 207 208 52 94
257 494
257 212 286
197 198 199 200 777 42 203 204 202 201 168 208 205 594 52 95
624 814
45 574
184 546
857 435
64 272 4
256 283
160 242
129 918 206
475 167
129 173 206
3 103
267 499
938 354
28 117
42 52 86 88 95
201 777 95
236 237 239 210 245
21 22 664 668 672 419 550 551 680 312 185 190 63 70 711 460 81 83 87 216 474 226 122 509
460 269
83 367 143
185 82 190
192 123
59 127
129 495 87
132 950
70 14
521 5 813
165 430 47
116 85
81 82 69
76 77 254
323 141 335 336 274
269 317
158 183
846 7
257 107 108 301 406 284 63
72 289 163
500 20
281 459
376 330 357
4 103
569 330
41 76
425 749
64 521 7
108 148 542
232 427
577 495
83 181
499 711
538 22
131 263 278 150 279 285 179 180 192 215 344 345 343 347 348 346 350 351 352 353 349 232 123
550 628 474 668 190
482 739 810 55 56 57 58 59 60
166 31
211 932
396 388
326 327 11 401 307 21 22
433 665 85 255
65 829 406
521 138 686
83 13
130 403 149 281 168 297 180 182 61 451 204 469 343 215 220 735 96 352 229 496 378
291 264 169 427 339 115 319
97 58
298 906
257 133 212 250 284 286
787 207
441 451 459
59 4 813 860
360 453
3 900
194 3 860 5
337 817
32 124
235 245
424 609 972 5
41 31
264 977 114 115
184 81
514 116
550 70 326
75 260 261
467 142
369 15
24 27 29
130 131 527 402 404 792 665 544 295 426 427 431 563 569 575 706 836 715 871 874 875
328 174
65 355
129 43
873 75
166 439
152 495
64 138 212 59 286
211 639
285 7
48 319
2 330 107 148 86 317
609 232 233 266 267 499 538
418 264 424 362 48 49 114 115 246 443 445 319
364 22
114 246 63
449 34 39 136 41 371 120 25 27 30
72 50 83 51 85 153 122
184 129 166
138 572 813
162 570
144 197
569 130 451 173
5 196 253 860
97 252
59 212 55
185 82 330
282 7
154 933
353 202
561 519
257 185
197 129 821
122 491 164 454
44 45
234 244
833 194 5
160 159 928 964 235 238 241 243 927
108 468 63
175 626 286 287
289 50 51 85
425 100
81 283 143
82 115
98 101
4 972 813 860 413
334 63
804 991
810 90 303
435 860
148 367
448 449 934 140 141 430 447
336 462
49 77
655 434 373 153 122
17 363
409 6
259 330 411
96 205
212 118
138 195
330 411
363 45 366 431 142 499 505 507
130 485
668 143
229 219 19 311 313 315 220 765
296 577
498 78
881 167
107 63
328 142
67 212
161 36
64 409 138 881
170 368 115 284 29
264 115 246
372 519
297 381
83 174 22
64 108 4
76 77 334 48 49 51
106 435 36
164 613
161 68
86 311
613 72 428 143 175 146 85 122 283
394 50 613
170 22
106 166
272 284
197 207
425 148
40 884
451 45 366 435 29
200 122
363 357
14 191
544 130 184
603 701
656 514
139 60
281 130 487
257 130 420 107 250 63
171 134
140 141
367 31
64 306
412 132
257 284 421
49 334 319
256 473
131 278
301 372 125 406
964 87
24 29 63
52 45
532 557
41 38
259 475
234 213
20 662
421 54
70 326
582 812 78 558 80 79 498 540 446
379 398
161 301
184 302
554 341 599
421 582
913 766
227 391 15 527 182
482 132 306
138 139 881 58 287
64 47
8 422
514 211
412 6
550 326
289 72 50 83 434 51 85
720 394
432 51
512 276
161 324
866 195
481 167
378 285
570 972 5 134
364 64 572 519
21 63
257 153 250 519
435 461 366
421 302
257 153
514 20
146 107 406
216 226
909 975 918 919 95
77 334 48 49 51
484 134
553 810 212
554 522 373 135
25 954 998
530 363
356 284 519
11 83
418 548 486 264 424 172 77 334 848 49 114 48 115 246 443 444 445 319
8 13
857 108 20
2 330 107 148 86
672 107 366 496 435
328 302
122 159
122 222
444 262
123 61
272 212 59 412
401 75 260 261
609 442
451 213
253 5 3 813
20 87
56 699
214 183
138 108 5 287
87 511
129 130 257 532 406 279 22 170 45 47 330 82 211 341 222 107 491 368 496 372
3 972 5
106 749
418 166 40 170 362 368 115 340 117 28 29
233 278
682 181
136 32 152 338
429 430
486 424 264 246 445 319
289 133 5 106 175 305 210 306 57 122 59 253
418 30
12 271
97 868
48 49 51 76
449 140 934 430
161 82 475 357
134 45 558
59 4 813
378 228
561 283
322 163 104 393 296 396 277 182 216 284 61 62
530 700
184 6 216
465 484 557
105 394 322 378
124 439
368 161 428
17 191
141 175
184 82 107
283 367 85 143
84 85 495
976 800 972 5
521 253
257 63
129 777 909 168 52 821 197 198 200 201 202 204 205 206 207 208 594 95 96
156 189
64 193 3 195 4 5 196 282
425 87
265 266 267 233 278 441
161 164 549
238 63
242 211 159
392 321 322
122 7 810 306 83 244 58 59 253
482 212 605
642 670
948 182
587 132
114 444
301 159
58 3
233 782 369 53 538
138 165
210 602
160 12
122 319
514 547 519 616 423 364 146 534 88 155 156
500 375
296 396 390 391
811 223
933 143
330 115
64 356 170 171 138 330 47 304 115 212 185
144 173 94
41 76 77 49 438 254
161 394 395
12 422
593 429
130 42 174 435 116 181
833 194 195 196 5 827
824 13
414 494
96 129 197 198 200 777 202 201 204 168 206 207 208 205 594 52 821 95
116 813
82 550 551
770 108
593 275
413 405
257 129 366
616 148
64 138 286
318 86
304 64 184
405 655
243 211 534
10 650 142 526 530 408 805 422 467 603 609 359 360 488 363 497 499 500 501 505
547 491
82 107 22
156 327
169 404
406 439
410 119
136 337 170 252
330 653
460 189
514 460
449 76 30 41
97 59
233 815 147 53 54
107 372
161 69
272 519
547 291
881 287
42 373 87
161 382
301 127
897 357 330 11 301 82 339 639
64 213
122 166
426 5
481 357 363 82 510
602 167
482 59
616 245
358 330 109 376 91 92 479
288 190
212 572
97 611 90 304 57 58 60
60 5
84 119
474 175
91 475
368 362
537 230
129 198
257 463
533 406 37 296 170 42 174 315 64 327 78 82 212 475 356 107 491 108 368 116 254
83 860 5
108 87
609 325 805 267 556 12 721 755 566
291 707 936 777 937 908 594 823 956 573 351
418 548 486 362 77 334 528 49 114 48 115 246 443 444 319
334 22
972 3 4 413
546 443
130 420
259 435
664 138
64 284 108 5
522 87
570 363 20
289 167 106 305 210 122 253
465 212
250 29
545 451
234 174 270
27 655
521 138 253
59 887
17 170 116
64 3 5 212 59
386 381
181 158
729 22
569 459
485 293
250 212
216 332
435 215
104 296 284 61
162 453 8 361 570 571
155 655
339 116 246
424 264 486
726 246
77 445
376 63
547 724
257 82 284
24 161 28
336 930 323 335
129 197 198 200 168 201 202 594 52 821
5 860 253
857 534
83 405
63 71
161 878
482 739 810 686 55 56
616 423
130 185 431 117 89 188 189
257 82 284 366
152 171
229 302
817 754 116 438 439 252 861
644 964
202 534
88 435
547 605
58 212
257 129 356 330 368 82 115 213 22 29
3 301
381 380 397 158
144 330 475
208 909
537 83 87
24 25 36 41
304 107
284 108 933
57 686
116 423
369 538 53
381 391
58 59 412
522 341
130 279
134 6
553 482
218 367
13 167
330 83
341 406
376 81 108 63
655 122 84 119
80 498
8 9
210 236
448 449 140 141 430 270 335 429 447
65 97
275 46
496 17
425 446
378 578
609 805 233 266 267 501
401 260
257 170
88 860
64 572 5
280 119
14 319
180 182
143 367 84 167
145 255
142 366
257 250 133
161 163 132 547 813 655 49 146 602 253
96 42 43 86 87 88 95
833 3 253
64 212
234 211 237
257 366 107 406
155 148
276 836
66 169 201 459 179 563 441
395 390 487
206 95
757 615
129 42 83
56 87
304 90 64 572
616 670
166 136 137 170 171 337 338 339 252 117 340 439 124 861
175 810 286 55
201 52
169 427
453 421
216 296 284 61
82 107 301 406
609 467 556
516 573
672 419 550 711 680 510 551 107 81 82 664 185 474 668 509 190
344 161
282 3 572 5
628 334
289 334
643 22
162 708
281 130 83 494
273 14
423 50 51 146 88 155
264 977
309 6
200 289
475 92
901 6
369 322 378 105
84 373 87
483 341 135
666 3 4 5
29 39
153 71
553 810 739
819 260
282 175
547 907
376 92
496 420
64 881 175
521 421
362 114 115 246 319
49 434 50 51 85 88
250 132
313 190
963 959
467 499
170 171 549 79
601 586 130
212 431
289 163 71 434 85
64 59 253 184
561 923
289 234 829 146
161 284 167
701 957
161 283 167
75 22
8 20 45 294
24 30
564 485
106 367 83 84 85 250
64 256 356 170 330 47 304 82 211 372 115 212
904 192
425 82 357
708 628
66 52
824 265
813 175
144 43
106 43 148 213
200 527
94 15
293 390 487 296 522 586 342 318
18 406
114 115
161 31
264 77
289 514 163 71 434 50 51 85
161 394 381
129 130 250 63
