395 487
509 70
418 114
841 458
281 52
82 510
790 279
432 81 509
509 70
114 115
142 7
209 212
394 106
107 406
302 119
96 821
4 813
363 460
484 215
166 136 137 170 171 337 338 339 252 116 438 439 117 340 124 861
130 181
1 317
180 382
195 5
414 543
108 358
181 279
664 81
160 821
4 413
169 130
363 499
554 341 135
65 406
59 413
376 81
64 4 60 287
116 428
106 148
26 39
82 108
161 28
232 233
67 68
315 227 311
405 63
3 813
508 244
19 222
173 414
184 22
306 55
104 297 296
93 101
104 527
168 281
18 221
108 87
116 439
116 861 438
352 215
472 473
147 53
76 254
98 435
304 184
58 686
75 222
264 169 291 427
107 406
170 340
901 136 331 817 754 116 438 252 861
116 532
136 438
134 262 136 137 26 28 29 31 418 546 166 40 170 172 444 337 338 94 483 362 368 115 117
67 68
34 36
418 115
59 286
333 700 359 407
48 49
810 55
41 114
432 84 373
530 333
171 454
12 325
91 470
185 82 330
83 491
67 68
561 85
65 645 6 7 490 529
233 62
123 157
496 84
209 195
281 285
412 133
465 524
303 239
161 479
83 541
83 487
260 21
69 70
81 82
136 137
115 340 166
301 406
341 29
72 434 50 51 85
90 303
333 407
696 460
904 192
75 342 310 312 216 317 223
216 222
192 158
8 45
64 4 972 813 860 413
257 250 212
257 129 366 82 115 284
465 130
664 81
488 333
109 111 112 475 92
3 195 5
129 173
810 739
64 846
544 295
428 471
144 43
522 135
334 63
250 63
212 412
163 71 433 434 181 373 218
217 447
821 919
273 410
250 364
108 255
96 129
145 187
553 122
616 519
194 3
3 413
130 459
285 150
323 141
281 129
378 182 62
170 171
570 662
64 90
3 5
26 27
451 459
101 430
49 77
592 84
170 171
452 453
81 82
67 68
302 174
70 326
129 821
28 94
321 322 105 395 182 378 251 62
241 211
333 700 359 407
106 83 84 85
16 217
813 103
129 821
857 20
324 6
122 428
141 46
250 406
1001 167
482 212
475 421
363 142
180 382
257 420 45 465 406 250 219
61 134 151
554 522 341 599
281 285
164 167
418 334
347 295
171 549
264 427
296 297 398 377 380
129 821
88 51 50 155
373 374 135
146 547 428
250 142
96 124 62
166 167
521 58 138
185 82
326 327 328 11 307 21 22
283 255
108 933
64 58 59
301 406
269 223
306 55
264 445
161 21 174
339 171
161 897
448 813 429 462 141 46 210 274
64 553 212 572 286
345 149
306 287
499 15
97 132
129 134
212 461
123 348
897 639
378 484
739 212 55
67 68
890 301
744 518
918 975
424 486
3 196
171 230
76 254
64 138 47 304 175 211 372 212 286
409 59
296 382
45 375
59 412
114 319
154 302
194 195
451 276
160 821
403 149
212 22
56 306
233 538
301 406
170 116
341 135
114 443
848 206
459 87
352 179
50 51
116 117
129 130 166 170 42 363 45 366 494 368 435 116 115 24 442 29
194 3
522 341
378 182 62
260 21
418 115
144 485
201 778
388 390
130 115
257 213
3 5
435 412
3 4 103
72 218 163
434 71
26 27
409 5
467 142
64 4
346 215
291 485
24 172
64 59 282 83
130 427 173
265 266 267 268
222 223
21 22
50 85
135 554 341 599
334 319
522 341
130 527
553 519
161 29
289 71
98 103
64 4
233 538
138 686
860 686
106 363
168 207
147 53
209 286
283 367
353 852
224 561 75
201 778
81 82
59 286
85 405
412 482 699 810
848 41
81 69
508 244
171 302
291 564
144 481
212 637
114 115
953 510
3 7
107 406
173 94
451 459
699 286
816 138
144 94
322 163 104 297 393 296 396 369 277 182 472 473 284 61 62 216
522 341
96 821
489 530
529 6
409 282
301 406
161 130
88 475
129 166 52 281 31
560 283 167
8 422
914 45
170 171
58 138
64 5 521 138 409 282 287
613 72 50 51 405 85 122
124 439
964 932 238 927
168 281
368 656
901 136 331 817 754 116 438 252 861
185 299
700 701
83 84 85 87 122
449 47
114 115
36 30
373 135
433 434 51 181 373 218
265 662
497 507 142
159 108 63
74 332
114 479
412 3 4
101 430
140 47
66 291
116 821
235 239
184 910
553 212 286
20 45
65 6
18 315
369 147 53
312 75
210 964
427 87
67 68
641 125
521 138
217 165
257 435
860 686
48 49
250 662
361 570
156 471
67 68
272 132
328 22
744 517
330 259 475 63
130 527
952 142
67 68
301 406
72 49 50 51 85 88
848 206
146 107
827 3
32 33 34 35 546 965 36 39 40 41 591 26 27 28 30 31
252 439
50 84
200 777
21 143
460 223
136 76 77 438 254
212 412
30 439
296 19
217 141
482 212
4 5
114 115
292 295
163 433 434 181 373 153 218
116 166
32 31
123 180
116 117
32 33 34 35 546 36 39 40 41 28 591 26 27 444 29 30 31
369 441
347 158
49 230
122 83
108 284
202 821
257 122 83 284
3 163
272 412 132
170 116
369 53
130 451 293 487 169 427 173 271 569
184 129
184 114
857 721
212 55
114 172
13 87
324 405
18 315
173 87
129 42
96 198
123 412
50 51
171 108
41 444
209 482
212 412
369 53
177 178 179
824 20
289 163 433 434 181 373 153 218
326 327 328 11 401 307 21 22
376 664
184 250 435
26 37
252 439
141 7
96 219
306 686
129 198
456 319
216 75
130 115
116 439
380 62
272 212
82 357
67 68
64 175
369 53
67 68
185 250
901 136 331 116 438 252 861
205 207
521 138 60
243 211
116 246
104 233
281 374
496 474 435 420
448 323 677 140 447
200 400
413 7
185 300
3 412
122 253
200 197
720 158
72 85
3 5
3 5
285 343
338 116
171 116 117
257 130 519 153 284 29 162 297 304 330 82 211 352 107 364 366 496 372 250
330 21
138 860
30 31
233 15
69 70
72 434 50 51 85 88
48 49 371 39
201 778
22 23
108 821
369 53
453 142
328 11 326
132 133
260 21
216 129 435
129 42
173 414
369 53
201 778
201 778
14 479
289 253
451 459
808 133
662 503
80 446 78 79
7 813 175 305 59 253
538 75
285 150
147 53
16 363
147 53
202 821
250 435
52 134
122 213
372 63
92 213
270 255
425 110 430
52 94
395 182
289 163 433 434 181 373 153 218
184 130
170 339
514 174
360 142
136 438
13 87
107 75 222
500 701
409 3
496 107 366
328 326
306 212 6
339 117
421 30
328 21
369 538 233 53
691 21
82 70
257 122
209 138
168 219
3 7
35 36 24 28 29 30 31
696 165
122 69
821 213
334 303
21 933
24 29
67 68
106 83
175 287
170 171
418 114 334 319
21 22
482 132
180 263
161 394 369
901 331 817 754 116 252 861
272 133
520 436
149 263
101 663
49 444
187 493
250 106 83
67 68
116 167
3 4
491 420
122 187
104 105 378 251
344 181
289 71 72 433 50 434 51 85 373 181 153 218
170 338
59 212
369 322
130 181
257 107 366 435 441
146 547
36 30
561 460 21
96 821
628 87
378 251
114 334
212 287
901 136 817 754 116 438 252 861
58 138
829 301
18 19
322 182
180 382
425 357
369 538 233 53
330 91
161 468
22 23
177 178 179
106 83
76 77 334 48 49 51 444
27 371
105 394
185 106
212 372
193 5
860 686
394 322
15 182 391
376 664
45 87
339 639
178 382
810 90
136 340 166
499 507
330 639 47
161 170
176 175
866 60
421 119
274 270
291 495
41 27 39
18 19
285 150
600 159
36 439
813 860 413
114 334
860 413
833 3
459 276
3 860
528 319
82 357
24 31
169 130
569 291
860 846
369 53
664 81
64 57
298 261
88 188
48 49
233 53
833 194
897 406
302 14
155 364
272 132
147 53
482 3 5 810 212 56
28 52
136 438
140 47
209 212
209 212
67 109
392 390
901 331 754 116 438 861
88 439
306 412
154 63
881 175
561 13
810 286
265 441
97 170
582 78
49 41
769 101
64 521
192 6
129 115
50 85
321 182
171 117
250 108
237 239
83 116
444 39
833 195
284 61
59 286
171 116
3 196
412 6
3 196 5
438 166
18 19
24 37
260 174 135
232 173
67 68
147 53
829 301
170 171
372 108 405
104 378 251
354 143
157 343
66 516 169 201 459 233 563 179 276 441 414
193 3 4 412
107 886 22
312 226
250 603
285 278
74 331 75 332 298 18 249
260 21
827 7
296 61
180 157
3 4
144 715
483 135
410 3
412 901
166 136 137 170 171 337 338 339 252 116 438 439 117 340 124 861
3 5
297 390
170 171
153 85
107 250 43 435
197 956 204 821
321 617
453 142
66 326
92 479
64 47 304 211 372 212
561 317
272 273
184 330
257 420 250 107 185 474
168 484
147 53
171 116
354 126
529 7
147 317
561 460
3 4 5
45 574
322 378
136 137
860 686
60 813
146 547
441 459 276 516
281 527
67 68
96 821
286 303
114 115
105 378
434 181
141 46
483 135
3 4
171 189
170 116
192 278
388 199
441 179
296 297
171 471
233 7
441 201 66 499
13 142
860 686
1001 919
592 97
425 213
467 142
161 394
136 41 76 77 49 438 254
362 334
88 154
841 427
184 6
336 323
369 53
96 124 62
298 261
72 434 50 51 85
680 14
441 451
123 181
285 175
24 41 28 30
59 7
532 78
147 53
192 682
193 413
897 639
301 406
180 157
354 101
80 63
75 269
64 130 304 115 279 29
236 237
442 214
352 346
116 334
171 116
58 59
48 49 51 334
507 495
281 814
3 7
170 340
505 431
265 266
22 231
170 171
200 202
209 55
122 243
114 115
192 181
120 449 30 41
147 53
460 22
114 319
394 83 396
209 156
881 58 138
174 406
848 444
152 36 262
475 470
124 252
617 603
67 92
401 21
24 29
59 212
901 915 24 29 166 170 171 428 438 439 334 337 338 339 340 341 368 115 116 117 124
482 212
195 196
585 291
114 115 246 63
145 255
232 233 54
49 76
347 6 7
488 559
833 3
211 159
165 175
307 724
100 405
150 285 278
132 951
521 60
784 421
589 30
317 222
517 518
306 212
368 656
613 72 434 50 51
330 479
57 866
418 486 264 424 362 172 77 334 528 49 114 48 115 246 443 444 445 319
21 22
234 236
368 161
306 132
292 295
413 7
82 639
48 49
64 5
82 357
4 413
163 181
67 68
212 132
289 434 85 253
345 177 178 179
369 53
441 276 414
848 114
17 425
97 170
138 59
266 13
3 5
66 435
386 381
893 406
129 777 802 168 42 52 821 197 198 199 200 201 202 203 204 205 206 207 208 594 95 96 752
396 175
410 444
953 510
157 646
41 27 39
173 87
64 4
288 70
281 15
488 333
616 358
449 46
108 134
67 68
395 182
129 821
97 212
3 196
817 166
210 14
116 166
195 5
824 571
641 125 639
106 250
88 514
305 90
451 439
129 821
184 129
423 146 51 88 155
82 190
124 173 62
739 60
482 7
46 430
739 212
296 391
3 14
552 300
201 778
64 175
115 532
147 300
146 519
521 282
64 5
281 15
558 582
857 45
901 331 754 979 116 438 861
129 821
134 406
233 134 15
185 300
49 51
341 135
194 3
67 68
233 53
212 55
129 198
180 157
816 138
262 428 656 471 120 152
64 60
289 234 176 49 306 59 253
817 171
302 174
172 591
272 212
285 278
66 435
609 265 266 267 62
810 699
67 68
18 220
180 63
546 439
28 52
208 96
97 445
412 133
3 195
9 45
409 59
435 167
301 406
3 412
371 548
441 527
184 107
369 53
424 77
429 270
652 174
386 83
212 364
553 161
244 238
262 428 656 471 120 152
74 75
97 212
330 109
496 378
560 283
369 378
24 129
114 115
2 460 269
48 49
185 419
409 306
74 75 332 298
285 150
16 449
561 460
16 335
20 13
18 19
196 7
483 332
160 241 243 159
200 400
897 301 174 406 893
810 212
21 87
848 334
16 270
264 445
52 918
45 359
296 388
260 21
246 319
435 364
265 441
521 58 59 686
49 334
529 7
175 286 287
18 315
123 180
13 15
306 138
217 270
475 143
369 53
3 7
754 171
115 548
148 534
821 413
67 68
3 5
509 510
3 196
378 395
456 48
192 180
209 931
122 146
170 439
808 133
232 233
64 306
82 357
482 59 810 699
233 54
99 125
821 919
180 181
881 58
58 306
420 107 474 435 250
449 47
289 163
545 83
296 87
59 139
289 163
107 406
230 199
333 700 359 407
59 3
352 346
301 406
42 52
497 363
82 510
99 405
114 339
372 101
24 29
184 757
328 22
18 310
212 286
114 115
75 260 261
28 52
97 212 132
161 167
90 60
52 197
458 402
485 573
330 479
17 250
104 391
315 108
130 427 173
97 171
827 5
106 250
204 197
21 93
451 494
61 382
28 29 36
410 327
114 479
505 410
49 51
184 279
97 303
284 493
123 180
554 483
274 323 141
184 130 487
6 7
305 253
167 108 84 87 602 63
272 132
101 663
90 6
170 171
288 93
412 6
108 5
354 372
93 23
9 567
192 158
139 287
67 68
304 63
29 166
64 5
298 260 261 94
285 150
336 593 335
435 420
441 276 414
210 302
200 175
1 178
232 233 441
184 63
521 138
75 222
4 413
376 81
284 61
184 130
88 813
168 291
352 192
3 5
64 47
369 378
122 325
59 212
873 18
130 527
312 75
48 49
72 289 163 85
829 301
237 239
64 7
548 334 977 115 926
284 309
20 13
136 41 76 49 438 254
376 81
170 116
336 335
233 267
291 621
953 510
90 846
67 68
161 211
224 1 227 134 74 75 269 401 19 310 311 312 313 184
593 447
3 4
376 63
482 212 412
130 451
817 41
185 191
368 170 115 29
75 255
213 22
833 3
334 319
298 18
172 334
104 87
211 159
341 135
3 195
50 85
122 82
369 53
334 303
512 338
330 22
482 3 739
193 3 4 5 413
27 36
282 253
65 6
306 55
642 670
386 388 296 297 381
129 52
64 521 57
116 861 438
116 124
920 41 114
48 49
200 400
171 117
65 529
76 254
67 68
3 196
215 204 343 378 61
613 213
75 550
321 617
138 139
201 594
115 170 339 116
283 213
208 96
83 284
88 130
72 289 163 85
89 286
409 5
97 170
402 435
424 246
123 181
129 643 490 491 45 496 212 406
810 59
216 561
192 350
467 422
302 14
185 143
391 63
132 253
233 62
18 86
306 212 55
97 170
129 198
484 158
304 130 115 184
322 948
67 68
148 302
162 363 45 366 20
233 538
4 413
147 53
132 133
59 412
67 68
97 334
810 5
56 55
321 182
289 106 305 122 253
496 148 84
212 133
18 75
194 3
74 75
74 18 332
881 138
346 347
482 3
18 317
283 284
178 179 276 441 414
173 94
170 439
97 171
272 244
67 68
219 197
146 107
108 598
482 212
410 109
65 75
261 509
257 132 133 212 284
102 103
161 181
104 61
456 49
147 22
225 18
116 117
114 246
928 927
24 29
369 53
1 317
352 123
162 266 13 20 662
522 135
184 130 427
16 165
381 13 15
472 171
321 62
184 130
3 195 196 5
353 852
106 83
65 7
194 3
3 4
67 68
67 68
272 133
70 190
180 181
70 174
394 183
739 212
200 821
482 810 212 699 286
574 359
264 528 418 548 424 172 48 49 443 444 445 319 77 334 486 362 114 115 246
296 284
483 135 554 522 341 599
168 123
49 319
346 179
72 434 50 51 85 88
161 485
369 53
184 210
380 158
306 286
337 338
829 301
89 90 253
192 343
594 483
424 418
41 444 39
195 5
380 7
184 108 63
179 181
363 142
122 83
412 133
281 130
195 196 804 5 991
185 82 419
435 63
21 22
184 82
132 133 553 306 212 286
5 63
425 79
84 63
680 664
116 374
129 777 918 919 168 42 52 197 198 200 201 202 204 205 206 207 208 594 851 95 96
816 521 138
48 49 51
142 574
413 405
380 158
6 7
83 166
75 222
460 269
521 5
301 174
129 42
160 238 239 210 243 242 159
498 341
283 143
301 406
88 494
46 47
122 428
116 166
138 860 253 7
585 291
170 252
192 263
326 327 328 11 401 307 21 22
363 357
2 549
488 422
32 230
289 163 71 72 433 50 434 51 85 373 181 153 218
107 468
639 47
418 166
192 285
778 174
284 406
369 53
339 116
67 68
488 333
50 51
3 195
76 254
212 55
80 15
453 567
639 47
138 287
194 3
97 171
141 7
609 266 267
409 306
108 284 63
201 129
216 43 435
67 68
171 117
89 303
104 105
114 115
75 260
49 319
901 166 136 137 170 171 337 338 915 252 116 438 439 117 339 340 124 861
46 430
195 133
88 334
257 519 493 84 153 284
282 59
26 495
171 117
212 302
66 358
59 4
456 412 982
65 355
813 122 59 860 253
106 83
96 378
107 188
64 4 175
306 244
378 391
412 244 132 253
96 129 197 198 199 200 201 42 203 204 202 206 207 208 168 205 52 95
173 414
88 146
80 134
184 129 130
128 22
168 573
265 441
132 213
114 115
49 373
569 130
152 439
554 483
64 306
291 427
304 305
720 377 380
216 561 460 223
930 270
49 334
212 132 286
67 68
174 519
430 447
82 300
521 156
136 456
212 302
289 163 72 433 50 434 51 85 373 181 218
328 22
920 41
89 90
97 117
217 140 270
173 494
21 22
360 361
114 115
932 159
334 303
558 582
64 4 60
71 433 50 434 51 181 373 218
18 227
233 53
212 132
67 68
147 53
161 138
171 549
306 212
171 116
380 175
21 22
272 412
136 438
282 3
185 419
409 7
263 815
237 159
125 46
284 367
64 413
441 276 414
302 94
122 187
509 70
829 301 406
177 178 179
429 430
441 177 178 179 345
122 235
82 163
36 29
124 439
144 161 475
170 438
114 115
483 341
257 129 284 366
155 413
99 100
810 90
307 724
269 341
284 309
233 61
449 273 47
337 338
58 686 138
412 4
656 420
36 879
105 19
155 821
161 542
291 420
107 491
49 51
74 331 75 332 298 249
456 171 116
13 87
259 455
257 213
97 620
3 4
409 286
291 573
67 68
380 7
17 291
45 526
304 211 212 739
108 5
318 315 86
180 157
224 283
75 108
304 106
130 82
317 310
194 3
163 71 433 434 51 181 153 218
97 212
560 283 519
881 138
510 191
496 156
67 68
3 196
897 301 893 406
122 148
67 68
174 519
281 291
48 49
467 422
88 211
49 334
600 159
169 494
296 451
121 102
161 182
142 15
344 181
152 428
19 134
321 322
48 444
64 138
136 438
197 5 711 972 404 185
96 129
84 71
306 212
428 471
69 70
220 182
304 372
75 310
96 94
496 378
488 559
168 352
24 63
269 317
3 195 196
180 158
233 557
18 315
145 187
52 821
114 251
108 356 284 63
48 49 51
18 167
330 475
24 29
323 46
179 414
200 777
321 322
232 233
212 55
212 55
26 27
449 447
171 549
369 538 233 53
161 174 406
521 7
88 50
233 538
160 106
67 68
341 135
284 309
509 510
76 77 48 49 51
296 87
114 319
116 439
304 303
281 378
816 138
107 358
266 267
108 133
180 157
901 439
454 63
161 821
58 139
22 231
748 679
234 83 84 85
274 323
24 161
521 138
556 45 566
64 59
257 107
251 182
369 378 105
283 69
466 62
328 21
184 130 107 82
154 63
697 223
405 167
115 334
201 499 62
108 5
177 178
3 5
83 187
529 7
291 564
563 427
330 639 47
554 135
848 49
554 483
99 100
64 4
67 68
136 41 76 77 438 254
296 183 391
59 699
208 96
408 527
424 334
377 182
163 391 104 297 296 105 396 277 182 216 378 284 61
3 195 5
227 308
145 187
860 686
324 103
553 212
810 3 5
130 291
108 63
64 413
483 135
104 378
129 777 802 168 42 52 821 197 198 199 200 201 202 203 204 205 206 207 208 594 95 96
459 63
169 130
264 114
75 269
315 406
235 284
860 933
233 266
88 155
129 198
291 564
497 452
122 83
893 406
76 254
369 105
264 528 926 418 548 424 172 48 49 443 444 445 319 77 334 848 486 362 114 115 246
161 70
140 165
369 53
64 138 287
224 1
341 135
104 378 87
42 86
3 5
304 90 64 572
97 90
369 53
153 284 63
104 395
240 239
97 171
909 919
129 495
41 76 77 254
361 442
195 196
284 84
114 443 486 87
179 414 215
405 102
201 95
341 135
87 511
89 90
166 136 137 170 171 337 338 339 252 116 438 439 117 340 124 861
354 126
265 62
1 222
83 532
474 461
728 465
329 330
133 302
116 117
368 362
833 3
114 334
434 181
173 94
64 897 3 4 5 406
107 468
418 548 486 264 424 362 77 528 49 114 48 115 246 443 444 445 319
97 212
32 36 40 24 30 31
264 115
170 171
178 179
369 395
64 138
401 69
412 4
721 609
34 35 546 36 39 40 41 26 27 28 30 31
82 63
3 14
165 175
171 134
161 60
85 583
380 7
170 116
243 159
425 29
122 148
394 534
482 3
372 364
424 264
283 341
129 52
67 68
429 46 47
106 250
67 68
96 821
122 83
97 212
213 174
132 133
680 81 664
499 574
114 339 246
532 255
377 398
192 852
441 451
724 93
193 3 195 196 412
181 279
129 95
141 447
64 212
376 81 664
67 109 110 112 113
250 107
466 15
88 519
120 49 77
69 509
3 195
388 199
289 163 72 433 50 434 51 85 373 181 218
449 217 270 41
170 252
241 212
472 473
600 159
106 283
211 372
165 175
67 68
129 821
833 5
827 5
769 102
587 3 5
652 302
114 115
88 116
232 731
89 90
92 358
1 317
104 378 251
51 644
454 42 428 494 334 116 24
306 59 212
165 430 47 16 46 274 217
307 14
188 108
16 141
64 3 5
816 860
36 30
173 494
116 166
64 5
46 462
171 117
739 212
482 306
52 45
973 510
284 143
20 13
425 275 46
97 170
272 273
136 438
304 97
860 686
146 107 406
418 87
304 90
29 31
185 70
170 330 368 81 115 341 22 29
97 171
369 53
3 4
138 860
456 116
897 174
170 117
312 216
821 95
266 267
522 135
291 707
434 50 51 85
496 474 435 420
91 92
284 167
26 27
334 951
496 171
953 510
122 83
36 30
296 297
17 133
97 611
3 5
530 142
49 246 319
59 108
171 116
215 204 343 378 61
353 343
304 372
881 686
22 23
258 290 181
433 434 373 181 218
301 406
209 212
312 189
86 310
22 23
54 15
153 284
67 68
74 75
160 211 159
58 306
116 117
161 146 107
289 434 163
174 23
816 138
65 350
66 169 426 427 458 173 841 459 402 563 286
136 41 76 77 49 438 254
129 431
122 860
107 188
170 116
181 167
24 29
808 133
448 273
48 49
281 173
205 821
146 43
65 7
223 87
43 757
49 51
363 142
114 251
41 27 39
664 81
129 777 168 52 821 197 198 199 200 201 202 203 204 205 206 207 208 594 95 96
642 421
210 212
48 49 334
672 419 550 711 680 510 551 107 81 82 664 185 474 668 190
395 390
124 173 62
264 528 920 926 418 548 424 172 48 49 443 444 445 319 77 334 848 977 486 362 114 115 246
96 821
212 132
641 125 639
550 551
334 319
161 188
336 335
22 23
64 521 57
297 378
114 115 172
138 139 287
378 62
420 29
161 114
161 84
171 117
272 133
193 3 4
64 138 47 304 211 372 212
901 979 116 438 861
412 133
97 212
97 439
249 298 260 261
98 324 103
362 115
201 777
331 861 901
30 439
553 132
67 68
67 68
64 47
441 451
522 135
122 83 84 85
83 423
438 166
3 195 196
212 59 132
114 443
181 263
456 114
88 154
321 182
195 5
104 390
129 594 87
52 741
168 343
97 418
662 503
368 362
245 237 239
169 130
866 60
250 107
28 31
67 68
400 169
161 188
3 195
274 429
283 143
484 215
41 252
122 83 284
164 84
140 165
425 116
3 5
140 47
65 7
486 424 264 77 246 445
301 893
22 327
497 499
301 174
521 138
897 301
274 141
32 428
83 187 122
532 341
897 301 174 406 893
829 301
286 287
257 83 212
75 222
129 366
184 130 63
395 62
613 72 50 85 475
64 3 572
21 174
104 296
22 23
273 270 47
171 549
296 396
395 182
212 412
49 334
97 428
180 14
184 250
72 49 434 50 51 85 88
289 163 71 234 85
449 430
169 130
339 340
460 332
171 439
96 821
833 3 5
171 338 339 116 117 439
5 143
417 260 261 326 327 328 778 11 174 401 307 724 21 536 539 93
130 494
178 179
376 81 664
276 173
192 278
232 233
514 174
301 445
376 81
88 146
378 61
67 68
152 33
22 23
129 155 821
82 358
18 951
212 55
810 59 55
288 21
64 60
136 117
302 174
114 115
211 133
322 62
161 378
57 59
18 75 222
256 283
196 7
459 63
458 402
827 5
96 821
808 133
138 22
860 686
97 90
16 47
441 276 414
821 918
21 22
67 68
833 3
3 4 860
148 213
196 5
161 167
25 36 29
18 19
67 68
161 285
128 378
64 57
322 62
64 244 253
18 2 226 284
365 433 50 434 51 181 373 218
64 5
52 134
185 510
181 263
434 181
472 473
122 83
289 613 432 84 405 85
173 87
116 117
453 567
386 391
306 59
212 309
29 22
341 135
56 60
409 413
174 327
3 4
134 166
26 31
200 821
640 639
266 13
283 358
80 6 7
192 181
48 49
14 327
544 130 169 402 184
72 50 51 83 85 122
259 435
24 33
114 319
523 564
211 159
50 85
160 211
82 330
3 5
149 150
369 84
71 434 50 51 85 153
145 493
80 220
347 292
302 598
363 556 45 366 20
140 270
321 182
744 517
553 306 212 286
105 394
265 441
860 686
129 108
217 447
105 390
848 548
48 49 51
109 479
508 244
376 81 664
160 234 235 236 237 238 239 240 241 210 211 244 243 242 245
1 222
860 686
289 163 434 84 85
833 196
134 558
64 3
22 327
901 754 979 116 438 861
720 183
104 395
739 212
160 159
8 250
49 51
170 116
74 75
210 108
194 3
26 37
368 262 31
90 303
233 538
212 287
75 260
484 215
283 356
67 68
59 686
96 821
59 3
26 27
603 499
336 141
321 182
250 212
583 63
249 74 75
242 235 237
106 821
451 435
97 212
266 13
97 171
185 63
500 407
378 182
376 161 475 664
212 286
11 21 22 327
48 49
816 81
201 778
97 330
212 133
547 398
829 301
315 421
304 97
395 182
115 319
96 821
483 135
358 143
145 255
166 136 137 170 171 337 338 339 252 116 117 439 340 124
67 68
195 6
289 234
65 7
194 3
3 5
514 174
716 22
141 430
377 386
313 86
22 23
160 159
412 59 132
412 413
284 63
173 414
700 333
424 264 114 115 982
272 409
499 247
136 137
227 75 19 222 223
304 108
49 76
72 50 51 85
362 115
184 130
138 860
425 282
129 594
115 334
467 422
448 274 47
88 423
385 389 296 297 105 182 378 379
130 451
160 241 159
720 158
435 534
212 412
281 15 87
412 284
586 494
285 279
200 281
171 116
521 138 60
212 302
171 116
124 173 62
20 13
160 159
337 439
8 162
833 5
80 166
64 3 4 5
5 972 4 413
16 275
329 460
451 516
29 439
363 45
64 272 4
41 76 77 49 754 438 254
602 167
282 7
821 198
270 47
372 102
132 133
8 431
152 656
49 51
114 548
545 586
216 310
135 108 367 283 434 84 373 374 87 122 59 284
106 181
181 150
296 19
130 527
174 22
129 347
810 212
666 175
369 53
212 647
321 182
425 211
57 4
3 5
409 3 4
171 549
498 812
165 175
357 109
115 421
67 68
544 184
97 90
330 259
282 59
106 83
380 182
289 434 163 85
434 71
28 52
857 534 361
141 47
3 195 5
893 406
412 3 4 193
265 266 268
302 14
210 245
64 60
357 330 363 45 82 122
59 3 196 5
154 933
394 380
67 68
49 114
108 5
362 334
264 445
720 380
233 62
378 293
428 471
114 487
141 46
196 175
161 148
301 174
317 310
184 216
451 543
59 196
114 115
217 447
656 38
514 174
378 182
376 81
32 83
339 117
52 918
744 103
20 13
170 171 116
250 311
171 549
336 593 335
185 711
36 439
65 6
410 339
284 143
352 180
64 4
361 214
67 68
83 334
58 287
18 315
59 4
9 142
88 49 51
765 542
609 805 266 267 778 499 247
378 61
96 821
67 68
339 933
243 235
48 548
553 306
37 30
550 174
664 81
122 111
296 391
413 7
155 156
301 893 406
296 19
926 334
22 327
339 439
345 179
170 116
97 212
3 5
28 52
474 435 420
302 174
981 262
83 79
330 259 108 475
212 55
80 79
122 83
810 286
212 55
301 406
21 22
24 161 29
67 68
77 486
184 910
108 237
312 613
57 59 60
3 4
67 68
161 427
744 517
69 510
84 284
64 846
729 22
609 265 266 267 233 53 441
97 171
106 174
192 345
691 223
808 133
260 261
3 4
41 26 27 39
161 37
386 388 296 297 381
134 446
330 475
668 510
72 49 434 50 51 85 88
170 117
16 217
216 129
341 406
89 90
357 639
810 59
720 377 380
82 357
129 166
88 519
59 3 5
663 63
435 421
439 87
656 281
67 68
361 499
69 70
263 63
378 285
161 459
56 212
64 3 4 5 972 413
827 3
516 169 459 179 276 441 414
67 68
516 94
3 4 5
266 20
114 334
11 21 22 327
114 319
522 373 135
114 115
212 372
192 181
459 87
602 887
192 150
441 276 414
192 180
88 155
64 3 5 212 286
114 334
122 83
89 305 90 303
821 166
459 543
140 429
187 255
521 60
496 161
82 358
377 61
507 142
18 308
250 406
283 133
8 213
369 53
130 291
283 213
49 51
394 386
441 499
64 139
301 406
104 369 105
257 133
98 324 301 103
488 333
957 934
554 341
376 81
519 174 135
49 51 77
82 108
107 161 43
233 53
16 140
291 573
210 964
27 36
72 434 50 51 85 88
67 68
258 402
65 217
179 215
696 229
30 439
369 105
82 357 639
130 291
409 3
957 934
169 130 279
233 441
171 116
264 439
170 115
134 582
24 25 26 27 28 29 30 31 32 33 34 35 36 37 38 39 40 41 591
405 534
272 3
160 234 235 236 237 238 239 240 241 210 211 244 243 242 245
72 50 51 85
474 964
306 59
516 14
409 7
136 76 77 49 438 254
41 26 27 39
331 557
72 50 51 85
523 564
860 686
171 549
369 53
200 129
460 757
369 53
424 304
449 46 430 16 47 273
425 47
339 340
64 212
352 385 162 519 106 204 237 364 281
498 549
272 59 212 739
75 460
41 26 27 39
521 138
130 451 427
339 116
212 215
122 159
170 171
50 51 85
953 510
459 516
304 63
171 486
474 36
359 333 526 407 700
97 212
168 281
304 97
216 222
171 117
67 68
449 141 46 47 273
129 166 52 281 31
289 163 234 434 85
88 156
160 211 159
64 3 4 5 409 282
81 82
754 861 901
3 4 5 860
553 59
380 7
17 425
289 122 59 253
67 68
395 182
21 22
304 925
330 364
928 238 927
172 334
901 979 116 438 861
130 47
144 549
108 231
123 124
274 323
522 483
88 49 51
12 662
56 212 55
64 3 5
107 301 406
49 334
341 135
100 405
3 103
194 195
144 475
322 62
884 166
97 340
24 29
272 306
19 75
625 410
107 420
21 22
467 422
890 301
412 244
116 117
6 7
114 115
734 327
317 222
171 117
492 118
65 170
412 3 4 193
232 345 179
100 63
289 163 71 72 433 434 50 51 85 181 153 218
416 415
901 166 136 137 170 171 337 338 915 252 116 438 439 117 339 340 124 861
272 244
211 235
281 170
250 59
330 475
3 991
184 5
46 462
348 181
964 237
468 22
161 540
41 26 27 39
180 343
124 439
560 519
328 22
67 68
147 53
328 22
16 165
233 538
207 295
64 413
43 406
49 41
177 178 179
181 150
296 284
75 691
296 284
524 293
369 53
182 62
130 459
395 182
322 378
195 804
286 287
928 927
666 413
212 55
3 5
281 465
420 653
362 334 303
1 18
429 47
428 262
616 107
448 449 323 140 141 430 447
499 247
8 20
21 22
216 189 223
483 341
122 83 85
720 377 380
82 300
289 163 71 72 50 434 51 85
338 6
121 18
148 367
860 686
272 244
99 405
488 333 501 407 700
3 860
24 34
180 158
302 174 14
48 114
75 223
317 222
347 182
537 21
340 166
67 68
107 301 406
64 5
434 71
136 438
200 821
369 87
897 406
66 494
202 909
48 49
64 4 860
184 130
161 394 297
3 4
284 334
570 250
213 22
37 30
291 207
521 138 60
67 68
114 319
216 435
165 46
250 148
105 322
161 117
699 286
170 116
218 85
122 116
18 311
3 5
439 7
821 95
64 846 4 60
212 950
308 589 207
881 138
212 302
136 339
59 87
67 68
304 303
544 130 184 402
82 357
160 159
62 214 183
17 425 284 309
483 420
589 37
170 639
170 124
67 68
107 460 757
816 686
219 308
202 821
3 196
409 413
184 130
67 68
893 174
860 686
108 284
550 70
184 199
144 173 94
568 291
233 558
852 343
220 173
12 22
257 255
232 258
18 311
369 53
108 116
302 14
184 130
26 39
45 359
67 68
386 381
444 39
449 273 47
114 334
177 382
66 841 426 427 458 402 563 569
810 59
129 821
105 322
108 63
283 255
76 438
194 3 412
401 261
369 53
8 511
59 63
96 219
49 50 51 85 88
928 238 927
508 244
184 130 366
235 284
108 63
88 423
544 88
212 846
488 559
21 22
932 159
227 63
336 335
664 81
833 3
754 979 471 120 861
401 21
217 108
483 341
67 68
24 28
67 68
347 207
212 133
405 102
5 413
373 87 135
180 158
64 409 59
3 5
161 154
448 449 140 141 430 429 447
424 264
89 286 303
168 232
65 7
163 71 433 434 181 373 218
266 20
744 517
185 299
369 322 233 53
550 510
821 206
24 29
376 664
441 227
352 96
361 214
52 821
347 207
96 129 197 200 201 168 207 208 52
257 129
301 406
67 68
140 47
139 287
107 188
150 7
3 860
451 543
304 90
369 53
154 63
212 950
289 234
811 302
537 373 87
115 339 291 420
369 53
93 174
345 179
212 55
13 87
194 827
184 130 173
130 427 173
18 86
28 94
354 126
881 138
368 152
368 152
881 138
41 27
18 75
139 686
41 26 27 39
132 133
107 406
76 254
289 163 71 434 84 85
334 246
45 359
89 286
64 287
172 6
46 47
652 255
89 90
857 250
289 163
129 777 168 52 197 198 199 200 201 202 203 204 205 206 207 208 594 95 96
64 4 60
202 95
827 196
272 412
24 29
196 5
522 135
481 82 495
114 362
232 177
41 439
304 90
212 6
284 309 367
107 188
529 6
553 59 212 286
292 295
3 253
495 87
196 7
435 461
114 334
180 157
272 738
212 412
482 739 810 139 55 56 57 60
196 860
448 430
104 394
64 4
522 483 341 135
544 295
729 22
234 829
52 119
281 170
195 4
369 53
354 126
4 413
67 68
337 439
22 23
810 90
459 421
363 142
600 159
720 398
291 573
418 362
184 5
570 452
41 418
824 453
67 68
24 29
451 814
521 58 686 138
3 5
456 6
64 47 304 211 372 212
76 334 48 49 51
296 284
130 291 451 427 715 173 459 569 184 281
819 63
161 860
115 334
530 499
108 494
288 82
283 813
28 29
448 449 140
372 47
434 181
59 413
108 341
210 237
67 68
108 255
116 117
401 261
108 334
369 53
264 334 246
212 412
861 439
64 287
378 182 62
253 303
3 5
107 191
28 918
474 356
328 22
64 4 409 58 860 253
72 218
499 431
302 14
369 53
3 5
114 334
352 322
139 212
514 174
368 262
603 363
29 38
133 63
544 673
21 93
901 136 331 817 754 116 438 252 861
930 165
330 259
134 494
3 5
65 451
123 124
114 115
170 6
434 373 181
108 63
184 130 372
161 31
486 424 264 334 977 444 445
196 413
65 125
15 182 391
420 653
76 254
185 69
291 108
3 4
418 63
58 212
75 222
860 686
169 435
553 132
22 215
96 821
212 412 286
409 413
451 543
827 3
317 223
3 5
90 286
22 23
107 406
508 244
330 259
104 296 284 61
97 171
302 174
97 171
346 158
3 4
18 83
363 499
48 117
171 252
101 103
18 19
257 82
201 778
49 76 77
67 68
16 449
289 50 51 85
281 15
185 510
18 222
232 177
948 182
495 87
177 178 179
412 133
866 60
250 106 83
482 306
458 402
96 129
720 377 380 297
425 148
490 7
352 180
602 84 87 167
64 4 5 587 63
192 181
441 451
144 330
116 166
195 5
158 7
306 211
8 570
3 860
172 334
146 107
482 813 55 56 58 860
116 861 438
291 485
207 295
609 467
165 430 47 16 46 274 217
3 196
72 49 434 50 51 85 88
179 215
449 270
306 59
57 60
346 181
89 305 810 90
266 13
136 41 76 438
296 388
512 347
67 68
881 175
161 475
67 68
64 90 4 60
367 143 84 249 283
250 108
185 70
425 31
97 171
88 146
106 107
409 412
99 324
378 62
88 155
964 143
52 142
860 686
216 6
76 254
161 174 22
82 330
171 116
285 181
250 222
64 272
369 53
129 821
680 81
46 270 47
848 206
184 130 22
250 108
322 62
306 412
602 167
496 250 435 366
116 117
17 425
49 77
233 53
212 5
424 264 977 114 115
41 27 76 30
16 824
34 29
59 212
3 5
3 588
3 5
99 100
138 299 686
131 263 278 150 279 285 179 180 192 215 344 345 343 347 348 346 350 351 352 353 349 232 123
37 30
3 4
132 133
451 213
456 97 170
211 406
80 63
140 47
395 182
3 196
522 135
488 700 333 407
114 334
67 68
180 181
88 494
138 282
424 445
65 142
352 88
185 419 254
507 142
41 26 27 39
67 68
74 757
130 459
449 270
144 134
21 93
433 434 181 153 218
138 686
72 71
171 117
67 68
114 334
827 3
67 68
13 359
168 96
5 7
118 119
232 281
137 338
216 75
326 328 11 307 21 22
130 83
216 460 269 223
300 7
448 449
897 406
296 369 322
84 47
114 246
82 63
810 3
64 161
769 98 355 100 101 102 354 641 324 709 99 619 405 125
65 125
212 286
122 547
857 367
3 5
114 115
608 250
114 115
195 6
369 897
3 195 5
369 53
52 94
3 196
232 285
106 83
26 27
249 331
17 45
138 686
810 827
250 356
386 381
114 319
98 101
161 171
16 335
20 143
122 69
339 116
35 435
257 250
532 166
458 563
107 188 301 406
243 159
184 420
193 4 412
315 86
107 406
306 59
41 371
652 255
435 479
30 439
179 215
107 406
16 449
483 135
257 297
162 361 567 570 571
76 254
281 15
180 343
258 402
353 346
184 521
64 7
106 148
292 295
412 482 699 810
74 75 460 222 223
99 324
306 55
129 14
289 434 163 71
108 63
136 137 171 337 338 339 252 116 437 439 440 438 117 340 124
83 116 166
56 212 55
435 422
264 528 418 548 424 172 48 49 443 444 445 319 77 334 848 486 114 115 246
508 244
67 68
37 439
142 15
122 213
274 323
216 435 821
8 366
490 7
833 413
755 662
348 182
107 406
334 303
289 163 104 296 277 216 61
134 446
281 202
570 452
395 182
616 148
530 422
245 237
96 202
67 147
251 182
107 174 893 406
426 402
168 204
57 55
64 90 4 60
170 116
59 212
401 261
377 394
308 348
232 15
442 106
184 199
90 303
708 20
194 3 195 196 5
25 36
833 3 5
171 252
155 174
97 303
283 367
208 202
83 166
161 485
323 141 335 336 274
24 27
412 244
184 130
483 135
861 438
369 53
304 59
192 157
223 87
232 293
444 334
107 435 366
3 5
91 109
171 439
106 83
41 76 30
188 22
72 49 50 51 85
296 297 386 381
59 212
155 364
180 157
289 163 433 434 181 373 218
104 296 284 61
897 301 406
64 3
42 43
860 686
266 267
829 406
322 395
148 423
52 45
644 405 655
264 115
35 55
14 22
67 68
700 333 407
20 13
330 259 475 63
114 115
260 261 74 75 298 249
304 97
122 83
138 175
67 68
67 68
380 398
821 198
105 378
75 367
129 363
184 354
171 116
429 47
212 132
105 322
784 83
739 212
58 55
64 497 212 6
233 53
3 5
346 187
106 213
281 15
246 319
388 158
757 143
147 53
418 87
514 174
546 29
104 527
129 821
304 97
977 334
833 3 5
115 319
144 485
306 686
116 117
362 117
860 686
266 20
18 220
122 284
170 116
170 117
434 181
860 686
274 46
122 116
184 89
362 117
412 517
1 222
161 146 107
171 213
257 130 107 366 406
42 213
233 266
449 270
171 117
234 829
3 4
274 429
372 156
122 83
257 213
19 183
522 341
116 117
48 444
144 470
97 171 116
272 212
901 754 979 116 438 439 861
18 227
848 206
369 53
52 109 110
212 133
41 439
250 45
953 510
64 3 286
495 84 87
137 166
122 284
174 495
114 982
521 175
170 116
201 66 563
281 233
138 860
114 982
212 412
97 90
77 334 48 49 51
114 115
76 438
250 83
482 3 5
141 430
184 327
708 701
75 342 310 312 216 317 223
18 148 154 672 296 170 174 46 47 175 703 454 327 78 356 108 368 116 250
3 4 5
70 326
378 279
434 71
108 134
39 41 821 86 444
129 777 168 52 821 197 198 199 200 201 202 203 204 205 206 207 208 594 95 96
184 130
11 357 639
6 7
344 279
8 20
412 3 4 193
409 413
24 29
175 396 165 47
289 72 50 434 51 181 373 85
363 821
282 686
499 431
107 468
108 134
97 418
475 405
58 138
166 134 136 137 170 362 368 337 338 115 117 28 29 31
177 178 179
434 289 234 85
49 418
89 90
67 68
120 754 861
328 326
369 53
499 431
3 4
67 68
67 68
250 531
48 49
3 195
52 45
516 207
496 21 22 231
526 407
3 196 5
380 158
422 363 142 497 530 467 499 603
181 263
106 282 253
339 988 412
162 667
60 813
444 821
931 239
108 405
241 12
101 405
6 7
233 53
211 372
860 933
22 231
194 3 5
668 70
435 420
642 213
91 63
122 284
395 182
172 117
59 405
521 306
160 159
46 462
490 7
282 212
322 395
824 265
283 270
3 413
306 413
833 146
41 246
281 130
259 411
35 55
184 279
48 87
216 129
721 766
373 374
46 430
108 87
323 46
3 5
64 60 5 846
282 495
174 135
185 510
116 63
21 22
75 261
488 559
72 50 51 85
1 222
213 727
272 412 132 133
192 158
49 76
138 195
216 691
124 439
9 10
833 3
97 212
67 68
901 754 979 116 438 861
82 250
200 343
16 821
114 115
3 4
97 90
185 82
96 219
238 63
336 16
264 170 427 339 115 319
304 130 184
283 663
500 359
777 378
356 47
281 233
804 253
116 439
65 6 7
250 63
483 439
241 210
193 3 412
434 50 51 85 88
132 950
281 130
82 22
64 409
616 423
64 257 4 5 553 138 366 211 212 286
50 51
3 195
35 55
67 68
369 53
347 158
720 380
170 367
42 43
380 7
509 510
739 810 55 56 57 59 60
833 5
380 158
213 270
64 666 3 5
65 7
3 412
96 821
3 196 5
106 83
21 22
272 132
140 270 430 47
192 263
115 246 334 319
52 119
289 161 234 244 533
122 357 82
314 18
73 75 260 261
67 68
139 60
18 315
304 330
67 68
377 182
122 116
106 83
97 212
466 62
250 821
418 115
288 93
134 108 558
395 380
216 222
233 53
425 446
136 861 438
922 413
169 459
321 322
418 548 486 264 424 362 172 77 528 49 114 48 115 246 443 444 445 319
3 196
59 212
193 3 195 196 6
212 286
307 70
338 116
180 158
166 170 368 115 29
233 62
369 53
171 116
328 22
116 117
521 282
808 133
48 49
97 171
153 459
435 130 821 181
3 60
6 7
232 233
10 530 214 952 958
282 7
560 283
97 339
369 53
304 184
266 20 13
201 778
201 52
129 52
134 6
216 461
306 59
305 810
306 133
107 22
67 68
64 409
173 414
233 53
336 335
363 431
337 410
64 138
484 765
120 754 861 471
152 656
49 334
378 151
108 821
211 159
497 499
59 212
310 223
169 173
81 175 287
131 181
401 21 93 22
193 195
122 191
380 286 175
467 422
212 372
787 207
409 6
21 22
138 860 253 7
354 101
208 202
67 68
330 92
4 103
3 827 195
289 234
810 286
309 134
37 30 31
233 53
116 821
496 171
372 324
237 239
49 483
3 4 413
130 173
200 198
345 201
75 342 310 312 216 317 223
129 166 52 281 31
321 617
97 212 132
237 239
129 594
130 803
118 119
42 197
96 219
232 233
59 108
857 662
848 48
67 68
81 82
481 170 47 82 339 639
810 175 212 59 286
715 173 87
141 47
521 138
194 5
20 13
897 406
64 409 58
45 359
521 138 174 21 22 23 93
48 444
216 269 222
59 286
245 237
16 165
192 151
97 418
257 107 366
522 341
3 196
67 68
410 91
488 559
155 156 174
129 821
3 4
521 138
194 5
544 818
521 138
431 499 247 505 957 766
330 639 47
65 306 7
284 367
184 82
401 260
170 171 116
174 301 406
465 378
461 334
170 116
378 62
106 83
87 511
953 510
184 199
821 198
465 484
857 363
369 105
260 261
114 115
686 7
67 68
301 406
561 85
42 86
334 63
70 510
266 13
141 7
833 3
196 5
441 276 414
292 295
283 590
41 362
170 171
848 206
8 162
177 418
107 188
180 158
449 430
156 45
104 527
67 68
164 613 106 428 494 442 146 83 435 181 534 18 88 250
233 538
274 323
250 435
538 461
171 471
616 22
76 254
816 686
923 54
75 318
67 68
12 431
306 59
341 135
324 103
482 212
237 239
435 549
357 639
813 951
207 295
146 18
368 24
322 395
602 284 167
121 19
810 306
105 378
833 827
953 510
296 83
283 75
80 446
136 97
301 406
105 395
434 365
175 287
152 24
144 341
3 5
553 212
937 291 87
92 109
406 22
496 352
833 827
146 107
897 301 174 406 893
18 308
272 739 212
67 68
67 68
108 334
893 406
545 818
129 821
9 12
107 406
264 281
267 499
48 49
451 435
250 45
160 211 159
734 327
16 217
171 116
456 334
475 357
177 441
827 5
97 76
306 7
233 267
41 27 39
264 528 920 926 418 548 424 172 48 49 443 444 445 319 77 334 848 486 114 115 246
376 412
65 6 7
897 639
161 174 22
260 21
49 51
897 406
65 529 490 7
3 7
32 199
244 821
283 284
482 212
3 4 413
296 284
141 7
42 52
76 254
49 418 443 246
265 266
116 117
571 20
184 130 366
34 28
141 7
161 148 542
46 430
827 196
48 49 51
97 171
171 439
378 182 62
64 3 5
67 68
114 115
48 49
208 96
149 150
162 20 662
59 412
67 68
272 133
104 369
78 79 80 532 446
197 821
201 499
285 150
369 378
289 163
301 174 893 406
48 444
57 719
361 214
482 212
20 13
72 289 163 85
321 322 105 395 182 378 251 62
115 334
161 363
185 82
358 479
57 139
810 55
64 4
171 117
101 663
136 116
538 53
246 319
538 308
193 194 3 195 833 804 5 196 588 827
24 25 26 27 28 29 30 31 32 33 34 35 36 37 38 39 40 41 589 591
547 907
224 219
283 143
497 530
88 24
522 135
137 338
67 68
250 356
326 327 328 11 401 307 21 22
76 254
162 142
208 96
172 300
108 933
378 182
860 686
522 135
521 413
130 420
41 371
553 306
8 250
285 150
90 934
860 686
192 380
496 115
410 14
395 182
901 136 331 116 438 252 861
915 861 901
81 138
485 564 573
813 413
97 170
241 210
75 342 310 312 216 317 223
306 286
193 4 103
114 115
129 777 168 52 821 197 198 199 200 201 202 203 204 205 206 207 208 594 95 96
378 157
499 206
307 724
507 45
64 4
105 378 379
97 303
33 31
516 494
810 55
136 76 438
378 182
901 136 331 817 754 116 438 439 252 861
25 36
530 363
41 26 27 39
49 76
497 452
510 711
171 549
64 666 3 5
266 20
224 561
26 27 444 39
61 151
208 202
609 267
171 116
177 382
430 47
18 227
972 813 4 413
67 68
272 324
49 548
200 851
329 109
136 41 76 77 49 438 254
184 199
3 813
136 438
369 53
216 250
70 190
88 49 51
419 357 358 330 82 185
67 68
378 180
115 341
369 53
161 289 613 234 106 236 146 84 85 405 122 59
218 367
141 46
8 505
390 7
24 33 27 28
64 60 846
369 53
171 549
124 439
67 68
3 195 5
107 22
185 419 69
553 306
259 411
136 76 77 49 438 254
456 548
380 158
301 125 406
3 413
909 206
563 439
449 217 270
378 251
283 284
211 159
41 114 443
301 893
433 163
49 51 76
122 469
3 5
108 284
3 5
89 305
12 22
248 247
3 5
72 218
301 174
274 323
3 5
283 421
897 639
212 55
216 75
216 75 460 223
146 107
170 339
194 3
28 591
180 382
108 405
931 239
816 138
64 4 184
22 23
514 174
88 475
409 59 253
282 212
490 7
65 6
177 178 179
83 213
66 207
64 212
96 821
897 108
412 133
460 75 188 223
8 20
67 68
211 639
336 98
441 276 414
369 147
82 357
739 212
729 22
122 475
30 439
482 739 422
49 334
289 163 72 433 50 434 181 85 153 218
97 101
16 165
170 116
42 86
139 287
483 341
194 846
475 479
71 433 50 434 51 181 373 218
3 4
336 323
46 462
64 409 138
173 94
821 534
179 215
388 389
88 146 547
114 334
901 331 754 979 116 438 439 861
139 686
216 18
601 451
291 564 485
257 897 107 108 301 366 174 406 284 893
129 198
246 319
270 47
114 115 246
212 55
817 171
30 31
114 334
330 22
130 94
173 94
107 491
286 175
860 413
76 254
75 223
421 652 302 14 625
116 117
170 116
345 263
67 68
144 475 91 92 479
388 199
359 488 333 407 700
56 666
185 315
82 107
88 174
184 250
810 413
281 291
41 114
264 334
181 622
369 233 53
105 322
490 83
269 223
209 138
369 53
360 530
42 43
97 171
3 412
115 246
195 196
37 166
322 395
3 4 413
97 620 304 58 925
122 148
306 55
428 76
59 3
116 117
537 87
170 171
860 686
302 598
248 247
482 212
3 804
431 463 212 309 507
57 59
138 860
130 451 292 293 134 169 173 271 527 465 402 281
197 198 199 200 777 202 203 204 201 168 205 208 594 52 821 95
116 117
65 166
120 25 30 41
98 355
5 860 413
64 3
363 142
108 284
99 101
89 90
212 255
281 233
334 14
64 846
64 130 184
67 68
115 284
38 87
369 53
3 212 5
301 406
154 108
17 306 212
216 129
482 212 412
259 475
162 13 20 662 824 667
154 108
18 19
138 572
114 548
142 7
130 451
30 439
116 439
475 255
224 226 227 315 19 86 311 216 313 219 220 222 223
106 213
881 58
664 81
12 325
60 813
137 465
138 686
96 94
184 130 366
233 62
22 327
616 547
176 4
310 6
65 7
334 114 115 435 246
177 612
41 548
210 156
233 708
328 22
972 413
273 463
434 181
257 108 284
49 51 334
409 59
74 331 298 18 249
283 116
64 5 846
330 107
217 46
67 68
161 510
129 821
321 182
5 108 813
122 5
388 199
284 6
302 119
64 253
435 270 534
96 821
101 405
57 58
544 184
18 220
114 487
75 223
97 171
194 5
648 686
964 237
253 55
301 406
26 11
21 22
456 262
72 434 50 51 85
827 3
570 45
46 270
336 16
514 211
216 75
88 154
174 22
257 108 153 284 63 255
96 821
130 291
115 212
153 85
272 59
456 319
306 212
107 22
153 255
97 212
259 108 475
296 297 388
490 7
49 334
272 133
308 348
64 5
530 12
88 156
153 284
347 181
217 580
474 394 297
94 414
284 15
386 388 296 297 381
48 428
25 28
132 133
96 14
21 22
386 388 296 297 381
165 429
301 406
210 211
64 282
346 347
171 117
97 212
216 691
488 559
282 7
570 675
18 222
466 84
744 517
171 116
101 405
250 420
232 285
96 821
884 166
881 175
75 223
357 639
18 220
170 115
41 252
8 266
45 359
97 132
16 449
138 60
64 3 4 5 138 286
330 109
97 212
330 107
18 213
117 439
64 3 4 5 60
496 366
323 335
272 133
412 4
301 406
369 378
912 82 468 216 189 190 223
376 81
212 302
19 86
301 406
48 49 51 334
301 893
233 369 53 538 62
69 87
739 5
577 161
609 325 267 556 721 755
65 7
291 621 87
306 412
313 86
59 212
787 167
11 21 22 327
178 179
97 303
208 129
326 327 106 11 174 401 307 21 22
312 425
233 53
465 378
561 223
272 59
821 494
59 412 133
48 117
212 133
116 117
67 68
232 173
169 516
237 239
184 130
184 330
34 35 36 39 40 41 27 28 29
739 212
184 129 821
140 47
297 63
67 68
97 212
97 170
282 3
138 93
97 171
521 7
816 686
156 421
484 215
116 124
64 4
4 413
860 686
866 60
97 212 132
175 287
522 135
257 130 232 173 366 378
250 108
161 91 475
170 117
412 413
860 686
106 420
74 331 75 332 298 18 249
283 284
424 334
3 7
345 177 178 179
130 185 431 117 89 188 189
673 431
138 572
860 686
161 749
260 261
50 85
421 191
354 101
76 254
4 813
67 68
816 138
265 266
545 213
3 5
544 431
59 212
289 163 71 234 434
544 184
404 527
67 68
394 62
483 341
522 483 341 135
180 157
5 413
441 276 414
6 7
169 130
160 167
608 549
130 563 276 414
496 171
953 510
141 430
490 7
147 53
326 327 328 11 401 307 21 22
212 55
666 283
488 559
138 686
108 255
116 439
312 425
432 435 366
338 166
234 613
507 700
161 66
561 85
297 63
3 5
64 409 860 521
138 139
901 136 817 754 116 438 252 861
17 425
244 239
860 813
64 409 4
171 549
115 487
175 287
141 429
129 379
664 81
88 49 50 51
184 330
59 253
141 47
60 413
412 4
396 158
334 303
129 777 802 168 52 821 197 198 199 200 201 202 203 204 205 206 207 208 594 95 96
432 153
96 821
202 95
184 130
155 174
141 430
219 197
216 18
296 284 61
64 4 5 846 90
507 142
57 5
106 213
21 22
346 215
696 223
122 547 428 143
833 3 5
233 53
378 251
359 333 407
144 485
109 70
141 46
522 483 341 135
250 107
816 58
64 3
75 223
273 165
386 388 296 297 381
129 53
129 495 87
216 18
981 6
147 53
713 402
93 23
211 159
451 814
139 55
897 406
148 213
138 165
483 341
362 28
516 169 233 459 178 179 276 441 414
152 36 30
88 49 51
330 22
322 378
496 17
304 63
561 75 223
499 460
37 30
144 52
329 330
507 45
22 23
1 317
58 306
197 821
177 293
281 129
326 510
360 530
67 68
174 22
451 814
552 107
810 59
244 237
256 223
549 382
388 199
212 519
289 163 71 72 433 50 434 51 85 373 181 153 218
166 170 368 115 29
291 573
460 332
201 129
58 3
434 71
306 212
467 495
330 639
482 739 810 55 56 57 58 59 60
67 68
369 53
5 7
357 70
282 3
1 499
808 133
9 574
209 212
171 116
257 212 284 286
20 63
185 87
402 427
897 406
99 101
116 166
459 63
170 171
180 157
184 130 82 431
64 3
116 117
52 45
521 58 306 7
59 3
97 212
289 234 270 176 49 306 59 253
158 6
323 140 141 335 336 593 274
108 63
600 159
306 517
456 124
165 175
98 99
333 359
158 215
18 222
64 57
402 427
72 122 547
57 59 60
41 26 27 39
65 490 6 7
6 7
104 233
611 421 297 695 473 251
233 557
163 71 433 434 181 373 153 218
50 51
276 414
64 63
18 219
171 549
165 175
352 346
435 420
322 296 393 216 284 61
161 139 253 287
547 59
17 250 425
283 421
105 378
64 282 5 846
272 133
46 323 270
108 46
88 435
64 881 287
291 485
292 295
70 14
85 405
27 28
68 534
860 686
64 3
29 31
114 63
369 394
860 813
13 574
169 441
108 358
107 269
680 664
108 304 305 406 90 893
106 421
169 459
315 222
860 413
594 956
456 170 6
354 355
401 22
257 213
26 439
106 83
252 439
122 284
491 150
3 860
96 821
580 447
324 103
521 14
328 174 22
25 36
160 211 159
321 182
175 287
79 63
289 50 85
860 413
41 26 27 39
48 49
96 821
107 188
346 179
67 68
171 471
444 39
302 598
184 412
301 174
185 190
115 334
18 220
106 213
69 22
699 950
522 341
138 686
212 286
64 138 244 59 253
459 63
82 63
244 159
291 485
372 100
67 68
64 282 572 253
687 23
257 130 519 153 284 29 162 297 304 330 82 211 88 352 107 366 496 372 250
169 451
720 377
129 777 909 918 919 802 168 42 52 821 197 198 199 200 201 202 203 204 205 206 207 208 594 95 96
184 161
708 20
82 357
128 22
3 196
64 860
96 821
3 5
860 7
210 59
363 45 366
456 116
189 534
67 68
90 303
739 212
302 174
540 79
104 378
441 150
212 302
11 639
64 130
42 86
4 813
216 269 222
258 66 426 427 402
184 821
931 235 927
192 347
17 425
5 253
641 405
67 68
306 686
97 340
96 821
515 475
85 71
250 156
129 95
64 372
3 4 413
857 821
434 71
116 439
129 166 821 281 31
72 49 434 50 51 85 88
209 286
266 20
388 199
860 686
106 83
434 50 51 373 181
409 517
538 190
107 21
49 77
405 63
161 164
545 213
233 7
8 162
57 139
72 49 434 50 51 85 88
170 124
134 558
490 7
521 59
116 166
227 86
337 338
114 334
616 547
322 378
273 310
507 359
337 339
4 60
209 58
336 16
64 3
241 210
56 194
548 341
282 4
297 394 122
98 372
41 30
519 106 108 270 655 174 88 155 156 63
272 860
72 49 50 51 85 88
194 3
283 284
194 196
3 5
184 425
305 90
184 65
378 182
180 382
56 212
72 434 50 51 85 88
3 5
12 93
3 196
245 237
20 13
376 470 6
4 413
739 55
481 510
59 405
281 207
161 170
291 573
432 153
180 382
728 484
897 406
107 188
24 29
434 163
67 147
82 70
210 964
114 982
395 182
136 116 252
107 406
456 170
130 459
379 151
114 334
401 260
3 413
144 420
901 331 754 979 116 438 861
64 60
922 931
251 396
137 166
829 301
435 244
179 215
301 639
482 3 212 5
341 135
3 195 5
67 68
297 380
291 131 516 293 232 169 168 233 204 205 207 15 285
17 106
16 47
377 7
170 116
64 3
451 414
264 114
270 47
321 395
481 21 93 22
296 61
296 284
459 276
591 439
185 250
376 664
456 252
161 338
265 662
138 175
369 53
184 309
522 483 135
145 187
289 434
658 270
126 125 405
20 13
424 264
439 87
406 774
3 4
680 81
59 405
108 45
184 130
129 43
298 906
67 68
368 171
304 89
169 130 279
96 821
129 130
289 234 163 85
901 136 331 817 754 116 438 252 861
184 130
192 350
195 196
281 233
67 68
972 5
107 301 406
289 434 85 71
496 279
475 92
264 334
202 52
376 330
49 51
24 334
499 12
833 3
494 295
212 127
593 335
291 485
3 5
67 68
321 322 182 378 62
67 68
67 68
544 204 184
180 382
369 53
421 302
810 108
49 76 77 254
130 451
76 254
521 58
32 122 428
212 286
505 410
166 143
49 51
250 213
107 188
97 132
170 116
108 173
301 406
184 250
298 906
322 104 105 395 369 378
120 41
224 178
97 115
45 639
85 405
138 686
12 325
217 143
362 334
171 117
153 334
153 108
3 5
482 3 212
169 130
488 530
8 45
171 116
330 475
64 4
361 550 105
67 68
129 166
317 222
412 431
108 493
49 41
189 22
409 6
196 4
8 13
281 341
259 475 63
410 14
901 979 116 438 861
291 7
161 394 62
216 75
544 184
448 449 934 140 430 335 336
170 439
26 439
3 196
202 250
53 815
334 246
74 75
12 142
185 419
3 4
482 212
201 66 441
164 84
324 405
521 686
357 358
881 138
441 500
66 451 130 281 427 173 569 563 276 441 414
232 181
59 212 55
297 378 182
304 305
64 138
262 428 656 471 120 152
451 459
376 81
390 391
232 291
1 298
67 68
158 6
97 90
386 388 296 297 381
512 192
808 133
129 115
455 63
209 212
328 174 22
369 53
233 538
171 116
171 117
24 28
833 3
570 779
170 439
154 63
312 216
211 159
153 85
122 262
257 490
179 414
668 70
50 51
97 212
330 639
200 821
497 452
744 518
593 934
211 159
610 31
184 431
74 75
289 163 71 433 434 181 373 218
260 21
170 439
123 124
3 5
96 821
59 4 813
485 573 823
406 167
680 81
424 77
106 83
328 22
10 559
25 31
82 357 63
3 7
441 499
169 524
482 810 686 55 60
101 405
258 402
264 246
130 715
821 101
720 377 394 380
180 382
115 334
49 76 77
18 951
170 171 116
284 519
48 15
180 181
4 5
89 90
209 127
434 181
330 22
67 330 144 91 92 478
331 75
134 558
272 212
41 444
210 59
6 7
184 82
72 434 50 51 85 88
65 7
185 82 83
283 143
369 233
233 53
282 686
652 119
18 19
136 252 861
260 261
3 196
161 286
357 70
233 53
412 4
11 367
48 173
386 381
64 846
266 268
352 281
594 821
369 53
609 805 13 721 499 501
456 334
129 821
816 881
166 136 137 337 338 339 340 117
8 250
952 958
166 136 137 170 171 337 338 915 252 116 438 439 117 339 340 124 861
101 430
22 23
128 161
833 3
232 61
130 250
16 140
296 297 398 377 380
321 322 378
192 181
67 68
171 108
21 93
318 315 86
521 306
83 212
138 686
435 366
171 116
857 363
22 23
120 754 861
345 179
181 622
570 972 5 134
881 860 686
32 425
16 270
243 159
10 530
232 173
170 338
48 444
69 70
737 87
67 68
67 68
67 68
821 413
160 211 159
283 143
116 117 39
147 53
130 459
41 114
570 755 675
114 115 246 319
422 142 497 530 467 499
169 285
67 68
49 76
291 495
42 52
181 350
170 6
52 125
122 519
114 115 982 926
441 177 178 179 345
555 135
107 22
195 804
641 98 354 100 101 102 324 710 99 619 405 663 125
75 86
600 159
483 341
315 435
396 380 158
474 250
211 159
210 212
321 182
519 107 590 17 250
330 291
388 199
242 239
601 130 459
500 62
778 11
184 258
180 215
400 458
64 129 130 134 304 281 29
160 234 235 236 237 238 239 240 241 210 211 244 243 242 245
91 14
405 63
67 68
10 511
18 220
152 36 30
64 4
482 412
928 927
224 257
257 130 420 107 146 250
953 70
371 548
75 222
76 254
132 133
250 108
166 439
41 252
67 68
122 284
509 510
82 510
418 166 134 136 137 362 337 338 117 28 31
317 222
363 142 431
80 483
6 7
154 108
155 270
211 159
104 378 87
64 4 175
49 41
210 234
97 212
114 371
395 487
901 439
5 3 533
131 181
448 580 165 934 141 430 335
827 3
306 212 412 6
289 163 72 434 85
170 166
107 406
219 197
362 115
136 137 171 337 338 339 252 116 438 439 117 340 124
373 135
217 447
67 68
459 398
177 178 179
32 31
249 298 75 261
196 413
821 206
881 138
285 158
169 516
130 291
169 130
18 227
10 507
481 212
85 167
306 59
321 386 322 105 395 369 182 378 251 62
409 306
184 188
227 86
155 364
50 51
301 406
210 964
616 423
459 494
216 129
3 4
232 233 557 54 62
171 428
378 251
334 246
74 75
124 439
142 359
67 68
52 45
860 143
200 343
388 199
214 183
448 273 46
720 394
330 107
195 413
96 821
64 860
134 558
554 522 341 599
291 420 334 174 18 821 22 88 857 154 253
306 212
499 142
26 27 39
116 861 438
21 22
558 446 582
810 133
561 75
75 117
212 55
306 55
161 146 107
491 406
378 395
339 116
377 180
257 212 133
860 413
233 708
301 406
6 7
609 12
914 957
817 41
88 209
3 196
64 3 5 521 138
93 23
3 4 413
97 132
163 71 433 50 434 51 181 373 153 218
482 810
412 132
115 334
613 72 50 85 122 829
184 330
162 20
3 196
341 87
296 297
282 3
184 420
425 642
460 269
184 199
97 116
153 255
264 334
205 95
107 188 491
96 821
114 115
85 405
366 431
217 165
539 724
257 213
46 462
380 397
64 58
306 175
97 212
48 371
59 3 5
97 170
177 179
488 333 501 407 700
41 439
48 114
49 334
166 363 45 142 52
12 325
412 413
412 413
369 53
59 6
106 107
260 21
369 53
96 821
901 136 331 116 438 252 861
116 252
56 739
609 325 805 267 556 721 467 755
209 286
48 49
8 20
105 322 378
185 474
160 211
97 212
700 333 407
97 418
283 663
122 191
64 138 4 572
648 22
289 253
170 116
122 357
388 199
6 199
189 223
48 169
96 219
153 284
249 298 260 261
195 5
171 302
42 198
50 85
8 250
291 420
171 116
554 483
64 138 304 16 210 211 372 212 89 286 287
523 564
211 159
184 185 130
149 151
172 334
315 435
170 439
521 860
829 301 406
452 453
585 291
739 212
522 341 135
827 5
129 821
216 6
810 286
283 143
368 439
570 453
41 418
21 22
360 467
75 342 310 312 216 317 223
67 68
283 213
118 119
264 977
170 124
49 334
49 76 77
12 325
393 87
160 159
291 358
74 75
330 479
137 171
71 72 367 433 434 85 218
330 188 22
216 441 348
170 330 82 115 22 29
357 639
212 302
67 68
329 109
105 322 395
233 62
180 62
269 310
613 405
155 364
233 53
129 83
104 378
67 68
424 97
306 133
857 363
104 378
668 70
264 246
257 435 549
67 68
376 81
75 691
138 5
497 422
58 59
192 343
483 319
241 237
216 223
369 53
56 59
257 107 460 401 561 21 223
64 409
453 142
173 63
115 548
401 75
255 63
817 412
41 36 30
860 413
257 130 519 153 284 29 162 297 304 330 82 211 352 107 364 366 496 372 250
369 378
161 821
3 103
386 391
435 366 63
41 39
354 250
3 195 5
482 212
81 82
372 405
357 358 91 109 144 376 475 92 479
514 174
22 23
848 206
129 63
848 206
233 538
60 55
18 43
721 701
302 174
444 340
369 53
418 926
29 37
64 60 5
64 3 7 58 59
29 406
96 821
57 59
170 439
174 406
59 860 253
122 84
3 5
272 412 133
160 211 159
64 306 572 253
114 115
56 212
386 391
82 108 63
132 133
247 766 431
133 6
354 99 100 405 125
378 491
59 860 5
302 598
328 22
272 133
184 130
67 68
729 22
24 29
41 27
107 188 406
129 821
322 104 105 369 378
289 72 50 51 434 85
272 4 860
499 431
395 182
43 148
184 122
4 60
897 301 372 406 125
357 63
171 117
460 269
369 105
48 49 76 77
310 223
24 37
881 138 686
684 132
96 821
171 116
116 439
821 95
216 550
64 413
3 196 5
318 315 86
24 31
5 860 413
380 391
146 148
897 301 174 406 893
315 86
617 603
64 3 4
378 62
216 75 269 223
211 236
265 441
64 4 5
59 412
212 412
233 322
441 276 414
483 341
321 386 322 104 105 395 369 182 378 251 62
49 41
185 190
105 395
517 518
148 213
301 406
472 161
285 150
76 254
50 51
297 390
272 133
70 191
130 291
180 382
3 4
266 268
48 114
860 686
131 181
168 821
285 150
652 255
337 338
881 287
41 371
412 5
369 53
19 259 212
64 58
57 60
90 334
810 286
369 53
192 529
64 3 5
171 117
129 821
306 686
288 81 82
613 213
594 95
64 4
30 439
34 29
8 361
64 282 3 212
284 167
70 510
17 250 107 406
395 182
22 167
81 82
376 81
24 29
237 159
122 11
3 195
514 174
296 19
88 46
211 284 47
656 262
49 334
301 174
664 82
482 212
75 342 310 312 216 317 223
821 919
97 286
3 5
145 493
161 211
60 7
97 170
521 22
171 116
28 36
593 335
130 173
157 181
56 60
184 122
307 327
48 49
666 138
26 37
160 242 239
499 500
178 378
330 91
192 158
339 117
451 543
170 439
517 103
148 302
338 116
360 214
594 52
216 75
488 700 333 407
3 4 413
64 409 4 521
482 212
22 23
128 2
416 415
133 519
304 64
3 60
860 686
212 156
80 134
116 319
273 47
160 211 159
236 245
488 10
49 41
72 289 163 85
170 639
130 291 451 281 487 169 459 173 271 184 569
656 428
136 861 438
339 166
521 138 60
74 18
250 63
101 495
330 639
456 252
233 53
410 91
106 341
152 428
292 134 168 233 207 400 401 402 403 180 308 53 404 285
122 187
306 7
178 179
813 413
64 60
13 20 45
115 334
4 60
209 364
212 412
264 334
49 334
339 340
3 196
666 860 813
330 639
821 86
289 163 85
291 131 516 293 232 169 168 233 204 205 207 15 285
451 543
339 639
412 132
197 821
140 934 270 47
18 315
560 283 356
192 263
388 199
777 594
212 59 412
810 303
211 159
260 135 174 401 307
3 5
180 382
306 7
265 267
185 82
810 303 89 90 286
64 90 4
96 821
97 116
113 67 109 478
104 105
378 180
424 264
24 29
341 599
150 151
129 198
3 5
456 77
64 413
129 170 893 368 115 406 29
121 18
412 133
197 129 821
147 53
21 22
129 777 909 918 919 802 168 42 52 821 197 198 199 200 201 202 203 204 205 206 207 208 594 95 96
367 143
154 63
80 483
108 5
73 22
210 212
163 71 433 434 181 373 153 218
281 285
154 108
175 287
744 103
6 7
185 82
18 227
283 75
560 519
289 163 71 434 85
69 22
380 183
449 429 430 47 16 141 46 273 217
170 107 406
82 421
860 686
32 36 37 24 29 30 31
425 435
233 441
171 116
490 7
315 86
209 156
108 63
81 82
105 378
10 526
67 68
547 3 253
130 134
521 138
16 275
352 181
810 55
860 686
330 357
257 108 153 284 63 255
813 103
241 210
369 53
211 421
14 239
67 68
28 117
318 311
286 303
64 59 3 5
81 951
179 158
650 453
860 413
216 223
307 109 70
395 182
177 293
97 212
96 909
327 174 307 531 539 93
88 425
352 180
67 68
58 244
500 45
115 246 334 319
30 439
312 75
67 68
90 925
58 59 253
233 53
64 409
120 754
420 15
17 425
195 5
59 860
388 390
354 355
105 322 182 378
336 335
98 324 103
41 27
120 754 861 901
233 53
617 603
834 63
41 27
833 3
180 181
81 161
301 893 406
8 453
451 814
419 358 109 82 185 510
458 563
317 223
160 964
105 322
827 195
233 538
52 198
739 212
156 23
824 13
521 287
22 23
182 62
250 435
194 827
810 739
441 563
64 5
114 115
233 538
339 639
339 421
154 108
233 53
282 412
52 45
59 245
330 639
460 223
3 195 5
816 521
114 115
148 302
514 174
180 158
537 87
141 447
363 142 499
210 59
369 53
296 297
237 133
216 435
530 467
272 133
338 302
67 68
21 22
73 164
3 5
213 421
347 292
369 53
181 215
224 118
20 45
99 101
201 778
569 527
116 117
136 41 76 77 49 438
72 85
368 161
36 439
97 418
64 282 5 846
115 334
216 75 223
65 170
265 233
130 173 94
181 382
304 184
485 823
434 181
449 273 47
434 181
67 109
424 114
262 428 368 656 471 120 152
257 122
479 63
827 3
96 197 198 199 200 201 42 203 204 202 206 207 208 168 205 52 95
241 211
129 777 802 168 42 52 821 197 198 199 200 201 202 203 204 205 206 207 208 594 95 96
3 5
424 264
107 583
833 59
171 116
195 196
3 196
65 602
161 427
360 530
931 964
48 39
577 161
346 215
243 211
250 22
548 340
336 165
58 7
304 184
171 116
116 166
171 471
212 412
48 438
98 99
161 72 495 84 85 87
305 59
96 821
106 435
906 75 310 312 216 317 223
82 358
953 510
208 96
8 20
170 439
334 367
97 171
257 291
301 174
288 537 299
688 101
18 311
49 50 51 85 88
170 116
50 51
281 15
21 22
552 300
21 22
32 108 29
682 181
250 107 420
334 167
12 957
64 545 184
833 3
160 211
250 171
108 284
377 378
97 212
232 233 266 278 441 62
74 75
114 115
232 233
181 150
580 270 84
161 180
129 52
115 334
208 42
617 603
392 322
216 6
928 964 927
71 433 50 434 51 181 373 218
395 182
456 171
184 612
283 421
258 527
171 549
114 115
289 283
170 439
412 518
165 270 47
171 428
409 139
617 603
36 439
754 471
369 322
40 41
451 459
97 58
378 151
302 22
107 406
64 175
211 159
186 354 355
72 434
264 114 115
84 421
78 143 116 757 475 572 254
147 53
482 5 810 108 212
138 175
720 53
448 800
115 334
266 499
122 235
272 412
289 84
74 75
338 116
82 357
148 302
90 253
116 63
227 484
42 63
75 342 310 312 216 317 223
170 339
88 434 51 85
424 77
219 87
3 196
368 656
521 813
378 251
40 31
901 331 754 979 116 438 861
116 117
8 9
45 366
24 29
6 30
641 639 125 47
187 255
360 361
321 617
233 220
739 212
554 522 341 599
517 518
813 4 413
29 63
553 83
264 115 319
138 860
48 49 444
192 122 181
114 115
3 5
224 178
212 127 55
289 434 71
3 7
18 315
1000 146
304 90
272 212
125 709
52 119
272 553
6 7
3 860
547 804 253
257 250 284
306 132
115 334
367 663
306 7
185 82
330 479
343 215
194 196
857 122 363
418 548 486 264 424 362 172 77 334 48 49 114 115 246 443 444 445 319
161 82
3 324
41 30
897 357 107 301 406 893
57 686
441 179 630
816 686
19 420
67 68
435 413
532 166
639 47
224 75
363 142
521 138
177 178 179
67 68
173 414
210 602
8 250
122 428
475 478
184 130 82
474 82
708 20
34 36
474 30
467 422
237 239
138 175
366 107 284 406
196 5
482 306
76 77
174 135
212 412
49 76
132 133
165 47
233 62
857 250
444 821
115 334
177 178 179
321 322 297 394 395 105 369 182 378 251 62
296 398
24 25 26 27 28 29 30 31 32 33 34 35 36 37 38 39 40 41 589 591
662 511
278 150 279 285 157 179 192 215 344 345 346 343 348 350 351 352 353 232 123
257 132 133 212 250 59
592 97
810 90
96 124
435 420
88 439
441 179
152 36
901 754 979 116 438 861
285 181
108 358 63
114 251
519 87
116 166
28 39
321 322 62
421 166
177 179
901 439
328 22
260 261
394 386
46 323 270
95 343
59 413
106 11
59 860
398 7
232 233
553 132
108 159
212 334
201 563
64 3
81 82
136 116 252 861
369 53
82 639
115 172
116 124
3 195
181 279
21 93
18 311
130 276
17 107 301 406
496 115
114 334
145 255
64 161
17 425
202 63
272 133
104 369
884 117
171 549
580 447
281 129 495 87
376 81 664
87 311
3 195
49 76
273 323
321 378
291 485
648 22
309 134
931 239
369 378 87
334 63
41 27
96 219
71 434 51 373 181
587 3
412 413
67 68
116 861 438
88 18
233 53
200 96
881 686
394 322
209 482
170 117
138 140
130 715
48 49
394 386
144 52
217 270
757 143
544 130 184 402
108 301
321 182
18 227
474 435
302 14
120 471
18 74 75 332
114 115
421 652 302 14 625
169 130
59 412
60 846
41 26 27 39
488 559
41 114
281 130
241 211
136 116 252 861
107 188
3 860
212 6
145 187
352 215
129 821
282 7
376 97
129 166
409 90
352 321
166 170 368 115 29
64 3 138 212 286
219 197
216 296
306 413
252 117
145 547
59 3
243 159
291 167
490 6
170 171
130 366
3 196 5
317 223
99 372
458 239
208 129
8 570
534 191
161 382
108 4
409 139
161 115 334
297 378
490 7
561 491 460
114 115
1 75 216 222 223
139 60
339 171
32 199
74 75
507 142
304 925
341 135
881 138 686
435 244
264 114 334
24 30
76 254
20 551
424 264
848 97
14 447
302 14
58 138
67 68
324 85
833 194
216 223
216 75
336 165
263 815
163 72 50 83 434 51 85
522 341
149 150
752 7
901 136 817 754 116 252 861
192 350
49 319
105 395
413 103
409 282
739 212
408 45
132 133
901 136 331 817 754 116 438 252 861
330 259 108 475
354 138 428 211 405 152 122 59 253 126
60 813
180 157
22 23
972 4 5
378 182
64 83
29 38
777 821
171 439
161 429
212 132
24 439
169 516
40 25
378 62
403 149
365 22
487 95
48 117
59 212
171 549
129 198
937 573
8 20
88 51
577 83
233 178
27 39
106 115
170 117
394 396
264 114 115
591 87
282 59
435 519
289 84 253
264 114 115
193 3 4 5
266 526
985 154
458 402
64 212
145 187
3 5
60 846
49 77
185 410
816 138
71 72 367 433 434 85 218
21 22
130 173
448 46
146 107
808 133
165 430
153 187
301 406
913 467
20 13
64 282 138 59
166 170 368 115 29
208 96
161 52 821
550 70
829 406
161 138 253 881
28 29
161 542
9 45
441 427
57 55
8 162 20
245 239
474 29
114 115
64 138 304 16 210 211 372 212 89 286 287
6 7
122 59
64 3 4 5
284 143
48 548
136 817 754 116 252 861
507 212 431
114 334
142 87
3 4 5
24 26
548 340
88 155 955
216 317
97 303
860 133
339 171 116
274 140 47
142 511
232 378
3 4 413
35 55
184 130
83 69
212 55
129 52
425 749
67 68
410 429
460 332
67 68
482 412
979 166
67 68
720 394
282 59
116 933
193 3 4 412
418 115
141 447
62 214
233 527
217 447
250 108
306 59
126 6
184 129 166
264 115 532 687
848 115
547 234 106 83 85 122
285 150
241 932
483 420 11 79 80 849 498 532 341
180 382
122 85
153 284
65 435
550 82 357 510
22 23
64 60
226 18
321 182
260 261 298 75 312 249
532 341
257 115
96 821
265 266 267 268 499
302 598
302 174
339 116 117 340
88 955
3 5
196 804
334 319
37 31
412 3 4
60 5 846
18 86
116 166
45 247
616 494
8 20
322 395
48 49 334
301 406
18 19
205 95
50 51
451 814
386 388
104 105
328 11 326
82 510
857 122
83 284
499 431
435 167
41 30
67 68
552 300
130 309
282 412
144 414
664 81
18 315
324 405
212 55
233 15
88 211
369 53
897 82 639
107 460
177 178 179
3 4 5
67 68
41 76 254
97 90
3 196
154 108
8 250
21 22
115 319
664 81
122 650
101 118
169 130
98 99 324
138 139
441 819
386 388 381
138 282
41 39
202 821 207
261 951
459 421
117 246
248 662
16 761
88 132
429 46
409 306
161 394 322
993 130
281 207
104 251
553 212
369 53
67 68
810 686 55
114 319
744 517
116 166
49 371
24 29
201 95
8 363
881 138 686
90 413
3 7
848 206
83 22
778 174
262 456 117 25 319
180 263
21 174
48 49
18 222
165 46
184 130
24 36
264 439
57 138
315 86
467 422
395 182
816 138
306 287
185 82
284 309
233 53
88 146
700 701
115 116
282 302
288 93
170 171
474 435
171 117
184 461
17 425
369 53
282 59
6 991
722 230
212 286
91 92
915 117
50 51
107 460
664 81
107 133
129 821
474 26
548 340
184 82
249 331
321 182
160 159
64 282 253
442 250 106
210 84
64 521 138 282
609 232 265 266 267 233
829 301
139 87
439 31
115 134
192 257
334 63
76 254
418 486 264 424 172 334 48 49 114 246 443 445 319
612 271
424 304
931 237 239
507 45 366
301 406
258 131
25 38
250 590
67 68
106 83
482 212
147 300
46 430 16 47 273 217
324 405
474 116
108 63
46 430
59 286
443 334
67 68
282 253
41 26 27 39
67 68
296 284 61
147 300
64 4
3 324 103
304 130 184
180 348
369 378
107 188 366 491
4 413
810 699
239 159
810 59
497 363
424 264
339 38
196 5
233 538
827 3
177 179
89 303
257 130 420 107 45 366 15 82
82 108
475 92 109 478
380 286 175
483 135
303 439
129 777 802 168 42 52 821 197 198 199 200 201 202 203 204 205 206 207 208 594 95 96
321 378 182
159 108 63
168 573
521 138
475 92 111
444 246
107 435 366
321 182
352 364
264 445
196 175
252 117
82 357
1 2
209 739
301 174
49 77
171 29
46 270
833 3
171 116
82 83
255 108 63
122 211
327 11 21 213 22
739 212
80 108
367 143
467 142
322 395
483 420
373 374
136 137 171 337 338 339 252 116 437 439 440 438 117 340 124
211 159
860 686
369 53
227 86
282 55
395 62
233 369 53 538 62
819 534
821 487
260 21
41 76
371 39
108 494
74 75
901 331 754 979 116 438 861
64 195
629 182
861 901
88 50 51 955
560 167
212 284
161 334
58 139
369 53
857 122
64 364
181 215
412 133
161 138
926 334
550 551
421 302
72 50 51 85 88
266 13
296 284
41 444
6 7
212 133 950
115 334
114 115
108 63
21 22
233 53
59 163 196
321 182
352 161 181
207 295
96 129 197 198 199 200 201 42 203 204 202 206 207 208 168 205 52 95
77 334 48 49 51 444
297 388
210 243
419 70
418 115
394 613
96 821
16 275
572 374
22 231
522 483 341 135
829 301
59 212
739 212
3 195 5
761 547
324 7
170 166
161 550 423 167 486 230 625 49 85 534
192 350
312 226
129 347
173 15
482 739 132 810 272 212 56 58 59 412
180 382
211 159
363 45 406
64 4 572
460 269
483 135
272 244
928 964 927
424 115 246
136 76
18 423
91 12
67 68
211 159
170 171
122 547
333 407
302 174
144 122
459 605
170 116
272 133
395 182
522 341
122 83
369 233 53
161 154
171 117
42 52
570 20
291 564
69 973 254 953 510
124 252
813 127
213 70
272 412
212 55
184 412
24 166
6 7
264 445
521 93
696 212
161 262
67 68
721 526
363 467
192 529
184 199
216 75
161 3 196 5 59
405 167
284 167
272 273
52 119
107 43 148
104 105
285 150
200 202 96
6 7
700 333 407
521 138
388 199
284 309
824 453
336 323 335
368 262
115 291
168 281
84 167
172 334
59 534
576 352 2 130 131 229 129 297 180 149 215 281 378 735
249 367
76 254
272 273
11 326
64 5 287
234 106 270 435 534
234 213
439 87
230 199
897 301
321 322 394 948 183 62
488 497 452
141 430
302 14
388 199
67 68
185 69
424 264
608 129
554 135
754 471
45 574
914 957
186 53
108 301 406
257 250 213
266 267
409 412
273 836 85
3 5
265 267
180 158
388 199
107 22
24 29
22 23
107 821
321 182
3 4 413
108 174
129 257 13 271 420 169 173 45 184 185 63 69 200 592 82 338 469 215 222 107 491 366
171 116
234 213
429 430
141 46
304 122
115 334
88 42 423
3 103
108 5
195 413
305 253
123 124
920 114
901 136 116 438 252 861
200 96
922 846
824 20
58 138
107 43 189
380 158
69 70
283 367
105 395
49 39
132 133
18 222
244 237
388 390
122 83
250 212 133 286
116 813
74 331 75 332 298 18 249
901 136 817 754 116 438 252 861
521 138 60
482 3
213 22
312 216
138 813
171 63
302 94
362 548
184 545 130
344 192
174 519
144 87
76 254
192 150
272 273
67 68
257 284
216 75
376 330 357
265 233
434 289 234
272 133
296 425
67 68
212 55
291 573
42 52
64 409
739 212
720 377
97 212
810 55
170 116 166
357 358 330 107 479 81 82 376 185 411 188 184 287
739 412
499 142
410 91
194 827
283 143
26 37 31
539 174 519
497 363
108 334
282 212
482 739 810 139 272 55 56 57 58 827 60
130 427 173
270 167
357 639
346 181
306 699
441 177 178 179 345
58 5
96 821
309 134
696 190
50 51
106 84
330 107
241 210 237
155 364
435 405
340 439
96 821
460 590
453 142
395 487
18 227
177 293
49 76
195 196
257 356 284 366
283 367
115 319
97 212
12 325
147 300
211 159
395 182
209 212
378 182
184 129 130
129 777 909 918 919 802 168 42 52 821 197 198 199 200 201 202 203 204 205 206 207 208 594 95 96
392 183
89 90
184 250
860 686
58 139 4 287
13 87
307 22
106 148
83 84
195 804
252 439
250 84
366 107 301 406
83 84 85
306 287
64 3 5 286
341 174 255
52 821
156 47
21 23
330 357
860 5
98 405
255 63
166 31
373 87 135
475 479
116 117
166 134 136 137 170 362 368 337 338 115 117 28 29 31
114 115
84 85
161 725
75 342 310 312 216 317 223
401 12
202 821
284 143
243 159
181 215
3 4 5
160 241 159
827 3
472 256
141 47
32 31
283 143
217 108
181 263
419 14
115 334
67 68
24 36
69 70
113 109
893 174
12 622
523 564
212 412 59 132
274 3
416 853
135 7
301 406
184 130
330 475 479
114 115
272 132
49 41
391 63
302 174
129 106
337 338
259 411
147 53
201 777
289 163 72 50 51 85
395 182
388 199
22 23
521 138
13 87
829 301
609 232 265 266 267 233 441 538
70 142 510
115 108
13 639
115 334
184 130 356
165 175
233 285
216 223
57 282
860 686
67 68
21 22
173 414
104 296
672 188
64 5
321 322 573 484 392 205 594 378 157 95 351
333 359
122 547
129 356
185 410
259 92
177 178 179
67 68
129 130 363
257 821
177 178 179
24 25
212 6
171 116
449 430
656 115 172 166
544 17
9 142
216 263
808 133
60 813
613 405
339 170 171
330 357 639
418 319
82 510
229 11 396 463 19 83 532 188
4 413
130 494
168 169 492
848 548
161 115
62 534
114 115
353 215
65 129
74 332
291 564
216 129
494 527
177 179
59 860
208 129
394 547
357 70
402 83
67 68
354 355
181 279
133 286
32 33 34 35 546 36 39 40 41 28 591 26 27 444 29 30 31
211 159
118 119
227 87
45 213
992 813
283 421
186 355
165 47
592 97
74 331 298 18 249
130 293
108 5
395 62
369 53
341 135
136 438
444 821
297 391
105 322
3 5
161 213
284 63
265 267
284 309
412 4
152 428
608 250
260 261
233 53
114 246
496 368
184 283 143
377 394
82 83
334 319
304 666
405 126
265 62
306 132
334 246
140 141
18 75
194 827
544 184
289 163 72 433 50 434 51 85 373 181 153 218
857 453
171 116
810 55
544 184
99 324
253 59 405 57
67 68
67 68
104 321 322 62
135 71 108 367 432 434 84 373 374 87
369 53
65 529 490 645
89 303
212 127
369 538 233 53
505 526
357 358
24 122 29
380 396
109 110
185 510
265 266 267 268
140 125
64 3 4 5 138
3 196
185 82 22
97 620
322 395
130 82
528 114 115 319
401 21
25 28
64 212
449 485
107 188
161 188
65 6 7
176 666
132 122 409 58 59 253
75 43
250 284
67 68
93 22
85 405
3 991
61 173
176 175
128 687 23
232 233
3 991
82 357
421 302
130 134 527 402 404 281 544 545 291 293 295 169 427 173 54 569 451 459 465 94 487
96 821
175 287
3 195 196
177 612
529 6
528 114 115 319
161 190
3 5
860 686
24 31
180 158
281 122 494
202 134
195 60
166 14
281 54
155 156
53 198
813 4 413
186 53
284 597 367
616 423
154 108
41 30
3 4
953 510
5 253
139 253 686
488 559
860 686
341 135
184 199
24 29
3 5
306 699 212
209 565
195 5
169 494
282 7
67 68
3 588 5
52 918
395 182
410 119
380 158
329 91
896 418
59 60
263 815
301 406
49 76
67 68
507 700
388 199
339 933
484 215
132 133
224 18
544 184
3 4 413
242 243
20 367
67 68
138 165
65 355
72 434 50 51 85 88
123 124
412 431
129 173
425 394 106 283 116 213 85 475
22 23
369 53
101 430
161 330 475
107 460
432 50 51 85 88
833 3
289 163 434 83 85
97 212
161 139
184 169 130
368 262
425 435
64 846
257 519 493 153 284
3 7
272 132
354 372
97 303
161 130 279
96 65
210 211
452 453 8 361 570
304 90
171 117
12 325
829 301
744 517
67 68
640 639
6 7
213 551
116 861
285 150
118 119
171 549
672 412
296 297
209 286
69 70
301 406
48 49
833 3 4 103
65 938
893 406
881 138
252 439
192 123
161 138
48 49
611 90 620 304 57 58 60
336 335
107 420
285 150
194 827
12 325
354 355 126
138 860
170 116
67 68
200 821
107 22
272 132
161 130
18 19
495 367 83 84 85 87
64 572
374 167
488 10
249 298 260 261
136 76 861 438
50 51
88 49 51
129 202
310 223
666 413
97 170
45 406
860 686
441 276 414
28 198
245 423
392 369
5 253
64 4 5
122 253
306 7
460 269
521 306 282 7
217 447
861 438
321 322
490 7
860 686
529 490
444 39
296 388
496 250
115 319
81 175 287
88 51
105 395
212 133
369 53
104 297 527
194 4
170 439
83 187
184 130
250 435
158 380 62
108 223
235 927
441 276 414
59 55
233 285
212 108
171 117
42 52
169 441
833 3
522 778 483 135
180 181
278 281 168 297 180 182 61 451 204 469 343 215 220 96 352 353 232 104 496 377 378 123
296 108
243 6
194 3
322 395
160 242
212 302
336 335
901 166 136 137 170 171 337 338 915 252 116 438 439 117 339 340 124 861
482 132
521 282 686
65 166
354 126
177 178 179
3 196
274 270
60 846
171 471
156 174
406 774
108 63
193 4
296 388
184 130
145 255
458 239
67 357 358 91 109 144 376 475 92
42 483
50 51
449 429 430 47 16 141 274 46 273 217
3 4 413
179 158
64 846
233 53
97 171
373 374
192 179
64 209
881 138
388 199
368 262
46 429 430
170 319
265 233 179 276 441 414
454 63
516 534
6 7
533 212 132 133
381 13 15
219 197
368 262
59 588
329 92
138 287
259 1004
50 51
6 7
82 330 109 510
67 68
8 6
75 342 310 312 216 317 223
538 15
97 171 116
122 164
115 334
416 87
108 63
288 81 82
59 412
97 212
67 68
282 302
138 108
20 662
130 271 279
28 29
72 49 434 50 51 85 88
356 639
48 49
41 76 77 49 438 254
171 549
45 167
97 253
72 434 50 51 85 88
25 41
315 108
301 406
202 95
50 51
388 486
216 75 223
328 417 174
152 87
32 439
149 150
505 45
488 333
483 341
609 265 266 267 268
132 133
212 253
281 233
129 821
22 23
25 36
224 315
22 23
860 413
171 471
376 357
754 428 471
521 93
134 582
453 142
253 813
434 50 51 85 88
708 20
483 135
232 204
216 75 223
217 447
171 117
97 212
330 479
418 319
48 444 39
260 261
743 167
248 662
296 297 388
58 3
64 175
441 451
301 174
897 301
272 306
918 919
129 87
362 117
59 7
306 59
318 224 1 486 74 75 117 249 314 222
170 439
284 519
48 49
369 53
211 964
829 301
482 286
107 191
114 334
116 439
64 47
324 405
22 327
56 57
21 22
41 30
270 47
376 113
72 49 434 50 51 85 88
394 250 106
304 97
50 85
134 233 494 15 465 281
22 23
115 334
76 254
67 68
422 360 10 214 952
672 419 550 711 680 510 551 107 81 82 664 185 474 668 509 190
173 182
171 471
394 151
499 431
114 115
586 130
60 413
409 7
41 76 77 49 254
98 99
41 918
270 47
441 276 414
264 114 115
391 63
232 281
64 881 287 175
64 435
49 334
797 372 829
609 266 267 805
58 7
424 302
547 270
64 57 846
932 159
700 333 407
88 42 43
232 233
908 263
97 212
897 108 406
13 87
860 686
330 639 357 47
380 396
29 31
234 122
395 380
272 133
48 114
185 628
281 15
353 181
475 358
128 190
321 382
161 21
136 438
425 338
115 439
250 435
129 108
64 3
88 146
97 212
536 778 555
181 215
88 49 51
283 59
123 124
134 558
212 302
136 116
5 3 413
129 821
184 427
449 141 430 447
67 68
187 493
170 451
24 25 26 27 28 29 30 31 32 33 34 35 36 37 38 39 40 41 589 591
938 354 126
3 4
155 519
328 22
129 347
662 503
41 27 39
65 142
3 212 5
88 209
9 10
302 14
83 164
12 622
8 452
3 4
130 115
301 125
444 39
245 159
296 19
116 117 534
135 7
306 138
170 439
52 119
202 95
499 142
67 68
460 269
441 499
856 156
4 413
861 438
441 451 276
65 6 7
58 138
376 81
3 5
369 53
105 395
441 276 414
8 422
132 133
297 811
116 166
174 22
97 418
833 194 3 195 804 5 196 827
490 7
18 143
185 82
187 493 255
56 482 3
18 284
264 445
129 12
12 622
64 409
893 406
286 175
250 181
161 677
114 334
897 893
897 108 406
496 420
561 460
420 366
334 303
682 158
508 244
330 475
59 212
75 310
147 53
255 63
589 37
418 115
441 276 414
482 412
52 45
170 22
281 465
227 143
537 87
122 78
209 435
808 133
380 182
217 270
170 439
160 211 159
3 972 5
82 22
184 122
136 97
514 174
425 116
21 22
860 686
412 517
386 388 296 297 381
67 68
24 25
75 222 223
108 284 63
578 579
554 522 341 599
484 215
474 18
509 70
210 565
122 187
330 259
64 5
99 324
132 133
171 471
57 59 60
146 213
187 255
90 303
3 613
821 919
170 339
369 53
145 493
107 75
298 261
4 413
361 570
306 7
866 846
721 12
216 189
75 318
609 805 265 266 267 233 62
192 158
395 380 182
312 310
173 94
585 291
192 347
394 283
156 102
273 447
363 499
264 246
116 166
552 664
129 107 45 366 406
52 31
65 490
48 49
284 373
260 261
401 260
412 517
177 178 179
243 927
409 306
286 175
171 116
251 151
67 68
426 427
19 219
744 517
833 3
64 3 5
178 179
6 7
160 211 159
115 246
8 538
116 439
184 487
699 55
184 130
306 3
184 212
105 395
4 813
132 133
36 29
250 106 83
317 222
3 196
378 182 62
846 7
24 25 26 27 28 29 30 31 32 33 34 35 36 37 38 39 40 41 589 591
97 303
378 395 182
210 237
296 284
22 23
163 542
412 3 4 103
65 97
168 232
175 286 287
200 197 821
589 14
3 4
75 310
338 166
233 179
441 177 178 179 345
202 197
455 63
490 7
21 22 664 668 672 419 550 551 680 312 185 190 63 70 711 460 81 83 87 216 474 226 122 509
129 821
272 193 412
97 212 132
616 146
573 392 873 777 908 919 594 852 183 378 157 351
856 300
209 212
359 488 333 526 501 407 700 701
860 686
369 53
129 197
302 14
233 538
122 175
116 117
421 119
412 518
108 367
8 570
108 63
42 43
195 196
459 276
252 439
64 129 130 330 366 115 22 184 29
64 5
67 68
22 23
499 93
136 14
272 133
22 23
96 129
296 398
259 411
26 39
328 11
302 598
483 319
257 213
123 124
3 4
82 70
546 35 36 39 40 41 371 26 27 28 29 31
409 6 7
233 538
176 175
16 140
104 398
64 833 194 3 195 4 5 827 59
133 63
165 175
352 215
444 86
346 181
230 199
158 7
720 158
133 63
136 137 252 438
395 62
332 359
8 500
829 301
352 215
170 117
294 366
64 4 175
24 29
67 68
369 53
553 212
97 171
394 106
67 68
312 310
107 188 301
105 378
680 81 664
616 22
321 182
180 382
41 30
264 246
321 182
593 335
613 213
305 303
860 686
474 435
233 62
233 15
168 207
272 212
40 24
76 254
3 5
524 837
667 268
131 181
83 84
233 538
193 3 103
224 257
184 224 656 199
289 163 71 433 434 181 373 153 218
306 699
529 645
161 363
292 134 168 233 207 400 401 402 403 180 308 53 404 285
260 261 298 75 249
446 582
97 132
378 204
184 17
168 281
360 333
337 338
378 395 182
264 246
298 18
364 64 572 519
410 119
3 7
48 49
104 105
777 204
147 300
106 821
306 212
172 548
234 84 373 534
424 264
699 286
156 45
744 517
328 22
3 4 860
25 31
194 196
3 4
405 63
173 63
866 413
281 129 134
554 522 341
49 51
104 527
369 233
362 115
130 404
40 481
130 459
133 7
410 109
173 414
67 68
171 549
194 59
906 75 310 312 216 317 223
296 394
208 202
537 82 87
361 214
260 261 298 75 249
217 140
233 62
216 19 222
219 197
244 239
185 82
260 21
696 735
106 213
394 395
108 63
16 141
83 143
64 3 4
18 227
177 612
184 129
328 729
580 447
171 471
64 846
304 22
74 75
12 325
312 216
224 219
321 395
130 427 173
744 517
59 196
378 251
435 173
425 83
64 58
495 87
537 185
499 923
369 53
212 55
580 165
302 174
264 528 920 926 418 548 424 172 48 49 443 444 445 319 77 334 848 977 486 362 114 115 246
474 106
29 166
52 119
18 220
860 5
322 378
129 130
89 90 286
283 59
482 212
769 125
237 239
130 372
48 49
445 334
330 475
1 75
129 594 87
459 87
97 170
108 358
451 459
3 413
881 58
87 191
161 253 881
171 117
569 494
59 3
188 63
291 420
106 43
48 114
376 81 664
21 22
170 171
74 499
507 431
212 412
144 43
301 406
82 357
901 136 331 116 438 252 861
3 827 195
130 451 427 173 341
3 5
4 413
123 398
72 49 434 50 51 88
283 63
97 170
435 45
60 846
376 664
412 4
233 62
233 53
122 643
6 7
55 7
326 327 328 11 401 307 21 22
13 20 662 824 667
456 362
434 289 234
283 133
67 68
739 212
115 334
497 363
107 188
395 182
519 655 146 534 155 156 161 547 163 167 423 432 59 85 87 602 108 367 373 374
18 311
810 699
435 171
174 23
378 62
180 382
91 92
357 550 363 82 510
49 51
17 175
296 391
67 68
142 958
272 132
64 59
435 413
360 505
418 246 319
58 306
210 211 244
434 289 234
184 109
58 686 138
109 653
409 282
83 854
675 431
52 134
130 173
49 418
441 179 276 414
160 320 640 235 236 237 238 239 588 241 210 211 244 243 242 245 638 159
827 3
161 642
425 148
628 63
306 7
549 382
482 212
200 777
97 90
87 511
130 279
824 214
201 207
33 34 35 546 36 39 40 41 591 26 27 28 29 30 31
250 356
58 306
321 182
184 82
330 475
521 175
184 330
3 5
97 171
98 324
616 153
178 179
289 59
438 166
22 23
67 68
57 55
80 446 78 79
987 262
233 538
369 322
439 87
449 140 141
784 425
64 5 175
58 138
394 106
184 656
585 291
465 130
372 102
427 143 495 87 281 319
64 572
648 22
2 232 297 278 150 378 285 735
212 132
58 59 412
101 405
336 448
216 460
239 243 159
265 267
24 29
259 475 63
65 398 7
145 493
145 255
448 270
194 3
235 237
3 5
250 22
184 330
827 3
149 150
67 68
368 24
315 421
521 93
65 142
243 211 235
233 516
264 427
21 22
67 68
3 7
34 439
378 251
507 142
217 47
120 41 27 39
3 5
860 5
106 83
181 150
448 449
301 406
282 846
108 284
616 148
69 22
67 68
56 482
590 107 460 366
114 115 982 926
427 173
744 517
641 639
233 15
700 333 359
696 492
64 3
301 174
362 334
82 63
258 451
70 14
829 406
664 81 82
441 322
322 395
196 60
362 117
330 358
22 23
184 130
465 494
32 428
216 18
170 252
369 53
200 84
301 406
67 68
529 7
18 227
157 181
50 51
272 133
429 46
424 264
283 334
252 63
170 116
171 116
369 53
810 90
481 82 495
64 3
67 68
328 22
114 334 319
107 406
249 298 261
113 109 110
173 343
26 439
48 49
56 212
298 260 261
816 138
521 306 282 7
3 196
97 338
107 22
857 250
368 246
216 223
64 5
59 588
261 94
369 53
185 510
180 382
3 5
152 425
96 95
171 6
97 212
97 212
418 115
169 516
67 68
66 390 487 104 395 527 15 222 19 179 466 404 86 313 538 381 62
377 7
467 422
147 300
274 323 141
224 460 269
544 425
65 490 7
496 257
115 334
435 159
96 821
166 136 137 170 171 337 338 339 252 116 117 439 340 124
424 456
409 282
3 286
57 234 59 60
57 58
154 108
272 59 212
521 138
185 70
507 366
430 167
207 347 295
425 133
168 291
116 117
59 3
117 471
122 83
216 310
833 3
13 15
67 68
76 254
142 7
75 342 310 312 216 317 223
65 22 7
234 244
297 386 381
220 173 182
161 731 148
185 419
368 749
514 510
857 422
88 167
212 133
64 666 59
163 238
229 173
70 326
435 62
377 204
217 580
3 4 413
321 182
372 125
161 821
425 122 283
514 174
115 334
141 46
672 188
25 27 41
174 406
114 334
99 100 101
418 115
926 334
232 278
420 461
104 87
98 100
48 49
409 3
49 334
41 26 27 39
260 261 74 75 298 249
306 7
3 196
361 372
188 301
266 958
330 639
3 212
3 195
216 296
813 413
369 538 233 53
12 325
272 413
99 100
897 301 125 406
424 264
41 27
3 5
187 71
114 479
456 926
75 260 261
163 405
64 165
184 130
273 138
138 686
117 439
857 20
561 212
122 78
115 334
229 11 396 463 19 83 532 188
482 739 810 212 55 56
64 860
212 132
67 109
144 475
5 4 413 860
115 334
260 261
105 395
235 927
41 444
339 108
140 430
24 29
827 3
24 33 252
21 22
289 163 71 234 434 85
67 68
4 813
169 516
368 656
46 462
136 362
369 53
469 149
161 138
83 187
434 373 181 71
424 264
272 132 133
569 130 427 281
233 563
833 3 5
232 622
129 202
142 7
321 395
216 6
538 412
59 412
130 715
688 101 709 87
250 284
72 49 434 50 51 85 88
352 123
209 175
656 173
861 439
451 483
313 18
241 211
76 438
80 206
448 140 447
441 233 178 179
434 289 234 71
243 159
860 413
544 17 406
82 510
32 24 29
17 425
434 50 51 85 88
27 252
72 289 163 85
18 156
419 748
45 134
170 428 334 174 368 432 115 116 341 24 250 29
247 431
301 174
67 68
161 154
153 108
3 103
46 462
96 129
328 7
72 434 50 51 85
129 821
388 390
67 68
49 77
746 190
302 582
3 587 139 435 409 90 413
160 167
165 140 270 47 16 46 274 275 273 217
125 639
482 739 810 55 59 60
372 301
138 127
64 253
114 115
147 53
827 3
4 413
48 444
122 22
166 170 368 115 29
141 7
378 182
283 133
97 116
241 932
48 49
64 130 293 169 304 465 115 372 54 184 89 29
418 548 362 340
193 3 4 412
657 177 178 179
514 174
184 130
300 70
3 4
537 87
821 95
424 264 114
219 197
272 133
129 821
82 357
3 4
558 582
161 284
152 817
302 14
283 367
160 234 235 236 237 238 239 240 241 210 211 244 243 242 245
140 447
96 202
24 36
212 132
264 528 418 548 424 172 48 49 443 444 445 319 77 334 486 362 114 115 246
92 358
443 36
848 926
483 341
170 114
435 461 366
217 447
175 286 287
490 7
264 114
827 3
272 412 132
142 366
69 22
328 326
890 406
81 82 107
180 150
169 487
160 211 159
553 132
547 724
813 413
289 163 71 434 85
308 589 207
35 55
170 171 116
105 395
75 269
212 132
162 20
460 223
458 402
538 171
114 115
6 7
336 335
680 81 82
72 50 51 85
67 68
195 5
106 423
376 330 357 358
456 548
28 29
548 340
140 270
66 431
8 570
217 302
330 91
282 3
128 22
514 219
496 378
266 20 13
321 386 322 105 395 369 182 378 251 62
170 117
285 150
30 31
8 570
608 250 422
377 380 398
955 50 51 146 88 155
52 821
122 116
291 494
141 47
3 4 5
3 846
82 83
301 406
243 211
184 910
173 63
216 310
34 548 39 40 41 172 428 334 49 371 116 443
289 234
50 51
88 49 50 51
96 124
418 264 114 115 319
82 475
18 309
193 413
173 94
272 133
274 46
377 161 380
123 124
418 334
435 199
306 412
67 68
372 102
16 270
97 49
395 182
64 175 367
352 346
64 253
680 81
208 96
42 134
450 415
114 52
964 244
66 326
33 362
259 357 358 329 330 109 144 376 475 92 479
161 431
114 115
449 447
18 220
306 7
88 24
129 821
3 588
677 429
49 77
482 212
216 297
83 84
363 142
917 415
82 107
122 28
28 29 36 31
808 133
39 41 26 27 444
427 173
3 60
483 135
512 347
208 96
60 846
67 68
114 87
114 915
96 821
67 68
25 31
46 462
67 68
289 234 163 218
434 181
168 343
330 479
170 339 356 639
3 5
65 435
410 327
451 439
42 43
153 468
409 59
257 133
217 447
483 135
216 296
380 7
257 170 171 368 213
41 76 77 49 254
281 116
123 124
56 55
554 522 341
115 412
107 21 22
242 235
425 210
283 284
160 211
108 933
369 53
64 4
18 219
138 686
992 813
376 330
108 133
3 4
50 51
490 7
481 21
33 252
122 83
451 459
64 5 846
166 136 137 170 171 337 338 339 252 116 438 439 117 340 124
522 135
686 7
65 380
89 90
369 53
89 253
363 499
321 182
185 14
194 827 804
129 821
115 167
81 82
184 153
18 219
296 297
107 188
827 5
138 60
272 132
570 958
188 534
305 90
160 211
493 6
340 341
321 182
160 242 239
208 173
359 45 407
52 119
394 382
129 206
24 29
304 90
40 24 28
345 177 178 179
833 3
528 114 319
169 173
129 594
283 284
302 14
257 494
848 114
161 116 166
368 428
41 76 77 49 438 254
132 133
409 90 60
217 447
98 103
182 62
829 301
317 223
165 430
933 334
233 53
357 639
184 130
8 20
122 83 212
281 114
3 5
434 71
860 253
369 395
185 474
67 68
165 47
41 172
36 30
194 413
209 212
289 218
435 244
65 125
3 196
201 95
129 821
67 68
353 852
83 22
41 371
107 188 21
827 3
64 5
339 439
122 116
401 22
561 85
230 199
18 19
170 171
57 55
369 53
446 311
441 177 178 179
89 253 303
212 412
115 334
464 463
64 282
5 846
29 31
18 227
66 291
317 310
138 282
170 171
67 68
122 148 749
3 5
3 195 196 5
108 406
193 3
3 5
136 41
194 7
116 439
28 166
170 252
451 459
65 490
185 300
40 24
128 378
396 158
192 346
302 598
811 211
148 84
833 3 5
412 6
377 380
145 493
37 31
64 860
485 573
170 171 116
123 124
284 6
505 534
170 171
378 251
98 324
32 425
170 116
363 499
353 343
130 363
72 434 50 51 85
821 918
122 463
67 68
104 393
301 406
328 22
89 286
833 194 3 196 827
483 341
664 81
114 487
553 196
11 22 327
184 412
64 257 130 138 304 83 534 122 287
276 414
441 179
82 639
108 860
289 163 71 433 434 181 373 153 218
130 459
550 510
416 415
376 470
304 90
306 286
593 447
288 93
496 161
65 301
209 212
67 68
171 117
394 386
339 170 171 116
161 322
829 301
514 93
136 438
212 412 59 132
106 250
262 428 656 471 120 152
48 548
84 87
259 403
273 47
147 86
380 396
124 173 62
184 82
139 5
97 412
3 4
64 521 4 813
147 300
289 122 83 85
106 82
44 407
64 306 59 212
41 918
232 285
122 204
22 23
101 118
216 6
170 439
174 519
1 499
306 55
357 639
369 53
96 821
74 75
196 4
26 27
180 343
395 182
97 7
272 133
19 222
26 27 39
212 132
488 333
35 29
104 742 151
92 12
281 233 204 285
170 213
233 15
69 22
59 405
821 22
116 117
58 282
230 199
58 533
133 553 306 212 412 286
522 135
129 170 115 406 29
67 68
91 14
216 401
52 134
313 18
114 251
233 220
192 158
457 301 406
291 302
61 134
720 380
52 94
212 55
64 4
777 821
217 270 47
21 22
97 212
322 62
116 439
138 108
195 196
821 53
264 115 445
129 777 168 52 821 197 198 199 200 201 202 203 204 205 206 207 208 594 95 96
810 90 303
3 413
222 15
524 333
67 68
49 76
82 357
640 639 159
296 388
326 327 328 11 401 307 21 22
67 68
881 138
64 810 286
301 406
67 68
3 412
19 222
448 449 140 141 430 447
193 413
97 330
49 334
3 5
87 511
82 419
357 639
248 662
171 117
434 181
304 425
232 291
114 115
282 59
216 401
32 34 36 38 39 40 41 591 916 26 27 28 29 30 31
173 494
184 130
108 116
64 5
406 774
91 92
418 548 486 264 424 362 172 77 334 48 49 114 115 246 443 444 445 319
1 499
260 21
97 418
376 81 664
250 107 406
848 206
449 274 429 46
813 413
292 134 168 233 207 400 401 402 403 180 308 53 404 285
3 195 5
235 927
272 273 302
185 300
521 60
330 475 92
177 178 179
174 893 406
3 5
67 68
67 68
322 378
41 26 27 39
273 652
235 238
50 51
369 322
531 366
30 439
13 87
881 138
13 87
32 428
122 222
496 161
3 253
873 183
75 342 310 312 216 317 223
521 93
266 13
130 291 451 281 271 569
529 7
72 434 50 51 85 88
291 707
90 60
161 171
544 250
368 171
45 431
334 303
80 340
483 341
769 98 355 100 101 102 354 641 324 709 99 619 372 405 663 186 125 126
67 68
74 75
928 927
315 302
123 124
672 188
107 406 491
64 3 4 5 813
65 645 7 490 529
675 511
482 212
412 431
496 474 435 420
395 380
49 76 77
174 406
107 108
1 317
582 534
158 7
171 116
810 59 55
521 3 5
216 269
153 613
101 430
96 821
88 130
289 71 234 434 85
296 297
371 86
193 194 3 195 196
184 65
104 378 87
90 11
897 82 639
67 68
84 284
227 222
138 860 253
250 22
395 182
233 538
283 143
8 361
347 292
52 821
87 63
341 135
280 63
233 53
123 124
393 105
64 4
372 270
848 114
272 184
296 297 388
409 306
114 319
209 821
169 130
522 341
64 4
347 158
602 164
212 133
36 439
488 452
602 198 495
56 521
298 18
3 195 5
860 5
296 284
324 405
58 306
499 923
458 534
51 613
140 270
272 3 5
361 171
41 26 27 39
116 124
106 83 84 85 122
136 438
82 22
283 597
184 257
264 420
505 359
156 487
216 435
96 95
3 5
378 348 182
291 564
37 439
67 68
264 77
317 223
107 406
664 81
122 69
82 495
435 420
80 134
420 341
108 63
67 68
787 207
281 83 527
128 22
232 233
285 150
129 821
418 115
194 3 5
304 286
283 519
852 181
116 117
600 159
212 286
816 881
364 166
161 821
369 53
97 338
810 55
282 846
857 142
260 21
114 334
74 269
233 54
354 405
170 301 406
425 29
259 23
352 181
860 5
3 196
26 27
250 142
138 282
185 510
36 439
860 686
821 207
488 559
265 441
97 418
3 212
497 214
136 41 76 77 49 438
3 5
10 662
202 821
233 53
488 452
115 227
490 7
184 161 130
250 106 83
24 108
52 119
48 49
129 31
640 639
212 286
173 414
174 406
116 861 438
521 138
38 87
34 30
306 7
76 254
41 114
141 429
897 301 174 406 893
272 132
48 444
409 587
451 212
486 424 264 77 977 246 445
330 475
72 434 50 51 85 88
369 53
296 386
97 338
378 61
857 914
212 132
171 439
412 517
235 237
76 77 254
105 322
46 143
64 4 175
256 643 107 491 496 88
412 3 4 193
131 14
16 335
625 14
474 420 29
60 55
608 549
170 166
547 155
505 87
147 300
64 306
108 542
132 133
861 438
860 413
291 494
171 428
483 341
743 167
848 206
108 4
101 102
184 130
169 130
179 215
138 139
114 115
4 60
170 171
1 499
59 412
64 60
184 130 427 173
49 334
46 47
130 494
67 68
819 93
48 115
180 157
128 22
301 639
129 279
35 55
641 125
667 325
354 126
409 517
97 132
212 412
82 107
250 82
21 22 231
145 187
140 47
48 114
289 163 613 71 72 367 433 434 51 85 218
600 159
104 378
185 410
412 117
184 435 366
106 164
369 53
129 821
720 377
810 303
116 117
41 30
232 233
72 49 434 50 51 85 88
116 428
232 233
48 49
3 4
288 81 82
58 282
860 686
180 382
146 43 148 106
507 167
328 22
608 250
250 115
212 59 108 63
97 7
67 68
117 262
378 61
49 77
521 7
136 76 77 438 254
161 322
59 405
138 302
115 284
24 29
107 188
21 22
281 54
816 209
159 63
496 474
609 467
192 158
219 197
93 22
1 147
58 306
813 413
265 662
122 37
485 573 823
272 132
169 527
491 372
21 93
272 739 212
82 63
8 570
143 283 83 59 63 255
857 933
41 26 27 39
451 435
75 87
83 423
506 662
171 549
537 87
93 101
296 394
521 3
281 108
456 444
96 129
474 299
296 297
428 951
11 639
381 13 15
378 549
140 270
48 49
168 129
265 662
99 405
412 213
41 76
129 53
141 430
537 87
341 406
261 509
67 68
666 59
352 96
170 116
250 63
171 549
97 843 212
140 141
168 129
32 143
499 500
264 115
833 146
252 439
496 115
106 286
412 406
721 755
89 90 286
83 187
208 129
281 291
122 547
613 829 341
336 323
64 90 60
304 210
274 323
49 114 246 319
901 136 331 817 754 116 438 439 252 861
388 199
289 372
194 827
154 63
105 395
58 139
122 83
208 96
402 427
115 439
26 27
813 860 413
212 5
303 239
97 171
36 439
168 594 821
114 319
62 214
61 151
474 7
452 453
104 394
860 810 306 59 60 253 287
262 439
22 23
456 340
129 52
857 247
272 244
833 5
129 134
369 538 233 53
392 183
216 75
185 419
108 5 860
184 129 821
402 534
283 21
108 405
369 53
177 178
197 200 168 204 207
108 100
64 3 4 5 60
171 471
217 270
117 166
739 212
241 242
139 287
72 49 434 50 51 85 88
289 163 434 84 85 253
99 324
180 157
301 406
194 412
641 372
246 319
4 5
388 199
104 379
523 564
129 87
373 135
59 212
216 129
580 429
522 554 483 135
272 412
87 319
591 31
42 207
3 5
488 559
260 70
272 412 132
169 130
893 406
341 79
296 284
289 434 163 71
67 68
48 49
170 171
46 274 430
106 78
289 213
401 21
456 486
200 777
2 378
376 81
328 326
282 7
250 356
34 14
174 135
224 318
264 319
369 538 233 53
174 519
409 253
97 166
106 148
816 138
285 150
184 281 130 451
75 260
98 324
282 3
67 68
88 423
67 68
209 212
4 237
282 412
85 143
216 401
89 90
170 117
739 212
18 254
41 27
130 291 451 281 271 569
296 388
116 988 412 117
272 133
130 451
93 374
155 270
421 134
56 59
224 75 216
613 51 341
248 247
488 333
130 63
16 141
61 151
67 68
664 81
136 861 438
21 174
124 439
18 315
3 196 5
441 201 66 499
120 754 979 861
468 510
642 164
857 122 363
537 87
67 68
321 322
474 435
291 357 358 329 330 109 144 376 91 92 479
65 612
285 150
129 363
211 372
3 196
107 435
46 462
408 359
291 573
256 296
816 138
262 428 656 471 120 152
184 129 115 821
48 49
4 413
247 499 431
184 117
262 439
105 395
18 75
514 116
496 18
363 142
592 97
170 171 116
185 191
82 358
313 227 254 63
160 159
376 358
67 68
124 439
58 3 5
330 67
4 287
448 580
482 810 212 699 286
257 130 519 153 284 29 162 297 304 330 82 211 88 352 107 366 496 372 250
64 409 5
76 254
232 378
833 3 5
321 182
330 479
453 142
64 3
107 435 366
22 23
662 511
153 108
82 70
82 70
680 81
306 212 412 7
517 334
860 686
243 211 159
352 353 682 179 181 215 344 346 347 279 343
96 124 62
18 315
306 55
141 46
409 138 282 5
472 473
686 7
170 117
376 672
257 250 212
860 686
857 662
378 379
744 518
3 5
413 7
356 301
165 175
412 518
115 334
180 181
196 5
185 82
306 282
360 361
42 114
122 78
76 254
59 367
171 117
41 14
449 165
434 50 51 85 88
715 414
458 239
357 639
46 63
107 188
390 487 104 395 527 15 222 19 179 466 54 404 86 313 538 381 62
451 414
827 3 7
12 431
170 171 116
272 273
334 303
80 63
395 182 251
56 482 686 55
74 75 298 342 249
194 3
496 420
96 821
296 297 105 396 251 182 378 379 61
64 850 4 572
137 90
561 460
3 4 413
259 23
412 132
83 85
65 380 158
378 182
170 171
115 246
212 431
304 90
42 435
250 106 83
136 438
322 104 105 369 378
173 343
378 527
210 211
114 334
833 194
376 330 479
283 319
260 135 519 174 307 341 536
101 63
250 212
5 253
121 19
827 3
163 71 433 434 181 373 218
219 197
258 402
369 53
32 24
116 166
64 521 409 60 413
67 68
4 175
24 83
129 115
104 391
8 162
328 302
115 156
64 846
250 284 367
64 3 5
449 141
41 30 439
609 265 266 267 499
170 116
285 278
820 423
108 159
420 653
175 287
322 182
881 138
285 7
285 750
453 142
76 254
97 93
410 119
61 151
49 77
147 53
140 270
330 639 47
410 245
257 250 435
130 173
48 114
116 170 252
744 517
161 133
769 324
195 991
528 319
388 199
233 53
108 405
380 7
369 538 233 53
810 58
448 270
171 116 117
58 686
354 372 102
82 190
930 165
881 860
483 135
161 667
408 359
283 143
250 551
827 3
496 161
67 68
41 114
18 75
302 174
284 519
114 87
64 3
180 158
275 270
213 727
233 557
171 549
104 378 251
378 395
123 124
80 63
522 135
881 686
52 558
304 910 184
522 341
848 206
114 115
132 133
170 301
12 431
147 300
128 22
598 143
817 754 915
554 483
88 454
857 167
368 152
3 196
296 297 378 388
369 378
88 132
76 254
490 7
824 20
17 490
195 5
16 270
284 143
495 87
105 395
3 813
336 335
67 68
13 639
211 639
64 138 286
237 239
948 182
257 284 366
326 327 328 11 307 22
352 88
170 171 116
424 264
296 87
108 406
235 7
158 398
24 29
33 439
434 181
184 199
928 964 244
307 70
829 301
75 261
201 778
171 117
41 171
67 68
360 534
21 22
260 93
377 380 297
292 295
152 362
177 179
88 423
64 212
272 133
614 615
409 97
699 286
283 367 143
664 81
59 3
237 239
441 459
123 124
70 87
276 414
185 510
67 68
317 222
129 7
72 434 50 51 85
94 414
105 378
484 215
217 430 447
508 244
200 175
67 68
161 154
409 306
428 471
301 406
146 327
369 53
720 394
766 431
122 191
833 3 5
560 283
289 234
59 55
149 150
297 378
64 572
813 860 413
984 114
361 372
552 70
106 83
829 406
372 101
833 5
152 87
170 171
88 162
860 686
499 766
49 51
281 378
448 165 140 429 46 47 16 430 274 275 270 217
172 548
322 395
67 68
97 210
115 334
24 29
48 49
180 182
171 471
41 76 77 49 438 254
582 812 78 558 79 498 540 446
120 41 27 39
410 91
120 754 861 901
395 487
281 129
827 195
306 7
3 253
129 52
253 213
394 85
378 578
424 264
160 250
76 254
948 182
456 77
272 133
64 881
881 138
521 572
285 181
59 212
272 133
3 7
210 211
860 686
334 246
67 68
255 108 63
460 757
394 106 494 435 148 181 534 250
41 26 27 39
177 179
18 315
456 444
130 173
257 83
264 114
349 181
66 93
194 3
140 47
161 381
512 421 192
305 97
213 22
192 852
378 182 62
401 261
409 517
163 334
168 197
324 405
59 212
680 81
115 341
3 4
67 68
138 686
64 175
848 114
83 821
156 189
152 25
3 195
1 460
330 259 475
195 196
522 135
336 16 335
97 303
394 155
59 4 253 860
88 181
456 915
821 86
243 159
212 55
37 30
973 510
289 71 434 181 218
67 68
107 188
8 162
9 45
67 68
216 435
931 302
297 388
321 182
352 353 192 484 232 682 343 215 345 346 347 669 158 351
104 105
26 439
116 821
196 7
67 68
449 46
160 242 239
369 53
435 364
59 860
149 150
330 107
264 246
409 282
76 254
96 821
250 115
680 483
283 284
284 87
881 253
177 179
130 459
435 148
184 130
133 63
128 190
129 167
184 130
304 83 253
144 173
724 734
67 68
184 65
168 207
59 108
145 187
116 117
482 3
107 75
250 213
64 4 846 90 60
456 36
138 212
122 83 82
88 51 50 155
18 315
59 253
378 182
409 306
58 138
363 422
369 53
201 778
739 212
394 386
233 53
550 70
827 194 3 813
233 441 276 414
107 189
136 41 76 49 438 254
59 860 253
24 29
67 68
67 68
507 12 366
65 142
97 611 90 304 57 58
243 211
41 26 39
16 47
3 4
3 588
336 335
441 366
641 101
122 85
212 55
516 94
482 739 59 810 686 55 56 57 58 699 60
401 260 261
1 222
260 261
114 334
906 75 310 312 216 317 223
259 358
67 68
38 87
250 356
662 503
114 443
301 406
114 982
49 76 77
115 334
138 3
158 182
114 319
606 847
21 22
369 53
260 519 135 174 539
65 490
216 75
857 250 45
224 283
18 19
212 372 286
810 739
272 55
248 247
216 314
272 133
857 143
161 18
289 83 84 367
233 53
20 13
321 394
17 108
330 475
296 391
193 4
496 156 47
90 286
56 55
67 68
266 20
130 357 304 82 115 184
302 174 135
24 25 26 27 28 29 30 31 32 33 34 35 36 37 38 39 40 41 589 591
497 452
360 214
83 550
337 166
161 3 253
97 338
306 490
412 133
116 334
286 287
194 196
667 63
161 334
58 138
64 272
264 246
360 10
97 212
212 519
431 167
233 538
373 374
210 235
21 22
26 39
42 43
136 41 76 77 49 438 254
97 412
25 41
433 434 50 51 181 218
154 108
170 116
201 95
341 135
154 108
456 97 170 116
188 22
116 821
58 602
97 212
860 686
264 528 418 548 424 172 48 49 443 444 445 319 77 334 486 362 114 115 246
134 446
274 47
258 181
42 86
88 821
233 53
451 414
36 29
174 135
421 119
146 463
154 108
233 53
413 7
58 59
52 94
378 182
252 341
21 93
324 405
130 291 451 134 281 169 715 427 173 271 569
185 419
901 6
321 182
380 286 175
219 134
328 174 22
373 87
827 3
41 34
129 777 802 168 42 52 821 197 198 199 200 201 202 203 204 205 206 207 208 594 95 96 752
49 51
170 116 122
860 813
56 60
893 406
280 108
147 300
509 510
322 378
412 284
512 421
185 474
184 130
485 573
84 421
424 456
107 43
301 406
897 711
142 439
84 373 87 135
116 334
304 212
108 255
160 159
800 716
514 174
104 284
474 461
508 244
161 70
106 405
490 7
6 7
312 269
317 222
589 37 30
380 398
3 196
306 212
848 206
19 311
667 12
259 23
594 483
376 81 664
114 443
168 204
116 117
52 45
3 5
955 519
129 130 257 42 107 45 366 494 82 435 213 185 442
216 435
288 70
233 15
216 302
852 343
165 47
52 582
325 267 12 556 755
130 134 173 184 94
860 686
164 167
32 34 35 36 40 28 30 31
395 380 182
816 138
107 188
846 7
8 20
419 510
28 29
163 860
9 12
201 777 909 918 919 95
67 68
514 174
687 23
217 270
656 184
233 15
306 212
533 406 37 296 170 42 174 315 64 327 78 82 212 475 356 107 491 108 368 116 254
114 319
810 303
179 215
81 143
88 51
166 136 137 170 171 817 337 338 252 116 438 439 117 339 340 124 861
20 13
474 435 461
171 117
297 388
395 487
444 821
3 412
197 205
256 255
24 117
192 181
14 319
171 117
64 209
193 4 5
25 36
212 287
435 101
369 53
810 132
201 179
50 85
107 188 301 406
170 252
3 588
139 287
288 81
94 439
192 347
3 7
587 3 5
338 116
860 686
193 412
708 20
516 94
368 76
435 491
496 372
82 357
195 413
48 49
302 14
474 114
122 116
419 748
211 159
392 390
67 68
448 449 140 141 430 335 336 593 217 447
108 519
171 549
448 449 140 447
24 83
282 212
395 380
708 13
292 295
114 982
181 158
194 3
326 327 328 11 401 307 21 22
233 53
149 150
83 116
460 317
302 14
170 451
97 166
283 597
435 167
552 70
499 805
18 75
495 84 87
508 244
180 157
8 366
64 57
306 212 286
369 53
554 341
285 735
483 341
41 26 27 39
34 36
3 4 5
829 406
129 594
89 90
96 14
209 212
32 230
482 739 810 55 56 57 58 59 60
420 653
444 548
22 327
105 322 378
249 298 261
283 143
330 284
296 379 389 182
64 3 4
108 284
8 250
810 108
50 51 85
5 253
24 25 26 27 28 29 30 31 32 33 34 35 36 37 38 39 40 41 589 591
166 31
144 483
24 29
65 435
97 7
65 389 396 398 720 180 54 346 158 380 62 735
322 395
508 244
212 420 286
59 4
4 5
216 6
75 68
129 821
161 154 356
368 122
97 246
41 36
57 60
64 212
75 691 223
3 195 196
897 357 330 82 406
368 83
115 687
154 63
187 255
82 302
378 151
184 29
901 331 754 116 438 861
64 846
696 148
553 306
160 235 243 211 159
352 346
115 334
259 411
376 481
8 45
136 116 166
833 196
539 499
105 395
116 439
13 87
412 287
76 254
301 893
394 395
161 114
602 334
720 158
339 116
890 301
76 254
3 5
202 134
258 181
3 196 5
897 357 406
330 188 22
170 301 368 406 29
817 498 549
107 406
881 58
195 5
64 138 212 5
496 130
369 53
202 396
169 435
96 821
483 135
456 171
475 479
378 62
289 234
116 813
144 42
122 45
453 142
161 431
243 211
40 368 31
38 230
260 22
64 521
67 68
328 22
4 413
105 322
21 22
218 522
140 270
4 413
456 171
362 117
201 66
641 186
467 422
58 686
21 22
56 719
816 138
161 154 411
699 212
122 428
212 84
906 75 310 312 216 317 223
114 29
19 183
49 76 77
184 129 6 216
522 341
291 420
289 234 163 85
306 413
184 82
239 159
129 52
194 3
65 17
3 196
50 20
130 291 131 197 292 293 232 169 168 290 204 271 15 281 285
94 14 281
378 182
129 821
326 327 328 11 21 22
409 518
517 518
378 62
744 517
145 493
3 4
59 212
67 68
441 494
216 401 691 223
52 94
175 626 286 287
860 686
25 28
346 180
123 180
24 31
171 164
16 761
49 76 77
48 444 821
22 23
421 14
180 158
212 950
233 53
176 666
352 491 204 378 496 343 215 61
456 412 982
50 51
283 284 519
64 272 5
829 406
245 237
76 254
146 533 405 160 289 547 435 210 211 234 235 236 237 238 239 240 241 242 243 244 116 245 253
195 196
67 68
133 6
3 7
353 852
282 59
833 3
369 53
425 175
8 45
184 130
810 286
824 453
285 181
521 287
106 43 148 213 250
544 425
617 603
217 580 270
171 116
33 29
456 439
67 68
116 439
184 330
138 253
231 63
441 459
250 420
272 412
124 173
297 389
96 219
67 68
550 401 70
107 188
281 291
217 270
42 213
1 251
107 174 406
96 129
41 114
306 133
130 291
201 594
373 367
428 262
115 340 166
696 316
179 173 414 215
64 810 286
395 182
483 135
19 219
116 117
187 255
122 187
49 51
547 132 613 111 122 253
589 29
122 85
348 461
395 182
282 59
496 107 366
3 4 5
609 805 265 266 267 499
64 306 572
234 146
857 247
65 142
192 347
42 86
67 68
170 29
451 276
739 212
233 557
107 161 43
3 7
72 49 50 51 85 88
4 5
532 557
24 38
42 86
343 215
174 22
252 117
739 212
304 212
558 134 446
171 549
130 108
239 87
107 691
162 8 13 20 662 667
38 39 296 428 594 114 87 24
435 366
488 559
412 3 4 193
482 3
505 87
76 254
141 7
257 250
155 174
174 301 406
212 286
594 87
99 101
59 212 133 286
372 102
137 42
21 22
353 852
88 821
64 211 212
18 19
363 28 166
449 447
410 507
8 20
301 406
185 299
456 48
188 22
64 409 286
184 130
97 212
156 189
104 87
642 947
448 499
761 547
233 53
49 114
418 108
216 223
376 358
361 214
8 20
337 338
130 291 292 451 281 715 173 271 465 569
3 412
3 4
278 207
122 187
841 87
666 3
170 171
67 68
441 534
320 238
357 639
108 358
933 311
170 117
18 309
386 381
808 133
118 614 615
412 4
272 132
73 22
67 68
116 439
475 92
59 212 133 739
412 3 4 193
141 7
192 350
833 3 5
64 282 5
116 438
517 518
810 55
246 39
369 53
65 7
129 594
115 246
122 373 374
59 3 5
21 22
402 622
185 70
289 434
97 470
75 22
302 598
67 68
522 341
202 52
172 117
171 439
474 82
64 122 4 175
3 5
465 212
281 494
860 253
353 343 215
178 179
309 134
42 86
97 132
829 406
833 413
276 173
482 212
154 87
64 4
302 14
3 5
176 175
377 380
136 438
132 133
264 114 319
881 58 138
67 68
465 332
178 18
58 7
51 644
129 52 45
46 462
168 42
74 75
26 27
616 18
170 171
258 402
174 135
24 29
341 135
180 382
324 405
22 231
185 82
334 303
64 287
49 319
195 588
59 212 286
131 181 279
122 613
521 59
64 3 4 5
138 3 4 413
161 668
14 119
456 246
224 331
65 490
67 68
161 234
509 70
122 94
98 324
434 71
158 183
680 664
552 724
369 105
410 34
519 167
19 220
170 439
499 247
96 378
161 134
114 115
485 495
232 798
49 51
301 406
954 27
410 391
168 134
58 59
352 179
642 164
505 467
59 212
297 388 381
185 299
848 926
136 137 171 337 338 339 252 116 437 439 440 438 117 340 124
289 163 234 434 85
257 107 463
474 341
105 394
860 413
37 38
138 23
330 22
156 237
178 61
475 255
57 810
64 60
860 413
233 53
418 424 264 334 48 114 246 445 319
129 821
160 964
321 395
147 53
284 167
347 295
185 510
304 305 406
746 454
810 286
435 244
129 363
448 140
3 195 5
816 881
356 63
810 90 303
250 108
99 125
848 114
177 178 179
233 134
233 61
250 115
18 317
242 500
233 62
169 130
209 482
274 46
116 166
291 420
64 881 287
909 919
816 138
465 130
129 821
224 314 75 74
206 15
96 219
208 202
408 526
98 405
301 174
281 410
272 412
46 462
260 261 74 75 298 249
161 334
184 130
88 50 51
175 287
75 691
616 181
369 53
778 174
97 49
48 77
409 6
289 163 365 50 434 51 181 373 153
50 51
97 212
108 5
482 3
83 22
369 53
49 51
60 813
827 3
427 286
149 150
99 933
570 452
171 549
209 5
115 334
395 182
59 3
378 395
3 253
441 66
253 686
184 545
301 406
184 258
108 334
424 456
122 212
138 211
744 518
409 282
304 130 64 184
129 166
184 475 109
170 171 116
88 821
65 355
3 5
18 19
107 43
289 234
153 84
104 378
169 527
451 459
170 116
106 83
266 20
284 367
89 97
3 196
237 239
209 55
58 412
810 286
97 57
64 138
328 22
172 334
339 116
118 614 615
20 45
483 420
488 700 333 407
138 55
418 115
301 406
816 686
346 158
860 686
285 150
188 301
161 252
3 7
378 62
24 25 36
666 138
451 427
170 252
170 821
115 334
544 184
964 405
252 340
322 378
185 474
108 63
3 5
18 219
483 341
1 317
860 413
32 230
232 731
122 187
56 212
114 251
129 166 52 821 281 31
401 261
395 487
184 130
716 21
114 487
115 334
369 53
3 5
171 116
488 559
600 159
3 195
122 83 106 367
827 7
216 296
301 406
160 242 239
41 418
64 59 253
4 413
67 68
931 932
22 23
441 276 414
897 108 406
25 36
243 159
193 3
165 175
897 406
4 413
67 68
216 75
233 116
176 666
67 68
181 263
390 391
234 59 58 405
123 181
67 68
48 49
289 163 71 234 434 85
330 259 475
333 407
250 106 83
306 7
34 14
490 7
304 370
434 181
64 860 253
161 813
285 150
250 148
547 423
232 281
153 434 373 181
395 487
212 412
129 821
209 212
138 3
216 223
572 63
152 428
369 53
106 83
434 181
108 405
12 453
184 130
109 70
116 166
315 108
301 406
107 491
75 483
829 301
130 459
648 22
216 75
810 303
41 48 49 86 444
134 558
105 322 182 378
860 686
369 53
328 22
41 76
901 754 915 979 471 120 861
254 63
158 7
444 86
281 15
49 51
648 257
88 155
281 15
498 341
216 75
104 161 369 105
115 334
67 68
334 143
161 130
424 114
860 7
144 202
64 5 846
739 212
265 266
83 22
85 511
754 76
281 341
48 418
514 510
202 95
97 212
451 439
168 340
172 300
264 115 246
3 5
418 115
296 390
359 488 333 214 407 700 701
83 227
197 207
639 159
42 87
96 821
18 19
46 323 270
481 495
69 679
449 47
860 413
321 182
132 253
3 196 5
67 68
482 412
48 49
108 284
521 3
146 107
185 510
160 90
260 261 298 75 401 312 249
4 413
860 686
451 435
608 88
30 31
49 41
64 282 212
881 287
296 297 388
64 175 881 57 922 60 287
74 75
114 246
97 303
106 148
523 494
216 550
49 76
123 124
931 237
184 130
212 286
66 435
272 133
50 85
483 135
338 339
3 195
171 471
122 212
161 150
483 135 584 554 555 522 341 599
33 262
441 414
12 622
118 614 615
897 301 174 406 893
220 182
456 319
427 15
185 300
334 303
122 187
46 270
233 538
434 50 51 85
233 62
402 563
957 934
569 130
58 138
96 821
210 964
97 212 132
17 283
330 475
331 557
412 4
155 174
482 195 3 739 810 55 57 59 60
98 355 100 101 354 324 99 372 405 186 125 126
563 427
209 3
341 135
113 67 109 110
427 277
41 76 77 254
88 42 86
46 462
680 81
17 425
301 893
821 53
330 475
16 217 47
369 53
586 494
744 517
29 37
499 142
341 135
161 3 59
284 421
700 333 407
41 76 77 49 754 438 254
369 53
97 170
482 306
394 322
50 85
42 43
72 50 51 85
13 294
3 196 7
363 467
306 55
482 139
496 106
532 301
418 548 486 264 424 362 172 77 528 49 114 48 115 246 443 444 445 319
170 116
302 14
790 6
161 146
284 167
88 49 51
250 115
515 259 357 358 67 109 111 144 112 113 475 376 91 92 478 479
97 418
441 276 414
16 930
136 339
108 63
188 156
64 212
289 234 59 244
147 300
136 252
577 483 135 554 522 341
306 212
82 357
369 53
662 503
313 86
448 449 140 141 430 429 447
472 473
264 114 115 319
122 421
378 62
49 76
76 254
97 171
49 51
341 135
161 166
210 244
330 259
368 749
233 557
434 50 373 181
424 264
64 129 130 363 304 82 115 184 29
49 486
83 167
272 133
304 138
521 93
339 116
242 211 235
321 182
21 22
833 3 5
39 41 26 27 444
368 83 428
48 49
101 405
5 63
306 139
550 70
233 134
499 142
2 222
106 213
8 250
594 343
216 367
184 134
171 116
24 213
306 7
550 510
161 574
3 196
475 109
129 198
739 212
84 87
451 543
435 420
67 68
161 131
530 363
64 212 372
59 405
115 166
170 117
369 53
184 435 420
3 412
211 159
648 459
412 3 4 193
378 182 62
3 813
456 124
97 132
926 334
129 36 29
152 35
264 115
64 3
88 425
232 233 53 441 62
272 132
505 511
305 90
378 182 62
376 81 664
184 435
217 447
195 5
80 582
893 406
24 29
41 26 27 39
162 301 174 45 406 893
48 49
130 212
539 724
284 373
123 124
257 519 167 493 84 153 284
74 18 332
75 87
343 215
186 53
13 142
243 211
412 517
272 108 133
395 182
210 234 236
107 406
180 279
347 158
17 291
216 18
61 151
515 259 357 358 67 109 111 144 112 475 376 91 92 478 479
64 58 533 286
715 487
61 382
821 86
97 170
138 93
380 175
108 405
114 334
532 117
650 247
108 101
216 219
88 155
304 64 4
115 172
21 22
306 212
304 305 406
369 322
456 334
48 49
97 418
171 420
233 53
170 116
425 494
101 663
272 193
424 304
369 378
192 158
533 212 133
495 63
184 161
171 116
321 182
161 210
72 434
3 196
284 366
118 119
259 411
266 20
339 340
22 174 255
373 374
108 405 63
283 211
428 262
64 572
482 739 810 55 56 57 59
122 211
496 17
185 419
184 130
222 310
64 59
427 173
59 412
330 259 475
380 158
64 5
170 171
613 357
67 68
424 264
833 194 3 195 196 827
401 260
88 155
72 434 50 51 85 88
283 590
483 135
402 563
108 284
217 580 270
241 159
330 109
64 521
64 138 212
18 311
67 68
88 857
180 157
123 180
448 46
322 104 105 369 378
58 59
369 53
179 215
284 373
95 215
169 173
482 108
107 22
330 29
439 7
122 82
467 422
546 37
302 14
16 275 46
97 7
64 3 4
3 4
720 377
708 20
48 114
380 396
32 83
130 459
82 357
136 41 76 77 49 438 254
48 444
434 71
64 972 4 413
107 108 301 211 406
210 495
441 276 414
175 287
211 301 406
833 827
212 59 412
434 50 51 85 88
136 438
438 166
97 132
41 371
138 860
129 594
553 212 286
208 96
8 45
160 90
346 215
108 5
897 639
306 6
642 107
209 212
161 682
74 331 75 298 18 249
170 116
344 279
860 686
318 224 227 486 74 75 19 117 249 314 222
376 357
1 102 147 310
65 398
169 492
88 514
296 297
344 108
808 133
369 53
128 378
97 171
821 95
259 435
441 499
395 182
673 507
64 59
97 212
67 68
56 60
138 287
115 487
897 301 406
136 438
368 439
180 158
129 821
396 175
129 94
281 15
108 598
281 130
170 116
98 372
3 196 5
219 37
14 119
281 173
185 510
264 114 115 246 319
50 51
305 90 97
441 276 414
211 213
306 7
41 30
170 116
3 196
516 485 564 823 573
97 171
345 149
425 94
75 269
848 926
252 341
602 147
587 87
360 361 214
57 60
36 29
410 172
161 82 550
3 5
209 286
104 369
330 109
388 199
304 211 406
482 3
529 393
441 451
171 486
129 130 363 366 184
181 350
691 302
138 686
302 598
250 108
122 83
369 53
67 68
136 76
59 412
441 130 276 414
16 335
860 813
441 66
59 373
496 279
810 212
249 18
234 244
281 130
550 363 357 510
88 857
860 413
97 132
180 158
380 7
42 197
96 219
3 4
97 212
901 331 754 979 116 438 439 861
75 222
50 85
32 33 34 35 546 965 36 39 40 41 591 26 27 28 30 31
347 207
26 39
82 357
193 412
165 47
59 5
306 7
284 6
163 71 433 434 181 373 218
115 334 246
148 534
97 170
129 198
250 188
194 3
301 406
305 810
3 7
107 301
15 391
699 950
777 95
41 27
285 158
57 810
171 117
18 220
193 412
482 139
216 74 75
208 129 96
390 487 104 395 527 15 222 179 404 54 86 538 381 62
449 140
17 406
505 45
458 402
449 580
108 63
212 55
170 116
64 129 130 330 107 363 366 304 82 115 22 184 29 286 287
129 207
813 413
284 87
369 53
75 21
123 124
166 14
360 10
67 68
302 22
376 108
3 4
972 748 5
213 334
83 556
561 75
184 114 30
306 7
114 319
3 196
322 104 297 296 216 284 61
282 59
129 198
153 435
304 253
180 158
376 106 475
4 60
216 226
424 264
321 182
177 178
306 212
449 274 429 46
65 413
88 334
192 353 285 263 232 682 180 181 278 215 344 345 346 347 349 157 343 351
739 60
209 212
64 47 304 212 372
465 115 166
821 207
163 71 72 50 434 51 218
329 109
521 93
893 406
16 217
24 25
58 138
241 237
136 817 754 116 252 861
230 40 362 76 337 49 561 28
130 494
284 406
76 254
83 222
810 286
272 860
107 188
234 236
260 21
475 357
6 7
48 49 51 77
114 334
700 333 407
67 68
161 147
376 108
306 212
185 419 70
507 501
233 134
696 21
21 22
897 301 174 406 893
901 331 754 116 438 861
106 613
41 30
494 167
609 214
412 431
36 29
212 463
66 427
82 639
185 7
603 500 502 526
130 341 423
169 516
51 644
108 20
456 334
265 441
122 428
233 538
96 821
451 439
174 519
829 107 301 406
697 298
288 22
50 51
58 138
3 103
362 115
315 318
59 212
3 60
74 298
409 282
97 418
99 324
729 22
266 534
26 39
72 71
171 471
406 175
897 406
153 187
49 230
171 116
821 750
833 3 4
114 319
444 821
65 7
339 116
180 158
122 148
107 491
48 49
361 214
97 90
162 531
67 68
233 62
530 700 333 407
296 19
537 87
17 425
582 6
184 130 427
211 159
116 861 438
108 63
563 439
217 270
482 306
160 159
37 30
409 5
330 475
59 3
82 22
216 223
369 538 233 53
134 494
63 71
613 109 111 112 144 475 92
386 388 381
210 237
21 22
953 510
496 129 156 47
89 90
34 283
897 301 174 406 893
289 106 306 409 122 253
208 96
67 68
376 330
36 63
284 493
386 388 296 297 381
171 14
953 510
258 402
8 824
60 860
305 286
105 378
114 115
173 414
209 482
64 3 5 810 212 59
827 7
323 141 46 335 336 274
450 415
449 41
345 177 178 179
19 219
50 51
50 51
104 322
3 196 5
140 447
587 3
257 212
299 686
488 10
67 68
180 263
265 441
130 115
354 250
259 475
107 21
67 68
266 13
134 45 558
334 63
860 7
96 821
821 53
813 860 413
64 282 59 253
337 338
28 45 94 52
266 708
482 412 55
57 686
169 173
184 388 199
369 53
257 519 167 493 153 284
810 55
130 173
369 53
114 334
283 519
272 133
14 127
496 257
29 591
376 81 664
83 253
160 211 159
848 41
336 335
395 380
257 130 420 107 250
522 135
129 777 909 918 919 168 52 821 197 198 199 200 201 202 204 205 206 207 208 594 95 96 752
192 350
329 330
185 82 419
97 418
129 107 821
233 538
302 14
589 30
434 181
884 166
262 428 656 471 120 152
537 87
3 4
129 821
233 557
171 471
306 412
321 182
369 53
65 306
122 421
369 53
212 286
48 115 319
2 317
154 770 108
197 198 199 200 777 202 203 204 201 168 205 208 594 52 821 95
522 135
233 557
161 21 174
170 124
170 439
441 179
276 414
18 311
177 179
306 7
184 109
243 211 159
227 166
161 59 60
482 739 810 55 56 57 59 60
161 19
99 405
459 276
41 418 27 39
107 12 435
209 59
286 143
3 4
345 149
101 405
36 439
498 812 78
24 29
17 425
369 378
58 7
234 59
114 479
304 97
165 175
56 59
160 238 239 210 243 242 159
435 116
114 926
282 3 5
59 412
216 460 269 223
116 412 117
49 76
64 306
289 163 234 434 85
410 327
848 114
161 162
330 92
64 306 212
435 116
664 81
388 199
156 174
465 166
972 60
8 13
161 431
260 261 174
58 572 138
64 129
289 85
264 115
116 439
184 130
445 486
46 143
209 212
521 306 7
37 30
141 175
301 893 406
224 75 269
233 369 53 538 62
16 335
272 59 412
116 166
41 26 27 39
352 346
27 39
352 180
18 311
369 53
18 74 75 332
60 413
426 258
97 212
860 933
260 261
67 68
395 182
67 357 358 330 109 111 144 112 376 475 92 477
187 255
41 27 39
233 484
328 22
105 322
232 233 557 53 62
285 278
49 114 319
208 96
281 427
363 422
748 509
58 306
441 499
336 335
322 378
219 197
32 38
428 471
361 106
145 85
3 5
449 430
98 324 301 103
810 286
407 806 359 8 9 333 45 500 501 502 503 408 505 730 574
122 829
83 84
161 165
401 260
289 234
106 45
860 686
72 434 50 51 85 88
508 244
116 117
28 198
185 510
449 485
177 441
441 276
412 132
152 439
233 538
321 182
490 7
196 6
141 7
138 108
808 133
238 7
953 510
170 340
285 150
18 315
243 133
4 5
6 7
739 212
546 443
964 927
267 566
184 545
680 664
810 286
75 318
369 322 378 105
193 4 5
923 341
160 241 159
129 166 52 821 281 31
58 412 5 860
24 410
81 82
185 668
833 3 5
515 259 357 358 67 329 109 111 144 112 475 376 91 92 478 479
304 90
250 223
402 622
138 686
259 106 330 366 435 475
283 155
108 5
154 234 394 428 106 494 270 18 83 148 181 116 435 405 534 122 475
210 237
115 444
297 278
441 499
394 386
3 5
357 550 363 82 510
369 53
97 418
937 573
512 192
115 246
24 63
3 196
97 171 116
144 330
202 558
173 414
301 174
74 298 332 18 249
50 51
185 300
328 22
160 211 159
931 932
250 461
49 77
813 374
121 18
35 55
38 87
589 30
170 171 340
339 116
357 358 479 330 82 184 287
356 213
97 57
184 130
281 285
680 664
496 171
67 68
67 68
166 136 137 170 171 337 338 915 252 116 438 439 117 339 340 124 861
200 343
3 5
76 254
129 173
296 105 322 378
64 3 5
155 364
435 244
352 346
810 286
474 435
217 430
482 739 810 686 55 56 57
118 119
282 253 175
233 538
930 335
264 77
67 68
378 251
116 166
281 134
146 107
130 292
11 341
256 313
129 130 250 63
82 550 551
64 60 5 846
304 305
561 460
824 9
368 262
62 214 183
67 68
262 28 29 30 418 35 34 548 166 39 40 36 170 444 338 339 340 726 362 368 115 117
906 75 310 312 216 317 223
161 138
64 4 846 90 60
346 215
108 255
184 425
108 87
337 339
197 87
237 239
115 334
64 257 213 860 253
40 87
285 158
284 309
224 18 227 86
72 289 163 85
3 5
908 263
192 263 180 149 150 345 123 348 349 350
105 322 378
352 346
170 171
409 60
210 12
211 372
41 548
233 53
50 85
260 21
380 398
460 20
82 419
22 23
97 57
153 116
161 148
265 267
353 215
304 305
257 129 107 108 406 281 250 29 63
639 47
212 463
537 87
129 29
192 181
285 181
329 330 109
344 130 184
92 109
173 15
608 250
170 116
458 402
28 52
743 615
179 215
161 897 174
137 171
373 374
94 414
407 408 806 359 8 333 45 500 501 502 503 504 505 730 375
97 439
212 55
378 484
170 116
45 31
609 360 265 266 267 10 499 501 214 407 701
45 574
377 394
410 31
129 143
180 157
892 893 406
161 86
816 138
24 25 26 27 28 29 30 31 32 33 34 35 36 37 38 39 40 41 591
59 212
106 83 84
283 133
901 754 979 116 438 861
179 414
210 286
296 297 388
272 413
115 412
29 31
522 135
268 20
330 22
195 5
67 68
22 23
409 3
66 563
84 284
130 271
376 81
522 135
212 55
114 115
3 196
194 827
810 286
401 260
700 333 407
451 543
3 4 860
282 7
154 367
114 334
64 210
369 53
97 338
272 212
175 287
97 212
315 86
67 68
98 99
106 250
108 71
60 860
202 95
906 75 310 312 216 317 223
76 254
376 81 664
6 7
336 335
57 866
97 439
129 202 95
928 927
49 76
232 285
296 391
73 164
61 382
833 3
59 83
497 142
209 212
680 664
561 75
106 475
482 212
336 16
369 53
368 29
211 237
32 25
17 425
212 372
50 85
687 23
114 334
90 286
160 435
64 175
129 63
48 49
147 300
466 708
427 173
3 413
409 286
132 133
529 6
395 182
130 366
554 341
97 212
101 663
108 63
185 300 711
435 309
171 549
3 287
490 7
376 81 664
289 234 163
451 543
5 3 413
82 357
829 406
106 250 148
380 158
4 813
233 53
369 53
282 59
67 68
664 81
897 108
3 195 5
122 253
64 4
739 60
281 378
336 593 335
3 4 5
24 30
59 212
833 194
813 413
212 287
75 223
96 821
171 116
64 5
306 7
216 75
48 114 115 548
729 22
96 821
897 639
18 310
132 374
169 130 516
28 29
116 117
3 7
170 171
177 215
378 182
328 22
55 167
146 107 189
233 53
395 487
378 182
901 754 471 120 861
897 170 639
544 292
509 510
301 174
93 22
897 406
171 549
346 181
576 378
409 518
483 341
145 187
448 141 429
436 534
168 232
272 412
897 406
64 3
171 117
116 439
861 438
114 334
1 317
395 62
67 68
296 388
200 83
15 527
250 45 63
330 358
169 130 451 173
108 519
339 116
96 95
593 335
378 182 62
317 222
212 55
521 138
22 327
334 319
257 106 84 250 284
201 205
362 334
964 927
609 805 265 266 267 233 499 62
272 133
411 357
372 405
145 493
106 83 84 367
321 182
291 564 7
914 957
170 171
107 188
339 439
170 861
65 141
20 431
857 250
301 406
67 68
72 49 434 50 51 85 88
468 63
32 37
108 45
88 130
212 132
360 530
64 521 57
434 373 181
416 415
425 250 435 213
48 49
161 482
130 291 451 281 271 569
297 378 379
810 55
13 87
212 133
860 686
861 438
369 53
507 142
59 55
274 46
216 18
146 107
263 815
369 53
106 83
30 439
114 246
301 406
184 414
424 177
897 301 406
656 420
507 700
368 471
16 270 335
114 115 319
282 5
363 467 499
216 75
483 341
569 527
12 22
160 211
467 142
24 25 36 41
123 124
184 22
170 439
380 158
396 390
18 315
425 367
107 188 406
25 36
56 739
696 21
368 29
212 55
18 219
58 253
369 53
171 549
256 296
108 134
372 125
219 197
59 287
89 97
72 434 50 51 85
64 5
258 451
550 70
48 49 51
285 278
212 127
901 166 136 137 170 171 337 338 915 252 116 438 439 117 339 340 124 861
396 158
696 260
56 482
65 645 6 490 529
64 3 5
444 367
497 489
547 122 83 85
161 4 813
418 548 486 424 362 172 77 334 848 49 48 246 443 444 319
291 494
122 187
67 68
475 358
448 580 140 429 462 430 336 593 141 335 217 447
216 223
354 126
170 114
128 492
442 375
212 612
617 603
296 388
482 810 55 56 57 59 60
97 212
67 68
171 116
284 309
11 326
860 686
672 680 552 664 474
88 364
418 548 362 172 848 49 114 48 115 246 920 443 444 319
114 115 334
270 47
3 196
105 395
129 777 168 52 197 198 199 200 201 202 203 204 205 206 207 208 594 95 96
4 813
915 861
130 36 487 169 114 115 279 29
409 517
74 75
3 55
522 341
122 148
833 194
93 174
18 86
212 132
306 3
232 181
122 69
218 367
97 57
160 211 159
128 319
118 119
648 22
93 22
200 400
233 322
462 270
521 138
243 159
170 116
160 235 236 237 238 239 241 210 211 244 243 242 245 159
24 29
171 439
108 749
212 55
18 19
217 580 270
444 30
134 262 136 137 26 28 29 31 418 546 166 40 170 172 444 337 338 94 483 362 368 115 117
133 63
317 222
108 175
64 212
272 133
122 491 164 454
209 482
289 163 71 433 434 181 373 153 218
67 68
488 333
56 58
108 143
490 7
134 138 21 22 29 30 287 419 184 185 189 319 69 330 82 479 481 357 358 107 109 114 115 376 510
821 134
167 108 84 534 59 286
369 53
241 211 366
82 108
547 964
309 134
64 5 253
130 547
88 435
185 7
129 821
64 5
159 211 63
171 117
435 405
163 71 433 434 181 373 153 218
573 87
41 30
301 406
326 327 328 11 401 307 21 22
145 255
58 686
82 190
363 28 166
155 156 174
340 166
82 510
301 406
161 82
305 90
642 107
147 534
409 282 6 287
301 174 893 406
257 133
3 4
67 68
49 41
829 406
97 212
153 366
288 82 22
161 487 612 271
107 188
108 301 406
132 284
64 3 5
161 510
67 68
341 599
91 495
120 754 861 471
76 254
813 143
322 395
59 212
82 419
395 182
33 36 39 40 41 591 28 30 31
165 429
369 53
58 138
122 422 650
617 603
394 547
307 327
298 260 261 94
396 909
507 142
122 284
482 282
362 115
9 45
154 108
64 409 60 521
272 14
177 178 179
522 341
250 435 420
115 246
76 254
145 255
234 59
368 262
217 430
255 108 63
430 447
401 310
233 53
250 507
264 115
173 414
561 460
162 453
184 258
24 29
129 198
323 46
130 115
380 158
192 345
177 178 179
6 7
3 4
67 68
304 97
260 261
170 171
833 3
321 182
453 142
163 181
299 686
106 250
233 53
97 171
255 108 63
97 303
64 57
3 103
616 146
418 319
820 141
363 52
302 14
245 237
496 378
307 734
2 75 222
209 196
445 486
32 28
857 20
376 108
161 612
136 438
833 194
13 87
139 287
6 7
29 31
334 143
52 821
3 4 860
195 5
561 342
122 84
67 68
369 53
600 243 159
312 75
306 212
184 199
67 68
474 461
448 499
36 29
250 356
76 254
571 422 567
138 686
3 196
161 883
52 134
857 547
553 59 212 286
3 195 5
829 406
250 356
56 212
304 370
129 821
48 49 51 77
28 94
41 171
257 212
65 6
22 23
3 4 5
52 109 110
67 68
881 58
208 96
914 923
233 53
170 116
550 7
369 53
425 234 367 143 84 283
301 46
373 135
76 438
328 22
227 143
449 425 46
194 3
88 627
302 598
25 27 41
860 686
75 308
829 406
67 68
118 119
344 279
83 148
256 257 250
304 6
56 719
97 212
192 852
821 206
13 87
273 46
171 337 338 339 116 117 439 124
380 158
460 269
488 333 526 407 700
528 49
144 122
267 499
67 68
282 412
291 823
57 60
97 171
108 301
3 587 139 435 409 60 413
3 196
115 334
394 108
514 174
265 267
76 254
148 423
184 130
64 3 4 5 846 60
80 121
130 459
497 499
514 174
160 238 239 210 243 242 159
953 510
116 438
446 78
129 42
522 341
67 68
170 439
147 53
105 395
48 49
257 129 284 366
129 347
64 5 846
32 24
219 197
601 130
192 852
336 930
58 55
184 45
108 255
656 36
424 264
301 174
116 252
522 555
97 620
104 391
184 188
128 190
129 777 168 52 197 198 199 200 201 202 203 204 205 206 207 208 594 95 96
184 96
64 138 286
484 215
281 122 341
200 129 43
88 534
86 87
553 58
161 334 319
130 115
59 813
49 76 77
810 303
116 861
369 53
132 133
192 263
667 453
64 881 287
8 250
171 116
161 467
474 490
50 51
213 551
467 12
32 29
170 116
475 357
296 297 388
488 333
124 173
289 234
24 39
201 95
48 49
8 431
49 434 50 51 85 88
130 291
304 97
184 487
296 391
369 53
412 133
266 142
1 317
166 170 368 115 29
11 341
204 830
32 29 933
48 49
179 215
4 5
184 22
272 412
26 27
360 530
173 414
171 117
56 60
42 86
81 474
522 483
56 212 55
3 412
49 41
107 643
285 150
158 215
96 197 201 909 95
881 138
97 116
641 405
132 133
873 378
130 451
451 276
250 821
33 27
33 14
3 4 860
708 20
724 734
424 264
123 124
592 161
161 134
64 60 5
147 53
412 4
339 170 171
124 117
87 511
62 214 183
14 551
500 20
171 117
3 435
83 284
451 435
64 130 4 304 184 58 59
309 134
122 115 334
97 49
4 413
67 68
170 171
123 348
297 278
301 406
129 197 198 199 200 168 201 202 52 821
343 215
107 188 301 143
82 330
857 431
338 166
208 96
83 213
64 253 4 813
497 499
424 264
106 148
291 485
6 7
281 62
680 81
64 846
192 350
201 202
458 66
330 479
145 255
289 163 434 83 85 122
18 74 331 332
496 22
334 303
744 517
739 212
146 107
99 100
3 195
105 395 182 378 251
281 83 52
378 182
322 395
321 182
394 395
75 260
107 75
64 4 287
104 322
97 171
313 18
284 167
108 284
357 406
418 319
301 406
272 21
445 439
28 52
97 171
20 13
304 305
49 51
272 306
185 70
321 351
833 3
778 483
3 7
129 420 52
12 957
897 301
445 334
144 475
88 514
490 7
369 378
50 85
257 162 107 301 366 45 82 406
108 170 116
281 130
65 7
22 327
16 449
250 148
24 116
211 159
108 284
376 81 664
233 557
177 179
171 549
328 108
3 4
668 550
491 496 115 372 211 212
233 53
174 22
96 65
625 302
821 143
12 22
604 415
195 196
64 176 175
744 517
306 7
161 547 423 106 367 146 88 253
41 371
216 18
424 456
97 303
522 341
41 548
135 367 283 434 373 87 59 284
49 334
135 599
59 860 253
369 322 378
538 53
857 45
67 68
808 133
439 391
65 377
922 931
122 421
497 452
74 75
65 158
75 269
252 439
104 527
291 358
482 212
810 3 306
19 315
410 119
200 378
170 116
56 55
893 406
563 427
8 422
856 300
468 21
116 166
552 734
289 163 71 234 434 85
18 75
418 548 486 264 424 362 172 77 48 49 114 115 246 443 444 445 319
116 166
184 129
3 5
860 846
449 447
673 250 45
180 279
141 46
272 133
75 222
177 382
129 198
3 196
301 893 174
643 420 496 435 474
301 174
61 390
656 224
369 53
233 53
67 68
829 301
210 925
96 821
266 13
217 140
608 256
59 163
377 263
616 423
810 55
97 212
67 68
291 621
74 757
490 7
465 378
154 108
412 517
161 748
97 212
369 538 233 53
98 405
18 219
321 182
250 435
171 189
49 246
16 821
105 322
329 91
496 209
283 143
171 439
392 427
514 174
341 135
144 414
81 82
467 422
434 50 51 181 373 153
237 239
245 237
283 143
554 483
301 893 406
946 410
80 220
122 83 84 85
141 430
729 260
880 243
521 686
369 53
97 212
418 548 362 172 334 848 48 114 246 444 319
30 439
544 130 184 402
441 201 499
490 7
401 260
184 115
153 255
92 109
243 239
336 593 335
352 351
330 259 475
75 222
161 26
129 6
281 117
259 411
553 212
96 821
297 386
482 212
282 59
434 373 181
208 129 96 198
170 116 166
328 11 326
83 204
97 212
141 430
184 435
810 686
161 84 249 143
613 85
369 53
212 412
549 382
3 5
129 210 43
185 419
234 533 146
728 465
116 117
97 171
114 115
136 438
260 261 74 75 298 249
354 99 98 709 355 324 405 126
369 53
330 259
129 821
897 339 639
75 318
441 178 179
369 105
281 378
170 171
164 394 106 428 494 270 146 83 84 181
578 364
158 183
435 420
5 413
130 250
2 317
132 133
161 115
97 620
58 287
171 116
260 261
266 62
827 5
113 67 109
97 90 106 303 305 89 122 925 253
434 50 51 85 88
192 158
881 138
80 582
449 76 30 41
64 3 5
75 310
192 123
881 686
810 90 303
72 434 50 51 85 88
259 411
105 395 182 378 251
114 246
97 90
330 259 475 63
381 102
122 372
82 357
474 435
418 548 486 264 424 362 77 334 528 49 48 115 246 443 444 445 319
129 594
233 54
490 7
120 428
668 70
97 90
810 286 807
306 286
394 378
1 2
353 343
573 823
435 244
439 7
233 538
339 230
171 117
67 68
169 821
34 439
122 115 334
194 3
138 60
524 830
137 166
317 222
336 335
147 53
284 167
664 81
90 4
161 279
369 53
848 39
281 427
114 251
264 114 115
778 483
158 215
233 53
860 686
80 161
58 59
114 486
24 29
105 322 378
107 29
301 406
67 68
45 359
243 211 235
418 439
184 130 372
421 231
337 338
482 739 59 810 686 55 56 57 58 699 60
3 413
901 817 754 116 252 861
497 363
132 133
549 382
260 261 70 298 312 249 509
64 4
434 181
427 494
124 62
379 398
388 199
107 406
608 250
194 3
257 284
258 402
367 143
82 357
291 358
410 70
70 190
171 117
125 430
147 53
306 286
488 559
118 119
265 233
495 84 87
29 30
202 487
89 303
460 269
81 143
522 341
259 411
67 68
281 15
451 276
386 381
15 391
36 38
22 23
323 46
532 78
129 42 108
223 87
108 63
264 115
3 4
266 708 13
250 435
188 301
216 6
264 334
378 62
616 332
114 334
331 557
64 212
161 162
369 53
832 259
260 21
106 821
97 7
744 98 324 103
59 212
3 5
425 125
129 821
64 138
699 950
901 439
94 166
171 471
424 264
106 405
104 105
273 813 47
122 83 85
168 52
449 46
212 286
307 327
418 115 114
301 406
170 117
344 279
3 5
89 90
12 325
475 255
281 484
833 3
106 250
177 178 179
8 570
538 53
59 3
129 52 821
24 25 26 27 28 29 30 31 32 33 34 35 36 37 38 39 40 41 591
114 115
421 270
83 527
425 284 309
46 47
22 23
50 85
49 41
171 117
339 63
233 62
65 324 125
483 341
56 482
184 161
116 124
216 188
153 434
395 380
232 281
8 13
394 322
1 378
48 49
378 251
326 174
104 527
435 173
305 90
28 52
180 158
88 155
173 182
64 3 5
456 97 170
96 129
482 287
24 29
114 115
237 159
32 108 29
728 465
708 20
860 7
161 749
59 860
208 219 96
3 4
284 167
136 116 166
171 549
439 7
18 311
284 421
180 382
937 573
3 860
3 4 5
301 406
301 893
608 106
827 3
296 284
369 53
108 237
122 82
75 310
284 167
232 233
354 355 99 101 936
65 435
721 755
435 270
363 108
18 227
931 239
28 45 94 52
262 428 656 471 120 152
450 415
392 378
352 351
369 322 378 105
170 439
380 7
185 82
96 202
264 115 246
456 170
3 4 5
209 133
84 63
283 85
680 664
76 254
108 301 406
128 22
363 467 499
533 133
82 639
45 333
98 324 103
124 421
212 950
241 964
530 142
3 5
321 322 296 183 62
378 182
813 860 413 686
648 22
3 4
829 406
161 3 253
69 679
124 173
74 75
285 150
96 219
98 99
362 117
88 49 51
230 199
857 213
96 197
459 516
193 103
252 439
36 439
115 334
232 285
107 21
115 334
448 141 430
860 686
118 119
456 48
664 81
302 598
122 357 82
81 175 287
272 3 5
481 357 550 82 510
104 394
378 157
177 179
696 228
324 126
810 286
168 343
425 17 291
195 5
208 202 96
161 394 369
427 173
61 158
20 13
259 411
67 68
460 332
369 53
3 5
107 22
75 87
170 171
138 686
185 70
89 305 90 303
24 30
60 860
273 447
424 264
497 363
174 22
537 87
530 167
252 439
587 3
217 270
170 116
429 46
32 34 36 37 40 24 28 29 30 31
145 255
424 264 246
171 549
117 439
28 262
553 810
273 310
30 439
141 47
61 151
829 406
161 642 148
380 182
264 291
17 291
366 107 406
354 101
315 222
88 146
130 494
448 140
161 3 253
833 196
142 7
252 117
264 528 920 418 548 424 172 48 49 443 444 445 319 77 334 982 486 362 114 115 246
434 85
170 117
193 3
456 848
522 555
67 68
97 212 132
104 105 369 151 378
65 377
213 70
281 207
306 6
58 950
522 135
173 143
108 405
49 51
739 212
769 98 354 100 101 102 641 324 709 99 619 372 405 663 125
345 177 178 179
76 254
50 51
194 3 5
524 837
209 212
156 189
20 13
257 284
173 414
97 90
194 3
731 469
216 223
482 5
130 910
297 495
622 278
145 435
306 212
810 55
369 53
448 499
232 278
101 102
281 575
107 223
173 182
184 855
972 4
402 435
184 431
358 6
67 68
633 398
184 146 107 330
185 358
3 5
147 300
281 15
184 130 189
281 495
65 6
129 198
484 62
67 68
212 412
67 68
769 98
106 356
114 115
108 101
233 53
22 23
388 199
152 418
233 15
67 68
561 75
125 639
106 107
97 212
233 15
616 428
306 412
302 174
82 357
160 234 235 236 237 238 239 240 241 210 211 244 243 242 245
115 319
441 276 414
456 172
388 199
24 172
490 7
107 188 22
369 53
224 216
41 76 77 49 438 254
283 691
451 516 169 459 173 276 790 441
200 777
48 49
232 233
122 253
67 68
3 413
67 68
352 491 204 378 496 343 215 61
593 141
97 90
216 222
212 662
529 7
3 196
96 821
152 31
76 77 334 48 49
97 482 212
285 6
810 3 5
444 39
216 317
197 821 421
161 405
49 51
264 77
4 413
202 821
180 158
328 22
58 412
250 106 83
185 82
482 3 212
115 687
18 315
88 514
201 821
305 253
306 7
376 81 664
347 6 7
97 171
263 815
192 347
322 182
380 398
272 132
810 303
255 108 63
118 119
105 378
514 174
283 356
672 188
441 381
153 405
49 51
207 919
232 441
245 211 237
108 255
74 331 75 332 298 18 249
171 549
48 49
322 104 105 369 378
136 116 252
28 30 31
181 215
258 181
11 21 22 327
161 378
242 238
232 169 281 15
52 918
28 45 94 52
594 95
572 143
337 171
99 100
616 18 155 156
123 181
50 51
170 115
211 85
833 3
233 53
115 334
257 284
369 53
453 567
136 76 77 438 254
931 235
296 388
115 334
201 777 95
67 515 329 330 144 91 92
127 287
250 63
232 233 557
194 3 5
170 439
146 107
317 223
897 301 893 406
212 133
22 23
662 503
145 187
363 467 499
453 142
977 334
284 143
196 7
601 459
106 43 148 213
207 63
3 195
314 75 318
341 79
257 255
67 68
209 59
378 182 62
18 315
171 439
325 107 45 366 20
136 117
724 734
264 115 687
453 701
147 53
880 243
340 166
115 334
75 342 310 312 216 317 223
106 83
129 821
377 182
57 60 55
170 116
328 22
67 68
52 119
810 212
964 927
848 172
341 135
897 357 330 301 47 639
50 51
88 405
474 412
16 335
4 324
52 821
330 259 357
829 406
44 45
465 564
129 130
336 593 335
106 435 143
330 475 92
401 261
587 196 5
530 12
21 22
96 129
283 143
492 391
482 212
106 59
264 246
344 14
483 135
264 445
336 16
514 174
394 396
304 90
250 45
388 199
610 31
212 302
901 331 754 979 116 438 861
779 86
821 198
901 754 979 116 438 861
184 435
24 31
109 111 112 475 92
833 3
425 446
101 102
175 47
497 507
97 92
448 449 934 41 140 141 270 217 447
289 59 253
388 199
441 499
88 49 51
122 319
212 950
50 51
138 686
272 244
3 413
117 262
9 87
522 135
369 378
376 81 63
3 196 5
48 428
474 190
48 161 334
160 234 235 236 237 238 239 241 210 211 244 243 242 245 159
104 390
354 126
529 490
418 334
306 6
964 237
304 184
155 156
106 143
259 475 63
24 29
376 357
547 964
138 22
857 507
48 49 334
257 463
3 5
2 107 148 330
168 207
212 302
368 152
145 493
171 549
75 269
114 115
754 76
274 302
3 413
3 588
276 414
67 68
395 182
56 639
373 374
202 95
64 138
232 278
123 124
46 462
416 415
46 430
91 67
19 108
360 142
49 76
147 53
129 167
291 485
250 107
67 68
74 75
50 51
106 116
106 83
65 490
323 46
108 255
67 68
72 85
813 686
185 82 364
906 75 310 312 216 317 223
330 411
65 142
347 821
72 434 51 85
425 133
48 444
3 972
482 108
545 83
168 204
64 212 286
721 12
380 182
262 428 656 471 120 152
931 237
37 439
281 108
434 71
302 14
46 462
172 166
449 41
180 150
171 549
170 252 63
857 363
435 421
116 63
170 116
666 5
897 5
97 212
138 686
361 499
209 212
302 174
201 777 909 918 919 95
272 133
483 341
41 27
192 215
161 454
378 284
96 909
161 319
161 334
488 452
115 319
170 171
173 182
624 130
108 406
188 301
330 91
60 813
216 18
282 55
161 276
483 341
418 115
3 7
210 43
272 133
50 51
66 381
32 34
161 11
216 6
160 241 159
897 301 174 406 893
3 5
426 402
264 246
418 35 34 548 166 39 40 262 36 362 28 338 339 340 117 726 444 30
96 129 197 198 199 200 201 42 203 204 202 206 207 208 168 205 52 95
419 550 551 300 664 185 474 668 509
369 53
211 159
48 115
97 90
121 18
122 212
3 7
601 130
75 460 757
130 279
345 177 178 179
309 134
161 129
88 49 51
177 451
412 413
528 115
609 266 267 265
284 334
3 196
696 317
376 81 664
306 253
170 116
153 356
507 431
21 22
67 68
83 213
64 256 356 170 330 47 82 115 212
369 378 105
449 270 273 534 217
474 461
171 428
530 12
129 451
434 51
168 197
317 310
129 821
60 813
155 156
441 499
50 51
180 382
291 420
193 195 827
116 117
52 45
170 117
369 53
522 341
450 415
441 276 414
64 57 4
67 68
561 85
754 915 979 471 120 861
107 269 301 406 188
265 267
550 190
418 115
3 413
280 161 148
641 938
3 5
216 18
412 4
88 423
474 250 106
25 36
297 378
373 87 527
547 334
98 324 103
114 115
352 346
252 117
115 334
339 171
173 527
30 439
196 5
161 167
456 114
857 161 363
87 63
122 284
107 406
418 115 166 362
264 114 115
108 964 933
860 686
184 107
857 914
488 497 452
134 558
59 860 253
211 159
140 47
656 262
101 372 405
136 438
46 270
4 60
857 161 363
64 196
185 82
406 22
184 130
170 116
363 467
184 37
114 115 439
12 93
59 212 647
171 116
289 106 306 409 122 59 253
339 988
184 153
159 63
486 424 264 77 246 445
496 368
285 181
140 47
363 142
372 108 405
82 357
64 257 212 250 59
475 92
244 282 860 253 287
274 46
272 133
528 548
369 53
154 108
291 573
136 41 76 754 438 254
57 59 60
367 167
28 52
104 378 251 151
147 53
201 778
266 267
291 15
194 3
194 827
60 846
821 421
96 219
67 68
160 159
90 934
202 207
35 38
16 286
161 613 234 236 239 146 242 84 533 116 405
378 62
48 49
274 323
897 406
269 223
616 522
82 551
3 860
490 211
617 603
24 63
76 861 438
395 182
80 532
166 136 137 170 337 338 339 252 116 438 439 117 340 124
59 55
328 161
108 542
260 21
474 435
369 53
424 264
860 253
368 122 428
5 413
369 53
169 347
232 441
272 412 132
184 107
3 5
4 413
378 395
3 827 195
208 96
87 319
107 188 406
522 483 341 135
483 341
409 3
459 292
3 7
708 662
67 68
434 71
303 439
118 119
3 103
8 162 20
213 22
161 196
129 821
3 5
96 821
3 5
587 195
67 68
179 215
160 235 243 211 159
59 413
130 435
3 195
412 431
209 156
860 686
378 61
169 459
122 650
3 4
120 41 40
227 86
83 85
485 573 823
521 93
64 63
860 5
113 109
283 284
184 199
64 90
185 70
76 254
21 22
243 159
130 293
141 335
64 881 287
85 167
168 169
353 215
97 303
20 662 503
412 413
129 42 63
289 85
171 29
460 222
212 132 533
827 3
302 598
188 108
46 462
67 68
496 107
264 114 115
475 14
177 178 179
449 447
49 334
483 341
652 255
177 178 179
170 252
395 182
75 68
401 260
59 813
369 53
98 125
265 662
75 21
133 159
451 543
553 212
136 438
521 58
268 20
212 412
309 134
32 37
253 175
456 548
666 813
174 135
59 253
250 29
208 821
233 62
97 326
64 4
114 487
522 135
321 182
81 82
20 13
58 55
474 435
134 558
328 161
84 85 495
265 441
85 71
394 386
67 68
58 59
306 212
301 406
474 420 122
146 107 188
897 639
406 774
50 51
13 87
9 570
420 366 435 184 474
264 114 115 319
115 334
216 223
130 29
138 330
270 47
232 169
28 94
680 664
301 174
897 406
833 3
8 20
329 91
177 178 179
233 557
816 686
216 460
72 367 433 434 85 218
3 195
124 173 62
141 46
12 22
36 29
50 51
973 510
173 94
41 26 27 39
217 430
89 97
444 334
134 166
483 341
64 866 4 60
236 237
481 639
14 119
368 29
616 88
666 59 813
284 167
171 471
617 603
230 199
59 3
289 163 104 297 105 378 284 61
323 46
483 341
810 139
80 63
131 263 908 278 150 279 157 285 682 179 180 181 852 343 344 215 346 347 349 350 351 352 232 622
482 3
578 367
609 232 265 266 267 233 441
129 777 168 52 821 197 198 199 200 201 202 203 204 205 206 207 208 594 95 96
369 53
483 341
57 686
448 499
170 116
285 150
52 821
3 253
553 122 59
434 50 51 85
860 686
893 174
132 133
369 53
97 482 212
602 87
458 527
507 108
3 196
609 441
435 422
138 413
142 6
8 507
860 813
545 213
88 519
482 212
64 4 972 813 860
353 343 215
161 146 406
107 406
328 174
76 254
366 284 406
449 41
494 295
354 355
547 821
208 96
289 71 433 434 181 373 218
107 47
452 453
233 54
260 261 326 327 328 778 11 174 401 307 724 341 536
490 7
266 267
282 846
67 68
133 302
200 207
757 615
114 443 444
64 138 860
97 90
857 167
181 263
116 124
522 483 135
170 116
184 6
216 223
233 53
248 247
98 101
3 7
354 495 405 87 126
257 284
6 7
64 57
1 284
50 51
41 26 27 39
20 13
160 241 159
700 333 407
85 511
65 380
38 24 30
294 375
13 639
451 276
75 108
67 68
61 151
59 212 286
418 548 486 264 424 362 172 77 334 528 49 114 48 246 443 444 445 319
448 800
124 439
50 51
67 68
8 361 570
146 59
165 175
686 175
243 211
412 6 7
181 215
26 31
69 70
159 63
901 136 331 116 438 252 861
369 53
108 101
56 212
88 250
72 50 51 85 88
124 62
617 603
69 70
64 3
298 260 261
20 45
58 138
8 20
324 6
193 3 4
59 686
170 117
107 435 366
64 175 881 57 922 60 287
120 49 77
833 3 5
109 495
22 23
64 587 3 5
260 261
171 117
569 130 451 281
369 53
138 4
233 53
3 195 196
827 3 5
216 435 821
165 429
4 413
428 471
106 250
354 100
369 378 105
321 182
148 190
322 104 105 369 378
106 148
3 4 413
170 171
32 41
194 827
301 174
915 901
83 84
306 412
59 405
412 517
129 821
65 129
96 821
377 380
192 345
67 68
243 244
160 159
3 860
50 85
222 15
170 171
418 548 486 264 362 687 48 114 115 532 246 444 445 319
233 62
451 420
376 330
544 425 479
42 43 86 87 88
116 334
292 134 233 207 401 402 180 53 404 285
192 263
124 439
561 75
141 430
529 490 6 7
369 53
546 37
168 285
405 63
49 51
933 108 373 87 537
108 334
972 4 813 860
283 334
739 55
486 424 264 77 246 445
265 233
106 83
509 70
22 23
145 187
50 85
202 396
401 21 260 261
270 47
233 2
168 204
521 58 59
893 406
158 398
544 184
3 196
26 27
813 4 413 860
216 189
137 166
116 6
49 41
49 76
901 136 331 817 754 116 438 252 861
67 68
106 821
130 558
368 171
448 140
282 212
237 239
441 276 414
67 68
483 341
3 5
59 212
76 254
441 276 414
460 269 561 216 188 223
114 319
76 254
482 212 412
451 483
281 465
280 161
74 75
428 933
67 68
67 68
118 119
412 518
161 108 84
356 639
180 158
608 171 549
12 622
97 262
421 431
216 189
155 156
107 75
171 549
88 85
161 367 143 495 83 84 87
377 380 398
233 538
130 173
172 117
200 527
170 37
488 333
321 594
521 3
116 6
144 330
612 271
324 405
459 6
953 70
273 564
608 129
833 3
272 273
235 927
82 933
482 306
522 341
378 62
138 983
182 62
291 573
301 174
216 75 310 223
64 59 138 195
810 286
216 222
97 171
64 161 4 253
306 7
816 138
441 276 414
565 13 366 191
114 444 362
129 130 43
453 142
97 114
233 538
130 494
353 852
97 171
18 308
76 254
250 406
256 367
289 85
216 296
26 39
368 367
147 300
193 133
96 821
45 503
405 126
170 116
652 255
130 291 459 173 569
720 377 380 297
474 250 420
395 15
456 116
301 174
208 129 96
405 143
314 75 74 318
64 3 4 5 626 287
964 932
141 46 47
170 171
409 282
521 138
508 244
169 130
272 133
134 558
45 134
128 22
53 198
82 639
50 51
933 334
202 487
45 143
285 150
67 68
429 47
3 195 196
257 250
3 7
210 602
64 4 175
412 5
101 102
60 813
171 117
132 253 860
208 129
369 53
354 829
192 123
56 521
435 420
152 86
194 3
507 45
439 30 31
662 503
67 68
114 334
64 3 5
616 84
97 303 305 89 90
141 47
483 341
122 334
922 846
283 691
129 52
330 109
67 68
170 116
178 179
312 613
724 734
482 412
192 179
233 62
317 223
147 53
160 242 239
522 373 174 135
194 3
67 68
171 549
97 58
49 334
171 471
893 406
130 173
264 115
122 18
260 21
6 7
589 30
972 5
42 43
49 319
82 21
846 7
58 138
441 276 414
407 408 359 44 45 500 501 502 503 504 505 506 507
405 102
456 319
124 173 62
3 7
130 291 131 197 292 293 232 169 168 290 204 271 15 281 285
179 215
547 213
20 294
24 25 36
173 182
208 96
260 22
57 55
345 149
122 83
813 83 122 860 253
75 269
104 284
721 701
272 412
175 287
212 412
3 5
289 163 71 434 85
435 63
338 6
283 223
58 3
160 159
233 54
170 171 116
65 25
554 341
9 10
202 134
505 359
769 101
249 367
83 84 495
539 93
224 75
297 388
810 306
3 7
116 166
13 639
409 413
256 933 254
306 212
104 395
456 319
9 673
122 83
134 558
418 115
140 343
312 757
252 439
59 196
12 574
341 135
120 41 40
145 85
394 534 88 155 156
284 309
652 302
89 253
357 358 144 376 475 479
180 157
255 63
337 170 338
144 475
192 150
424 264
3 413
32 230
41 30
67 68
64 237 270 366 304 47 175 211 372 212
76 254
764 6
3 5
307 70
306 719
547 394 106 428 283 146 435 116 84 155
394 390
195 6
138 572
118 119
115 334
312 421
108 165
321 617
816 860
376 81 664
170 171
739 212
163 71 433 434 181 373 153 218
304 253
35 38
394 106
330 475
116 117
369 53
537 87
160 161 234
17 339
490 7
13 142
609 267
810 5
496 2 378
344 682
243 159
48 49 51 76
188 301
418 115
749 406
434 71
897 301 211 406 893
64 138 59 5
201 777 909 594 918 919 95
114 443
272 283 143
58 813 686
48 49
3 4 5
1 317
181 215
76 254
652 302
195 196 5
264 528 418 548 424 172 48 49 443 444 445 319 77 334 848 486 362 114 115 246
471 87
754 549
608 250
115 166
50 51
67 68
115 334 319
289 163 84 85 373
302 174
63 71
49 51
369 53
161 142
64 409
821 95
22 23
213 71
97 115
194 3
522 174 135
130 427
456 114
234 236
721 267
833 3
824 265 662
171 117
3 413
897 162 291 129 45 366 406 893
208 96
544 171
67 68
25 97
442 700
284 134
281 465
302 174
13 87
272 133
441 367
232 233 557 53 278 62
442 367
116 117
378 53
173 63
180 157
67 68
64 572
460 332
230 199
321 322 62
120 754
346 181
283 85
336 335
425 125
75 318
37 439
59 63
192 180
163 493
107 406
193 413
65 142
739 412
897 301 406
810 175
82 63
170 439
3 412
50 51
116 117
211 237
729 22
160 234 235 236 237 238 239 240 241 210 211 244 243 242 245
83 28
672 419 550 711 680 551 70 107 81 82 664 185 474 668 509 190
161 667
122 83 84 85
344 279
368 439
330 22
209 286
82 22
98 103
120 49 77
368 428 262
233 266
284 367
250 63
369 53
412 3 4 193
27 171
108 468
115 334
217 165
209 138
212 372
326 510
810 14
729 22
17 284
881 175
18 315
475 357
827 7
216 223
185 82
474 82
152 262
161 188
210 12
664 81
120 49 77
67 68
496 378
171 116
813 143
56 59
18 318
754 471
233 538
481 87
49 334
223 143
296 284
96 129 197 198 200 168 202 204 208 52 821
64 139
138 282
75 332
129 210
208 909
11 341
253 860 813
284 366
64 59 5
108 63
108 255
186 53
309 134
873 86
361 236
388 199
171 230
200 96
306 133
466 708
64 282 5 846
3 196
192 350
122 187
284 6
893 406
58 138
396 87
24 36
331 557
97 212
243 211
138 282
122 83
233 53
3 5
283 519
352 346 215
145 493
161 283
264 17
3 196 5
48 49
75 260
115 334
117 166
609 266 267 265
409 413
312 216
148 213
810 212
300 711
409 58
324 405
376 81 664
184 420 910
441 459
59 212 286
368 83
18 19
250 212
434 373 181
58 412
115 172
24 63
482 212
144 549
281 108
170 439
194 59 5
296 391
161 283
83 284
209 739
18 315
521 282 7
173 94
22 7
107 188
219 197
76 77
401 260
97 253
495 84 63
10 453
202 821
569 494
108 406
232 204
824 265
82 167
545 814
34 439
114 115 334
609 805 265 266 267 233 499 62
257 297 108 63 255
257 213
739 212
156 302
171 549
380 398
289 163 72 432 50 434 51 85
496 372
897 357 639
76 254
778 11
257 130 519 153 284 29 162 297 304 330 82 211 352 107 364 366 496 372 250
435 212 133
59 212
138 686
334 303
176 175
209 156
283 143
700 333 407
13 87
28 29
170 171 116
64 3 4 5 90 60
88 50 51
281 134
114 115
108 255
230 199
82 357
3 7
507 12
48 49
64 409 138 521
129 821
200 378
376 272 244
979 861 901
122 83
192 150
453 142
412 982
301 406
829 406
321 62
813 413
330 109
352 180
2 317
211 133
425 223
67 68
306 413 7
264 246 319
3 5
48 49
202 821
81 283
21 22
330 84
608 171 549
3 412
97 212
3 4
82 190
165 140 46 47 16 273 274 275 217
514 547
396 397
252 439
195 55
202 821
67 68
829 301
116 117
64 282
56 57 55
138 108
336 16 270
810 3
67 68
135 434 84 373 87
284 519
401 21
810 286
288 81
490 7
211 159
161 227
108 63
363 45
170 31
893 174
88 301
8 574
96 821
545 130
171 471
496 474 435 420
67 68
330 639
64 4 253 60
554 135
475 63
369 53
394 386
341 135
272 133
82 510
264 115
22 23
328 106
17 425
369 105
833 3
306 7
964 237
26 27 39
321 322
67 68
82 510
161 394
105 369 182 378 251
107 17 211 372 406
272 132
739 212 55
528 65 6 7
89 97
257 212
71 72 434 50 181 373 85
260 21
82 364
88 439
194 3
41 27 76
425 46
211 639
81 108
97 286
386 388 391 296 297 105 395 396 251 379 380 381
396 909
232 173
301 174
392 296
286 175
97 132
14 22
379 389
114 115
129 166 52 281 31
180 158
34 28
467 325
304 115 212 47
21 93
99 100
133 302
200 129
108 510
217 270 47
170 439
168 281
330 479
50 51
266 20
1 317 222
233 441
36 439
322 182
304 64
138 686
185 300
184 545 130 82
170 339
369 53
122 396
24 25 26 27 28 29 30 31 32 33 34 35 36 37 38 39 40 41 589 591
56 810
233 53
129 821
848 926
45 213
266 62
909 919
499 15
81 82
428 63
42 52 198 207
301 406
75 342 310 312 216 317 223
578 284
202 134
217 270
810 699
17 223
170 166
827 3
425 116
67 68
434 289 50 181
97 418
296 386
341 135
32 428
4 324
696 317
482 412
100 405
378 61
16 275 47
829 301
64 175
841 563
180 263
185 419
107 491
378 62
296 379 389 182
616 148
495 87
168 378
259 479
257 153 250
339 29
227 222
445 439
266 13
97 212 132
42 52
138 23
289 655
386 83
26 27
357 639
412 3 4
116 117
282 7
312 216
147 53
509 510
266 13
82 357
369 53
664 461
323 46
451 276
412 133
382 151
301 406
16 275 46 47
211 159
140 165
544 495
136 41 76 77 49 254
308 348
172 548
827 3
165 175
180 382
88 49 51
138 22
185 510
27 252
143 283 284 161 933 167 694 63 83 595 84 87 602 108 367 495 753 373 374 122
163 71 433 50 434 51 85 373 181 153 218
640 639
122 547
250 334
233 538
369 378
36 29
193 3 4 5
169 115
281 131
881 175
64 138 860
180 398
64 409
369 53
808 133
161 84
306 212
628 550
114 172
321 62
138 175
448 323 430 335 336 593
272 132 133
224 460
424 115
435 421
200 168 343
377 263
108 159
210 211
84 284
367 143
330 291
166 136 137 170 171 337 338 339 252 116 438 439 117 340 124 861
170 171 116
129 42
177 178 179
260 261
245 237
130 271
281 15
304 97
306 212
259 411
180 279
357 639
827 7
483 341 135
656 262
304 64 4
136 817 754 116 252 861
283 18 75
42 94
964 927
104 233
185 510
184 106 171
93 22
67 68
115 334
41 28
265 233 179 276 441 414
216 296
18 220
3 7
123 124
96 909
442 108
331 74 75
376 81 664
195 412
232 233 15 53 538
171 471
99 405
432 218 72 85
860 413
897 406
171 117
82 63
964 87
67 68
181 263
281 207
64 3 4 5 138 286
3 860
381 102
133 63
216 223
680 81
184 30
195 196
185 82
201 95
106 213
145 187
165 175
67 68
3 4
424 456
444 86
301 174 893 406
296 460 269
107 301 406
418 115
428 262
128 22
897 301
49 114
475 479
64 4 175
178 18
22 255
890 406
720 380
553 212 286
181 622
72 289 163 85
460 757
739 55
304 951
521 138
256 122 254
406 22
833 3
672 419 550 711 680 510 138 107 551 81 82 664 185 474 668 509 190
114 319
552 300
233 53
451 420
12 662
208 96
16 304
341 29
136 252 438
369 53
537 373 87
296 284 61
152 35
48 49
284 381
306 55
138 686
372 301 406
302 14
3 827 195
449 447
59 55
434 373 181
32 31
157 181
96 821
931 237
296 284
363 45
12 325
522 555
307 734
497 422
57 59 60 405
8 570
136 76 438
104 62
171 117
209 364
362 108
465 212
64 3
302 14
264 114 115
235 927
302 14 119
170 114
973 510
114 115
138 23
401 108 174
700 407
185 423
424 77
680 138
97 445
369 395
122 83
72 434 50 51 85
744 518
138 330
64 138 59 132
306 7
201 177 178 179 441
59 60
67 68
201 441
65 142
369 53
412 3 4 193
88 405 423
64 212
160 243 159
474 30
328 174
16 335
307 734
810 55
106 83 84
211 159
490 7
306 212
810 212
3 413
369 53
744 518
523 524
171 262
88 547
362 117
114 115 319
187 71
65 377
172 117
347 207
52 94
460 107 188
129 777 168 42 52 197 198 199 200 201 202 203 204 205 206 207 208 594 95 96
96 219
322 104 105 369 378
144 420
109 70
301 174
302 14
283 133
184 130
3 212
64 129 130 366 29
952 958
64 4 60
670 6
208 202
81 300
192 346
328 250
352 123
265 266 441
161 130
667 12 325
306 212 133
72 289 163 85
122 148 138
475 613
185 550
26 39
171 116
212 132
474 107
136 116 252 861
41 76 77 49 438 254
130 459
80 446
860 686
82 357
378 87
284 549
372 102
24 30
170 116
860 686
421 119
668 510
341 135
5 482 3 435
49 418
3 193 195
19 134
522 341 135
122 475
339 116
616 116
163 433 50 434 51 181 373 85 153 218
554 522 373 135
353 181
437 439
28 94
860 686
609 265 266 267 233 538
41 901
696 223
409 413
341 135
34 14
24 27
64 4 5 521 138
22 23
75 318
165 140 270 46 16 273 274 275 217
82 87
264 114
136 41 76 438 254
233 62
304 210
881 138
283 372
45 639
641 165 11 749 590 565 639
41 27 39
49 51
64 138
931 239
101 405
211 159
59 212
64 846
173 63
176 175
347 6 7
380 158
156 189
49 76
18 311
232 173
184 130
306 412
169 173
395 182
560 283
3 5
132 133
257 255
59 212
64 846
233 538
184 130
366 107 406
289 59 253
467 12
98 99
185 69
3 5
561 460 21
139 686
728 484
93 22
64 572
88 514
64 3 5
130 279
201 778
116 117
194 195
130 291 451 427 459 173 569 184 281
684 413
132 133
323 46
129 821
272 59
141 430
83 358
3 4
67 68
328 326
330 259 108 475
232 622
82 357 550
176 175
553 306 212 412 286
97 90
448 441
3 196
442 13
763 517
35 55
69 143
260 261
107 460
12 294
66 201 233 265 563 441
64 212
282 3
169 451
3 196
810 412
39 41 26 27 444
829 46
281 15
395 182
98 99 324
362 172
534 231
496 435
860 813
250 3
421 231
306 3
233 53
200 400
25 36
264 445
664 82
514 75
288 107
49 334
296 182
425 125
332 20
9 45
296 388
59 412
288 474 307 70
212 846
213 22
3 5
232 233
180 382
116 117
108 748
8 20
366 406
97 212
302 174
922 846
354 355
472 256
114 982
212 412
451 483
64 57
452 806 488 10 333 559
185 82
897 406
143 122 82 167
243 159
244 253
306 3
93 22
296 297 386
465 557
908 263
981 14
194 3
82 108
757 615
115 334
88 146
107 75
451 459
244 159
64 59 253 184
496 107 460 366
284 493
378 62
289 163 71 433 434 181 373 218
729 22
345 149
169 279
212 287
3 4
75 222
129 821
161 334
170 108
257 133 108 212 250 284
328 22
4 5 324
171 439
848 926
441 451 276 459
64 138
289 163 234 434 85
194 413
482 739 212
21 22
212 302
302 14
181 263
59 5
467 499
434 71
539 327
591 87
200 777
860 686
123 124
3 5
64 3
142 214
64 130 304 184 286 287
930 323 141 335 336 274
729 22
122 164
75 213
561 75
122 111 613 143
97 210
358 109 376 475 92
346 158
451 459
144 52
184 435
129 198
64 138 4
171 439
193 412
22 23
129 347
67 68
284 143
65 6
148 534
421 150
425 175
161 164
707 524
521 138 60
82 510
48 117
83 187
184 330
81 82
418 319
283 356
281 435 31
403 149
250 22
145 493
444 86
639 159
41 246
188 108
377 398
72 434 50 51 85 88
488 333 407 700 701
188 301
80 532
114 134
522 135
482 212 55
260 261 74 331 75 298 249
272 133
301 406
82 357
91 14
180 157
296 388
163 46
184 281
491 460
1 75
129 52
264 114
118 119
369 322 378 105
498 420
49 334
496 106
129 975
458 715 527 400 402
992 813
824 662
171 420
136 116
289 51 85
108 468 63
40 41 27 76
265 662
130 487
67 68
88 514
99 324
29 38
161 334
65 490 6 7
276 414
161 394 386
117 246
352 351
184 185
134 558
163 253
281 207
129 173
88 51
522 341
22 23
212 286
116 439
108 5
84 367
12 662
76 77 334 49 51
65 250
330 92
312 73
83 227
369 441
252 439
465 494
170 171 116
901 136 331 116 438 252 861
817 754 471 120 861
302 174
395 182
114 115
285 150
49 76
130 527
321 617
810 286
296 390
235 927
88 132
24 30
155 519
412 133
553 132
198 206
266 708
265 441
64 4
345 149
296 388
24 589
174 301 406
46 462
115 334
41 76 77 49 254
158 7
45 366
88 130
482 699
915 861
64 63
168 197
297 278
284 367
43 188
67 68
532 341
301 406
378 180
184 82
97 90
708 701
98 324
97 212
739 212
296 269
184 90
170 171
449 212 5 63
289 122 253 106
67 68
82 357
145 493
166 136 137 170 171 337 338 339 252 116 438 439 117 340 124 861
185 14
20 13
24 29
72 434 50 51 88
953 70
544 292
36 29
435 341 422
106 83
64 47
272 133
170 171 116
282 3
522 341
829 301
816 881
82 357
96 821
123 180
848 206
893 406
104 378 87
306 412
97 330
160 159
101 430
816 139
3 196
395 380
170 439
108 5
429 430
25 26 27 28 29 30 31 32 33 34 35 36 37 38 39 40 41 589 591
264 170 427 114 339 115 319
309 431
208 129 96
821 31
376 81 664
317 222
378 62
259 357
466 708
852 343
146 423
170 171 549
129 777 802 168 42 52 821 197 198 199 200 201 202 203 204 205 206 207 208 594 95 96 752
322 251
427 173
210 175
67 68
667 13
609 265 266 267 268 499
315 86
897 174 301 406
180 157
32 613
84 85
64 302
769 98 354 100 101 102 641 324 99 619 405 663 125
590 639
83 79
472 473
435 244
107 435 366
244 821
171 117
108 133
264 115
18 19
306 59
72 49 434 50 51 85 88
82 357
369 53
22 167
64 521 413
301 174
171 117
354 405
282 59
285 150
216 435 821
530 422
108 542
208 821
93 101
432 373
380 7
249 298 260 261
210 122
59 739
184 199
108 22
194 3
499 431
64 5
171 116
202 95
224 561
8 570
507 63
58 138
820 141
418 334
37 439
481 357
82 639
906 75 310 312 216 317 223
282 3
192 263 180 181 150 123 348 349 350
901 136 331 817 754 116 438 252 861
306 412
16 217 141
16 217
104 391
82 21 22
80 15
49 41
406 774
507 167
211 244
449 46
49 77
3 413
412 413
175 287
59 3 196
166 136 137 170 171 337 338 339 252 116 438 439 117 340 124
435 270
326 327 328 11 174 21
561 75
490 7
499 214
170 116
281 15
165 175
184 17
744 517
64 4
46 406
369 53
483 341
456 116
180 157
64 5 846
83 133
148 213
184 287
296 284
104 105
131 263 278 150 279 285 179 180 192 215 344 345 343 347 348 346 350 351 352 353 349 232 123
49 51
412 283 132
65 619 372 125
451 414
32 29
212 286 287
3 413
488 333
330 475
315 341
57 59
424 264 246
184 199
129 173
425 291
777 821
170 339 639
192 343
344 192
439 87
129 821
833 3
211 235 159
860 686
841 427
64 129 435 4
280 108 63
283 167
608 171 549
821 95
171 116
161 162
412 7
284 373
425 284
124 252
724 734
195 699
168 134
490 645
64 57
65 6
497 452
104 105
514 174
144 475
129 821
6 7
97 117
334 303
169 516
210 122
67 68
64 4 175
544 184
304 212
376 664
67 68
848 206
65 7
301 406
441 499
97 90
67 68
130 291 292 451 281 715 173 271 465 569
145 255
418 115
369 53
106 83
232 343
233 538
136 438
369 53
441 95
238 927
368 439
428 461
318 311
122 83 84 85
354 126
212 59 412
97 90 171 116
451 483
194 3
6 7
171 549
376 664
361 214
536 11
256 250
129 821
216 401
522 483
108 405
281 15
61 151
482 3 739 5 810 212 56
369 538 233 53
185 69
897 107 301 406 893
810 60 55
216 435
18 460
147 53
496 435 366
48 115
272 146
64 4 175
17 490
115 246
49 50 51
67 68
394 343
69 70
434 71
341 135
175 287
37 14
482 739 810 55 56 57 58 59
88 50
64 175
257 463
410 91
114 319
284 519
82 70
3 195 196 5
3 195
184 130
369 53
129 821
56 161
281 130
394 395
48 49
50 51
233 441
265 13
857 161
330 479
810 286
129 156
444 821
105 378 395
26 39
108 339 116
192 150
563 66 427 402
334 303
321 182
380 7
194 3
897 639
21 22
616 454
160 159
130 459
41 26 27 39
3 196
451 100 168 201 107 366 435 90
129 87
860 413
200 204
810 303
16 165
645 270
563 439
490 7
18 315
67 68
107 301 406
312 269
104 527
833 5
194 3 5
304 253
5 846
115 982
212 55
522 135
496 129 156 47
932 159
544 184
129 356
48 49
243 159
106 213
106 164
65 6 7
20 662
378 62
662 511
3 4
313 18
612 167
216 223
245 239
600 159
129 130 43
291 427
8 20
93 686
87 319
35 55
522 483 135
307 22
99 324
423 42 51 88 155
323 141
250 435
72 49 434 50 51 85 88
281 130
88 364
264 114
3 4
115 334
170 439
283 412
195 196
129 777 168 52 821 197 198 199 200 201 202 203 204 205 206 207 208 594 95 96
284 84 143
130 279
200 95
301 406
146 107
124 439
184 210
180 382
435 366
405 167
423 428 116 22 24 475
35 29
107 468
306 282
482 810 212 950 55 56
67 68
296 284 61
488 497 452
17 107 188
260 70
362 35
69 510
258 451
59 83 212
13 87
441 150
833 194
124 173 62
672 188
174 135
168 197 205
270 47
456 114
432 85
24 29
369 53
83 334
75 318
482 3 739 5 810 212 56
860 413
3 196
76 254
739 212
66 291
272 412 133
42 86
195 5
857 574
171 549
458 402
24 30
297 394 108
144 420
755 212
482 212
274 323 141
483 341
522 483 341
272 133
3 860
76 254
285 278
272 519
424 264
116 117
3 5
17 425
260 261
129 130 166 134 170 368 115 341 29
39 41 120 27 30
435 143
270 47
146 22
233 369 53 538 62
22 23
232 233
20 45
114 172
64 922
4 175
720 377
369 53
179 215
593 335
245 931 964 236
291 564
76 254
232 233 53 62
284 87
59 435
20 958
64 138 304 16 210 211 372 212 286 287
282 846
101 126
169 459
817 754 471 120 861
40 24 38
82 330
499 239
88 146
212 356
142 87
376 81 108
302 14
61 134
46 47
170 116
424 264
291 485
282 7
173 414
157 158
101 405 354
165 175
115 341
848 41
181 263
122 115
180 382
282 933
146 107
16 46 47
76 254
421 662
185 82 250
182 62
234 236
480 321 177 178 345 382
69 63
147 300
243 159
118 119
146 423
24 31
177 178 179
216 263
116 117
233 178
104 379
232 285
166 170 171 338 339 340 124
67 68
67 68
313 18
8 20
475 933
212 55
192 682 83 279 346
233 53
160 211 159
115 246 687
161 253 97
482 739
369 538 53
243 159
362 117
603 183
64 138
114 334
368 428
369 53
67 68
22 23
258 402
496 17
250 435
123 124
114 362
114 334 319
108 406
296 297
129 821
302 174
346 62
420 653
376 81
132 133
561 914
146 107
129 777 802 168 42 52 821 197 198 199 200 201 202 203 204 205 206 207 208 594 95 96
32 428 83 24 31
181 278
97 340
3 196
270 47
147 780
283 367 143
58 605
5 63
24 36
65 490
141 270
211 159
16 449 430 46
282 212
130 173
451 276
258 402
451 459
376 81 664
171 549
395 182
594 351
906 75 310 312 216 317 223
283 85
48 6
161 253
427 286
170 116
129 347
97 90
377 396
301 893 406
55 7
64 59 5
264 528 920 926 418 548 424 172 48 49 443 444 445 319 77 334 848 977 486 362 114 115 246
212 132
107 188
185 419
517 518
488 452
108 933
266 267
585 291
135 367 434 373 87 122
97 57
369 394
170 338
64 846 4 60
262 428 656 471 120 152
441 276
88 964
361 294
267 12
819 93
262 428 656 471 120 152
281 114
507 453
64 4
114 108
490 7
64 57
441 276 414
83 227
369 394
96 219
97 90
18 220
368 367
304 97
144 414
600 159
395 380
514 174
161 234 146 213 533 122
129 334 82 83 115 84 122 284
192 279
8 361
219 197
216 222
168 291
779 86
24 26 27 28 29 30 31 32 33 34 35 546 37 38 39 40 36 41 589 722 723
210 964
263 63
170 173
194 5
64 3 4 5 138 159
544 184
209 482
81 108
125 639
241 237
4 5
115 334
339 438
97 132
138 860
104 87
249 298 260 261
628 63
105 378
11 14
96 821
640 639
170 340
219 269
8 675
291 823
441 239
757 167
369 53
816 138
453 142
205 95
235 932
932 159
171 549
136 137 339 116 252
297 386
72 49 434 50 51 85 88
754 471
170 116
550 75 222
116 428
3 413
118 119
897 301
345 149
441 451 276
13 15
421 119
160 159
3 4 413
521 138
550 222
184 130
195 196
405 655
923 957
181 158
544 130
82 190
21 93
482 699
3 5
257 129 366
115 334
138 860
602 167
64 138 282
211 159
380 158
114 319
45 375
122 491 454
305 90
376 664
170 117
193 4 5
234 59 405
341 167
264 114 115 246 319
321 182
380 7
170 116
114 443
608 171 549
61 382
322 62
369 53
301 406
210 14
88 813
227 222
262 428 656 471 152
521 686
412 3 4
170 117
13 511
283 367
64 4
897 301 174 406 893
9 526
429 165 47
105 322 378
304 305
88 51 423
210 244
304 22
161 211
66 427
70 14
49 51
296 322
194 3 5
857 20
171 117
64 90
483 341
821 199
153 108
412 518
281 43
16 761
138 93
553 286
139 287
50 85
69 143
369 53
233 15
409 686
185 510
146 428
284 493
184 199
96 821
41 76 77 49 254
475 92
363 45 366 507
208 129 202 96
49 486
194 3
285 150
860 686
82 63
147 53
233 538
289 234 253
76 254
88 334
402 494
136 438
412 6 7
341 135
180 382
553 306
322 414 516 276 441 62
250 821
272 133
274 46
352 180
497 363 142
75 342 310 312 216 317 223
177 178 179
108 63
136 438
265 20
138 108
67 68
184 17
515 259 357 358 67 109 111 144 112 475 376 91 92 478 479
369 53
570 45
130 279
388 199
185 7
272 244
84 284
161 334
266 267
369 53
421 54
97 925
88 59
122 130
304 130 64 184
17 306
306 412
289 72 50 51 434 85
480 177 178 382
3 991
481 639
64 253
129 202
192 181
438 166
813 413
289 163 71 72 433 50 434 51 85 373 181 218
297 106
106 83
448 800
257 130 458 363 715 45 366 527 402
130 803
427 319
897 301 174 406 893
860 686
148 84
24 38
378 351
122 547
38 87
152 122
380 396
83 459
171 549
122 212
496 474 435 420
64 253
26 39
369 53
321 182
424 264
808 133
76 254
80 14
521 138 60
5 810 972 278 445
233 538
368 367
234 237
216 401
170 116
106 213
245 237
283 143
338 6
106 181
35 55
67 68
465 130
106 367
304 63
6 7
565 127
116 439
220 173 182
67 68
315 86
284 367
158 62
868 341
211 244
136 137
171 471
265 441
82 70
67 68
56 212 950
291 166
217 270
202 909
208 909
69 70
162 268 20
64 881 287
286 807
680 81
444 117
827 5
257 162 153 519 107 364 237 366 212 88 281 250 284
161 289 234 236 83 84 533 122 253
301 406
833 3
82 357
466 62
65 529 6
58 138
323 47
50 51
17 211
263 815
61 151
42 86
160 242 239
353 852
184 412
67 68
827 195
42 198
118 614 615
485 87
301 406
307 734
130 494 255
21 22
897 301 639
323 46
323 46
177 418
420 653
964 237
193 5
243 159
88 162
563 494
64 272 3 5
680 14
827 3
49 51
185 510
250 63
456 443
465 494
132 55
169 199
857 20
289 234 163 85
170 171
234 148
302 14
59 60
401 260
83 79
652 429
67 68
369 395
82 70
298 18
369 378 105
180 343
5 991
116 124
171 549
341 135
482 212
289 163 71 72 433 434 181 373 85 218
744 517
116 6
232 233
116 428
282 212
233 53
58 138
3 5
334 319
115 334
474 82
233 815 147 53 54
88 474
484 215
130 173
216 74 75
171 549
369 53
116 613
82 70
161 148
860 413
59 133
129 821
833 3
233 53
29 63
155 364
289 85
211 372
449 217 270 273
241 210
120 754 861 901
3 4
816 81
739 55
208 129
321 182
272 409
485 564 573
213 22
232 285
289 234 163
67 68
3 196
75 269
138 3
483 341
306 59
490 7
200 197
302 174
36 439
296 297 396 391
67 68
553 306
21 22
24 29
93 174
81 82
272 133
160 211
64 409 435
522 483
88 821
64 4 138 846 282 413
368 428
114 319
67 68
322 395
193 413
339 246
97 253
200 96
136 817 116 252 861
829 301 406
315 341
15 527
409 413
168 207
109 110
171 116
424 77
212 739 412
64 3 521 409 282
329 330 67 92
289 163 71 434 85
436 148
160 932
3 195
810 686
85 445
46 462
8 250
77 334
188 108
672 82
8 250
41 418
441 179 276
264 528 418 548 424 172 48 49 443 444 445 319 77 334 486 362 114 115 246
19 86 219
59 519
129 594 87
409 521
59 196
114 115 319
161 117
129 777 909 918 919 802 168 42 52 821 197 198 200 201 202 204 205 206 207 208 594 95 96
409 4
147 317
114 487
197 821
147 53
170 366
142 7
161 82
488 333 501 407 700
413 7
161 252
181 343
185 510
108 255
122 82
107 43
136 438
97 212 132
301 406
192 346
147 53
328 142
931 932
302 598
24 173
421 652 14 302 625 119
250 507
860 686
558 582 446 78
81 82
857 505
212 412
821 919
305 303
83 190
412 132
3 4 5
304 184
59 63
434 289 234
357 639
115 982
3 60
49 51
154 283
114 115
301 103
378 62
98 100
18 219
171 117
829 301
258 66 426 427 402
282 3
494 15
256 17
149 150
376 81
192 180
171 471
394 378
395 180
160 159
262 428 656 471 152
114 246
881 59
106 83
744 517
699 413
108 933
233 62
192 908
160 238 239 242 243 159
257 213
46 270
184 130
115 532
291 823
276 543
656 150
270 167
514 174
193 413
451 543
166 136 137 170 171 337 338 339 252 116 438 439 117 340 124 861
88 42 43 86
209 212
52 94
18 222 311
317 310
3 5
160 234
430 167
608 256
435 108
56 212
113 109
58 59
116 213
360 361
3 7
32 170 116
170 116
171 471
140 165
49 51
827 195
354 355
170 171
180 158
570 453
32 34 36 37 40 28 29 30 31
931 239
344 192
530 363
174 135
88 49 51
97 212
97 418
401 260
317 222
147 53
49 444
165 175
115 327
428 471
57 59 60 55
561 75
65 97
495 63 71
289 84 85 71
195 5
37 31
161 165 270
672 188
163 71 433 434 181 373 153 218
74 75 298 342 249
59 412
357 358
645 951
154 108
170 171
58 138
250 108
17 82
514 174
490 7
919 975
67 68
82 70
129 918
185 108
60 813
21 22
281 821
373 87
184 199
192 181
757 119
302 14
483 341
8 13
576 378
115 341
652 119
161 311
51 644
90 807
857 143
216 223
129 198
129 197 198 199 200 168 201 202 52 821
369 182
289 234 270 176 146 306 116 213 253
255 63
9 574
107 435
517 518
83 284
301 893
369 53
260 261
157 181
67 68
426 402
105 395
262 428 656 981 471 120 152
213 494
75 310 223
163 191
200 777
10 422
276 414
64 138 4
817 166
180 382
554 341
352 353 682 346 181 279 344 215 347 343
857 20
412 3 4
186 53
833 3
96 310
666 255
67 68
481 21
108 63
554 341
424 115
964 927
810 413
129 198
813 127
778 863
283 143
189 190
306 7
369 53
808 272 133
490 7
171 549
96 821
301 406
141 46 47
57 60 55
901 331 754 116 438 861
317 310
97 212
76 861 438
114 334
65 166
920 114
306 59
873 183
17 338
217 47
12 325
97 108
195 6
257 130 366 279
161 682
330 411
18 227
475 358
116 340
284 334
170 166
116 340
141 270
160 435
16 163
64 282 5 846
9 161
242 243 159
363 134
64 4 60
233 441 276 414
344 192
357 70
209 212
810 90 303
233 538
41 114
64 212
99 100
323 820 141
132 262 272 977 212 117 25 412
367 143 84 249 283
134 558
74 75
521 138
302 14
821 750
521 846
369 53
107 406
192 158
118 6
441 276 414
130 427
396 158
65 406
376 358
114 319
97 171
50 51
122 428
596 53
3 588
369 53
412 55
291 109
338 884
224 75
99 63
482 306
17 425
64 3 4 5
6 7
171 108
337 170
184 910
210 910
171 549
264 63
729 22
275 550
114 334
194 813
192 350
256 695
395 182
410 119
184 199
80 291
833 3
264 427
171 116
114 334
29 30
36 38 230
75 332
352 192
115 334
170 116
88 49 51
352 179
449 934 140 430 335 336
24 33
64 587 3 5
304 303
232 233
212 950
115 319
97 444
3 196
656 428
49 444
193 3 4 412
56 87
458 422
130 563
456 170
241 210
369 53
184 129 29
10 499
114 115
897 639
48 49 334
19 367
195 5
83 69
97 868
116 428
328 22
208 96
116 439
193 412
484 215
323 46
848 206
302 174
224 88
48 49
465 484
88 534
129 82 87 319
897 406
88 425
553 306
152 36
306 413
296 398
617 603 500
441 439
173 414
116 117
672 188
218 163 644 655
352 378
170 124
306 412
67 68
16 354 101 126
212 127
517 334
488 333
326 328 11 401 21 22
89 253
19 75
147 53
18 75
75 269
462 447
409 5
83 31
421 14
224 283
884 116
115 170 82 253
256 356 330 47 82 115
857 20
212 372
233 266
475 92
522 483
114 115
26 27
3 4
48 49
170 66
123 124
82 70
43 301
136 438
12 325
757 615
376 113 109 358
232 281
101 430
18 75
409 306
115 172
3 4
964 143
266 13
106 367
154 108
544 184
306 139
272 133
3 4
539 327
336 16 430 335
160 159
108 964
217 270
434 50 373 181
390 391 296 297 396
177 179
234 83 211
210 243
306 212
170 340
552 300
821 750
3 4
208 202 96
114 87
3 5
22 23
378 251
441 439
64 4
488 497 452
257 255
827 3
283 284 367
28 36
451 459
369 53
56 59
29 31
67 68
22 231
528 114
570 250
82 22
67 68
96 821
360 361
170 171
283 367
432 85
20 45
982 926
881 860
321 182
250 435
166 136 137 170 171 337 338 339 252 116 438 439 117 340 124
424 264
76 254
273 165 47
108 334
173 62
37 439
67 68
67 68
315 220 222 219
41 28
496 161
739 212
533 309
184 199
129 821
65 829 406
363 45 142
132 284
161 250
538 782
192 529
381 102
64 813
108 405
83 396
291 573
184 130
233 558
281 129
24 36 29
107 519
833 3
322 182
27 39
821 909
409 282
124 303
88 519
12 421
169 36
522 367
108 405
187 84 213 534
24 83
915 861 901
104 394
860 686
410 582
82 108
161 167 616 83 148 122
888 21
52 109 110
114 251
357 70 550 363 82
234 829
281 166
171 116
192 150
64 846
20 662
233 53
211 159
448 140
160 243
328 417
65 490 7
213 22
153 356
3 196
369 53
232 233 538
301 406
8 45
553 196
185 283
212 132
548 334
321 322 484 392 62
369 53
98 324
368 143
141 335
56 412
168 821
114 115
369 53
184 130
377 380 398
147 53
138 60
284 367
602 167
41 33 31
170 171 116
67 68
482 3 5
64 3 5 175 287
483 341
409 3
171 116
59 7
291 573
5 972 333 824 217
490 7
664 81
41 76 30
897 130 162 457 107 491 45 366 301 211 372 406 893
17 425
177 612
180 157
193 3 4 5 412
74 298 332 18 249
680 81 664
67 68
154 283
301 406
219 197
930 335
306 133
829 301
522 135
177 178 179
833 3
138 686
201 441
129 821
6 7
444 340
64 138
531 294
195 5
412 413
64 282 5 846
50 85
250 435
852 158
72 434 50 51 85 88
265 500
64 4 175
593 165
833 3
129 777 909 918 919 168 52 821 197 198 199 200 201 202 204 205 206 207 208 594 95 96 752
136 116 252
64 3 4 5
508 244
412 3 4
265 441
424 319
490 7
115 319
67 68
289 163 84 85
244 238
108 301 406
88 534
377 378
289 163 72 434 85
233 53
72 434 50 51 85 88
328 142
265 268
321 182
235 167
881 138
212 59 739 55
931 237
3 5
380 158
25 97
284 493
336 335
108 284
456 319
88 146
170 173
439 7
76 254
171 549
116 439
41 26 27 39
64 3 5 846 282
132 133
441 276 414
353 343
138 60
135 7
136 438
489 530 499 142
170 901 439
177 178 179
860 253
97 58
50 85
17 425
833 3
24 25 26 27 28 29 30 31 32 33 34 35 36 37 38 39 40 41 589 591
189 223
460 269
34 39 40 41 120 27
283 547
475 358
124 439
59 85
312 75
170 122
42 114
118 119
166 170 368 115 29
20 662
97 428
409 282
101 405
64 59 5
115 982
232 656
448 449 934 140 141 430 335 336 429 447
208 202 96
306 412
441 451
368 152
1 317
64 212
75 43
170 330 496 115 212
216 223
833 3
161 79
232 173
306 5
48 49
173 414
301 406
3 103
184 130
448 46
362 319
22 23
180 62
409 131
129 63
184 259 199
490 406
246 63
219 197
122 59 212
88 49 51
136 76 438
38 87
200 66
302 174
173 94
282 7
257 356 213
425 129
821 95
253 213
230 199
821 22
184 70
259 470
8 570
161 253
216 75
41 76 77 438 254
160 159
344 279
264 170 427 114 339 115 319
108 301 406
144 330
233 266
827 7
233 53
412 133
860 686
241 210
67 68
168 461
58 139
3 7
906 75 310 312 216 317 223
67 68
3 196
32 116
114 115
42 86
82 357
116 439
301 406
456 444
283 143
827 3
441 499
48 49 334
171 252
340 341
427 173
64 58
173 94
129 15
101 430
232 192
451 814
296 284
412 133
108 5
209 482
195 804
67 68
49 443
395 182
609 266 267 805
170 7
285 150
8 499
101 405
260 21
666 59
514 269
76 254
97 171
492 391
134 15
680 81 664
92 109 478
17 425
136 817 754 116 252 861
425 234
210 236
248 571
412 133
193 103
122 83 82
827 196
122 284
194 196
378 395
544 184
175 287
170 115
41 26 27 39
161 170 116
64 846
129 821
441 7
161 171 116
180 382
233 53
272 273
490 7
75 310 216 317 223
827 5
196 7
209 372
175 287
26 31
160 159
211 133
59 951
147 53
291 823
307 327
369 53
161 138 686
498 341
7 521 138 282 58
72 49 434 50 51 85 88
202 6
4 5
64 58 860 253
666 7
496 17
45 359
170 339
424 264
833 3
171 117
171 549
4 413
76 77
680 664
171 117
608 250
219 222
496 17
3 196
136 338
72 49 434 51
105 395
972 413
72 50 51 85
475 92 111
357 550
50 51
813 413
256 285
16 47
664 81
306 7
547 613 143 283 367 111 83 85 122 187
833 3
265 662
16 761
233 53
357 639
376 144
289 163 234 434 85
369 378
194 3
521 138
291 485
484 215
866 195
16 335
241 237
118 6
108 5
362 115
3 413
216 460 223
114 319
97 212
216 310
108 134
50 51
291 131 516 293 232 169 168 233 204 205 207 15 285
449 270 435 534 217
490 7
448 140
211 284 366
91 259 475 479
829 406
69 302
428 471
194 3 195 5 196 588 827
232 233 53 441 62
257 519 493 84 213 153 284
289 163
667 453
18 74 331
129 821
412 3 4
106 435
219 197
64 138 212 58 59 286
499 93
75 21
641 125 639
305 253
224 283
170 117
171 134
810 90
67 68
57 59 60
265 62
114 444
180 382
98 324
20 662
304 90
821 919
212 253
105 322 378
330 356 639
160 241
216 75
322 378
114 444
272 212
324 103
171 117
130 527
135 367 283 434 373 374 87 59 63
363 422
89 305
170 166
97 611 620 304 57 58
56 55
41 30
242 239
289 434 85
19 134
833 3
88 51
282 212
122 83
272 273
680 81
64 4
257 11
26 362
352 192
881 686
352 161 181
493 6
914 957 934
257 366 115 246 284 63
16 175
129 777 168 52 821 197 198 199 200 201 202 203 204 205 206 207 208 594 95 96
156 47
170 439
435 420
509 550
301 174
171 166
83 84
488 559
369 233 53
640 639
336 125
482 212
338 6
232 281
114 319
696 260
41 418
12 93
69 550
216 296
101 663
96 821
64 90 4
368 439
306 3 5
96 821
379 151
301 406
600 159
296 297 386
451 414
120 754
67 68
208 198
441 276 414
26 39
147 53
441 451
193 133
408 94
357 358
338 116
75 342 310 312 216 317 223
474 435
369 53
114 115 246 319
1 74
96 95
282 212
75 460
18 315
312 216
160 244
146 107
97 212 132
330 22
69 358
115 319
96 124
272 212 132
821 207
369 53
154 108
64 846
64 4
434 373 181
897 406
301 406
122 22
592 146
67 68
166 170 368 115 29
138 59 133
242 238
45 662
36 31
88 330
860 813
131 180 181 215
252 439
172 334
105 395
264 445
67 68
184 402
56 3
129 821
343 215
233 53
194 413
361 214
24 29
194 196
512 347
521 138
405 374
724 93
114 251
474 302
50 298
901 136 116 438 252 861
248 247
964 932
544 184
508 244
302 246
52 119
212 215
64 138
147 53
816 138
108 134
184 130
67 68
50 85
42 86
3 5
140 165 47
194 196
64 3 253
138 59
3 4
216 401
184 363
952 958
212 302
434 181
188 301
26 35
169 516
485 87
475 358
369 53
96 821
418 114
208 129 96
178 179
642 334
857 45
161 180
48 49
33 546 39 41 589 591 26 27 28
219 341
3 7
88 107
64 572
369 53
380 158
260 261
59 286
42 43
13 142
21 189
200 821
424 334
329 330 67
180 181
369 394 87
11 326
613 50 85 312 122 475
64 3 972 5
363 142
160 441
97 59
283 189
132 133
24 31
405 126
67 68
257 421
171 471
485 564 573 823
197 821
49 76
40 41 76 27 30
108 334
170 410
213 22
425 148
493 519
281 116
209 212
82 70
243 235
368 547 527 31
376 81
122 495 87
20 13
227 222
324 405
369 53
296 61
465 166
281 108
193 103
67 68
149 150
160 241 159
378 87
304 22
1 147
521 282
212 55
136 438
330 91
82 190
482 212
98 99
354 100 101
368 474 428
184 435
171 117
160 159
600 159
3 588
3 5 55
12 22
208 96
821 213
17 175
144 485
3 7
129 821
352 181
304 130 184
547 174
64 5 846
64 212
22 23
212 133
563 499
257 82
356 639
106 148
67 68
65 490 7
424 264
442 367
498 341
163 71 433 434 181 373 153 218
289 163 71
514 174
67 68
490 7
297 63
363 45 366 431 142 499 505 507
330 22
441 276 414
170 171
569 291
138 686
264 115
256 284 727
260 93
496 171
212 412
82 686
233 53
232 61
3 860
101 430
97 212
3 413
114 108
242 235
64 57
964 927
544 106 250 494
250 45
130 212
205 95
48 252
330 91
88 821
180 157 181
27 39
860 686
129 821
184 212
699 286
67 68
129 82
860 686
137 116
334 63
106 83
256 727 63
161 69
22 23
354 372 405
152 418
262 428 656 471 120 152
41 114
64 4
848 206
129 821
48 49 77
161 31
305 90
376 81
487 114 115 319
328 22
329 330
369 53
184 130 402
136 117
212 55
67 68
6 7
161 282 253
600 159
152 35
99 100
64 846
67 68
185 410
42 43
67 109
285 278
296 19
305 90
265 441
769 709
98 324
459 6
409 306
281 15
82 70
306 518
881 58 139 287
284 143
133 63
18 19
177 130
148 213
155 174
96 777 204 205 206 207 208 821 95
64 304 305 90 572
250 108
602 108
161 130
64 60
187 255
302 174
184 70
260 70
129 821
97 132
88 291
186 53
67 68
16 165
49 41
89 286
412 3 4
65 516
306 212
499 93
441 459
116 166
992 813
352 192
104 527
552 734
152 33
259 411
490 7
810 303
130 459
185 108
561 460
24 171
904 263 815
76 77 334 48 49 51
833 3
212 662
175 287
401 260 261
207 919
3 196
259 63
306 59 253
170 171
49 334
250 519
49 51
424 77
129 43
409 282
361 214
274 813
304 108
64 4
291 485
4 175
171 471
509 70
96 229 182 281 378
160 211
296 378
451 439
123 124
428 613
208 96
82 70
216 75 310 223
41 76
294 375
6 7
484 215
160 238 239 243 159
90 412
105 395
114 246
3 14
64 129 257 107 45 82 821 857 185 250 59
569 130
369 53
603 363
64 4 237 47 304 211 372 212
208 202 219 96
182 7
120 49 77
376 81 143
483 341
290 204 15 278 285
341 311
428 471
409 131
138 686
282 7
146 270
532 341
192 6
30 31
302 174
64 138
821 494
507 294
378 251
827 3
153 108
114 982
485 516 573 823
92 479
196 7
301 406
67 68
244 159
59 286
284 366
180 157
284 406
118 119
274 46
395 182
97 611 90 620 304 57 58 60
306 7
560 283
259 23
65 142 7
108 133
522 341
67 68
369 53
116 143
234 235 240 210 244 533
65 129
409 306
65 490 7
376 81 664
74 75
3 195
83 22
306 133
92 109
64 372
49 76
2 378
170 116
505 766
170 439
174 406
296 425
81 82
219 6
192 263
330 358
448 449
107 188 301 406
420 406
185 474
665 516
149 150
496 361 372
212 55
410 91
49 38
390 391 392 297 296 396 183
369 53
99 372
13 87
443 171
192 87
143 255
357 358
82 167
185 250
407 806 359 8 9 333 45 500 501 502 503 408 505 730 574
354 405
291 564
488 333 526 359
96 95
401 93
233 53
285 278
67 68
281 494
50 51 85
114 108 334
97 418
443 37
114 334
114 115
24 589
3 4
266 13
656 281 173
3 7
330 358
216 74
3 587 139 435 409 90 413
18 19
3 5
256 611
490 7
136 41 76 254
378 527
315 86
301 406
18 315
163 71 433 434 181 373 153 218
419 300
482 3
951 167
36 30
6 7
118 119
38 87
264 246
233 53
212 132
330 475
433 434 51 181 373 218
74 331 75 332 298 312 249
592 97
185 474
30 439
301 406
260 261
107 301 406
420 653
207 295
88 146
37 31
857 9
44 45
412 517
202 197
928 964 927
97 58
739 212
282 846
369 53
257 250
778 174
242 239
52 134
321 105 395 182 378 62
145 255
842 398
250 420
64 57 55
284 309
138 686
232 467
202 558
360 530
381 183
272 244
3 196 5
475 479
138 686
49 41
144 470
89 305
833 3
65 380
881 306
211 406 159
106 83 84
352 346
114 115
232 281
827 196
22 23
841 87
3 4 413
499 93
128 22
50 613
424 264
280 119
108 22
116 166
216 223
330 639
129 54
394 398
281 129 821
435 366
292 182
499 52
289 163 71 234 434 85
108 334
171 117
156 189
141 430
441 461
827 7
160 159
67 68
517 518
8 453
324 103
115 334
155 156
490 7
224 18
296 388
130 494 435 184 250
88 485
534 95
296 388
516 485
394 386
570 740
233 538
67 68
24 36
253 860 813
264 334
259 470
153 356
21 22
201 95
354 405
321 394
82 339 639
169 516
306 282
281 130
233 53
208 96
67 68
140 47
481 358 81 82 376
307 327
64 572
467 12
170 166
64 587 3 5
59 3
444 821
301 174
100 63
824 522
233 53
306 212
810 139
181 215
212 412
72 434 50 51 85
64 138 60 287
178 219
3 195
289 163
170 439
67 68
116 439
456 49
89 90
394 547
441 459
177 215
138 93
378 395
24 116
368 439
302 174
274 813
44 407
76 254
372 405
505 87
140 141
184 420
282 482 3 5
304 305 90
122 363
129 227
449 447
594 95
52 94
274 813
952 214
192 350
729 22
216 435
260 21
165 47
122 454
272 306
720 377
282 412
161 378
18 75
171 116
901 166 136 137 170 171 337 338 915 252 116 438 439 117 339 340 124 861
3 7
233 53
97 212
184 435 366
105 378
233 53
330 639
401 22
212 519
821 918
59 860 813
474 26
739 212
362 548
96 219
219 197
161 69
163 71 433 434 181 373 153 218
184 545 130
192 180
88 494
140 165
4 413
29 31
83 52
378 182
152 36
196 195 4
465 495
50 51
328 22
233 6
909 919
3 413
430 270
721 530 422
96 219
448 800
132 55
897 406
509 510
1 7
352 346 215
200 400
810 303 89 90 286
810 212
357 358
107 22
233 53
142 431
481 87
352 351
496 284
82 190
74 331 332
452 567
192 682
181 343
67 68
409 60
177 239
107 45
291 564
18 219
233 62
289 163 83 85 122
45 142
301 174
449 165
129 475
304 305 253
301 406
232 233 441 62
59 860
216 212
3 4 5 860
201 777 918 95
169 279
161 82
75 332
64 3 195 196 282
330 291
833 3
212 412
483 341
122 118
418 115
490 6 7
82 70
169 130
345 177 178 179
609 265 266 267 499
232 278
388 199
24 435
284 406
64 306
173 414
409 7
107 460 75 188 223
3 518
75 68
170 166
97 90
21 93
72 49 50 51 85 88
321 378 182
250 107 420
161 386
106 83
412 133
641 98 355 100 354 102 324 709 99 619 372 405 663 125 126
696 212
233 53
22 23
368 439
28 94
353 852
456 115 412
188 406
171 117
121 18
284 309
360 361
96 821
115 319
65 142
16 141
170 116
376 81
739 212
860 686
97 212
25 31
212 133
130 459
184 330
451 814
64 175
212 55
161 821
893 406
59 175
380 396
64 4 60
72 434 50 51 85 88
58 412
521 60
326 327 328 11 401 307 21 22
283 85
64 3 5
616 147
161 146 107
173 414
106 83
3 196
113 109
24 954
291 7
336 16
3 588
656 184
5 972 325 894
475 92 613
369 53
64 161
134 558
97 117
193 4 860 813 412 60 413
177 516
122 334
171 116
212 302
160 159
8 333
188 223
184 6
395 182
494 63
107 22
194 3 412 5
59 60
804 55
334 246
88 547
91 109
232 281
361 372
82 330
41 26 27 39
857 507
3 193 195
376 664
609 233 266 267 499 538
41 26 27 39
914 957 934
129 821
80 220
89 286
3 193 195
239 623
328 401
91 475
643 420
456 319
282 7
147 53
21 189
216 6
88 439
107 188
321 322 105 395 182 378 251 62
138 686
97 171
208 96
3 7
449 270
209 156
64 3 4 5 196 138 409 282 572 287
639 159
184 185 82
130 435
67 68
143 167
170 213
353 343
334 167
680 81 664 461
200 821
87 191
238 63
129 777 802 168 42 52 821 197 198 199 200 201 202 203 204 205 206 207 208 594 95 96 752
505 142
544 17 406
173 63
301 103
2 317
522 341
21 22
306 282
82 108 63
282 7
67 68
67 68
88 209
97 212
41 76 77 49 754 254
326 327 328 11 307 21 22
97 253
93 22
369 378
122 148
1 222
162 130
211 159
402 494
184 250
67 68
114 334
352 378
67 68
272 412
24 25 26 27 28 29 30 31 32 33 34 35 36 37 38 39 40 41 591
232 233 53 441 62
97 303
161 475 357
739 212
185 82
171 116
324 405
41 26 27 39
500 503
246 319
114 172
84 284
315 223
185 82 250
106 83
609 232 265 266 267 233 441
26 31
264 115
901 439
115 334
107 108 406
122 83 84 85
64 4
312 249 298 261
282 59
184 6
64 5 846
521 122
680 81
778 11
423 146 51 88 155
328 474
237 239
108 148 542
448 449 140 141 430 429 447
168 656
465 494
50 51
592 97
152 36
769 324
107 189
170 116
49 334
22 23
115 246
553 58 286
289 163 434 181 373 153
233 484
410 306
522 483
289 71 234 434 85
264 339
434 71
170 439
3 195 196
18 148
438 166
106 286
259 411
860 413
390 487 104 395 527 15 222 19 179 404 54 86 313 538 381 62
118 119
591 87
388 230
212 55
64 686 846 272 57 922 60
860 813
701 662
106 250
522 135
283 63
412 133
304 130 184
369 53
273 310
291 485
369 53
8 570
132 7 860 810 306 244 89 58 59 60 253
363 142
412 4
813 860 413
553 810 739 212
302 14
808 133
304 97
250 420
909 95
116 117
981 262
617 603
435 405
281 129
306 212
24 36
64 666
24 25
24 116
67 68
233 516
259 470
816 881 138
148 213
134 166
700 333 359
360 361
330 109
148 63
114 334
757 615
232 173
680 81 664
81 82
470 479
56 739
881 306
255 270 47
339 170 171 116
449 447
3 103
16 449
1 317
17 291
88 330
474 107
664 81
72 49 434 50 51 85 88
376 330 357 358
1 499
67 68
281 14
216 223
49 76 77
67 68
149 150
449 141
537 87
201 441
816 138
22 23
181 279
201 778
3 4
564 485
425 107
59 212
174 23
298 261
418 424 264 362 114 115 246 445 319
162 406
122 213
48 49
134 558
808 133
209 156
275 141
40 41
560 161
188 22
412 517 103
181 279
90 59
824 9
833 413
304 211 212 739
158 62
365 213
160 243 159
558 161 446
169 451
380 175
114 115
3 4
232 278
24 31
449 270 273
265 266
496 378
67 68
264 528 418 548 424 172 48 49 443 444 445 319 334 982 486 362 114 115 246
74 75
354 405
672 82
170 31
282 7
170 252
441 150
816 686
129 821
530 603
129 198
64 3 4 5 409
833 827
418 115 246 319
219 197
202 558
264 528 418 548 424 172 48 49 443 444 445 319 334 977 486 362 114 115 246
202 821
609 325 267 556 721 755
49 77
216 75 223
369 322
59 412
65 91
144 759
129 777 909 918 919 802 168 42 52 821 197 198 199 200 201 202 203 204 205 206 207 208 594 95 96
24 25 26 27 28 29 30 31 32 33 34 35 36 37 38 39 40 41 589 591
6 7
272 412
75 342 310 312 216 317 223
821 95
21 22
560 259 411
810 286
122 82 284 357
72 50 51 85
347 295
76 254
24 29
500 526
97 212
212 55
174 406 759
41 26 27 39
449 273 47
118 119
395 487
91 14
50 51 83 85 122
138 282
64 686
405 663
202 821
130 494
881 138
609 500
59 213
3 5
88 813
652 421
64 860
368 262
361 214
486 424 264 77 445
16 129
123 124
897 406
136 438
376 81
21 231
233 557
138 686
521 60
67 68
242 239
281 435
124 173 62
306 282
136 438
521 57
180 181
356 639
216 296
62 167
166 136 137 170 171 337 338 339 252 116 438 439 117 340 124
42 197
233 441
282 950
114 319
67 68
20 423
451 459
138 82
369 53
67 68
153 63
25 965
498 341
6 7
97 58
20 13
212 55
373 374
361 372
8 214
496 364
3 804
881 138
296 398
860 686
494 527
484 14
901 331 754 979 116 438 861
97 170
699 5
67 68
185 87
63 71
378 284
264 77
3 7
233 53
210 237
3 5
261 70
260 261
297 390
827 5
380 7
184 287
216 156
88 42 51 423
64 256 356 170 138 330 47 82 115 212
250 507
3 196
721 12
257 108 366 284 63
216 75 223
145 493
360 361 530 214
32 166
488 497 452
233 557
142 87
57 59 60
1 317
17 106
8 142
906 75 310 312 216 317 223
208 96
147 53
76 254
256 546
321 322 105 395 182 378 251 62
380 396
49 434 50 51 85 88
106 250
243 211
300 711
28 52
289 434 163 85
52 918
160 238 239 210 243 242 159
64 3 5
67 68
184 420
185 82 330
425 173
280 63
306 212
282 7
833 194
499 431
29 37
121 18
147 53
296 284
83 45
169 516
216 561 460 223
829 301
194 3
369 538 233 53
481 259 339 565 282
130 420 250 496 435 474
107 43
50 51
145 255
212 55
125 405
41 76 30
456 124
272 306
377 394
77 334
64 521
122 85
281 494
15 431
441 451
92 12
354 372 366 130
609 266
964 927
538 2
26 31
171 116
211 237
97 212
136 410
553 212 132 286
181 215
64 4
272 133
827 59
262 428 656 471 120 152
67 68
582 206
59 412
306 212
3 413
3 4
166 136 137 170 171 337 338 339 252 116 438 439 117 340 124
20 662
216 43
76 438
24 30
116 334
438 166
26 27
65 171
129 257 82 83 115 122 284
334 63
380 398
810 286
59 412
56 57 60 55
931 237
602 405 167
296 297
64 57
132 951
59 860
289 434
140 47
378 62
76 254
394 182
412 6
212 412 133 286
281 222
259 330 411
484 215
434 181
25 31
860 813
861 901 438
89 303
165 140 429 430 47
250 334
115 334
83 284
3 5
243 211 159
3 5
296 388
170 116
200 777
129 821
114 115
171 549
265 266 267 268
289 167 106 305 210 122 253
90 303
180 263
339 171 252
107 301 406
12 957
21 174
227 367
56 553
18 75
97 428 334 116 24
202 821
474 94
20 13 662
160 211 159
75 222
250 406
406 774
483 341 135
65 459
821 199
161 234 237
107 301 406
171 116
433 50 434 51 181 373 153 218
115 334
58 3 5
495 87
65 250
369 53
24 29
72 434 50 51 85
114 251
185 550
116 117
369 538 233 53
216 223
171 117
306 7
161 194 59 5
283 519
537 87
82 63
211 159
115 117
270 47
376 161
193 3 4 412
360 467
88 59
178 179
90 253
402 494
24 26 27 28 29 30 31 32 33 34 35 546 37 38 39 40 36 41 589 722 723
69 679
289 59 655
89 305
18 220
65 6 7
264 246
265 266
569 402 427
580 447
176 175
3 7
829 301
197 821
257 133
76 254
160 159
307 327
43 84
116 117
377 7
64 972 4 413
59 286
67 68
185 82 419
184 545
652 302
296 297
352 181
459 494
26 27 39
92 478
97 338
405 126
88 50 51
860 686
170 166
29 31
521 282
59 286
8 20
3 5
12 45
434 181
193 3 4
64 60
97 334
82 364
16 335
212 364
114 115
378 395 182
17 283 284
41 26 27 39
526 407
46 323 270
171 471
212 412
122 59 860 253
58 287
108 63
3 5
219 197
170 933
73 164
113 109
594 87
197 821
67 68
3 195
108 358
720 380
5 63
406 22
117 166
11 261 70
48 49 444
361 442
418 371 340
69 70
106 83
37 31
170 116
231 63
107 108 406
135 71 108 432 434 84 373 87
210 964
322 395
129 52
76 861 438
48 49 77
901 136 817 754 116 438 252 861
71 72 433 50 434 51 85 373 181 153 218
129 821
67 68
330 653
65 398
195 239
272 244
170 116
193 3 4 5
88 49 51
80 582
283 75
46 462
108 5
140 165 47
272 133
13 87
283 143
138 211
171 117
290 278
82 330
339 988
237 239
129 821
554 483
107 406
12 325
59 5
8 162 20
140 141
202 909
195 5
418 445
49 483
312 75 216
498 341
158 398
964 237
352 181
467 12 325
424 264
482 412
360 361
67 68
185 82 419
59 212
368 29
122 212 133
161 166
283 255
108 334
257 167 519 493 366 153 284
536 555
72 49 434 50 51 88
148 213
212 412
428 262
453 142
6 439
101 405
130 134 487 427 173 404 94
860 253
216 75
61 391
418 115
27 35
259 108 475
83 22
330 475
18 315
306 7
128 22
291 485
458 66
347 292
306 7
152 439
522 135
369 53
42 86
264 926 418 548 424 172 48 49 443 444 445 319 334 848 977 982 486 362 114 115 246
897 301 125 639
49 51
860 686
67 68
330 291
129 347
524 837
48 49
104 369
184 81
466 62
408 787 207
475 479
233 134
32 230
138 686
104 151
74 310
97 326
250 435
569 130
270 47
26 39
60 813
289 72 50 51 85
76 254
67 68
129 42
441 451
174 406
65 7
147 300
369 53
113 109
24 167
226 18
272 133
59 423
672 188
482 212
272 193
212 55
21 22
386 381
42 94
3 4
144 549
114 115
65 358
67 68
82 510
490 7
132 423
405 46
928 927
363 142 87
97 428
67 68
24 29
592 97
171 549
269 495
106 83 84 85 87 122
846 7
139 287
170 116
67 68
322 163 104 297 393 296 277 472 284 61 62 216
410 419
409 253
211 159
744 517
3 196 5
3 196
55 7
488 452
160 159
312 298
553 127
239 63
10 214
195 239
184 130 427 173
235 238
350 150
204 285
81 82
901 439
435 63
521 138 165
65 6
116 117
3 4 413
65 490 6 7
648 107 366 435 281 31
116 117
175 287
170 116
496 378
57 139
76 254
192 181
322 378
22 23
160 243 159
20 662
368 166
272 133
97 171
372 474 420
714 510
656 150
180 382
93 101
184 129
482 306
141 430
138 139 287
554 483
165 175
67 68
521 7
170 821
20 13
368 428
505 766
122 174
897 301
484 215
122 18
438 166
64 90
441 169 459 516
928 932 927
304 97
97 212
908 263
378 87
496 250 435 366
155 364
49 334
76 254
483 341
8 20 45
97 58
512 950
3 196
160 243 159
97 132
328 11
49 51
187 493
755 951
49 114
1 147
123 124
64 138
897 301 893 406
434 181 71
98 324
114 115 212
170 171
496 161 749
212 302
330 259
441 499
76 254
146 428
64 3
161 69
302 14
376 81
376 81 664
116 124
490 7
337 338
829 406
22 23
196 5
810 686
42 114
171 471
522 135
171 116
67 212
301 47 211 372 406 893
302 14
48 49
888 886
356 639
117 166
45 142
304 253
88 514
49 51
901 331 754 116 438 861
117 29
64 409 138
296 396 391
465 212
77 445
75 342 310 312 216 317 223
46 449 140 462
434 88 50 51
352 180
67 68
12 23
306 412
474 18
233 53
289 434 85
571 20
3 860
67 68
262 439
11 21 22 327
260 261
284 143
377 380
171 471
171 108
109 110
233 53
18 19
412 133
65 158
27 30
83 116 166
553 282
41 76 77 254
345 177 178 179
270 47
609 805 233 266 267 499 62
282 3
395 380
386 390 391 296 105 395 369 151
82 22
184 122
48 49
739 212
330 357
129 821
67 68
3 5
146 423
435 116
192 180
569 291
352 232 202 281
75 317 310 223
18 86
66 381 102
161 401
369 53
729 22
170 171
301 406
366 107 284 406
76 254
438 861 166 76
161 285 181
233 538
67 68
409 286
48 49
680 81
289 163 72 50 51 85
41 591
96 219
521 60
201 499
129 821
16 47
284 493
982 334
3 4 5
169 281
212 59 412
330 357
376 81 108
41 172
3 196
232 233 441 557
273 47
145 167
289 163 71 433 434 181 373 218
25 31
257 284
122 547 253
152 87
67 68
289 551
272 324
75 460 561 216 317 223
432 85
195 5
3 4
67 68
18 315
115 319
96 95
410 372
67 68
427 87
272 412 413
289 163
67 68
322 395
76 254
435 63
296 425 143
65 435
485 573
134 167
138 139
369 53
242 235 237
192 345
496 171
405 302
496 364
243 159
130 459
827 3 5
5 14
696 460
3 7
485 573
810 55
483 341
281 129
233 53
833 3
521 253
482 212
449 270
129 821
272 699 55
22 23
816 138
281 14
170 171
283 270
36 29
368 428 255
64 7
347 158
84 167
115 406
161 82
171 471
485 573
200 777
490 645
105 378
313 18
88 857
1 317 222
18 19
175 287
488 452
88 364
901 754 979 116 438 861
721 325
330 475
409 4 413
41 918
138 282
64 5
50 51
105 395
56 810
82 21
32 24
161 285
368 63
194 5
216 223
224 269
272 244
418 115
97 212
185 122 69
435 12
91 12
490 420
739 55
181 279
274 323
48 371
232 173
216 74 75
664 81
64 287
291 564
412 133
114 334
377 204
193 3 4 324
136 438
291 292 134 15 465 281
64 4
18 227
117 166
496 257
848 206
339 639
57 58
170 439
179 181
18 19
59 699
138 108
544 184
56 6 7
194 3 5
60 846
181 263
116 117
129 198
232 233
441 66
233 53
67 68
181 150
130 173 94
288 93
816 138
9 108
285 278
930 165
245 237
129 821
324 405
333 701 359
330 91
107 491
75 223
75 310
3 195
302 14
107 84
270 47
570 366
483 229
67 68
142 7
424 264 246
609 805 233 266 267 499 62
617 603
306 212
64 90 4 60
147 53
3 4 413
330 291
284 493
129 821
482 212 412
122 454
185 474
420 85
982 334
97 170
401 22
448 141
170 439
495 142 511
234 122
857 122
410 421
76 254
115 334
270 47
220 61
170 639
58 59 139
291 264 170 427 114 339 115 246 319
108 284
546 37
338 116
159 63
306 686
716 22
84 284
312 269
3 972
328 22
848 49 114 443
97 212
196 4
378 484
49 76
569 66
212 55
59 3
241 237
291 83
136 137 171 337 338 339 252 116 438 439 117 340 124
101 405
376 81
395 182
184 435
88 475
49 51
482 5
339 439
177 178 179
5 846
146 43
140 165
64 666 59
281 15
64 282 3 5
108 255
257 108 153 284 255
148 213
88 42
65 490
346 158
32 29
138 287
88 146 51 423
306 412
848 206
233 53
97 439
184 330
64 813
3 196
165 429
83 84
18 315
901 136 817 754 116 438 252 861
96 821
284 167
548 134
369 53
82 366
117 439
45 63
3 4
1 499
217 447
362 334
609 232 233 266 267 499 538
494 295
283 367
273 14
570 675
192 346
96 129 197 198 199 200 201 42 203 204 202 206 207 208 168 205 52 95
106 83
13 15
97 212 132
114 115
357 330 301 406
200 777
171 116
21 93
22 279
401 260
238 159
553 55
64 59
720 380
64 4 813
600 159
46 462
933 181
170 166
378 182 62
308 207
270 47
369 53
521 138
739 212
212 372
57 60
656 173
196 7
291 451 169 427 173 494 569 601 271 527 402 184 281
386 395
209 237
284 143
166 170 368 115 29
58 686
810 286
378 251 182
1 2
59 253
281 207
180 158
107 406
144 92
482 212
129 202
265 441
182 151
339 29
4 237
46 63
88 330
283 284 143
99 108 405
496 107
208 96
256 420
554 522 341 599
45 366
138 175
18 19
122 133
26 27
291 166
507 87
16 270
305 90
64 4 175 60 287
3 195
402 622
138 860
67 92
26 31
6 7
272 133
418 548 486 264 424 362 172 77 334 528 49 114 48 246 443 444 445 319
211 212
116 85
328 174 22
297 388
59 860
603 363
107 357 406
483 341
405 174
64 138
160 235
696 21
52 134
640 1 516 136 265 526 276 414 177 178 563 308 819 441 321 66 201 205 335 353 484 359 999
304 370
3 4 5
76 254
140 47
140 430
88 435
861 438
376 330 358
360 530
137 166
264 445 334
569 426
50 51 85
66 563 276 441 414
170 117
208 129
98 324
96 821
133 519
363 45
334 303
97 90
178 179
5 413
97 418
474 250
97 171
99 63
412 133
116 117
369 538 53
57 60
442 499
49 51
376 81
57 59 405
412 518
483 341
680 664
435 405
402 543
283 133
380 398
74 75
74 75
699 286
380 398
272 132 133
496 352
170 171 116
216 310
609 233 266 267 265
65 7
193 103
360 361
301 893
114 115
170 116
59 413
3 7
361 442
301 406
3 5
75 43
67 68
748 302
482 3 5 810 212
105 395
3 4 860
116 861 438
270 47
38 230
96 219
424 334
281 15
272 133
164 614 615 748 620 538
336 335
29 30
42 582
312 216
12 957
424 334
67 68
93 101
157 181
115 548
170 116
272 133
345 149
339 117
49 334
107 188
209 282
160 964
170 439
36 439
897 301
386 381
485 564 573
24 36 29
173 414
24 25 26 27 28 29 30 31 32 33 34 35 36 37 38 39 40 41 589 591
59 4
212 302
48 49
401 22
438 166
138 108
170 171
202 821
118 119
75 188
481 22
72 434 50 51 85
64 306
120 49 77
59 286
177 178 179
977 418
129 777 909 918 919 802 168 42 52 821 197 198 199 200 201 202 203 204 205 206 207 208 594 95 96
192 346
285 6
50 51
272 3
600 159
3 5
285 6
18 19
129 821
208 202
549 382
474 250
827 7
179 414
150 7
22 23
107 406
344 192
268 13
507 142
810 807
185 70
561 223
363 20
8 13
306 7
418 424 264 362 114 115 246 445 319
378 182 62
104 296 251 390
67 68
52 821
46 462
108 542
124 173 62
275 87
521 5 3 413
297 388
51 613
409 59
483 135 554 555 522 341 599
418 259
5 413
369 53
709 405
821 86
208 96
20 958
265 441
363 45 294
552 70
165 286
833 3 5
264 977 114 115
184 130
128 22
184 185 130
881 686
106 213
170 124
354 126
291 406
75 222
426 514
810 286
303 439
33 418
25 41
402 563
3 5
160 243 159
97 171
451 459
85 445 583
59 5 686
57 3
64 138
13 15
122 18
418 362
177 178 179
108 301 406 63
64 3
164 614 615 748 620 538
155 156
11 122 211 159
664 81
444 415
291 573
170 116
161 394 398
64 4 175
184 253
352 346
508 244
857 422
460 20
115 334
116 861 438
41 27 76
136 438
459 255
117 166
857 250
108 284
81 82
306 5
91 92
165 47
272 133
104 105 378
83 52
992 813
482 306
200 129 821
353 682
435 532
485 573
3 4
456 439
84 14
76 254
179 343
97 171
161 289 234 235 236 210 146 244 213 533 435 405 245 122
345 149
184 412
474 668
22 23
24 35
554 483
521 282
175 287
529 490
192 150
161 479
207 787 295
257 130 162 107 153 250 284
161 243
115 334
18 283
184 199
161 429
227 86
363 467 499
361 171
18 315
256 454
453 142
213 22
560 283
376 81 664
123 124
110 367
363 142
65 6 7
67 68
288 81
160 320 640 235 236 237 238 239 588 241 210 211 244 243 242 245 638 159
95 343
306 412
149 150
136 438
323 46
210 122 253
441 276 414
5 3 4 413
291 358
378 87
138 686
67 68
94 198
289 163 71 433 434 181 373 153 218
104 394
65 129
369 53
680 81
507 431
600 159
67 68
419 711
282 7
3 5
171 549
992 413
259 23
739 212
328 326
13 421
147 300
161 425
445 439
600 159
297 378
451 276
569 358
64 521 413
292 494
284 167
296 377
233 53
307 22
591 31
270 47
24 122
72 51
285 150
48 49
185 82
396 175
449 30 41
609 267
40 41
160 159
18 222
250 108
177 179
341 135
330 259
195 301 406
17 282
41 36
106 83
281 285
412 3 4
162 20
188 301
130 291
330 91
210 495
580 270
252 439
41 30
644 613 394 106 18 83 84 181 122 155 156
141 429
680 138 664 878
322 395
161 479
193 3
212 286 287
401 260 261
184 420
482 212
219 87
67 68
115 439
122 132
824 453
846 7
59 212
13 142
514 174
291 485
3 5
59 212
291 494
168 129 202 52
449 270
30 63
953 510
76 254
130 494
833 5
412 132
171 116
140 165
512 307
425 590
499 93
498 14
256 63
273 270
48 49
108 63
82 108
88 423
264 445
194 3
161 442 431
105 395
160 211 159
3 5
161 394 251
185 82
330 115
369 53
675 566
122 83
24 589
97 304 305 89 90
497 363
188 223
88 514
376 97
92 470
216 75
292 295
953 510
281 285
130 211
330 357
116 117
5 846
265 441
216 310
409 3
344 192
83 148
931 244
67 68
155 364
708 13
59 3
88 364
107 108
108 284
3 196 5
282 59 412
602 334
354 99 100 101 355 16 797 126
394 378
169 130 271 279
1002 3
964 927
356 63
550 70
380 7
212 55
490 7
609 232 265 266 267 233 278 441
171 471
43 757
35 36
115 356
305 90
522 778 483 135
231 63
42 435 821
893 439
48 117
816 860
75 222
104 527
272 133
309 134
233 53
49 76
202 821
129 821
456 77
260 261
547 234 111 143 122
18 317
49 334
50 85
116 117
74 107 75 216 222
64 161 4 59 60
104 379
67 68
361 214
272 193
953 29
160 159
107 357 406
24 36
769 98 354 100 101 102 641 324 709 99 619 372 405 663 125
161 109
547 821
82 43
192 350
3 5
362 115
5 302
130 291
88 439
67 68
302 14
83 494
81 175
297 378 379
122 213
90 3
369 53
85 405
272 273
20 13
468 22
171 549
243 133
418 166 262 41 340
34 41 27 28 29 30
107 188
138 813 686
552 300
56 133 55
192 123
3 587 139 435 409 413
250 83
412 3 4 193
172 334
833 3 5
547 213
155 270
114 115
115 246
174 23
67 68
378 594
368 65
170 116
482 55
284 309
682 124
108 301 406
328 22
769 98 354 100 101 102 641 324 709 99 619 405 663 125
369 53
250 106 83
260 261
833 3 5
50 51
369 53
301 406
153 148
345 657
395 380
474 94 130
64 5 846
369 378
860 686
59 7
301 143
237 239
424 114 982
680 81 664
59 860
168 123
3 195
67 68
291 427
667 567
20 13
161 188
114 339
118 119
160 932
369 538 233 53
216 75 223
21 22
482 212 412
97 67
85 663
328 22
6 7
192 65
146 107
395 62
257 107 108 301 406 284 63
901 754 979 116 438 861
1 2
252 63
184 420
212 412
28 52
600 159
474 435
115 334
147 53
170 115
32 33 34 35 546 36 39 40 41 591 26 27 28 30 31
602 860
964 237
82 363
41 114
114 115
301 893 406
56 212
813 175
104 233
21 22
248 662
860 253
283 475
208 129
161 146 107
260 21
821 206
247 431
212 59 132
72 434 50 51 85
754 471
99 405
521 813
233 220
42 213
720 398
104 378
901 136 137 915 166 170 171 817 438 439 337 338 339 340 861 124 754 116 117 252
192 158
39 41 26 27 444
108 101
76 254
483 341
97 117
170 171
64 3 5 846
357 358
363 142
155 364
88 130
901 754 979 116 438 861
301 174
369 53
170 252 117 439 124
188 22
428 262
833 3
666 108
177 178 179
359 333 526 501 407 700
128 22
42 114
52 94
18 219
180 343
216 310
212 286
116 821
22 23
617 603
232 233 441
171 549
212 55
296 394
160 159
65 166
114 246
338 166
184 330
163 72 50 51 85
554 341
289 163 71 434 85
460 20
67 68
129 130 42 45 366 494 435 115 857
64 306
129 207
49 51
180 158
744 517
928 211
3 4 413
160 159
456 412 982
88 50 51 85
114 444
171 116
164 167
42 52 134
433 218 367
260 261
50 51 83 85 122
97 171
395 182
159 63
162 20
269 310
888 886
577 83
188 108 63
358 6
171 461
289 71
108 63
482 212
65 166
35 29
115 548
106 211
104 378 87
369 53
139 287
458 402
333 700 701 407
281 233
138 282 7
233 441 516 557
22 23
50 85
67 68
209 212
129 435 45
449 273
272 133
58 3
824 8
171 116
897 357 107 174 406
154 63
55 7
107 269
315 86
163 196
434 289 234 71
6 7
914 923 957 934
257 364 213
116 439
235 237
248 214
209 55
96 821
170 117 166
216 75
140 270
378 62
195 196
216 317
928 927
328 22
193 3 4 412
90 60
29 30
592 97
64 4 60
396 175
435 45 366
860 253
336 165 335
16 275
369 53
378 87
4 60
59 195
272 212
284 519
475 213
571 20
285 150
724 93
532 166
250 108 406
641 115
201 778
304 90
3 7
97 212
42 43
388 199
260 261
281 484
75 222
19 134
505 495 87
306 413 7
259 411
402 563
120 49 77
263 279
700 333 359
141 430
267 499
67 68
360 530
185 20
212 302
748 679
130 115
264 115 319
521 282 7
122 59 5
416 415
147 53
362 114 115 246 319
881 58
3 196
860 686
458 66
483 341
219 197
72 50 51 85 405
547 910
376 81 664
181 215
177 179
3 413
469 149
253 933
161 251
124 252
49 51
233 53
184 420
306 212
180 181
680 81
680 81
860 686
171 116
233 538
339 116
67 68
234 59
409 4 534
116 439
21 93
129 221
94 494
369 53
291 644
114 115
304 88
88 49 51
322 182
245 237
233 220
49 114
123 124
148 84
418 117
26 27
122 106
410 421
180 181
170 319
96 821
233 53
550 510
115 301
315 108
116 117
171 876
64 195
321 322
318 222
171 340
369 53
4 413
12 325
59 412
441 276 414
435 366
289 163 234 434 85
65 142
136 410
388 390 391 296 297
48 49
153 405
680 81 664
700 333 407
58 59
465 484
306 212
130 372
32 170 116
233 53
301 406
181 158
931 239
202 821
3 5
107 188
41 76 77 49 754 438
363 45
363 142
810 3
108 133
39 41 26 27 444
41 76 77 254
210 175
265 662
145 187
818 494
170 252 439
202 821
419 300
160 159
296 297
180 158
341 135
131 263 278 150 279 285 158 179 180 192 208 343 344 215 345 347 348 346 350 351 352 353 349 232 123
340 166
212 470
394 182
490 7
306 59
448 407 9 201 721 499 502 247 93 574
165 270
40 117
96 219
193 3 4 412
114 115
18 75
554 341
18 318
107 189
16 46 47
378 251
69 70
485 516 573 823
523 524
117 439
301 406
72 50 51 85 88
170 166
28 94
48 49 51 334
618 141
10 574
76 254
216 74 75 332
827 7
57 55
74 18
490 7
860 813
41 548
302 14
441 499
233 53
70 711 967 185 509 190
171 549
64 4
67 68
184 420
860 253
282 59
59 287
170 116 439
116 117
306 211
161 297
140 141
395 182
46 462
208 96
67 68
309 7
257 154 83 122 411 284
67 68
81 175 287
2 18
810 286
833 3
245 237
901 136 116 438 252 861
192 380
346 181
857 435
108 301
388 199
537 87
18 220
250 213
193 3 195 196 827
378 62
662 503
233 322
616 519
434 181
22 23
490 7
264 528 418 548 424 172 48 49 443 444 445 319 77 334 848 486 362 114 115 246
193 3 195 196 827
369 233
67 109
779 86
184 199
82 510
589 30
860 5
185 510
264 334
67 68
289 163 71 218 434 83 84 85 153 122
41 76 77 49 754 438 254
232 285
65 6
174 63
99 126
409 626 4 881
232 345 179 158
570 12
378 343
308 348
1 317
67 68 109
272 132
24 26 27 28 29 30 31 32 33 34 35 546 37 38 39 40 36 41 589 722 723
304 97
219 221
2 75 178 18 308 310 219
810 303
532 78
67 92
569 291
185 410
67 68
301 174
553 212
321 322
41 172
177 178 179
97 212
493 679
8 9
235 239
97 212 132
821 421
3 196
83 284
171 549
120 754
59 413
74 260
272 212
490 7
3 5
322 182
59 405
401 261
62 322 395 378
264 445
334 246
114 115
97 611 90 620 304 57 58 60
250 435 244
17 425
108 20
171 549
69 63
61 382
955 519
485 573
441 439
720 377
394 163
88 146
20 294
108 20
27 39
170 171
412 517
115 334
173 414
76 254
171 428
115 22
140 141
448 270
67 68
369 53
97 170
171 302
76 254
259 411
67 68
580 270
64 306
424 264 115 982
482 739 810 139 272 55 56 57 58 827 60
159 108 63
42 86
168 205
208 909
102 582
330 259 475
141 447
181 279
483 135
64 108
160 238 239 242 243 159
82 363
329 495
337 338
810 212 108
301 406
288 82 69
5 860 253
364 22
87 663
510 63
41 76
81 82
136 438
553 59 212 286
498 341
901 439
296 163
448 441
289 59 253
97 212 132
363 45
264 122
32 143
488 489
201 95
360 530
465 494
122 83
230 199
860 413
306 55
114 251
16 217
184 202
212 55
363 20
64 60 846
208 202
177 179
338 166
161 691
107 188
48 49
170 116
50 85
41 27 39
66 326
177 179
3 196
97 171
67 68
170 340
75 269
241 12
284 406
821 86
585 291
591 87
64 378 83 184
380 396
169 441
181 263
97 620
321 322
64 257 3 5
67 68
439 31
81 82 21
233 54
419 63
130 107
829 301
481 22
194 3
388 199
376 330 212
67 109
64 846
201 95
779 86
48 117
81 82
304 64
289 234 213
283 11
306 495
58 212
3 5
499 142
602 284
451 483
188 301
22 23
3 4 5
376 357
176 666
97 122
284 590
405 495
29 37
931 239
129 115
136 438
70 14
41 76 77 49 754 438 254
85 71
161 270
3 412
212 519
41 371
667 567
675 142
6 7
201 778
108 334
107 250 435 420
179 158
488 559
114 982
266 20
129 406
530 142
250 284
639 159
778 301 174
192 181
64 521 57
434 163
496 171
257 270
129 821
50 85
330 259 475 63
784 670
897 174
161 138 253
42 43
485 573
322 104 105 369 378
529 490
115 246 319
49 76 77
12 325
81 82
256 257
184 130
113 109
731 461
344 279
67 68
29 30
369 394
177 178 179
98 324
402 563
233 538
448 449 140 141 430 447
448 274
488 559
159 63
129 821
175 287
124 439
427 527
74 75
306 59
173 94
813 413
114 487
424 115
116 117
114 115 319
130 87
168 343
441 276 414
291 573
115 173
75 342 310 312 216 317 223
378 395
401 174
553 521 138 533 55 58 286
88 146
322 378
192 435
3 212
104 296
107 188
456 115
141 7
170 116
209 5
243 211 534
522 341
64 57
75 260 261
122 363
860 686
288 93
75 21
380 158
93 174
336 593 323 335
170 338
418 115
216 75
307 327
177 179
333 407
405 63
64 409 138 521
129 52
616 454
161 134
22 23
482 212
456 137
304 303
376 81
302 174
233 134
201 202
428 340
425 122
242 243
107 43 21 22
212 647
24 31
3 195 5
46 47
16 129
97 210
860 813
315 86
493 166
860 7
284 367
652 302
213 727
3 4
161 394 297
114 115
120 49 77
20 13
696 22
129 777 168 52 197 198 199 200 201 202 203 204 205 206 207 208 594 95 96
30 439
3 7
233 53
210 964
210 274
394 381
107 189
65 22
608 88
264 170 427 339 116 115 319
25 29
656 150
22 231
321 182
138 93
322 395
18 75
490 7
65 90
26 27 39
339 171
306 7
177 293
153 493
243 244
833 3
161 821
65 7
554 341
680 81
194 5
369 53
435 366
302 598
241 159
317 222
5 3 4 413
18 75
283 284
75 342 310 312 216 317 223
3 196
49 51
418 115
234 59
833 196
368 262
412 133
75 342 310 312 216 317 223
250 435
82 358
338 116
306 59
363 467
225 469
3 195
171 471
378 182
192 285
178 147
8 453
175 287
485 87
284 493
67 68
321 395
56 482
330 475
420 132
537 87
482 3
59 860
3 5
451 527
154 108
82 357
376 81
114 115
122 547
401 82
65 165
291 494
180 382
3 103
38 87
22 23
116 117
482 739 212 55 56
133 47
312 425
424 264
49 114 444 41
136 861 438
124 173 62
45 375
67 68
538 53
475 358
64 4 5
104 391
260 261
90 934
498 549
289 234
108 116
901 817 754 116 252 861
42 86
64 5 175 572 63
161 269
108 134
306 7
378 182
569 130
21 22
608 549
192 181
8 142
283 367
283 143
378 62
177 178 179
435 244
232 233
322 395
363 431
499 142
378 180
514 174
833 195 196 827
115 334
88 434 51 85
4 5
26 27
412 132
169 451 459
244 159
136 438
964 236
144 330
272 133
441 276 414
321 398
10 559
64 4
304 90
144 94
83 166
266 13
380 398
98 324 103
248 9 500 526
9 10
298 906
16 47
49 334
347 295
117 246
180 382
41 27 39
363 142
306 59
200 42
307 22
134 262 136 137 26 28 29 31 418 546 166 40 170 172 444 337 338 94 483 362 368 115 117
106 405
216 296
817 754 915
640 170 47 339 639
3 4 5
9 500
821 206
166 170 368 115 29
43 20
48 49 51
72 49 434 50 51 85
64 972 4 860
49 51
21 22
19 87
65 7
12 93
170 171
30 439
617 603
116 167
811 302
88 423
18 108
61 182
264 114 115 319
390 391
21 93
249 298 261
321 322 395 182 62
117 166
432 72
322 395
184 130
64 60
170 301
331 557
62 214 183
449 165 47
76 254
448 270
58 686
223 87
170 252
3 195 5
170 171
236 237
67 68
376 81
500 503
96 202
344 181
132 133 553 272 306 212 412 286
68 190
65 6
434 71
64 435
824 8
321 435
219 341
257 107 829 301 406 893
99 100
169 130
129 42
59 860
890 406
129 42
129 777 909 918 919 168 52 821 197 198 199 200 201 202 204 205 206 207 208 594 95 96 752
105 378
901 331 817 754 116 252 861
117 166
161 253
744 518
284 367
116 124
314 75 222
434 181
145 255
170 130
64 302
264 170 115
4 413
90 934
178 179
201 66
330 259 475 63
369 53
208 202 184
490 7
64 138 282
3 860
200 400
17 406
108 20
49 319
328 22
819 93
212 55
58 306
1 317
744 518
475 479
252 439
41 26 27 39
58 282
67 68
98 324
97 212 132
122 187
3 196 5
116 117
4 287
680 81
245 237
4 813
257 130 519 153 284 29 162 297 304 330 82 211 88 352 107 364 366 496 372 250
29 166
122 860
948 182
810 59 286
146 107
132 133
122 116
465 494
708 214
129 821
24 25 26 27 28 29 30 31 32 33 34 35 36 37 38 39 40 41 589 591
532 421
107 468
243 159
41 26 27 39
369 53
359 488 333 526 407 700
233 557
220 173 182
161 542
354 126
97 611 620 304 57 58
97 212 132
424 264
64 4
210 212
67 68
339 170 171 116
260 261
216 296
64 4 60
24 38
77 445
57 234 59
170 439
490 7
26 39
147 53
216 75
608 422
81 461
499 507
893 406
857 45
496 250
488 559
83 84 85
3 5
21 22
72 49 50 51 85 88
171 471
409 413
424 264 334 115 246
97 246
281 130
322 296 297 561 378
64 521 57
161 454
720 377
82 363
662 503
4 175
857 20
521 138
739 55
434 50 51 85
170 115
97 7
396 158
161 322
129 108
212 286
612 279
186 53
330 91
177 179
234 435
107 358
409 413
281 122 494 130
323 335
901 331 754 979 116 438 861
120 754 861
96 821
170 108
64 196
307 327
50 51
60 686
89 810
65 7
482 739
289 163 434 84 85
521 138
467 422
235 159
45 13
160 435
720 183
170 171 116
424 264
188 190
87 191
16 217
467 422
115 334
709 405
662 503
3 7
421 279
41 172
460 332
250 311
11 326
658 270
819 93
104 395
116 117
141 430
459 276
158 398
169 459
328 174
272 132
338 116
212 133
484 343
120 754 861 471
65 490 6 7
59 413
90 934
129 197
64 161
64 3
3 4 413
708 20
488 559
429 47
330 22
104 378 87
544 295
232 123
257 211 84
101 663
827 7
180 263
552 304
233 441
59 5
3 7
212 55
260 261 74 75 298 342 249
64 256 356 170 330 47 82 115 212
488 923
121 18
170 116
427 93
827 194 3
46 47
3 5
514 20
82 108
174 406
67 68
67 68
201 129
421 286
833 193 195 196 827 4 3 5 194 59 413
412 3 4
97 171
600 159
201 778
901 331 754 116 438 861
184 199
441 276
116 334
59 287
59 3
216 74 75
216 75
301 406
324 125
640 639
48 49 76 77
449 46
458 563
609 233 266 267 265
89 90
435 420
172 300 591
67 68
170 116 122
49 428
153 613 727
405 655
18 220
184 130 108
846 7
409 412
50 85
302 14
114 115
161 813
180 181
424 264
108 45
122 187
67 68
64 860 253
281 116
376 283
897 301 893 406
488 333 700 701
458 402
129 207
202 909
200 66
330 92
94 414
456 439
233 134
59 63
255 108 63
97 132
232 291
3 7
362 444
259 411
778 11
24 36
52 119
64 521 130 138
441 179
369 53
833 193 194 196 804
296 394
174 406
96 821
680 664
72 434 50 51 85 88
482 59
272 133
120 49 77
860 133
49 41
272 244 508
67 68
544 184
537 87
474 43
255 108 63
195 5
117 166
291 707
58 686
833 827
139 991
18 19
833 3
603 363
233 53
3 196 5
409 282
696 250
392 369
67 68
96 129 197 198 200 777 202 201 204 168 206 207 208 205 594 52 821 95
428 334
129 777 168 52 197 198 199 200 201 202 203 204 205 206 207 208 594 95 96
150 382
82 108 63
296 297
344 192
522 341
56 132
330 358
409 282
449 165 47
260 261
170 163
482 810 950 55 56
171 428
435 372
139 253
356 63
459 173
88 475
3 196
59 212
120 754 471
58 138 287
194 3
354 435 366
8 250 45
330 479
49 76 77
208 129
161 378
11 21 22 327
833 196
120 754 861 471
184 130
909 919
212 7
339 639
265 62
75 260
212 132
134 558
138 686
336 335
50 85
128 22
57 55
170 439
108 358
232 233 62
147 53
244 821
243 211 235
897 893
933 108 143 283 284
65 6
430 447
250 106 83
233 441
17 425
281 130
532 341
80 532 540 812
488 497 452
33 36 37 39 26 29 30 31
955 17 184 250 155
21 22
123 180
459 494
346 215
340 246
572 63
42 86
357 639
189 421
194 3
388 199
107 188 691 190
114 319
219 197
67 68
482 212
24 166
507 366
521 409
326 327 328 11 307 21 22
87 319
467 511
296 377 284
64 282
405 102
170 171
8 9
640 639 47
490 7
3 5
329 332
26 39
212 612
4 413
173 182
364 156
64 59 212
116 334
474 435
64 257 4 5 138 366 211 212 286
169 516
114 251
427 173
64 58
901 331 754 979 116 438 861
193 3 195 196 827
897 711
64 90 4 846
90 303
181 343
71 72 367 433 434 85 218
552 300
266 13
547 613 143 367 111 146 83 85 122 283
195 5
211 159
521 175
175 287
810 55
210 237
59 60 55
208 909
76 254
264 115 532 687
272 132
348 181
160 159
122 191
330 475
456 465
5 194 3 413
288 300
330 475
860 7
833 3
161 269
108 63
233 53
48 548
972 813
64 60
92 479
208 96
483 341
130 427
107 108
108 533
396 158
281 122
561 41
171 471
170 439
89 97
378 284
249 74 75
202 821
302 598
200 821
49 51
3 286
368 428
315 229
41 901 439
64 4
166 262
266 958
550 70
666 860
487 279
202 821
860 686
161 285
412 127
108 87
409 90
8 570
348 263
285 150
116 117
656 281
138 860
196 5
107 406
477 14
219 197
226 18
289 234
114 319
451 414
108 405
64 253
909 919
190 87
64 4
724 93
304 184
57 58 138
901 439
114 115
645 7
435 534
860 686
67 68
592 97
59 860 5
193 3
301 174
291 87
166 136 137 170 171 337 338 339 252 116 438 439 117 340 124 861
354 126
341 174
49 334
16 449 140 165
83 84
14 327
291 823
328 22
272 133
777 343
194 3 195 813 253
336 449 140 430
388 199
323 429 46 430 16 274
156 189 534
233 538
104 105
96 378
161 180 181
49 434 50 51 85 88
833 827 5
46 47
174 22
441 233 178 499
250 519
289 84
70 190
45 247
972 5
264 528 418 548 424 172 48 49 443 444 445 319 77 334 486 362 114 115 246
116 117
64 3 4 5 409
613 829 341
107 491
270 47
232 173
13 574
67 68
560 283
67 68
232 173
441 500
201 909
833 3
3 4
170 116
810 827
170 116
377 204
328 326
444 39
3 4
8 250
76 254
21 93
216 222
178 18
96 219
337 116
424 264
424 114
901 331 754 116 438 861
18 315
129 777 168 52 821 197 198 199 200 201 202 203 204 205 206 207 208 594 95 96
257 366 107 406
373 87
257 122
162 406
50 51
170 171 116
192 157
93 23
177 334
395 182
211 133
21 22
98 99
272 412
135 767
449 165 141 270 16 217
130 115
409 7
428 334
289 434 163 85
587 3 588 5
194 3
122 547
161 167 495 84 87
307 327
83 187
134 558
137 42
75 260
573 6
291 823
129 207
50 85
456 362
899 231
39 41 120 25 27
250 420
104 527
816 138
108 238
289 163 71 72 433 434 50 51 85 181 153 218
114 319
313 378
114 115
49 41
115 319
272 212 412 55
272 412 306 132
3 5
161 222
482 3 739 5 810 212 56
264 115 246
93 686
407 359 333 45 526 500 501 503 408 505 700
171 166
722 38
114 982
227 86
112 109
810 303 89 90 286
964 932 927
88 42 86 87
5 686 287
64 60
289 84
97 418
339 117
3 413
32 29
490 7
491 460
170 171
833 5
937 777
161 283
5 286
25 41
827 3
64 3 4 5 409
195 196
377 204
97 303
129 777 168 52 821 197 198 199 200 201 202 203 204 205 206 207 208 594 95 96
36 302
481 82 639
376 81
88 291
257 475
410 70
21 87
284 309
67 68
282 3
97 122
406 159
233 557
180 263
318 311
3 5
49 77
130 63
376 81
3 196
448 430
175 287
612 293
132 133
160 239 593 210 243 500 242 159
87 143
430 7
130 173
15 207
897 301 893 406
378 251
409 282
289 71 434 84 85
328 22
180 350
208 96
953 510
273 47
264 115 319
288 70
881 59
232 297 180 215 281 61
200 378
641 125 639
410 421
970 510
347 207
122 253
243 239
516 527
65 199
369 53
272 211 133
212 302
808 133
827 3
369 105
74 75
217 165
88 146
97 212
26 27
147 53
380 396
67 68
16 430
274 429
5 413
667 20
130 291
474 82
306 3 5
708 333
16 129 821
71 433 434 50 51 181 373
833 194 3 5 827
354 405
107 188
115 334
266 20 13
108 87
129 52 821 918
322 62
212 133
81 190
378 182 62
132 133
64 211 212
901 331 754 979 116 438 861
234 237
334 303
101 405
192 150
591 87
3 196
161 164
3 103
1 147
193 3 4
297 645
97 170
297 378
129 206
734 327
172 591
312 18
212 127
201 821
171 116
3 195 5
3 5
237 239
64 175
3 412
64 3
212 334
67 68
857 662
57 860
409 59
346 347 158
120 41 27 39
208 42
810 138
285 622 279
395 182
897 893
175 287
170 116
76 254
67 68
75 460 269 561 216 188 317 223
550 510
550 662
173 414
360 266
197 821
212 132
21 22
16 270
372 324
89 305 90 303
82 108
897 301 893 174
64 4
272 132
212 412
184 30
465 494
162 453 8 361 567 570 571
451 439
170 171 116
115 445
768 474
344 279
514 174
538 53
216 310
282 7
282 55
296 388
456 116
138 108
336 98
522 135
378 62
41 27 39
160 59 159
82 357
257 250 284
296 396
369 53
182 15
37 30
10 453
121 19
409 827
72 49 50 51 85 88
490 213
560 519
82 115
84 493
138 82
212 127
67 68
73 21
352 350 353 192 263 682 349 179 180 181 150 215 344 346 347 348 157 343
58 138
412 982
769 98
122 83
64 846
48 114
338 339
45 142
8 142
380 7
429 302
62 382
170 166
216 163 284
252 340
105 322
140 335
291 494
536 483
201 821
346 180
306 699
352 96 215
175 287
928 927
953 510
184 45
336 335
373 87
479 63
120 817 754 861
330 364
691 495
76 77 334 48 49 51
3 4
260 261
914 957 934
202 134
405 255
67 68
212 55
59 212 133 286
441 276 414
233 53
857 505
933 108 495 87 284
132 133
376 81
608 256
451 459
11 341
324 103
344 108
272 133
257 519
58 686 7
64 881 287 175
33 252
227 391 15 527 182
180 158
122 115
361 171
233 53
56 55
592 97
821 207
827 7
97 122
708 20
234 405 57 59 60
810 90 286
857 13
107 772
67 68
282 3
88 50 51 85
348 181
169 207
739 212
161 339 116
529 7
130 115 134
616 22
41 76 77 254
264 115
244 821
13 142
608 549 366
168 134
145 187
195 5
3 14
211 159
160 243
378 484
3 5
291 485
272 306
352 347
171 116
61 151
216 74
256 213
170 171 116
104 369 378 105
14 327
808 133
301 406
337 116
114 115
5 413
884 28
88 82
286 175
313 233
129 156
482 810
282 212
58 860
216 296 83
48 49
173 62
163 71 433 50 434 181 373 153 218
175 287
33 474
392 381
233 538
182 62
234 547
185 108
412 124
376 113 861
41 27 30
49 319
59 83
129 198
666 3
154 108
430 47
169 441
75 222
424 264
41 114
821 270
260 510
194 3 5
187 493 255
474 435
211 159
58 138
210 59
83 326
514 174
114 115
180 382
243 159
418 443
192 263
50 51
41 252
322 163 104 297 393 296 396 369 277 182 216 473 284 61 62
499 52
107 108
154 411 63
49 51
283 133
147 53
291 893
163 433 434 181 373 218
171 471
448 140 429 430 447
171 471
154 933
377 394
64 4
419 748
115 319
3 5
153 405
306 412
892 893 406
369 322 378 105
155 364
24 29 37
666 413
97 212
124 252
185 510
153 493
576 378
184 545
264 115
352 130 162 297 330 364 366 304 496 82 211 372 29
64 4
49 39
275 47
372 101
857 161
481 510
613 72 50 51 85
824 10 453
410 91
64 626 287
522 778 483 135
313 86
154 63
930 335
284 367
266 267
560 283
821 151
425 46
482 422
52 119
412 4
172 166
184 199
76 254
49 39
285 150
928 932 927
260 261
106 164
356 167
339 116
486 424 264 77 246 445
210 14
64 4
569 291
146 405
66 499
529 490
302 598
129 202
57 59 60
329 92
302 174
134 446
82 108
639 159
64 846
3 860
97 90 253
96 182
499 431
107 108 301 17 406 284
495 83 84 367
212 412
330 639
64 4 860
171 117
441 179 276 414
129 206
289 163 72 50 51 85
173 94
64 5
769 98 354 100 101 102 641 99 619 405 663 125
475 255
216 75
462 14
188 63
64 3 4
88 49 51
97 253
603 363
233 53
330 357
522 341
64 521 57
1 147
521 93
334 246
369 53
257 212 133
57 58
170 171 117
8 20
24 25 26 27 28 29 30 31 32 33 34 35 36 37 38 39 40 41 589 591
488 559
161 5
341 135
286 175
3 5
160 159
517 518
827 3
69 70
827 7
512 950
810 55
833 194 3 5
1 317
860 686
315 227 311
313 226
28 340
434 181
420 653
401 260
3 5
65 490 7
29 30
376 664
11 174
67 68
289 163 85
281 117
289 163 71 433 434 181 373 218
64 3
3 196
107 406 491
418 115 114
909 95
3 103
200 777
184 130
88 154
57 59
32 28
821 207
352 180
67 68
497 499
25 31
124 62
216 296
161 82
272 4
304 521 90 64
496 22
174 301 406
115 334
250 435
3 7
282 3 5
593 322 580 39
338 116
860 686
521 59
184 130
810 286
8 431
352 179
64 90
24 31
161 167
24 36
258 402
9 431
608 250
114 115
369 53
301 174
609 805 233 266 267 265
289 163
57 282
135 554 174 373 536
105 395
41 76 77 49 754 438 254
211 237
409 306
91 67 330
90 846
3 5
482 739
16 163
227 63
89 90
3 4
123 124
378 182
161 79
866 413
41 76 77 49 254
3 860
59 860
369 105
307 724
64 138 59 5
285 150
115 319
147 227
302 14
130 291
948 182
64 211 212
114 115
22 23
24 29
373 374
217 46
8 570
821 534
64 587 3 5
93 327
212 132
273 310
12 325
80 582
96 202 396 208 52 94 95
3 5
306 212
441 276 414
56 55
67 68
346 179
97 212
184 199
131 181
334 246
369 53
18 19
162 8 570 361
609 265 266 267 268 62
696 406
582 22
8 162 20
64 3 4 5
284 61
405 102
135 554 522 599
184 130
281 334
213 22
376 113 358
83 446
304 212
216 223
304 210
424 264
50 51
861 438
185 70
553 306
306 7
817 171
734 327
136 166
5 413
194 195
395 182
829 301
18 318
509 510
860 686
406 22
65 301
171 116
8 45
499 333
114 334
369 53
97 212 132
12 23
341 135
3 860
320 108
64 138
445 334
172 591
120 428
209 821
291 108
122 284
266 675
377 398
948 61
146 107
264 246
56 55
354 405
106 148
65 6
306 55
64 4
937 291
76 438
129 821
3 5
22 23
483 341
923 422 489 363 497 530 467 499 603
410 22
373 63
50 51
3 7
64 5 175
106 213
456 340
88 519
376 81 664
449 165 46 47
88 146
185 191
474 419
272 412
67 68
56 212
328 22
306 55
341 135
99 100
281 108
161 821
153 143
75 342 310 312 216 317 223
700 501 407
4 413
302 174
19 219
82 330
860 686
915 861
114 319
122 85
64 846
75 269
577 14
616 334
170 116
49 115
490 7
216 18
67 68
21 22
40 368 29 31
35 55
177 178 179
297 394
857 122 45
259 23
207 295
89 90
395 182
833 3
744 517
49 76 77
210 159
175 287
48 114
496 161
82 190
96 821
233 285
64 138 253
192 181
505 45
258 285
76 254
194 3
97 470
816 138
50 85
270 47
105 378
132 133
138 5
52 821
449 47
64 846 287
140 47
12 431
860 686
6 7
260 21
285 158
161 134
41 26 27 39
51 644
184 202
208 96
250 107 188 63
185 82
458 402
810 286
116 161 124
402 563
514 174
188 22
409 413
192 181
59 108
160 63
330 115
138 175
37 31
12 526
544 114
58 413
257 250 107 63
521 138 60
41 246
6 7
330 479
56 810 212 55
161 148
122 613
67 68
36 37 24 29 30 31
168 821
18 75
306 7
12 21
65 490 7
171 117
67 68
336 335
18 19
59 3
108 301 406
56 59 412
930 165
881 686
171 549
306 7
181 302
61 182
482 212
22 23
64 4 175
603 500 526
257 366 107 406
424 445
11 21 22 327
114 251
321 369
184 114
56 272 212
65 171
180 343
368 439
124 62
168 378
380 158
201 778
142 7
46 462
833 146
152 86
168 96
4 5
64 284
857 108 20
656 36 152
833 3
24 36
65 490
114 115
67 109
291 573
169 173 527 400 94
83 187
482 212
378 343
907 157
194 3
594 351
22 327
67 68
180 181
146 547
430 47
368 418
810 90 303
232 285
49 77
652 302
250 435
208 129
217 447
881 686
106 83
41 76 77 254
130 494
285 175
972 5
265 233
147 188
369 53
813 374
237 239
291 564
106 435
585 273
526 87
250 106 435
122 270
410 293
861 438
354 99 100 709 405
59 286
161 148
250 59
116 428
739 60
257 213
170 439
380 391
184 130 366
380 158
833 196
107 421
459 6
120 49 77
266 268
827 3
196 517
41 27 39
200 129 83
67 68
680 664
179 484
419 70 551 550 213 185 509
821 933
328 22
108 334
304 305
409 139 127
594 499
232 233 557 53 441 62
3 4 860
537 87
136 438
58 59 412
456 114
6 7
64 3 521 409 282 286
456 97
482 212
216 435 821
569 130
362 117
285 278
8 250
22 23
244 239
449 270 273
161 378
451 459
449 447
93 101
739 212
184 82
281 215
24 122
328 22
90 303
609 805 265 266 267
2 378
386 381
130 22
467 12
266 62
321 182
964 159
57 59 60 55
18 143
185 419
129 777 802 168 42 52 821 197 198 199 200 201 202 203 204 205 206 207 208 594 95 96 752
664 81
754 471
107 406
186 435 405
122 83
115 334
245 302
363 20
64 3 5 846 282 860
115 687
376 330 479
67 68
339 639
75 222
328 22
161 821
589 30
339 116
377 7
391 296 297 394 105 396 309 182 377 378 379 380
115 334
833 5
84 143
114 115
425 84 213 122 283
83 428
377 19
972 5
17 425
592 97
273 270
20 662
300 711
453 567
116 117
192 350
170 171 116
285 150
161 322
141 47
210 212
82 357
475 92
666 3
250 63
233 62
88 211
369 53
66 435
666 4
88 494
829 301
74 18 332
67 68
50 85
136 76 77 438 254
185 510
122 250
284 87
97 170
3 195 196 5
72 434 50 51 85 88
26 39
59 286
64 4 175
155 156
118 119
3 588
448 800
61 134
42 86
216 75
283 284
376 81
176 175
108 45
441 276 414
369 53
175 287
841 87
297 389
347 292
378 182 62
418 115
168 919
114 334
24 36 31
449 41
848 41
67 68
552 510
860 7
64 59 3
553 59 212 286
72 49 434 50 51 85 88
281 233
641 125
97 171
49 38
656 420
115 319
59 253
33 34 39 41 26 27 28 29 30 31
821 53
24 27
3 5
58 60
122 164 454
264 77
442 283
301 109
194 3
827 5
22 23
193 3 103
360 361
507 12
474 82
496 106
21 93
264 339
142 431
51 655
459 7
521 93
521 138
97 418
49 334
18 220
330 284
569 66
97 439
24 589
558 78 80 79 446
483 341
284 334
346 215
330 188
317 310
306 7
52 109 110
80 532
52 45
64 60 846
302 174
380 158
59 5
454 63
514 519
56 212
412 212 132
170 171
516 485
123 124
184 188
312 191
67 68
170 439
177 178 179
170 171
161 148 231
24 36 29
233 134
139 287
908 263
3 4
170 124
509 510
281 285
107 757
36 487
448 691
26 27
395 182
369 53
184 107
216 129
109 261 94
107 43
289 163
97 117
418 115 246
833 827
642 670
122 334
434 289 234 163
65 97
253 133
170 117
289 283
82 70
810 55
18 75
24 334
376 358
378 157
181 150
115 166
138 686
333 526
281 474
964 927
345 149
216 223
155 156
64 372
409 287
964 244
285 150
516 169 459 173 527 400 276 441 94
46 462
5 686
488 700 333 407
347 292
122 83 231
170 116
354 405
307 327
263 815
147 188
266 267
250 106 83
161 394 251
313 63
435 270 534
296 394
336 335
48 114
289 234
666 860
257 494
475 92
97 171
50 51 85
861 438
306 55
860 686
860 413
46 430
76 254
272 212
194 3 5
201 66
115 412
107 63
64 129 130 304 82 184 29
322 395
289 163 71 433 434 181 373 218
64 5 846
129 777 909 168 52 821 197 198 200 201 202 204 205 206 207 208 594 95 96
114 115
155 156
191 63
18 227
306 282
114 115
192 279
52 821
49 41
101 663
901 136 137 166 170 171 817 438 439 337 338 339 340 861 124 754 116 117 252
241 210
64 4
482 212 412
306 7
250 372
97 124
897 406
88 211
26 27
170 171
83 84 85 367
208 410
893 406
3 4
265 441 276 414
482 6
216 188 223
184 130
12 13
305 303
74 75
488 333 559
194 5
97 482 212
97 418
130 516 527 400 404 276 535 414 544 545 169 173 814 818 441 837 586 715 459 601 94 624
244 239
306 7
185 510
212 55
412 133
105 378
728 465
420 250 82 185 474
108 405
67 68
114 115
216 6
185 69
208 821
69 22
810 306
67 68
292 182
808 133
90 3
296 394
49 41
128 190
448 800
264 116
115 246
860 686
233 285
147 53
866 60
343 215
67 68
129 173
142 662
315 284
129 115
482 810
409 90
130 459
16 141
97 171
52 94
908 263
163 104 296 216 284 61
141 46
138 686
67 68
107 406
5 4 413
194 5
306 7
138 139
322 378
160 241 159
429 430
114 334
424 77
130 279
369 15
284 406
18 74 331 332
59 287
97 124
301 406
328 22
307 724 734
897 106 301 174 406 893
458 402
434 50 373 181
57 59 60 55
36 439
303 239
412 132
458 295
465 484
444 438
816 138
48 444
67 68
20 662
378 251
97 101
860 686
195 413
321 369
170 171 117
107 190 22
336 593
691 108
49 76 77
58 139
64 60 413
50 51
75 261
260 21
388 199
122 82
241 211
897 639
451 483
372 356
378 182
394 122
49 41
4 5
388 199
456 262
431 63
115 334
264 445 246
64 3
168 306 14
105 19
171 117
57 59 60 55
105 395
336 270
272 133
368 63
64 212
108 148
173 414
171 471
303 439
284 63
817 754 861 901
434 50 51 85 88
667 20
161 13
29 421
145 493
322 395
18 223
3 5
21 22
171 471
380 7
480 415
301 211 893 406
537 87
395 487
138 93
152 362
860 253
104 105
4 413
201 129
122 5
482 3
134 558
554 483
8 571
964 244
171 117
81 21 93 22
600 159
243 167
67 68
161 428
369 53
169 516
195 412
296 297 386 381
260 21 22
297 278
185 70
174 135
499 534
115 334
75 439
188 22
388 199
3 4 5
699 286
289 85
194 3
147 53
530 467
465 557
169 459
48 49
394 146
171 116
243 239
368 161
212 431
184 199
163 334
813 860 413
170 367
217 580
108 143
210 235
30 439
410 91
810 212
810 699
96 124 62
87 511
537 215
369 53
114 444
169 459
259 330 108 475 63
18 74 75 332
122 547
208 129 202
50 51
897 125 406
369 233
161 59
285 150
130 107
193 3 4 103 412
88 130
46 462
376 81 664
224 331
307 92
708 332
58 60
48 49 172 334
549 79
881 813
89 97
130 372
115 548
330 259
219 197
232 297 180 215 281 61
369 53
122 187
56 212
50 51
198 14
235 495
824 662
376 81
120 77
170 116
3 196 5
233 62
209 212
265 441
304 305
59 3
132 286
90 303
216 223
18 75
130 115
552 190
177 179
88 405
728 465
531 93
412 982
425 281
481 356 170 174 47 366 368 406
488 497 452
3 5
80 87
9 453
115 319
114 334
155 364
15 391
114 334
219 197
120 754 861 901
617 603
3 5
296 390 391
64 212
258 402
41 39
39 41 26 27 444
212 412 286
369 53
76 254
138 860
184 134
829 301
794 436
67 68
378 62
378 386
369 53
122 13
165 270 47
49 51
212 286
352 346
13 87
897 639
482 212
184 122 83
410 668
482 212
162 452 453 8 361 567 570 571
490 7
170 116
376 330 357 358
249 75
50 51 85
188 22
147 53
212 55
82 357
6 7
272 133
259 403
827 3 5
96 95
321 182
170 549
522 483 341 135
169 199
82 357
184 366
106 22
149 150
378 167
216 409
21 174
130 451
106 821
810 286
377 655
24 25 36
264 77
185 82
162 662
810 212
129 777 802 168 42 52 821 197 198 199 200 201 202 203 204 205 206 207 208 594 95 96
334 303
91 14
201 499
171 116
304 370
67 68
354 126
64 4
145 187
3 7
530 499
210 122 253
259 63
97 212
120 754
412 5
88 813
171 117
87 511
394 951
177 178 179
666 860 813
114 115
483 341
291 485
860 7
285 302
116 439
57 60 55
490 22
171 117
522 174 135
252 439
608 43
120 77
474 107
3 4
860 686
291 823
67 68
479 63
284 309
116 117
778 11
252 439
901 166 136 137 170 171 337 338 915 252 117 438 439 339 340 124 861
8 570
339 116
107 188
482 133
67 68
24 161
15 87
3 4 860
412 132
149 150
860 686
193 412
96 14
866 59
170 439
41 418
136 166
96 821
192 346
50 51
257 143 283 284 161 167 694 63 83 595 87 602 108 367 495 753 373 374 122
244 159
264 334
141 7
418 334
42 43
395 390
664 81
305 810
347 207
3 60
3 5
529 490
122 83 84
516 485 564 823 573
488 497 452
124 252
64 972 3 4
522 341
165 47
96 219
369 53
810 306
3 412
136 817 754 116 252 861
4 406
407 408 359 8 44 45 500 501 503 504 505 506 507
396 87
3 127
369 53
107 22
139 686
185 419
881 58
860 686
272 11
296 322
64 161 860 253
124 439
405 663
256 257 250
49 434 50 51 85 88
154 108
3 860
296 19
616 156
178 179
369 538 233 53
212 132
609 233 266 267 499
314 75 318
179 215
26 439
160 159
49 77
195 5
458 402
816 287
57 59
163 71 72 433 434 85 218
330 358
83 84
16 593
130 459
514 174
116 821
495 87
313 18
456 171
250 435
11 12
428 471
19 75
108 319
106 213
3 5
475 92
114 115 444 319
587 5
244 239
61 134
521 93
30 31
347 295
67 68
193 3 4 412
59 7
65 134
482 212 412
281 285
164 84
96 821
129 821
75 43
283 284
582 78
288 93
187 71
482 3 739 5 810 212 56 412
67 68
496 107
154 63
194 3
3 7
170 339 116
200 777
235 237 239
298 87
64 5
64 4
441 178
195 196
833 3 5
105 322
354 100
114 108
260 261
18 227
193 60
624 451
3 413
115 334
306 212
284 367
183 391
45 359
304 253
49 319
256 122
330 287
65 103
97 925
67 68
362 115
193 195 196 827
744 517
129 198
184 412
334 303
136 438
412 55
264 528 926 418 548 424 172 48 49 443 444 445 319 77 334 848 977 486 362 114 115 246
438 166
140 47
124 252
232 233
270 335
233 267
64 175
483 341
122 83
48 49
435 213
369 53
163 72 50 51 85
32 166
147 53
146 270
530 422
521 60
198 495
829 301
192 158
848 206
430 447
434 181
448 270
178 179
451 582
107 188
82 357
178 87
291 485
75 951
61 151
633 398
64 212
50 51
296 396
376 664
171 439
3 196 132 282 412
306 212
48 49
304 545 64 184
122 253
130 250 212
561 75
64 3 5 810 212 59
323 430
67 68
418 334
98 324
64 4
69 510
89 90
388 199
481 602
97 171
289 163
18 220
97 171
64 409
48 15
430 47
361 372
140 462
13 142
25 29
233 62
116 124
99 324 405 103
108 749
932 159
25 31
64 521 3 5
3 195 196 5
496 83
108 63
74 331 75 332 298 18 249
76 254
18 227
289 163
529 490
852 343
330 259
165 429
171 116
202 821
116 117
337 339
281 166
860 686
114 319
149 150
408 505
49 77
328 22
321 182
284 727
301 406
284 63
184 258
378 395 182
409 7
146 213
434 289 234
64 4 175 57 60 287
210 212
81 82
64 4 237 47 304 211 372 212
24 33
434 50 51 85 88
498 341
98 324
122 116
169 427
64 3
833 194 827 846 922 59
130 287
301 406
233 53
264 115 319
458 527
195 196
168 258
291 564
282 122 59
499 431
412 4
90 475
212 55
301 406
482 3 739 5 810 212 56
307 70
22 327
265 441
97 212
455 63
602 87 167
161 164
418 115
257 106
67 68
89 97
587 3
106 250
136 76 438
161 858 181
496 378
129 42
289 283
200 821
122 188
493 334
270 47
376 81
305 55
301 639
218 813 367
3 5
518 103
435 45
139 287
938 354 126
449 140
108 356 63
931 239
33 31
82 357
193 412
448 499
465 130
301 893 406
130 427
633 398
161 447 430 270
537 87
514 174
521 138
67 68
769 98
252 117
64 5
88 146 155 423
163 71 433 50 434 51 85 373 181 153 218
848 41 114
369 378 105
64 4 304 409 287
166 136 137 170 171 337 338 339 252 116 438 439 117 340 124
69 22
168 134
328 821
667 12
448 46
167 146 83 84 85 87 122 155
530 467
96 821
160 234 235 236 237 238 239 240 241 210 211 244 243 242 245
82 70
18 315
108 133
161 394 251
827 3
354 355
362 117
306 7
168 281
334 486
482 139
897 162 129 363 301 366 45 406 893
819 93
401 261 510
177 178 179
528 319
90 846
75 261
219 134
97 212
171 471
488 333
200 777
376 412
474 250
378 395
435 116 93 174
881 138
281 524
449 429 430 47 16 141 46 273 217
88 857
142 431
64 59
76 254
405 63
211 159
3 196
3 5
328 22
434 181
64 3 739 5 212 286
180 157
306 7
1 460
170 439
195 239
421 119
409 686
1 147
521 138
434 88 50 51
163 71 433 434 181 373 153 218
49 41
24 122 37
170 171 116
289 306 409 58 253 57
235 964
212 55
67 68
128 190 22
161 813 146 213 860 253
931 302
67 68
5 63
60 846
212 55
208 96
184 130
468 63
171 471
216 74
395 182
272 210 925 846
64 846
585 291
97 212 132
145 255
587 3 5
680 81
848 206
372 175
67 68
281 534
8 9
196 5
291 621 87
219 95
212 132
156 109
216 401
808 133
170 439
41 27
341 135
46 430 16 47 217
97 90
514 67
881 138 686
323 141
810 60 55
155 156
769 101
82 639
129 202
302 14
537 87
306 7
48 49 334
412 133
696 229
369 53
171 471
123 124
65 490
67 68
505 87 511
170 116
145 434
270 447
75 68
161 82
48 49
296 297 388
538 53
216 223
264 246
64 3 5
286 175
99 100
238 63
482 59
115 117
108 301
281 115
25 36
107 65 43 6
96 202
729 11
233 266
209 482
202 343
496 420
448 499
296 398
17 175
28 29
334 303
9 526
184 161
64 4 5
85 230
17 82
266 13
138 686
67 68
107 22
547 405
211 159
609 12
52 821
537 474
154 283
5 413
233 285
272 449
248 499
101 405
301 174
224 314 75 74
362 114 115 246 319
833 3
550 551
490 645
881 138 686
104 61
369 15
236 237 239 210 211 244 245
281 116
561 75
652 255
304 897 406
514 174
266 12
122 132
76 254
165 175
361 372
90 3
234 829
352 158
555 135
114 115
304 184
546 439
270 47
107 43
32 33 34 35 546 965 36 39 40 41 591 26 27 28 30 31
848 206
231 63
115 334
288 81
60 813
20 13
138 82
161 253
105 395 182 378 251
42 197
3 253
378 62
67 68
192 158
194 5
667 20
448 141
321 322 390 104 393 392 395 105 369 183 381 62
59 739
347 343
184 130
18 2 219
281 87
88 439
330 92
352 378 285
64 3 5 846 282
664 81 69
465 130
6 7
475 92
265 233 563 276 441 414
163 71 433 50 434 51 181 85 153 218
435 475
114 115 319
97 418
216 6
467 142
52 821
116 246
200 42
3 5
523 564
813 47
369 53
129 777 802 168 42 52 821 197 198 199 200 201 202 203 204 205 206 207 208 594 95 96 752
155 955
17 425
67 68
554 522 341
116 117
67 68
301 406
122 18
184 257
146 122
161 418 115
89 90
373 374
481 87
185 63
490 14
40 230
257 250 63
52 918
616 245
368 122
306 253
67 68
827 3 413
376 90
148 534
219 550
216 821
35 29
451 276
75 318
467 422
330 475
129 108 821
368 656
633 398
67 68
144 330
171 549
150 382
833 3
421 22
132 133
67 68
264 334
696 318
211 235
136 817 754 116 252 861
528 49
211 235
97 212 132
312 75
114 444
161 82
488 497 452
931 239
257 358
83 372
272 133
286 303
75 310
75 342 310 312 216 317 223
286 175
656 115 172 166
53 815
67 68
59 435
130 115
49 334
114 115
115 334
93 22
173 414
96 219
448 410
348 167
563 15
161 234 242 244 533
3 4 413
250 106 83
272 133
67 68
64 59
106 405
3 5
18 22
135 434 373 87 59
212 132
76 254
132 367
106 78
369 53
165 429
410 119
731 461
108 406
897 406
306 6
170 116
212 662
224 122
412 482 699 810
129 130
36 31
866 60
297 83
147 53
130 527
474 435
434 181 71
232 265 266 267 233 441
418 115
897 108
297 386
202 95
185 419
115 372
8 265
64 3 860 5
810 286 303
691 302
330 115
522 483 341
3 132 58 5 90 553 127 175 210 212 56 89 282 412 286 287
170 639
3 195
482 3 739 5 212 56
170 171
21 22
897 406
50 51
312 394 50 613
570 675
696 190
729 401
464 463
88 155 174
412 3 4
306 59
129 821
136 817 754 116 252 861
521 60
378 180
67 68
146 213
664 81
250 63
64 59
816 138
267 566
285 150
196 7
313 227 254 63
64 282 59 253
860 686
108 134
928 964 927
474 435
22 23
521 93
339 340
21 22
321 182
3 195
202 87
338 339 116
3 4
20 13
65 142
554 483
67 68
107 188
496 130 107 366
76 254
80 582
1 222
336 430
5 3 253
200 175
321 182
3 5
680 81
224 759
109 191
460 590
369 151
21 22
138 860
281 54
393 369
57 55
352 279
664 509
346 181
64 5 846
302 14
321 380
448 274
18 227
322 378
494 423
65 6
141 462
306 7
106 250
67 68
302 174
115 22
64 3 4 5
216 75
26 439
302 14
528 49 319
3 4 860
418 362
827 196
122 83
244 159
373 135
108 255
3 5
257 250
401 260
395 182
178 18
210 234 829
20 45
108 319
152 36 30
3 212
76 254
285 150
88 49 51
9 359
69 22
185 82
223 87
264 114
272 133
330 358
217 447
321 182
52 821
362 115
173 94
257 250 212 133
106 821
507 431
122 211
369 53
94 495
216 821
507 142
378 167
155 423
59 122 83
48 49 444
272 132
32 30
219 205
3 196
369 53
265 441
330 358
435 678
106 148
130 459
435 421
174 341 406
482 3 212
264 246
140 430
108 285
322 378
233 53
36 439
289 163 71 433 434 181 373 218
97 212
100 405
202 821
114 134
928 964 927
257 4 304 435 413
22 23
52 94
321 182
609 805 265 266 267 499
97 90
482 3
88 161
173 94
97 116
522 483
135 554 555 174 373 374 536
448 140 429 430 447
170 166
55 56 57 59 60
64 287
130 250
88 42 43 86
115 334
336 335
21 22
284 63
184 130 366
89 90 97
70 14
115 319
509 70
139 287
48 444
170 171
245 237
474 299
3 5
291 427
602 164 167
118 119
129 202
18 315
302 14
301 406
291 573
291 494
808 133
522 341
64 881 287 175
42 52
88 534
233 538
301 103
202 821
321 395
160 211 159
50 51
304 63
304 97
170 117
460 269 561 188 223
378 61
170 171
380 6
317 223
29 30
171 6
500 45
315 86
369 53
97 212
451 459
495 291 87
59 7
282 3
207 295
18 315
65 412
91 92
170 116
256 643 356 164 154 491 496 82 19 148 250 254
601 459
585 291
434 83 85 71
170 339
377 398
412 133
434 181
378 62
81 82
19 75
12 22 23
91 63
3 991
6 135
136 438
405 102
185 108
67 68
3 4 413
274 580 430
306 55
195 196
59 212
116 861 438 439
106 181
282 212
82 70
226 461
291 87
296 386
252 439
424 456
449 335
195 6 7
67 68
64 282 253
378 351
50 85
381 102
314 75 318
297 380
821 31
312 216
369 53
234 237
456 49
522 341
827 196
396 158
283 143
201 441
289 85
897 406
340 166
50 85
49 51
152 439
272 244
92 470
304 212
264 445
281 130
516 293
8 45
129 83
61 151
202 821
173 94
72 49 50 51 85 88
18 727
405 663
352 180
131 278
96 821
957 934
434 50 51 85 88
482 212
58 138
518 103
107 406
96 219
233 53
184 130
336 335
475 423
569 330 358
96 65
96 219
769 405
136 817 754 116 252 861
107 161 43
45 366
272 244
129 43
328 22
180 382
184 130 82
224 75
451 814
369 378 105
97 212
140 141
97 418
41 172
336 16
74 75
136 438
217 47
376 357
337 116
129 94 79
59 413
180 263
449 140 141 447
302 14
369 53
24 116
482 212
570 675
169 130 459
170 116
177 179
116 439
369 53
602 83
74 332
184 107
66 258
529 374
313 18
953 510
345 177 178 179
67 68
57 686
360 530
116 85
92 479
505 431
216 296 284 61
3 196
306 6
451 459
288 82
170 171
18 19
469 1 2 317
321 182
395 182
233 322
106 435 534
64 4
833 253
301 406
648 459
105 369 182 378 251
219 197
216 74 75
448 449 141 430 447
482 306
16 141
249 310
169 130
122 83
860 686
810 807
124 439
618 141
401 261
339 246
58 138
26 31
257 133
260 21 22
449 447
56 58
184 107
306 282
200 378
120 49 77
97 439
1 317
212 133
322 395
134 309 406
12 93
26 460
80 582
170 211
264 115
67 68
609 232 265 266 267 233 278 502 441
161 3
289 163 71 433 434 181 373 153 218
232 285
114 251
409 517
64 409
302 174
338 116
499 15
371 86
107 886
343 215
334 246
64 175
67 68
412 133
237 239
145 493
115 47
30 31
66 258
982 246
459 790
483 135
210 211
97 611 90 304 57 58 60
64 282 5 846
846 7
67 68
192 263
129 63
114 87
13 214
24 25 26 27 28 29 30 31 32 33 34 35 36 37 38 39 40 41 591
749 63
352 181
9 10
467 422 499
60 55
19 134
41 246
3 7
12 325
341 135
141 46
41 246
554 483
521 138
180 382
216 223
194 3
67 68
32 124
720 398
193 3
74 18
544 184
369 53
664 81 82
4 413
860 686
483 341
438 166
64 253
810 212 950 55 56
104 182
35 38
426 258
67 68
82 29
304 184
259 475 63
554 341
897 330 639 47
410 14
827 3
18 283
212 286
114 334
170 115
75 460
490 7
48 114
257 166 465 115 532
953 510
3 413
130 181
18 220
425 291
528 115
488 333
130 715
306 7
235 237
306 7
178 179
257 187
108 63
490 7
257 451
8 361 363 20 570
372 100
4 413
373 374
82 495
337 116
50 85
250 244
666 59
582 534
99 324
410 475
106 213
107 188
210 155
171 116
281 410
505 87
108 63
323 677
330 291
192 181
283 213
201 95
482 212
264 115 246
88 364
96 95
495 87
46 63
378 62
107 188 301 406
521 138
139 302
264 114 115
333 359
141 46 47
421 652 302 14 625
528 114
39 41 821 86 444
122 964
184 479
26 39
441 451
9 10
260 93
233 369 53 538 62
67 68
163 71 72 434 218
283 143
32 230
409 306
817 498 754 492
173 414
901 331 754 979 438 861
108 284
257 122
427 173
901 817 754 116 252 861
104 105
4 413
96 62
193 133
933 255
180 158
739 212
645 167
88 364
147 300
67 68
490 7
200 66
521 138 60
777 205
141 47
158 398
106 6
475 92
178 18
129 202
233 53
418 114
9 87
64 4
285 278
488 559
145 187
64 409 138
441 276 414
64 3 4 5 972
82 21
184 155
170 171 252 117
666 59
296 398
337 339
124 439
64 4 184
652 174
97 212
369 53
304 89
11 13 639
42 94
485 573
233 369 53 538 62
59 412
289 163 71 434 84 85
177 418
177 382
250 45
184 273
410 419
341 79
418 115
352 343
686 7
83 311
130 115
829 301
314 75 318
67 68
288 93
67 68
64 58 5 287
306 7
108 429
424 77
64 4
369 53
102 582
824 13
426 402
680 81 664
122 428
810 587 212 286
283 663
169 134
45 407
133 406
20 45
41 439
357 590 639
424 264
49 339
200 909
12 21
130 185 431 82 117 184 89 188 189
336 593 335
97 339
3 212
37 31
98 99
177 178 179
378 251
897 301 174 406 893
161 148
144 406
12 574
25 31
821 909
89 150
170 439
80 78
3 4 5 813 413
161 691
107 188
145 187 255
819 93
56 57
92 479
412 3 4 193
3 588
234 146
41 371
138 287
64 57
147 53
161 180
22 327
333 407
589 37 30
65 171
233 538
65 490 7
250 107 406
482 212
64 209
522 135
265 266
58 306
6 7
168 204
412 132 133
65 380
425 46
50 51
243 133 211
547 509
72 49 50 51 85
1 222
296 398
495 87
363 507 45 63
232 345
446 78
369 53
49 334
1 75
3 196
3 103
64 3 5 521 138
18 227
306 212
181 263
114 339
243 211 235
266 20
64 138 4 572
59 405
26 27 39
171 117
330 259
483 341
89 90
158 215
106 250
596 53
108 405
368 656
170 116
354 126
122 138
138 686
306 287
161 381
114 334
490 406
114 115
106 405
115 47
153 435
307 724
50 51
219 197
67 68
301 406
158 351
58 3
426 402
208 96
67 68
21 93
369 53
257 212 133
449 108
160 159
239 237 63
187 71
419 583
522 135
317 222
418 264 424 362 48 49 114 115 246 443 445 319
88 78
182 62
105 322 378
171 471
3 196
147 53
328 21 22
264 114 115
458 402
304 356
481 67 612 104 561 49 339 212 118 662 122 253
29 31
570 675
131 181
224 156
207 295
378 62
64 5 846
288 70
482 810 55
195 5
67 68
75 460
115 687
172 334
339 170 171 166
235 159
114 115
509 70
224 178
64 846
58 7
129 821
161 92
769 98 355 100 101 102 354 641 324 709 99 619 405 125 126
65 772
833 5
99 87
497 452
56 521
412 132
346 351
412 132
96 197
129 134
58 139 138
312 216
32 166
64 3 5
409 282
777 95
26 31
136 817 116 252 861
50 51
369 322
202 474
49 76 77
32 33 34 35 546 36 39 40 41 591 26 27 28 30 31
368 171
97 170
272 212
484 215
104 61
212 412
357 70
369 53
216 223
459 14
233 53
56 212
488 10
420 653
3 5
160 234 235 236 237 238 239 240 241 210 211 244 243 242 245
306 686
346 181
108 255
289 163
395 182
82 878
330 420
749 63
177 179
48 114
249 74 18 298
32 37
3 196
89 234
428 471
821 143
216 314
83 964
860 686
296 87
201 594
412 413
1 582
212 133
514 174
259 108
409 306
272 412
212 287
41 371
378 395
309 134
260 22
245 237
260 261
369 53
908 157
45 407
424 486
64 3 4 5
140 270
928 964 927
376 81
20 45
369 53
93 22
24 36
378 151
233 972 5
184 130
185 70
209 195
265 441
88 534
107 260
441 130
48 444
204 197
116 549
369 53
594 821
200 289
40 368 31
64 666 3 5
24 14
448 800
170 439
108 933
170 171
104 527
181 302
136 137 171 337 338 339 252 116 438 439 117 340 124
424 264
388 199
435 494
160 243 159
91 475
233 441
257 491
64 4
29 166
648 22
184 173
166 136 137 170 171 337 338 339 252 116 438 439 117 340 124
122 454
283 143
57 60
441 500
369 53
537 87
32 31
232 169
184 114 115
170 339
608 250
3 195 196
116 439
76 861 438
289 434 71
264 114 115
14 191
810 303
76 254
184 89
72 289 163 85
930 335
545 435
180 158
93 23
64 5 253 138
146 14
979 166
41 30
65 6
260 21
232 233
233 538
409 287
67 68
116 813
97 303 305 89 90 253
555 341
18 19
59 212
216 75
171 117
521 282
89 150
37 31
184 199
161 22
98 324
67 68
395 182
289 163 71 234 434 85
662 503
458 66
547 59
321 182
108 5
170 439
117 439
116 117
265 534
82 83
283 85
50 85
59 253
136 137 171 337 338 339 252 116 438 439 117 340 124
170 116
74 107
64 521
194 195
439 391
373 87
322 251 395 62
184 330
181 382
49 76
130 494
97 210
107 406
848 41
168 258
132 212 59 412 286
202 197
168 232
171 116
289 163 72 434 85
827 196
24 29
3 196 5
200 175
442 283
107 460 590
361 860 5 431
336 323 335
193 3
67 68
209 156
96 129
122 463
67 68
3 413
3 196
250 341
548 340
56 482
97 482 212
173 414
291 420
67 68
317 222
395 182
170 171
49 76
161 442 45
118 119
107 188
1 18 19 298 311 312 313 314 315 317 318 74 342 86 216 222 223 224 121 226 227 225 229 249
301 174
58 3
412 4
739 212
30 439
394 395
897 406
140 430
662 503
122 143
369 53
369 53
193 413
378 182 62
49 51
202 558
130 291 131 197 292 293 232 169 168 290 204 271 15 281 285
64 175
193 3 4 5
160 242
170 166
264 114 246
21 22
537 87
216 223
147 53
289 253
395 182
37 31
338 166
2 317
507 45
97 7
67 68
901 136 331 817 754 116 438 252 861
313 318
496 156
860 686
105 378
378 182 62
286 303
67 68
42 43
298 260 261 94
106 367
136 41 76 77 49 438 254
83 532 446 78
193 3
373 135
210 274
652 302
171 117
321 378 182
129 821
275 270
500 45
3 5
264 246
108 405 63
115 334
550 70
16 449
42 52
65 529 490 7
435 420
155 253
5 4 413 860
281 222
76 254
315 108
258 402
616 460
521 60
409 518
281 215
376 890
84 284
901 754 979 116 438 861
67 68
3 103
778 174 135
64 59
107 161 43
136 438
64 47
281 341
17 210
893 406
64 59
330 291
171 116
821 206
496 170 171 372
833 194 827 5
97 418
130 451
64 282 846
456 77
3 860
301 406
282 7
18 222
64 129 130 330 107 363 45 366 304 82 211 115 22 279 184 29
653 479
811 302
409 282
37 31
107 45
577 161
499 15
24 29
208 96
28 29
18 227
106 519
82 510
401 260
171 471
345 181
272 132
347 295
824 675
329 92
113 67
357 358
96 821
435 422
76 254
754 428 471
46 47
122 964
821 198
139 60
70 14
104 105
181 215
59 3
339 116
593 580
21 22
146 107
24 302
451 483
474 461
467 142
52 582
369 322
195 5
433 218
97 212
108 63
449 140 934 430
272 184
816 686
827 3
547 253
369 105
58 413
24 29
252 117
563 516
554 522 341
211 133
82 510
175 287
309 134
272 133
113 67 109
154 411 356 63
67 68
64 129 42 234 366 82 435 211 115 59
449 47
64 521
810 303
897 301 893 406
233 538
545 933
41 439
21 22
67 68
16 934
24 29
12 325
64 90 4 60
180 343
38 230
46 462
184 545
161 133 167 146 244 213 602 122 253
64 4 60 572
744 517
885 413
272 133
97 90
82 108
708 20
483 484 582 168 137 42 233 172 48 337 114 594 465 124 94 31
577 83
964 237
283 143
89 90 97
427 459
59 55
345 177 178 179
328 22
56 739 212 55
148 213
496 171
264 445
67 68
289 434 163
691 190 302
264 115 319
265 441
4 413
529 7
482 412
67 68
141 7
115 334
378 182 62
334 246
170 171
380 398
446 6
250 146 83 106
145 255
412 4 5
441 499
56 59
97 90
363 142
97 116
330 357
212 132 133
808 272 133
418 439
153 108 284
306 55
116 166
4 5
296 19
64 133
64 130 184
448 441
64 175
170 116
64 521
419 143
360 701
324 405
88 547
496 115
58 306
42 198
67 68
250 45
285 278
428 471
378 182 62
82 668
64 3
257 129
482 58
264 418 548 424 172 48 49 443 444 445 319 77 334 848 486 362 114 115 246
553 132
272 412
171 471
122 83
284 143
368 471
374 198
115 334
171 117
148 63
185 510
41 444 39
656 439
187 493
154 613
122 132
188 22
64 5
147 53
345 350
362 117
138 686
75 260 261
914 923
170 171
517 518
314 18
97 212
289 71
195 196 5 991
833 3
161 284
749 63
451 543
21 933
171 116
602 495
217 447
233 557
352 180
260 261 74 75 298 342 249
67 68
474 31
749 174
386 381
410 421
104 62
3 588 5
76 334 48 49 51
175 287
301 406
285 181
777 42
76 254
147 188
360 530
61 421
99 100
769 98
829 406
216 561
483 135
810 286
272 133
25 41
418 115
116 63
67 68
48 49 51
173 414
105 322 378
173 215
322 395
114 115
373 87
5 972 468 701
116 166
170 171
180 157
435 460
56 950
281 229
341 174
233 53
264 439
522 135
434 85
441 177 178 179 345
170 171
116 334
490 406
444 39
180 158
662 503
108 87
11 639
302 158
185 410
434 373 87
273 47
330 67
283 405
16 761
116 117
554 341
127 175
120 49 77
281 15
114 115
67 68
67 68
505 9
177 179
289 163 71 433 50 434 181 373 153 218
11 14
130 173
425 126
152 35
82 357
122 547
211 159
560 259 411
184 107
80 582
17 425
21 143
129 198
153 148
129 821
106 83
448 499
192 343
233 53
483 135
410 91
64 90 4 60
67 68
64 5
16 47
388 199
827 3
122 59
138 253
284 727
412 133
97 90
59 212
104 296
120 754 861 471
18 63
120 754
441 451
115 319
644 655 18 405 154 164 425 42 174 51 435 442 59 454 213 88 475 106 494 250
21 167
96 124 62
266 13
442 367
547 116
810 286
135 778 174 405 155
395 182
184 82
160 211
427 286
92 479
171 116
166 551
482 212
315 86
212 412
51 644
104 742
490 7
216 401
64 846
216 223
230 199
289 253
296 297 388
418 63
860 686
188 223
419 357 550 363 82 185 510
185 300
170 439
420 301
264 977
114 115
323 46
304 184
373 87
29 31
58 138
105 395
435 422
18 219
216 364
530 467
52 821
177 179
553 132
45 366
90 934
67 68
285 150
340 341
696 190
427 286
114 115 319
87 823
514 174
821 207
488 333
177 179
394 322
680 509
424 264 246
64 175
545 435
159 63
16 47
833 196
272 413
465 484
128 21 22
166 136 137 170 171 337 338 915 252 116 438 439 117 339 340 124 861
170 427 114 339 115 319
376 97
460 757
731 108
65 90
233 563
305 257
141 430
482 212
107 821
901 439
352 130 162 297 330 364 366 304 496 82 211 372 29
123 124
434 373 87 135
897 406
82 358
170 171
275 46
302 14
250 829 406
88 49 51
49 51
289 59 253
769 98 354 100 101 641 324 99 938 372 405 126
64 209
901 439
208 202
321 182
460 332
145 493
441 130
212 59 412
833 194
144 485
339 116
84 284
173 182
507 431
114 115
75 222
253 7
160 238 239 242 243 159
260 261
421 302
521 5
131 14
76 254
488 700 333 407
3 195
52 821
18 223
169 612
129 435
289 161 72 434 84 602
216 75
18 19
129 42 166
346 215
302 14
306 212
495 108 71
210 211
893 406
474 435
282 212
45 366
284 167
452 422 497 530 214
97 132
90 412
144 485
608 171 549
184 130
465 484
600 159
264 115
224 225 2 226 227 229 228 75 178 19 18 216 219 220 222 223
91 470
129 291 37 166 170 45 368 115 52 341 821 281 29 31
243 235
67 68
41 76 77
212 59 412
483 341
41 26 27 39
175 287
67 68
283 21
282 846
833 5
122 106 367 83 84 85 250 59
483 341
361 570
964 927
122 534 119
22 23
369 394 378
376 81 664
216 269
3 5
427 487
286 63
208 96
88 475
628 87
161 813
21 22
369 53
161 52
171 116
59 55
376 81 664
87 431
860 686
938 354 126
67 68
339 117
54 6
272 412
122 83
639 159
180 382
860 813
170 339 116
304 90
149 150
35 29
439 7
141 47
348 181 350
260 261
170 171
171 549
337 170
953 711
490 7
173 63
41 114 726
65 22
409 490
3 5
827 196
59 860
245 237
107 301 406
42 86
369 53
298 906
136 76 438
173 143
76 262
368 36
650 467
104 284
122 519
404 494
848 114 172
161 82
75 223
181 150
272 286
428 262
107 189
180 382
552 300
322 62
58 686
161 246
233 487
166 136 137 170 171 337 338 339 252 116 438 439 117 340 124 861
52 142
521 60
449 429 430 47 16 141 274 46 273 217
210 491
964 927
3 4 5
76 254
430 47
233 538
336 335
147 53
281 435
82 357 639
211 143
96 821
306 3
114 339
76 254
4 813
483 341
3 827 195
67 68
829 301 406
194 3
339 116 117
700 333 407
490 7
129 130 134 52 281 94
129 198
161 147
439 87
901 166 136 137 170 171 337 338 915 252 116 438 439 117 339 340 124 861
553 306
243 159
57 55
272 306
224 178
115 319
378 182
148 213
376 81 231
49 76
39 439
233 285
48 117
136 438
169 485
88 49 51
338 302
472 473
39 31
334 303
304 212
96 821
972 413
104 322
3 5
336 335
230 199
64 3 4 5 175
412 287
330 67
369 53
360 10
3 5
434 50 51 85
656 281 173
97 212
166 136 137 170 171 337 338 339 252 116 438 439 117 340 124
74 75
114 115
48 49 334
201 95
302 174
162 20
96 129 197 198 200 201 202 168 204 205 207 208 52 95
336 593 335
458 563
50 85
106 83
243 159
182 62
426 91
315 86
106 435
64 409 60 5
171 116
18 310
901 136 817 754 116 438 252 861
376 664
418 424 264 362 528 114 115 246 445 319
496 171
24 27
547 519
76 254
18 19
152 371
171 117
75 222 227
60 413
12 957
75 222
174 406
361 570
32 31
490 6
59 4
82 357
233 53
56 55
41 26 27 39
20 167
12 574
89 305 90 303
509 550
138 860 813
90 303
170 439
232 693
19 220
147 300
154 367
19 134
306 212
138 282
257 250 284 366
168 207
171 471
860 686
24 410
16 175
5 196 253
357 358 330 109 144 376 91 92 479
352 346 215
130 494
833 3 5
34 14
827 195
315 86
170 116
160 234
283 813
161 289 234 210 83 146 213 244 84 405 245 242
444 39
928 927
354 355
435 12
64 138 133
122 860
136 116 252
515 67 357 358 329 330 109 144 376 475 92 479
441 177 178 179 345
266 267
331 557
285 150
17 133
369 53
377 263
76 254
281 207
283 284
26 27 39
378 182 62
897 406
66 291
110 367
499 711
497 530 422
58 813
36 439
490 7
192 279
755 662
75 318
136 438
233 538
170 171
234 405
81 175 287
216 75
212 412
288 70
16 449
739 810 55 56 57 59 60
97 605
817 754 915
3 5
906 75 310 312 216 317 223
272 244
180 150
18 220
93 174
833 3
107 257 435 460
232 181
129 821 389
208 821
336 16
80 532
65 185
908 263
829 301
64 130 4 357 134 358 304 114 82 30 184 411 29 94 287
233 53
184 130
249 1
594 95
130 134 527 402 404 281 544 545 291 293 295 169 427 173 54 184 569 451 459 465 94 487
65 7
409 3
88 857
97 132
67 68
507 45 366
192 345
322 395
833 59
67 68
488 559
263 63
118 119
190 191
17 425
49 41
114 334
108 63
428 213
3 196
516 278
439 87
570 675
67 68
192 181
97 212
418 362 114 115 246 319
17 425
64 572
80 121 220
538 461
130 291 131 197 292 293 232 169 168 290 204 271 15 281 285
136 116 428
282 59
378 251 742
115 212
132 133
451 459
64 686 57 58 60
88 107 108
376 81 664
281 129 495
402 563
177 179
821 919
22 23
686 55
160 159
369 105
108 821
266 13
64 57
3 495
482 739 810 686 55 56 57
71 72 367 433 434 85 218
18 181 279 250 222
97 418 115
554 135
860 813
884 166
75 21 22
195 239
170 116
146 107
4 5 860
354 324 101
285 278
744 517
171 165
170 171
64 138 282
97 90
369 53
108 255
118 119
83 231
860 413
170 116
881 138
4 860
36 14
339 340
40 25 41
530 363
860 5
224 101 118
285 150
448 449 934 140 141 430 335 336 429 447
283 143
48 49
691 22
145 493
190 455
402 149
20 13
97 418
226 315
860 686
50 51
35 55
418 334
211 159
908 263
129 130 643 257 532 406 279 22 29 170 45 301 47 330 82 211 341 222 107 491 366 368 496 372
35 55
67 68
185 510
555 483
354 355 126
881 138
49 77
357 125 639
267 62
171 134
29 31
272 133
165 270
459 292
517 518
396 158
490 14
451 213
206 15
296 388
813 413
245 238
97 471
50 51
810 306
58 59
19 222
786 24 25 26 27 28 29 30 31 32 33 34 35 36 37 38 39 40 41 591
817 754 861 471
59 116
162 13
208 96
334 303
185 82
57 810
465 130
175 287
136 116 252
49 77
212 372
466 810 708 62
281 233 285
67 68
288 70
64 846
373 135
497 507
376 7
216 59
368 171
88 24
235 927
507 366
233 441
131 181
324 405
64 413
25 97
390 391 296 297 392 396 183
724 734
178 906
108 134
36 29
232 233 53 441 62
116 439
281 15
67 68
58 139 138
157 343
708 951
49 41
96 124 62
224 75 460
140 47
283 143
91 475
17 425 405
410 91
148 213
537 87
97 418
296 297 388
129 821
166 31
860 686
42 52
343 215
184 130
301 893 406
130 366
901 136 331 817 754 116 438 252 861
488 422 806
135 554 555 75 373
97 164 454 394 75 491 45 494 396 18 116 857 122 253
18 315
147 53
116 493
418 87
14 22
58 138
75 22
233 7
357 70 550 363 82
315 86
461 190
116 334
522 483 341 135
52 198
18 315
908 263
330 357
65 197
64 3 5 287
108 284 63
810 212
490 7
97 611
59 253
209 212
664 81
123 124
458 402
58 3
405 63
184 130
881 686
448 449 140 141 430 429 447
378 167
488 700 333 407
548 424 264 848 114 115 246 319
129 82
153 356
330 358
129 821
64 3 4
89 303
284 519
373 87
265 662
827 196
289 163 72 434 85
101 118
166 136 137 170 171 337 338 339 252 116 438 439 117 340 124
272 212
585 291
808 133
860 5
360 10
64 4 175
118 119
188 156
475 255
69 679
352 2 297 527 496 378 251 61
64 813
409 3 4
80 341
162 20
12 325
369 53
483 135
297 388
234 238
19 222
18 222
281 284 134
589 29
82 357
739 212
115 334
274 813
561 85
282 3
233 62
138 253
8 45
341 135
97 235
130 487
24 29
553 212 133 286
224 88
96 821
301 406
395 182
108 63
554 135
641 125
64 306
184 130 107
432 142
20 431
394 395
324 405
24 25
363 13
161 59
3 196
74 75
67 68
219 197
36 439
296 19
458 426 402
362 334
441 276 414
212 287
88 146
64 4
28 14
245 239
482 739 810 55 56 59
307 327
425 283
451 414
184 199
336 16
412 5
64 161
171 486
106 250 420
829 301
376 81
192 350
336 795
160 211
680 81
216 223
424 115
441 276 414
339 170 171 116
21 22
184 199
97 171
272 132 133
444 39
266 20
813 686
67 68
122 213
395 182
18 495
130 427
180 62
185 82
441 233 459
64 4
64 3
897 301
474 435
56 306
363 422
74 75
96 821
224 18
56 212 55
115 334
500 247
97 170
495 87
174 135
130 451
369 105
833 3 4 103
134 45 558
369 53
67 68
105 322
3 4 860
258 402
180 382
146 107
517 518
496 435 366
114 251
73 164
275 270
184 130
67 68
97 132
74 75
115 246 63
160 238 239 242 243 159
352 346
24 38
171 549
177 178 382
3 4
59 196
212 519
833 194
30 439
296 394
296 380
337 338
192 263
521 282
340 341
282 212
247 431
448 499
3 5
21 93
122 59
243 239
3 5
171 549
210 244
129 206
41 26 27 39
193 412
37 302
8 250
933 78
64 572
860 686
369 147 53
171 471
196 5
528 114 319
185 421
330 291
465 130
97 620
65 7
336 323
938 354 99 126
184 330
257 107
497 452
116 166
209 138
209 3
192 180 181
49 51
138 167
141 430
145 187
21 93
107 63
56 127
88 49 51
170 166
813 686
18 156
434 71
377 263
490 7
64 132 138 212 59 286
184 189
330 479
184 199
141 335
369 53
345 177 178 179
60 55
376 456
12 431
3 193 195
76 254
901 331 754 979 116 861
130 366
339 252
395 62
992 521
59 367
216 223
496 130
210 212
3 5
810 59 286 55
291 564
376 81 231
410 109
409 58 212 286
57 58
422 360 650 142 530 467 499 501 214 603
76 254
296 378
369 53
322 182
600 159
34 39 41 428 334 48 49 443 444
412 287
66 435
1 2
274 323
474 31
66 516 265 201 459 527 563 179 276 441 414
67 68
28 29
64 138 719 282 59
115 412
860 686
115 246
570 755
930 335
816 138
155 364
138 108
488 422
456 97
488 497 452
334 6
67 68
87 239
242 235 237
377 7
114 334
75 222
233 134
278 15
485 87
424 77
951 167
482 212 412 413 286
185 510
65 117
281 130
166 136 137 170 171 337 338 339 252 116 437 439 440 438 117 340 124
11 341 639
3 196 5
136 41 76 77 438 254
424 264
72 85
171 116
475 92
272 412
49 51
341 135
460 757
285 278
376 81
64 521 138 282
97 171
146 122
185 70
136 41 76 77 49 438
521 138
275 270
59 412
672 691 188
67 68
145 255
108 63
115 334
32 230
412 244
336 98
369 322
256 107
301 406
233 538
472 334
56 212 286
130 279
936 354
170 439
85 71
24 26 27 28 29 30 31 32 33 34 35 546 37 38 39 40 36 41 589 722
301 406
64 846
521 167
345 177
321 182
108 933
210 234
136 339
64 409
216 6
322 395
138 860
338 116
368 152
115 319
376 108 63
282 846
680 81
496 156
434 181 71
136 41 76 77 49 438 254
441 179
522 341
700 333 407
482 212
434 181
507 212 431
48 49 51
189 190
313 63
188 22
739 7
322 104 105 369 378
409 282
115 319
233 53
395 182
115 687
281 285
136 41 76 438 254
138 282
67 68
250 45
530 503
32 33
97 90
482 212 306
161 222
378 251
554 341 599
105 395
115 319
196 5
390 391 104 297 392 296 396
210 243
757 143
139 287
289 163 71 234 85
115 372
64 161 4 59 60
68 87
207 295
339 116 117 340
129 198
64 7
67 68
265 441
451 276
161 234 210 146 244 59
388 199
211 133
170 171 116
482 108
196 5
306 212
49 334
200 129
52 821
490 7
48 117
3 195
105 378
233 53
170 338
346 181
115 339
115 420
553 482 55
97 22
65 125
115 412
881 138
336 930 335
41 76 77 49 438 254
74 18
424 264 977
250 108
323 141
312 75
482 3 212
816 138
585 291
257 356 421
76 254
306 59
186 53
175 4 60 287
336 16 270
312 216
169 207
897 301 893 406
378 182 62
420 653
449 447
301 406
76 254
196 5
291 284
860 686
122 187
67 68
170 116
291 573
49 76
233 285
321 182
517 518
104 151
28 52
216 223
168 343
74 18
170 116
737 63
175 287
245 237
171 471
50 51 85
824 10
475 111
341 135
656 262
170 116
362 115
216 75
410 34
97 212
17 191
169 485
184 521
330 199
180 382
182 382
233 538
469 149
233 53
130 459
64 860
284 167
67 68
369 53
129 108
376 81 664
201 441
97 170
212 132
488 559
369 53
860 686
301 406
82 357
76 254
18 86
496 420
829 301
81 867
129 777 909 918 919 802 168 42 52 821 197 198 199 200 201 202 203 204 205 206 207 208 594 95 96
739 212
42 435
180 158
108 284
409 3 517 59
640 639
75 143
3 4
906 75 310 312 216 317 223
729 6
145 493
212 133 286
210 244
21 22
435 532
124 439
284 22
64 59 253
232 233 278
108 133
284 167
456 340
291 564
720 377
161 642
52 821
754 471
129 821
224 314 216
166 136 137 170 171 337 338 339 252 116 438 439 117 340 124 861
322 104 394 216 284 61
67 68
236 555 972 5
239 623
352 343
409 287
369 53
369 378
304 97
192 157
106 423
8 250
284 143
170 171
129 821
25 97
49 319
62 214 183
505 161
85 71
468 167
75 261
616 358
202 396
161 3 253
810 412
138 59
195 5
166 136 137 170 171 337 338 339 252 116 438 439 117 340 124
134 262 136 137 26 28 29 31 418 546 166 40 170 172 444 337 338 94 483 362 368 115 117
810 90 303
509 510
67 68
289 163 433 434 181 373 153 218
321 182
58 3
192 435
192 263
347 295
219 197
232 66
168 19
369 53
56 212
80 220
458 295
161 188
424 77
233 484
291 87 823
721 530
101 430
22 175
897 639
419 300
860 413
171 116
302 14
523 524
470 6
496 674
171 549
570 44
235 237
3 991
376 81 113
114 115
434 181
202 95
147 53
184 30
138 175
67 68
548 341
281 54
833 3
50 85
378 157
122 188
257 162 130 330 107 47 115 372 153 250 284
458 402
43 244
860 686
305 97
233 53
497 452
339 639
177 178 179
388 199
514 211
59 212
460 757
48 114
171 311
488 700 333 407
592 97
453 142
307 427
264 445
129 166
459 495
181 215
49 51
821 207
75 269
125 405
284 519
9 442
185 419
81 93
170 171
401 22
69 87
418 115
76 254
553 58
16 270 335
296 297
392 391
122 83
41 26 27 39
739 212
161 213
953 510
115 319
561 475
3 5
216 129
88 50 51
833 3 4 5
13 167
64 90 4
194 3
369 53
138 282
107 190
247 957 766 431
107 301 406
242 243
171 471
42 821
171 340
424 264
129 36 166 368 29 31
35 55
833 3 103
132 286
65 306
475 108
594 821
304 305
403 149
64 138 16 304 210 211 372 212 89 286 287
67 68
184 130
107 188
972 813
194 5
130 427 173
390 391 392 297 296 396
48 444
448 499
101 405
114 115
301 406
289 163 71 434 85 253
169 459
931 932
161 82
24 37
64 409
451 439
136 41 76 438 254
134 558
302 174
435 244
171 428
880 243
513 156
369 53
592 97
482 212
609 232 265 266 267 233
116 861 438
544 459
3 195 5
114 334
321 180
369 53
67 68
208 129 96
253 303
184 130
4 5
272 212 46 287
860 686
281 465
328 22
570 958
448 800
241 210 237
156 878
272 810
373 135
177 178 179
592 97
265 233
50 85
115 172
130 494
964 84
3 613
667 453
118 119
396 87
233 62
59 412
359 968 333 526 914 500 407 700 701 766
346 343
435 230
517 103
731 6
67 68
208 96
256 161
170 171
50 85
50 51 85
302 14
212 286
129 821
833 5
284 6
3 5
24 36 29
16 270 335
269 391
672 107 366 496 435
161 167
378 61
65 490 645 6
21 22
59 7
67 68
482 212
3 196
75 483
356 933
67 68
217 270
701 958
10 499
369 105
419 468
283 284
122 405
289 614
418 319
161 170 116
585 291
395 182
289 434 85
957 934
107 22
303 439
163 254
482 132
460 757
35 29
452 453
207 295
184 130 366
161 813
265 13
528 319
193 4
301 174
241 210
264 115
76 254
8 250
145 255
122 821
212 127
317 223
155 364
291 823
860 686
283 284
184 161
67 68
434 71
286 287
67 68
3 103
281 494
48 49
192 682
373 374
209 212
301 406
672 481 224 357 550 358 75 144 81 21 22 376 222 510
134 582
121 18
52 94
192 263
64 59
97 470
50 51
192 149
108 142
67 68
122 83
192 343
208 129 96
194 195
378 343
161 334
848 206
174 301 406
130 138 47 82 22
136 76
482 3
341 135
301 406
366 107 301 406
3 195
827 3
64 138
848 206
368 106
378 182
129 821
116 439
259 411
483 341
537 87
140 141
24 36 38
146 107
64 58 572 138
132 133
265 570 453
50 51
30 439
409 282
664 81
96 219
136 76
202 821
482 212
59 3
138 860
12 214
136 438
456 246
64 4 175 60 287
673 431
545 63
163 655
304 305 90
441 276 414
67 68
291 573
306 212
372 63
449 47
84 284 590
122 115
488 333 407 700 701
115 334 319
185 7
482 212
123 124
17 338
185 70
243 211
48 49
3 5
130 451 169 427 173 271 569 281
26 31
195 196
474 30
467 214
291 15
330 479
64 4 175
281 378
36 439
115 334
305 421
67 68
67 68
514 174
210 237
75 222
129 821
412 3 4
185 419
76 254
83 860
259 470
441 179
304 97
269 223
378 151
377 380
3 4
64 3 4 5
170 117
211 159
459 173
65 377
323 46
852 343
616 85 454
72 434 50 51 85 88
33 27
67 68
591 87
154 108
144 475
301 46
184 130
423 50 51 146 88 155
666 813
67 68
45 534
163 191
166 136 137 170 171 337 338 339 252 116 438 439 117 340 124 861
296 284
129 821
247 431
326 327 328 11 401 307 21 22
606 415
848 206
122 547
124 173
529 7
286 175
897 301 893 406
449 39 41 120 25 27
171 134
194 3
435 420
64 58
97 210
529 7
115 427
80 121
973 510
964 860
516 485
833 4
474 300
833 5
808 133
560 519
67 68
321 62
105 378
52 821
115 319
184 130 366
192 347
138 59
181 215
337 171
97 212
720 380
171 117
29 878
432 85
284 373
64 138 282 287
104 369 378 105
147 53
233 53
108 255
48 319
460 63
304 184
400 527
122 235 284
8 570
107 75 222
83 84
273 580
401 261
537 185
108 301 406 63
59 3
59 108
250 63
184 330
553 516
85 405
3 196 5
424 445
116 166
860 253
434 71
161 210
76 861 438
341 135
434 187
483 135 522 554 174
24 25 36
373 374
612 279
24 31
184 910
530 363
441 276 414
192 852
193 3 4 5
412 133
212 55
161 188
380 158
266 62
490 7
138 93
893 406
82 330
307 70
163 296 277 216 284 61
233 557
272 412
116 117
860 686
185 550
171 549
25 36
13 87
893 406
810 286
931 237
860 5
58 59
516 414
881 287
233 54
171 116
424 122
56 59 212
14 327
901 331 754 116 438 861
829 406
296 61
149 150
585 273
548 424 264 848 114 246 319
130 459
897 301 174 406 893
420 653
6 7
108 63
161 281
104 297 296
170 439
435 422
130 564
130 271
67 68
507 366
369 53
474 115
252 117
19 134
69 70
170 116
810 90
65 7
821 95
356 639
808 133
250 420
496 378
328 22
59 55
129 821
699 286
170 171
3 860 5
160 441
136 817 754 116 439 252 861
537 21
270 47
306 212 286
171 116
64 60
291 87
233 538
153 255
13 142
272 132
266 13
3 212
233 53
296 284
65 6 7
109 302
64 4 60
83 246
291 485
142 431
260 21
35 55
439 31
250 435
3 4
76 254
418 548 38 39 136 27 362 41 48 49 371 26 443 444 93
881 58
181 279
192 345
59 3 108 5
97 90
422 87
176 175
680 483
162 130
212 412
250 63
307 14
50 85
330 259
194 5
50 51 85
37 166
827 3
136 438
209 196
291 485
816 138
130 36
185 474
192 380
594 908
344 181
216 75 223
488 700 333 407
160 234 235 236 237 238 239 240 241 210 211 244 243 242 245
260 261 298 75 249
133 6
129 777 168 52 821 197 198 199 200 201 202 203 204 205 206 207 208 594 95 96
161 82
185 82
212 55
45 574
893 406
64 253
84 286
289 84
185 419
88 155
494 15
339 83 116
264 528 920 418 548 424 172 48 49 443 444 445 319 456 77 334 977 486 362 114 115 246
108 495
114 319
235 241 243 211 159
107 188
59 412
192 529
808 133
483 135 554 522 341 599
85 255
824 708 13 701
184 130
96 821
141 7
441 66
184 330
182 62
212 133
49 76
304 212
96 219
3 413
115 246 63
69 70
59 212
289 163
241 211
65 6
860 5
388 199
106 83
377 182
328 22
387 389 390 391 395 396 398 296 182 61 104 105 369 379 377 378 251 380 381
115 319
170 116 6
195 804
250 108 406
26 27
72 49 434 50 51 85 88
266 13
521 138
330 475
3 306 195
184 130
1 460
201 129
248 247
482 108
484 158
378 157 182
6 7
141 270
347 295
57 686
58 4
334 319
178 602 167
59 4 813
67 68
306 212
395 182
160 234 235 236 237 239 241 210 211 244 243 242 245 159
232 233
169 130
288 70
810 699
114 319
170 117
60 813
264 114
304 97
75 261
362 115 439
114 319
272 133
451 494
272 211
284 63
259 23
74 757
114 443
509 510
129 158
22 23
48 114
168 96
50 51
755 951
3 212 5
210 283
354 435
21 93
65 358
439 55
67 68
107 406
64 130 184
34 39 40 41 120 27
88 129 821
281 285
129 347
141 46
424 264
129 170 116 821
456 339
108 63
3 4 413
46 301 406
549 382
284 309
366 431
369 53
130 173
65 158
289 84
137 166
338 339
833 3
449 580
245 239
96 821
232 181
589 30
600 159
376 108 357
161 251
88 51 50 155
545 106
106 171
104 378 87
3 412
107 188 406
401 260
412 4
89 90
616 314 310
301 406
192 180
833 3
67 68
272 739 212
453 567
930 335
156 302
132 367
338 28
422 87
483 420
9 45
180 157
494 527
59 3 5
376 81
656 420
105 378
553 810
522 341
451 459
91 14
296 391
32 33 34 35 546 36 39 40 41 591 26 27 28 30 31
232 173
106 250
49 115
881 138
67 68
144 330
46 270
953 510
121 219
352 351
116 438
412 133
75 310
92 109
80 134
180 158
48 49
435 413
114 115
89 90
554 341
32 29
289 163 72 218 434 50 83 85 51 84 122
3 4 5
136 116
458 402
122 213
412 286
185 510
650 247
296 297 388
664 81
82 63
177 178 179
67 68
30 439
75 318
881 175
507 142
3 4
475 63
938 354 101 126
425 94
482 212
82 510
165 175 47 17 372 286
283 367 143
380 398
48 371
553 212
177 179
208 95
451 814
64 4
696 86
328 21 22
219 269
64 521 58 138
67 68
67 68
133 286
67 68
833 3
272 133
88 281
367 83 84 85 122
97 253
373 367
3 4 413
185 69
76 254
449 46
250 367
184 14
114 115
174 406
195 6
211 159
184 910
280 63
593 335
67 68
74 18
59 412
43 613
180 343
357 406
561 460
216 223
441 459
304 372
192 279
441 276
354 126
291 564
369 53
304 14
153 284
281 233
75 460
171 471
3 804
170 116
165 175
860 686
130 372
8 20
16 46
107 188
132 133
35 36
97 90
282 846
252 439
260 261 298 75 401 312 249
857 505
418 548 362 172 48 49 114 371 246 726 443 319
35 29
680 81
122 164
328 22
107 223
449 270
257 250
931 239
522 135
3 196
376 161
114 319
281 15
296 391
4 175
76 48 49 51 373
490 7
26 39
296 378
982 334
161 20
116 861 438
326 327 328 11 307 21 22
180 157
288 93
156 237
60 413
720 398
64 161 253
474 420
75 310
301 174
88 354
114 251
406 774
114 115
211 212 133
224 75
139 5
269 223
412 6
62 183
341 135
456 848
317 222
210 14
161 130
116 422
97 212 132
816 138
67 68
106 148
213 87
418 444
171 116
161 82
212 412
161 172 334
522 341
49 334
920 114
220 173 182
114 334
18 19
177 178
184 130
819 93
40 481
284 367
97 620
67 68
284 309
129 119
500 45 503
3 5
32 97
88 42 51 423
400 527
232 285
130 47
152 35
266 62
259 475
49 76 77
97 418
69 143
321 182
810 90
106 83
67 68
378 343
264 49
97 286
482 212
82 70
202 95
432 161
175 55
354 355
170 166
184 130 366
114 115
418 548
50 85
130 115
281 170
3 5
97 90
67 68
281 52 821
482 950
297 122
5 860 253
135 434 84 373 87
328 821
173 414
41 27
680 81
106 83
108 5
395 182
140 270
424 264
117 166
283 590
285 150
451 459
212 63
3 5
352 353 192 484 343 215 346 347 669 158 351
170 116
96 219
304 130 64 184
177 179
376 81
260 87
459 276
49 76 77
409 3
49 76 77
241 932
435 413
291 573
496 372
369 53
298 906
97 418
456 114
173 414
388 381
67 68
113 85
281 130
434 289 234 85
412 517
570 571
194 3
130 22
67 68
264 115 532 687
141 430
180 382
291 485
305 253
232 233 53 62
56 212
124 173 62
553 132
197 821
121 18
58 139
744 517
202 198
211 159
833 3
482 212
233 267
212 55
29 30
538 53
210 234
10 453
33 31
76 254
155 156
76 254
107 188
67 68
522 341
115 246
184 114
302 14
122 83
48 428
88 519
286 175
136 76 77 49 754 438 254
304 90
144 109
59 133
233 538
143 255
160 211 159
456 861
827 7
108 709
161 465
810 286
448 449 140 141 430 429 447
4 860
64 170
484 341
827 7
546 443
138 108
466 708
483 420
76 254
250 364
64 138 212 59 286
83 84 85
97 611 90 620 304 57 58
281 130
530 363
60 860
234 829
513 161 148
425 212
185 106
289 163 71 72 434 50 51 85 373 181 218
212 133
88 50 51
301 639
833 194 3
282 55
146 106
400 494
715 173 87
170 166
394 386
48 114
3 4
149 150
261 94
146 213
118 119
698 415
170 252
302 14
483 135
114 487
76 254
323 140
108 964
210 242
302 14 119
3 5
459 255
304 184
257 250 212
88 813
561 283
3 5
317 310
180 215
170 406
165 175
180 157
75 318
344 279
291 367
129 777 168 52 821 197 198 199 200 201 202 203 204 205 206 207 208 594 95 96
3 195 196 5
170 439
96 219
860 413
274 47
11 483 341
451 439
219 197
41 26 27 39
3 4 5
88 130
482 553 810 212 950 55 56 286
122 547 613 111
272 133
490 3
289 163
528 548
115 108 334
55 7
76 254
301 406
92 479
75 318
833 3
146 107
482 212
107 22
171 117
283 143
185 82
412 517
96 219
139 287
85 405
263 63
138 211
257 129
88 146
395 380
3 813 413
107 189
368 439
45 359
352 346 181
129 347 52
344 821
32 199
680 81
388 199
362 172
160 234 235 236 237 238 239 240 241 210 211 244 243 242 245
810 286
82 69 63
180 389
233 538
345 179
83 84 85 367
369 53
92 109 478
425 212
304 64 4 184
136 41 76 77 438 254
169 459
212 519
341 135
270 47
114 115
448 449 140 141 430
130 459
233 441 53 62
881 138 686
395 182
432 153
367 83 84 85 122
708 62
128 21 22
401 260
67 68
852 343
114 486
521 138 60
216 75
194 3
69 510
66 102
409 282
451 173
499 500
3 588
59 212
46 47
64 212
380 182
233 53
24 25 26 27 28 29 30 31 32 33 34 35 36 37 38 39 40 41 589 591
232 278
495 87
131 173
49 434 50 51 85 88
412 124
289 163 71 433 434 181 373 218
296 284
428 87
107 75
64 3 4 5
322 251
3 413
373 135
330 291
460 757
708 214
289 163 234 434 85
8 431
286 175
69 22
3 5
514 75
122 212 133
509 70
129 821
65 435
4 5
915 117
122 187
104 123
472 256
449 430
185 300
306 412
108 5
860 813
497 142
25 36
233 285
24 821
122 454
193 3 4 412
808 133
3 4 413
108 406
64 161
113 109
59 287
435 148
64 5
514 174
211 159
701 662
233 441
160 320 234 235 236 237 238 239 241 210 211 244 243 242 245 159
482 212
238 159
410 3
338 884
359 407
139 287
104 322
553 282 212
483 532
52 134
269 310
418 115
972 5
162 20
106 87
824 662
326 327 328 11 401 307 21 22
59 412
593 165
108 63
202 95
378 343
561 75
746 190
418 548 486 264 424 362 77 334 528 49 114 48 115 246 443 444 445 319
106 250
901 754 979 116 438 861
418 362 334 177 114 319
233 53
129 166
412 212 132
482 739 55 56 57 59 60
208 821
161 148 749
334 303
22 23
75 221
315 222
64 3 4 5 846 60
3 4
897 893
59 212
104 369
233 54
67 68
21 22
250 133
380 158
3 195 5
129 52 821 918
283 59
129 347
196 7
667 12
41 27 76
833 3
41 76 438 254
49 76 77
180 182
184 130
89 286 303
3 5
459 494
435 413
418 115
12 142
289 234
456 340
170 116
88 821
3 7
372 341
216 314
170 116
108 133
114 115 29
376 358
64 860
17 250 425
65 7
413 7
384 104 105 251 369 151 378 379
72 49 51 85 88
49 51
141 46 47
257 250 213
233 53
860 686
217 270 447
60 55
201 778
49 262
170 171
372 301 406
116 213
108 63
201 202
509 70
554 522 341 599
953 70
285 150
52 119
26 27
285 175
212 286
48 49
129 821
259 475
554 341
192 150
148 302
291 485
288 82
352 378
52 134
413 7
3 5
330 475
369 53
96 202
185 419
175 287
458 402
3 412 5
401 21 22 216 223
160 159
250 435
509 510
341 135
114 115
185 510
291 7
216 188 223
357 358 455
148 933
108 63
848 206
104 105
516 173
505 45
72 49 434 50 51 85 88
521 138
337 338
376 330 357
337 170 116 338
81 82
180 157
306 282
59 286
482 55
224 19
378 62
321 322 105 395 182 378 251 62
88 534
138 139 212 287
115 156
346 181
12 325
94 87
8 13
296 460 269
289 163
272 412 132
107 188
160 441
59 412
114 115
328 22
928 927
496 156
233 62
367 143 84 213 283
32 31
744 518
257 108 255
211 159
266 571
265 233
507 63
80 15
434 181
185 419
369 53
67 68
368 134
97 286
386 388 296 297 381
219 197
284 373 374
49 334
123 124
64 3 4 5 138 813 860 253
170 116
266 13
105 322 378
289 234
50 85
212 133
232 233
272 132 133
212 412
482 553 810 212 950 55 56 286
107 108
529 7
140 165
744 517
76 254
860 413
475 613
50 51
64 250
306 412
89 90
354 405
833 3
482 212
254 63
67 109
56 306
76 254
21 93
405 663
304 90
175 287
376 475
122 547
528 115
136 76 438
40 230
188 301
112 109
821 95
441 276 414
93 23
3 196
168 204
368 31
115 334
230 199
124 62
171 549
272 412 132
170 124
808 133
561 475
243 235
3 196 5
964 927
49 51
144 230
161 202 821
64 4 813
185 82
136 24 26 27 28 29 30 31 32 33 34 35 546 36 38 39 40 41 171 589 591 722 339
11 21 22 327
82 357
107 188
330 358
84 284
49 114
448 449 580 618 140 429 462 141 16 336 273 275 274 447
212 132
933 255
425 101
96 777 203 204 205 206 207 208 594 821 95
272 133
13 421
107 420
16 163
170 439
3 5
257 108 153 284 63 255
301 406
83 284
65 602
522 135
234 59
570 13
99 100
522 135
42 52
459 143
64 306 212
301 406
281 378
810 212 108
170 116
369 53
147 53
50 51
739 212
104 62
3 7
171 549
48 117
398 7
89 90
192 158
160 234 235 236 237 238 239 240 241 210 211 244 243 242 245
114 319
48 49 334
380 284
64 4 5 175 59
266 13
312 191
96 95
10 214
66 402
833 3 5
75 188
89 305
233 62
146 423
369 53
306 212
115 116
82 639
116 262
75 318
212 55
264 445
376 81 664
341 135
284 167
334 303
106 181
116 334
439 87
317 222
45 503
226 460
301 406
64 57 4
569 66
170 171
41 26 27 39
376 481 81
99 100
83 454
366 107 406
184 115
22 23
272 482
22 327
453 142
281 130
194 195 196 5 1002 827 991
484 215
901 136 331 817 754 116 438 439 252 861
114 115
808 133
264 83
83 551
107 188
138 686
75 460
9 142
132 133
257 130 420 107 250 63
16 165
355 324
821 95
36 30
97 620
409 253
897 406
328 22
128 21
282 7
233 285
281 129
289 163 84 85
441 498
532 421
720 398
283 284
449 46 47
57 59 60 55
296 19
4 413
301 406
67 68
132 133
105 378
107 43 188
64 59
296 297
211 372
105 395
352 343
170 116
141 430
488 333
777 821
451 292
166 14
33 31
259 23
201 95
514 460 510
652 255
180 343
233 53
212 412
116 246
234 143
83 327
216 296
80 79
97 7
197 821
362 548
116 166
42 43
992 813
291 564
306 195
59 287
104 87
904 192
509 190
616 423
67 68
152 87
410 421
77 486
1 317
362 117
129 777 168 52 821 197 198 199 200 201 202 203 204 205 206 207 208 594 95 96
495 87
144 202 96
274 323
48 49
3 4 5
75 260 261
435 366
64 57
4 60
116 166
428 167
306 412
146 547
16 46
170 171 116
246 319
170 116
369 538 233 53
306 55
194 3
283 284
107 188
336 323 270
64 3 7
260 22
122 235
67 68
49 246 319
65 490 7
37 31
373 374
344 279
897 174 301 406
184 821
59 133
339 639
160 211 159
67 68
897 406
341 174
449 141 47
64 5 63
405 655
376 664
171 549
97 132
861 438
82 357
452 453 488 497 570
418 548
245 237
931 239
306 138
285 181
324 101
140 270
108 63
161 42 129
336 274 323 141
60 413
3 4 413
192 352 215 131 622 180 181 279 346
256 107
529 6
554 135
339 639
458 63
212 59 412
412 4
330 109
736 323
97 212
233 130
93 22
376 81 664
108 63
209 482
376 81
465 494
21 22
544 171
272 412 132
194 5
475 270
138 878
115 334
256 63
52 94
548 340
67 68
456 548
115 427
115 334
64 4
3 196
378 182
48 49
265 441
608 545
67 68
3 195 196
648 686
171 471
357 14
569 122
369 53
116 117
296 87
181 215
369 53
413 286
161 350
171 549
130 22
42 86
168 202
494 295
143 63
104 296
195 196
105 322
20 87
41 30
155 156
193 4 860 60 413
96 821
136 116 252
180 158
64 3 5 846 282 60
456 848
235 159
301 406
115 439
107 143
289 163 72 434 85
412 413
234 59
238 159
322 62
82 357
829 406
243 159
124 62
3 195 5
64 813
106 83 84 85 87 122
272 273
138 572
306 412
3 5
106 250 148 213
264 418
216 435
184 431
3 4
170 116
122 164
99 100
827 3
449 141 46 47 16
330 92
412 3 4
161 495
116 166
138 282
300 711
699 286
21 22
212 412 133
99 63
347 158
283 590
257 356
133 6
178 179
67 68
25 31
123 124
3 195 5
64 3 4 5
321 378
129 52
233 62
827 3
369 53
616 148
3 413
5 63
89 97
232 233 557 53 54
420 653
296 297 396 391
866 60
59 813
97 212 132
409 59
64 194 3 5 587
114 115 319
171 116
58 282
528 319
833 3
304 97
184 545 130 82
304 253
739 212
96 821
459 494
357 639
144 475
216 435
360 559
345 149
6 7
144 330
505 87
435 420
301 406
472 473
93 87
152 428
138 860 686
301 406
301 406
451 495
301 406
170 116
140 125
265 233
179 414
98 100
166 136 137 170 171 337 338 339 252 116 117 439 340 124
57 59 60
130 173 94
369 53
170 171
810 286
168 204
369 378
739 212
265 267
15 182 391
97 326
284 367
201 177 178 179 441
981 758
232 233 557 53 441 62
75 222
766 366 431
22 23
312 226
148 213
169 404
116 341 166
339 116
469 181
302 119
200 777
116 374
75 222
434 71
171 471
609 265 266 267 268 441
282 59
38 230
122 47
96 124 62
490 7
540 79
233 62
233 538
224 18
444 591
114 486
272 133
395 487
354 126
857 265
250 821
536 11
377 322 62
401 22
82 108
153 255
173 414
289 163 71 433 434 181 373 218
928 964
41 26 27 39
165 47
369 53
217 580 270
483 341
64 4 60
19 219
59 412
195 4 413
451 459
249 74 332
21 22
282 212
75 21
448 270
41 26 27 39
667 20 13 662
664 81
114 548
412 4
260 519 135 155 174 539
104 391
41 546
829 406
121 1
67 68
49 41
89 90
171 117
860 686
67 68
272 46
352 204 215 281 378
301 406
233 557
64 4
139 287
233 538
496 17
609 265 266 267 233 441 62
465 494
180 181
118 119
378 62
124 117
130 82
212 412
264 920 418 548 424 172 48 49 443 444 445 319 77 334 977 486 362 114 115 246
928 964 927
178 179
116 117
51 85
639 159
808 133
641 125
64 4 237 47 304 211 372 212
67 68
301 406
166 31
352 179
192 351
656 173
185 82
130 215
171 117
114 319
114 319
43 20
49 41
301 893
499 431
322 62
352 346
482 212
512 192
467 7
3 195
107 188
116 166
522 483
281 923
376 81
154 63
3 4
188 22
376 97
97 117
114 108
107 460 269 718 188
377 380 398
376 81 664
89 303
289 163 71 434 85
512 343
170 116
21 93
233 15
114 319
160 234 235 236 237 238 239 240 241 210 211 244 243 242 245
82 63
89 303
778 11 326
322 395
482 3 5 212 56
451 459
97 212 412
64 58 253
70 510
833 59 5
285 158
224 216
170 116
272 212
288 93
334 319
243 211 159
170 116
171 134
291 823
107 435
339 116
30 439
136 362
434 71
22 23
918 919
860 413
59 813
378 62
24 31
216 401
180 61
210 211
827 5
376 170
3 196 5
108 63
496 250
107 420
96 95
264 246
857 302
860 686
40 29
233 53
211 372
412 988 116 439
97 87
46 462
116 439
148 302
512 216
816 521
166 136 137 170 171 337 338 339 252 116 438 439 117 340 124 861
424 264
138 860
265 233 276 441 414
17 107
233 62
265 441
65 235
50 51
97 132
514 174
58 212
134 558
122 83 284
570 452 453
85 255
1001 233
233 538
115 319
67 68
330 115
442 507
833 194 827 196 59
145 187
441 66
441 276 414
233 266
219 197
212 55
5 3 253
22 23
114 334
114 319
395 182
144 613 475 109
483 341
241 210
377 182
48 15
67 68
64 60 413
169 516
178 179
691 87
88 519
64 3 860 5
105 395
709 405
171 116
369 53
83 22
130 279
483 135 778 174 341
321 182
548 341
64 57
105 62
57 210
273 4
116 117
272 132
363 499
146 547
64 306
184 358 487
118 119
129 821
901 136 331 817 754 116 438 252 861
210 212
207 295
24 143
609 267
69 70
720 158
347 295
161 45
260 21
223 87
458 87
833 196
401 260
434 181
134 582
233 62
173 414
99 405
202 198
25 41
827 194 59 196
754 76 254
304 97
3 196
180 158
67 68
160 211 159
132 55
48 49 76
208 129
72 434 50 51 85 88
242 211 237
97 132
613 213
212 55
209 212
171 471
118 119
243 159
484 215
158 279
67 68
306 212
317 223
434 181
67 68
66 499
233 220
260 21
613 405
192 852
130 271 279
98 102
227 460
107 65 43 6
547 222
177 179
116 117
418 548 362 172 48 114 371 246 319
363 499
174 301 406
104 379
208 129
448 141
341 135
216 223
69 22
317 223
3 195
257 494
18 222
114 444
482 810
397 62
264 114 115 246 319
136 41 76 438 254
76 254
101 663
6 7
434 181
600 159
165 270
861 439
129 198
101 430
368 17
90 934
438 166
255 63
233 54
232 285
301 406
67 68
22 23
720 377
49 493
142 87
87 31
808 133
496 378
291 485
115 339 319
88 49 51
13 495
115 334
410 36
233 53
97 171
505 431
49 51
122 83 84 85
521 59
67 68
216 364
45 503
274 323 141
52 821
289 71 72 434 85
171 471
283 143
281 427
3 195 4
334 319
680 81 664
93 174
81 175 287
106 83
195 239
188 108
369 53
496 171
58 59
107 491
64 860 5
334 303
177 293
48 49
60 55
810 55
202 396
22 23
257 153
177 179
67 68
250 106 83
49 418 114 319
233 441
576 852
753 83
424 418
281 465
532 166
165 270
363 142
202 487
170 439
298 906
813 4 413
56 810 212
97 171
64 4
169 494
185 302
65 829
337 338 161
64 161
860 686
821 207
212 133
280 63
177 178
481 510
334 319
369 53
97 620
171 471
972 413
376 81
402 622
827 7
97 418
369 378 105
272 306
175 287
64 138 59 253
134 166
140 47
333 407
174 22
17 45
17 425
448 449 140 141 429 447
114 334 487
608 171 549
104 296
488 489
373 135
96 129 197 198 200 777 202 201 204 168 206 207 208 205 594 52 821 95
212 309
97 171
435 405
171 117
456 319
931 237 302 239
8 431
132 133
161 479
48 114
420 303
97 303
232 622
3 813
212 133
129 215
301 406
96 95
161 117
507 45
129 83
155 364
235 927
161 146 107 189
163 433 50 434 51 181 373 85 153 218
46 47
232 378
165 175
302 14
18 315
1 317
3 196 587 139 435 409 413
301 406
421 431
3 4
378 182
193 3 4 412
260 22
165 175
130 527
207 295
45 375
420 250 82 185 474
138 108
848 115
378 62
284 454
108 63
509 510
441 178
321 182
208 96
129 777 802 168 42 52 821 197 198 199 200 201 202 203 204 205 206 207 208 594 95 96
212 127 55
45 142
821 207
48 115
98 324
284 84
161 130
258 181
376 81 108
96 95
558 582
460 269
276 527
88 173
363 20
312 226
132 133
192 157
82 143
441 459
324 405
195 196
322 395 182 62
3 103
435 270
129 821
64 4 184
322 378
57 139
34 36
901 331 754 116 438 861
24 29
378 182
377 394 161
345 149
67 68
339 166
321 322
237 239
609 266 267 805
529 490
297 390
129 821
341 135
233 285
369 53
418 117
165 430
64 3 5
67 68
81 82
97 132
369 53
306 412
301 406
545 130
144 475
330 479
664 81
449 274 323 335
18 219
130 366
257 474
129 594 87
376 108
242 243
366 107 406
590 107 460 366
225 18
147 53
928 243
50 51
152 428
96 124 62
58 139
192 263
170 171 116
52 119
171 439
64 4 175
52 134
919 201 918 95
334 319
283 813
833 194 3 195 196 827
88 910
22 231
57 55
97 170
21 22
474 628
641 98 355 100 101 354 324 709 99 619 372 405 126
291 485
467 556
3 195 196 5
339 116
377 263
67 68
136 76 438
288 21
897 301
322 378
296 183 391
207 295
127 287
202 95
64 860
369 53
512 343
97 418
48 49 334
739 212 55
360 499
424 445
306 7
444 548
3 103
64 57
330 107
264 115
289 72 50 51 85
35 55
266 13
430 7
24 166
354 355 126
337 171
488 559
137 166
378 251
70 307 174
284 309
113 109
170 171
833 3
474 435
67 68
177 382
260 21
380 398
451 276
160 159
59 287
171 549
272 244 412 133
302 14
281 122
66 427
115 319
212 519
17 425
602 284 167
90 303
194 846
425 18
12 325
560 161
82 357
161 394 381
569 130
281 285
264 115
488 333
813 413
933 494
90 846
67 68
303 439
816 881 138
609 325 805 267 556 721 755 566
433 434
386 388 296 297 381
522 599
360 530
14 22
484 36 422 202 250 334 142 281 474 29
16 304
115 334
656 36 152
122 143
3 4
184 6
88 821
574 45 502 359
67 68
171 117
272 3 5
96 95
174 135
272 132
453 567
322 395
458 402
106 148
3 5
116 166
706 212
106 413
96 821
884 117
256 250 107 143 83 122 283 284 63
897 357 330 11 301 639
170 45 115 821 281 29
569 291
170 124
424 264
352 88
49 76
344 279
344 279
378 182
260 261
241 12
672 419 550 711 680 510 551 107 81 82 664 185 474 668 509 190
180 181
106 143
827 7
202 52
72 49 434 50 51 85 88
691 223
589 30
301 406
242 500
587 3
3 4
289 163 433 434 181 373 218
200 821
32 31
406 47
333 407
284 6
171 471
170 171
893 406
409 4
475 63
130 291
107 43 148
833 5
260 21
315 86
216 151
211 159
195 5
446 582
129 7
4 413
212 132
67 68
848 206
48 49
212 55
616 88
272 132
369 378 105
302 14
544 184
41 26 27 39
67 68
881 58
667 20
57 620
306 7
233 53
25 36
194 3
166 170 368 115 29
667 567
482 306
82 63
193 412
232 369 53 54 538
220 173 182
59 4 813
266 267
481 167
122 253
67 68
289 163 71 72 433 50 434 51 85 373 181 153 218
296 19
365 22
346 181
227 87
281 83 494
136 137 170 337 339 116 725 438 440
897 330 301 47 639
211 159
972 413
537 87
304 305
184 6
369 53
64 4 5
20 13
56 212
29 166
282 846
15 391
289 163 644 432 218
233 54
170 171
83 262
185 300
250 284 366
194 3
640 639
202 94
41 30
409 90 60
106 148
252 439
130 459
50 51
184 130
241 425
833 3
352 353
561 1
410 451
233 53
120 428
616 423
554 522 341 599
363 45
233 285
83 270 47
251 182
369 53
144 52
185 419
212 132
67 68
390 391
8 250
3 413
96 124
114 339
202 821
28 36
537 185
289 163 71 72 433 50 434 51 85 373 181 218
26 39
233 557
550 935
495 71
232 467
29 30
170 439
60 6
116 438
75 223
142 6
432 71
363 87
130 63
193 3 4 5 413
107 22
115 334
243 235
291 420
810 212
369 53
170 171
41 26 27 39
3 5
490 366
6 719
168 821
866 60
109 110
122 191
105 395
49 76
816 860
196 6
233 538 53
168 821
177 179
193 4 412
808 133
114 334
171 116
136 438
57 59
161 18 311
507 662
59 195
117 29
75 117
184 17
24 25 26 27 28 29 30 31 32 33 34 35 36 37 38 39 40 41 589 591
330 115
821 207
821 446
272 244
352 321
848 206
482 3
901 439
433 434 50 51 181 373 218
184 130 82
39 41 26 27 444
194 59
41 26 27 39
141 430
249 74 75 298
16 335
285 150
67 68
3 196
184 147
860 686
8 20
238 927
177 179
448 140
310 223
72 289 163 85
330 475
82 639
208 129
616 857 250
21 22
453 142
166 262
122 253
369 53
115 166
260 261 94
412 4
139 287
124 439
185 257 107 420
609 265 266 267 499
147 53
352 156
89 90
232 233 557
301 406
3 5
170 116
180 181
334 319
122 82
282 7
72 49 434 50 51 85 88
209 196
101 405
3 196
64 3 4 5 175
88 155
306 3
98 324 301 103
257 284
216 435
90 925
3 5
699 286
171 471
171 439
3 413
233 266
388 199
130 134 527 402 404 281 544 545 291 293 295 169 427 173 54 569 451 459 465 94 487
245 237
8 9
88 49 51
130 372
67 68
821 95
721 700
96 219
816 58
97 212 132
858 302
140 430 47
897 406
376 81
496 406
28 198
180 382
171 117
496 161
4 413
482 212
306 412
73 260
184 114
333 407
114 334
161 354 405
166 170 368 115 29
570 452
142 366
538 53
281 129
21 231
441 436
376 578
259 358
113 109
282 7
353 215
12 574
272 273
297 182
16 449
412 3 4
897 301 174 406 893
302 598
36 29
212 63
6 7
406 22
50 51
483 341
3 196
146 107
88 423
57 810
328 22
48 117
430 447
505 45
122 106
897 893
67 68
435 519
67 68
183 391
639 159
67 68
52 821
554 341
297 390
897 639
50 51
264 114 115 319
3 194 195
202 170
696 229
848 206
56 306
1 582
369 53
129 108
884 166
30 439
57 4
64 253 860 933
860 686
321 369
357 358
64 4
426 258
195 196
51 85
306 212
171 117
56 951
376 144
82 413
232 646
339 439
24 439
184 122
123 124
317 310 223
313 315 86 227
296 321
301 893
83 396
625 421
6 727
170 171
65 173
161 227
194 413
810 412 55
306 212
83 47
901 136 331 817 754 116 438 252 861
334 303
233 538
344 192
3 195
208 129 96
667 87
3 4
264 445 87
165 140 430 47 16 46 273 275 217
129 198
591 87
317 310
380 317
123 124
180 382
59 7
297 394
175 287
3 4 5
129 284
171 117
106 171
160 243 159
188 21
124 252
424 982
666 59
129 63
481 510
82 63
67 68
134 558
378 182
6 7
184 29
88 209
369 53
265 441 276 414
288 70
313 18
184 545
65 6
238 159
301 406
36 29
1 222
122 82
248 662
216 435 821
12 134
90 60
171 471
3 5
161 897 174 406 893
381 183
41 26 27 39
289 71 433 50 434 51 181 373 218
306 60
235 964
59 3 5
281 173
495 87
371 86
897 797 301 211 372 406 893
75 222
857 9
21 22
148 534
216 188 223
130 29
821 198
58 3 196
323 677
184 22
413 7
315 86
64 4 860
114 115
3 5
901 979 116 438 861
166 136 137 170 171 337 338 339 252 116 438 439 117 340 124 861
897 406
272 133
395 380
668 70
409 58
212 302
57 810
40 41
115 334
6 431
616 423
378 62
285 150
3 4 860
272 412 132
521 58 138
18 227
304 64
519 63
129 52 821 918
451 276
497 452
321 369
860 413
395 182
64 4 287
92 358
827 196
409 139
108 134
64 409
19 222
481 21
107 22
324 405
138 282
114 319
3 5
216 75
171 471
130 15
64 3 5
216 317
32 34
848 548 334
441 276 414
3 4 413
72 434 50 51 85
369 378
12 325
122 22
301 893 406
166 136 137 170 171 337 338 339 252 116 117 439 340 124
304 90
425 19
284 63
64 211 212
64 3 195 196 5 282
184 487
252 117
521 138
184 258
134 558
97 132
21 22
304 64 132 413
265 441
367 143
458 402
184 107
209 3
881 860 686
495 319
537 87
306 7
99 100
129 821
142 7
97 418
59 412
136 438
386 388
59 55
821 199
435 244
435 270
224 216
569 66
30 31
368 428
130 173
369 53
237 239
184 129
291 564
810 108
434 181
488 700 333 407
328 22
257 519 493 84 153 284
178 18
170 901 439
296 297
264 114 115
226 19
169 130 293 487
59 55
270 143
860 686
88 42 86
135 432 434 84 373 87
56 7
96 821
122 253 106
425 106
134 532 446
136 41
59 83 212
458 402
435 54
330 475
496 115
419 510 679 551 550 185 509 190
216 223
418 362
428 471
233 53
12 526
401 22
857 45 933
827 3
306 132
115 532
49 76 77
170 116
250 82
380 158
827 3
306 212
283 284 143
893 406
106 83
24 25 26 27 28 29 30 31 32 33 34 35 36 37 38 39 40 41 589 591
184 130
448 449
299 686
297 61
701 662
729 22
123 124
12 662
59 413
418 443 114
170 439
32 37
130 279
82 357
114 334
56 59
304 64
184 130
195 196
412 3 4 193
147 300
64 860
699 212
105 378
283 598
482 287
284 519
122 115
169 516
250 108
4 813
49 76 77
682 215
49 434 50 51 85 88
708 20
957 934
28 36
48 49
140 462
35 29
20 325
56 212
260 261
138 21
521 58
296 390
366 107 406
177 178
217 47
232 66
833 3
145 255
769 98 355 100 101 102 354 641 324 709 99 619 372 405 663 186 125 126
336 335
496 368
145 493
272 133
424 264
114 982
369 53
250 435
233 53
181 215
354 126
97 171
298 342
184 13
833 3
833 3
336 335
107 435
28 36
317 223
482 5
602 284
170 339
76 254
289 434 50 51 85
233 53
846 7
97 212
161 60
544 130 184 402
19 87
107 406
376 81
537 87
456 115
8 499
366 107 406
593 322 580 39
97 124
185 87
564 94
322 378
32 262
496 2 491 378
307 724
116 439
434 181
129 198
106 250 148
108 5
373 374
93 22
122 130
289 85
459 276
306 7
67 68
41 444
56 739
281 197
57 59
272 212
74 331 75 332 298 18 249
24 36
499 431
138 3 5
409 286
354 372
18 19
264 246
59 83 187
284 334
435 244
390 398
136 438
140 430
52 821
50 51
146 547
284 84
129 821
454 87
161 60
378 63
130 643 394 18 148 22 24 29 297 170 45 174 185 59 454 330 334 211 857 475 494 496 115 116 122
297 396 182 378 251
571 662
285 150
380 397
160 159
176 175
233 62
49 76
482 699
48 39
128 22
301 174
158 7
8 453
592 97
827 3 413
15 182 391
212 55
8 250
362 35
369 53
155 534
129 130 271 527 20 22 279 281 29 169 304 184 569 64 451 330 465 211 107 363 366 115
301 406
245 237
170 439
408 45
161 5 3 253
368 63
261 94
67 68
41 172
97 212
857 363
139 287
59 5
496 107
264 170
41 76 77 49 754 438 254
315 302
521 138
245 237
353 343
184 130
96 943
67 68
512 8
108 439
881 7
184 435
32 38
329 92
530 499
453 142
82 22
289 163
625 14
273 270
107 188
296 377 398 297
488 333
153 71
957 934
409 306
360 530 214
857 45
219 197
272 133
6 7
165 175
48 548
456 170 116
69 510
425 171
168 281 204
245 238
83 212
409 282
283 69
18 220
96 124
376 664
232 233
194 827
330 475
810 286
12 453
67 68
522 483
496 368
28 94
233 53
80 134
105 378
418 166 134 136 137 170 362 368 337 338 115 117 28 29 31
41 26 27 39
321 322
32 28
82 639
98 324 301 103
434 181
585 291
24 25 26 27 28 29 30 31 32 33 34 35 36 37 38 39 40 41 589 591
12 22
67 68
122 83
860 686
341 135
36 262 170 330 368 81 115 341 22 376 25 29 319
323 677
339 116
147 300
67 68
144 475
569 291
252 861
377 284
32 29
522 341
164 6
369 53
32 428
369 53
282 212 412
778 135
138 572 686
304 83
144 173 94
209 130
294 375
216 189 223
106 171
67 68
56 272
114 115
412 3 4 193
158 175
114 334
173 94
453 142
315 435
107 188
185 300
368 152
3 5
46 430
169 427
369 53
22 23
49 41
88 130
380 175
456 124
281 114
248 247
3 5
194 5
227 86
560 283
289 163 71 433 434 181 373 218
338 302
306 413
107 406
65 310
378 182 62
306 287
64 881
26 31
363 28 166
964 237
84 373
67 68
147 300
901 136 137 915 166 170 171 817 438 439 337 338 339 340 861 124 754 116 117 252
897 301 893 406
368 893 406
67 68
129 215
285 150
625 22
19 223
328 946
98 103
409 282
171 117
339 230
301 749
429 47
210 212
32 116
49 41
283 75
152 36 30
64 209
20 367
97 171
264 114 115 319
281 115
115 246
810 413
328 260
544 184
412 133
425 213
330 259 475 63
901 439
444 340
435 171
833 194 3 827 5 59 253
160 242
244 239
161 138
88 50
133 63
181 167
96 198
296 297 388
474 7
72 434 50 51 85
462 270
97 418
296 297 388
360 530
394 106
64 57
67 68
696 21
108 301
291 87
344 279
64 5 846
322 378
196 7
169 527
171 134
490 301 47 211 406
465 484
108 255
441 130
281 14
861 439
116 428
369 53
816 881 138
74 332
134 262 136 137 26 28 29 31 418 546 166 40 170 172 444 337 338 94 483 362 368 115 117
165 14
810 55
810 286
105 322 378
89 150
401 261
339 116
434 373 181 71
21 22
184 130
475 255
66 427 715 173 402 563
628 87
296 297 388
569 330
339 639
171 471
301 639
441 439
65 142
83 84
739 253
4 413
585 291
106 435
601 130 169 516
216 75
344 192
69 70
137 338
56 212 127
424 264
67 68
421 70
265 701 662
104 527
88 829
369 538 233 53
147 300
185 87
9 574
392 777
312 224
409 3
166 495
521 282
18 315
136 76 861 438
22 23
184 258
115 334
22 23
60 55
3 4 5
490 645
496 171
114 115
67 68
129 777 168 52 821 197 198 199 200 201 202 203 204 205 206 207 208 594 95 96
369 53
465 378
171 117
509 70
833 3
139 287
138 93
363 556 45 142 366 20
108 405
192 123
21 93
394 386
495 87
265 233 276 441 414
380 7
64 59
116 117
161 167 108 143 367 495 753 83 595 373 374 87 694 602 122 283 284 63
264 334
368 425
808 133
105 322
67 68
145 493
451 814
232 233
490 7
395 182
41 371
48 49
381 13 15
115 319
555 30
125 709
99 63
380 398
129 108
521 5
401 22
3 860
560 283
211 235
67 68
179 215
180 348
129 166 52 281 31
66 367
521 138 23
3 5
107 406
209 739
485 516 573 564
897 3 5 406
161 82
306 6
321 394 322
424 264
149 150
173 94
496 161
330 358
98 324
56 212
412 4
98 324 103
161 428
302 14
253 286
209 156
3 7
132 133
289 163 71 433 434 181 373 153 218
20 45 366
696 223
173 94
323 141
99 405
115 982 334
409 282
302 174
339 116
307 327
500 526
144 475
124 173 62
67 68
499 431
67 68
328 21
394 163
9 574
97 171
195 212
330 69
97 171
57 127
739 212
435 461 366
522 135
609 232 265 266 267 233 278 502 441
82 419
283 357
339 116
161 170
302 246
212 302
21 22
930 323 141 335 336 274
944 296
4 413
282 7
122 284
97 212
105 395
425 107
17 339
483 341
656 281
821 487
90 260
171 117
149 150
482 739 810 686 55 56 60
50 613
67 68
104 369 378 105
3 412
59 5
3 7
129 198
235 237
860 686
413 7
8 12
857 45
369 53
257 420 250 496 435 474
322 395
369 53
50 51
857 250
860 686
3 4 5
129 357 264 82 83 115 821 52 284 319
64 5 846
45 407
149 150
248 701 662
281 233
50 51 85
499 431
108 255
114 246
321 182
481 357
3 827 195
482 212 306
161 3 59
64 212
177 179
212 302
514 20
194 3
114 319
147 53
37 31
412 517
57 58
449 813
64 881
282 7
161 58 139 881
147 53
180 343
211 238
205 909
122 75
235 964
460 757
177 178 179
3 5
336 335
166 170 368 115 29
369 53
138 60
28 29
600 159
330 411
212 55
83 284
609 805 233 266 267 499 62
204 285
593 430
171 116
364 421
378 182
185 510
8 571
21 22
528 319
4 813
861 901 438 76
456 412 262
185 82
76 254
485 573 823
322 395
285 181
66 451
616 147
482 59
881 7
446 582
301 63
522 135
64 4 5
378 251
108 181 215
652 255
424 77
272 133
193 3 4 412
113 475
108 78
521 60 846
187 255
250 82
260 261
284 367
380 158
429 270
901 817 754 116 252 861
378 251
114 362
64 5 846
209 810
67 68
456 114
344 108
306 212
48 49
284 143
207 295
74 331 332 298 18 249
233 122
482 3 5 810 212
261 70
122 339 116
522 483
124 439
85 405
134 63
850 860
4 63
28 36
405 663
64 306
435 116
49 76 77
59 212
3 196
67 68
116 124
64 57
114 108
114 319
82 357
107 460 222 227
76 254
257 284
219 367
161 933 167 108 143 367 495 595 84 373 374 87 694 602 122 283 284
58 55
195 412
123 124
321 182
449 430
88 821
130 181
420 301
914 957 934
91 109
74 331 75 332 298 18 249
171 116
67 68
452 142
233 369 53 538 62
810 807
89 305
16 335
135 7
20 662
284 63
331 557
378 182
322 395
475 108
848 206
161 70
41 30
33 362
369 233 53
289 85
808 133
67 68
147 53
266 499
297 390
233 62
369 105
514 174
306 866
20 45
306 3
114 484 341
376 81 495
72 50 51 83 85 122
76 254
356 639
496 115
406 774
409 3
291 573
130 173
62 214 183
283 284
354 435
160 159
265 266 267 268
15 182 391
89 97
345 179
125 102
483 341
211 159
330 475
553 212
720 158
216 307 435
193 4
185 419
700 333 407
28 36
67 68
96 909
58 3
448 449 140 141 430 429 447
67 68
88 49 51
304 97
58 139
146 405 161 289 435 59 64 210 84 85 234 235 239 240 242 243 244 116 245 122
264 114 115
90 412
108 174 301 406
177 178 179
448 449 141 430 270 429 217 447
283 367
418 424 264 362 114 115 246 445 319
475 255
3 4
109 70
388 199
169 130
75 342 310 312 216 317 223
88 138
426 85
85 253
185 70
330 92
108 133
209 212
153 63
249 298
49 77
130 715
116 117
153 108
964 951
104 296
435 405
129 777 168 52 821 197 198 199 200 201 202 203 204 205 206 207 208 594 95 96
83 494
192 213
341 135
811 598
72 85
45 142
129 821
224 75 223
423 42 146 51 88 155
12 13
75 222
451 459
12 22
52 821
185 82
424 264
418 172
306 7
114 117
3 5
88 82
168 197
211 159
82 363
472 256
49 41
212 63
545 569
161 547 613 106 143 367 83 84 122
184 130
164 613
178 19
673 142
67 68
330 358
789 718
369 378
64 237 47 304 211 372 212
1 147
129 197
170 252
233 538
322 378
8 162
152 362
665 364
813 4 413 860
136 817 754 439 252 861
219 6
369 53
483 341
306 212
282 175
65 645 7 490 529
459 292
82 686
521 813
282 7
897 301 893 406
372 405
45 406
281 130
430 447
284 367
129 777 168 52 821 197 198 199 200 201 202 203 204 205 206 207 208 594 95 96
360 453
114 115
827 3 196 5
195 196
285 181
21 22
192 284
120 754
83 174 22
116 166
824 662
435 188
380 158
313 367
401 510
20 142
106 83
739 212
136 252
378 182
321 594
282 846
233 538
488 559
519 367
528 49
139 55
513 367
729 22
259 411
369 53
52 918
482 212
363 142
739 55 56 57 59 60
485 823
376 81
144 202 96
160 243
177 487
67 68
474 70
171 549
67 68
169 459
115 246
860 5
65 6
141 270
101 405
413 7
67 68
82 138
833 194 827 5
220 182
662 503
97 90 303
107 188
234 244
107 406
171 471
170 116
59 212
352 192
739 212
114 115
181 263
250 223
182 62
185 70
282 59
589 37 30
170 356
75 460
147 53
378 61
25 655
304 130
161 69
57 59 60
640 481 357 330 47 639
114 334
85 71
22 23
233 557
180 181
409 59
64 90
456 172
171 117
184 107
554 135
49 51
424 264
18 220
280 161
330 475
144 479
90 60
376 81 664
22 23
165 270
348 181
69 22
257 364
146 435
129 173
201 778
146 106
8 20
923 957
272 59
185 7
368 108
135 434 84 373 87
233 7
209 212
160 159
49 334
728 465
3 5
459 255
483 341
808 133 286
388 199
881 138
109 261 94
352 346
520 787
56 55
144 330 479
216 129
61 134 151
11 326
554 522 599
161 246
161 181 263
3 195
21 22
272 132
680 81
130 281 427 173 569
448 449 140 447
64 138
160 234 235 236 237 238 239 240 241 210 211 244 243 242 245
522 135
107 406
194 3
99 324
58 686
938 354 126
208 202
65 490
178 179
256 611
57 306
451 483
170 171
810 286
40 28 29
67 68
52 821
412 7
49 334
641 125
129 43
4 413
8 500
369 53
211 159
372 709
50 51
210 119
116 117
198 495
328 22
24 36
317 630
64 210
81 82 21 22 93
827 3
107 212 213 250 59
682 285
58 60
490 7
89 305
410 319
866 60
97 171
330 357
488 530
249 18
451 527
508 244
8 63
378 379
24 33 27 252
981 758
122 83
64 282 5 846
212 519
108 860
67 68
194 3
233 53
790 6
165 175
507 63
388 486
380 158
897 639
810 286
22 23
160 159
170 117
739 212
69 70
154 63
499 711
209 196
334 246
35 36
291 564
130 715
352 215
96 219
159 63
233 53
296 19
144 475
59 60 739 55
36 29
114 443 246
27 39
64 5
497 452
341 135
97 212
281 52
377 395
833 5
10 530
165 335
59 5
334 246
161 667
154 63
124 62
662 294
482 739 553 212 282
810 305 89 90 412 413 286
272 184
115 156
824 662
219 197
672 188
94 439
265 179 276 441 414
266 267
104 394
909 919
435 155
18 315
49 51
108 358
185 300
20 460 45
67 68
193 3 4 103
409 131
485 87
185 70
41 76 77 49 254
282 212
315 421
418 114
64 881 175
67 68
82 639
301 406
196 413
180 382
827 7
305 122 59 253
173 87
3 5
208 202 96
341 135
930 323 141 335 336 274
212 412 133
322 104 105 369 378
409 282
59 412
200 129
64 881 287 175
250 115
200 96
115 291
380 158
123 124
721 87
250 108
550 7
140 47
3 5
777 95
146 107
171 116
369 53
60 813
553 212 286
291 108
589 30
24 410
441 451
369 53
376 81 231
184 412
185 70
25 30
729 22
376 470
285 278
449 430
866 60
185 510
490 6
114 334
441 276 414
5 413
260 21
302 14
3 4
377 395
75 269
369 394
264 246
428 76
769 98 355 100 101 102 354 641 324 709 99 619 405 125
90 438
198 87
115 284
585 291
233 441 53 62
140 141
67 68
52 94
418 259
289 234 163
224 87
474 26
37 166
88 18
412 517
65 239
180 157
97 212
317 223
75 222
213 22
232 657
202 95
107 406
64 409
299 686
97 171
97 418
680 81
430 47
422 363 142 497 530 467 499 603
821 494
64 3 5 282 253
310 6
43 821
640 639
224 219 342
256 313 315 227
202 821
73 164
170 116
34 439
163 324
24 25 26 27 28 29 30 31 32 33 34 35 36 37 38 39 40 41 591
481 67 612 104 561 49 339 212 118 662 122 253
173 182
64 57
67 68
880 243
124 252
496 107
412 4
96 197 198 199 200 201 42 203 204 202 206 207 208 168 205 52 95
12 22
233 285
56 739
185 70
195 6
168 96
848 41
146 547
143 47
22 23
97 212
88 519
662 503
860 686
522 135
253 413
67 68
813 860 413
81 108
115 172
224 221
496 171
212 132
161 217
270 47
72 434 50 51 85
129 250
64 4
105 378
116 124
522 341
901 979 116 438 861
163 71 433 434 181 373 153 218
136 438
810 55
97 90
813 413
171 116
257 284
184 188
65 125
284 821
108 63
170 117
82 357
212 286
99 100
932 159
4 413
406 774
361 214
52 821
509 70
427 173
106 250
76 254
289 163
857 108
474 435
285 150
64 59
200 42
64 306
361 372
168 281 204
82 878 534
24 116 31
368 170 29 114
45 406
561 460
4 5
26 439
24 25
897 406
369 53
222 311
264 246
67 68
160 243
488 497 452
97 171
9 161
121 18
216 18
44 45
233 53
212 372
130 271
75 317
425 435
108 860
453 142
505 431
64 58
439 7
59 3
360 530
116 439
521 138
304 106
52 821
161 285
285 207
3 5
69 22
223 87
716 21
216 189
170 439
64 60 5 846
76 77 334 48 49 51
107 22
729 22
184 130
337 338
130 271
76 254
428 262
859 307
284 87
67 68
354 250
250 107 406
107 549
234 146
301 406
441 451
171 439
159 63
48 49
162 83
44 45
302 223
266 142
369 538 233 53
193 3
376 81 664
270 47
698 415
430 447
909 919
3 195 5
301 46
860 686
827 3 5
265 266
285 181
233 474
736 141
112 109
301 406
107 301 406
269 935
122 367
212 175
130 534
427 63
376 81 664
369 53
95 215
602 860
67 68
7 405 59 860 253
500 526 502 359
67 68
114 115
322 391 182 378 62
5 286
184 130
448 449 140 141 430 429 447
184 130
30 439
570 142
6 7
482 739
67 68
161 138 253
841 527
306 286
90 59
97 58
105 322 378
266 13
53 198
281 484 215
285 150
401 260
161 405
401 174
686 57 58 59 60
67 68
169 130
281 129
296 381
49 51
3 4
64 90 4 60
129 166 31
508 244
306 212
508 244
291 485
233 538
32 28 29
481 357 363 82 510
16 270 335
3 413
499 500
376 81 283 475
516 485
922 931
216 561
272 132
829 301
75 261
116 117
184 431
3 286
554 135
192 158
116 117
289 163 85 253
18 223
117 421
368 76
901 136 331 817 754 116 438 252 861
114 172
16 270 335
494 527
67 68
106 83
301 174 893 406
633 398
282 59
448 141 430 46 16 429 447
64 521 57
107 188
212 412
453 142
161 20
67 68
160 241 211 159
696 317
129 821
284 309
59 63
192 350
64 175
482 212
3 5
59 132
272 212 412
532 439
169 281
369 53
129 821
264 982
810 90
161 185
59 212 286 55
475 479
114 115
536 483 341 135
132 133
848 41
84 293
272 412
354 126
367 143
80 446 78 79
115 156
37 30
897 406
434 50 51 85
296 284
388 199
160 242
662 503
57 5
88 334
833 3
52 821
108 933
82 510
138 3 5
438 166
901 439
64 4 60
312 249 298 261
552 300
82 357
75 310
369 322
97 362
216 222
368 262
180 382
232 281
76 254
107 188 366
860 686
116 117
18 220
216 129
88 250
508 244
107 21 22
418 334
185 300
296 394
376 81
193 194 3 195 833 5 196 827
247 431
827 3 7
4 813
816 138
833 3
82 357
170 171
418 115
3 860
8 45
26 39
496 171
500 333 407
177 179
26 27
122 212 132
810 58 413
122 253
769 98 355 100 101 102 354 641 324 709 99 619 405 125 126
401 21
593 217
94 198
652 255
366 223
233 285
301 406
32 33 34 35 546 36 39 40 41 591 26 27 28 30 31
116 117
129 29
410 119
180 181
333 407
418 495
302 625 14
739 60
64 572
67 68
433 218 85 367
49 76
362 334
696 21
3 5
421 670
264 412
897 301 406
211 159
284 590
171 428
89 97
860 686
107 406
56 482 810 950
954 29
257 494
120 754 471
330 259
67 68
82 108
252 439
152 24
210 122
114 362
315 86
168 202
380 398
312 216
483 341
106 148
18 83 222
306 212
32 425
106 107
3 7
169 293
58 59
88 155
309 134
64 409 60 413
664 81
490 7
24 116
136 41 76 77 49 254
88 955
235 237
369 53
2 317
729 22
284 84
720 377
114 115
901 136 817 754 116 438 252 861
362 63
376 330
330 259
188 167
401 87
254 367
59 405
67 68
696 598
321 322
171 439
306 212
521 175
395 380
648 22
337 339
3 5
304 184
185 419
171 117
67 68
250 372
136 438
485 573 823
212 132
11 326
609 232 265 266 267 233
656 173
83 549
185 70
339 171
168 281 204 197
281 378
544 130 184
285 150
769 98 354 100 101 102 641 324 709 99 619 405 663 125
424 264
89 286
170 116
345 179
67 68
129 821
507 503
406 63
482 212
301 406
122 166
441 276 414
302 582
810 212 950 55 56
136 438
245 237
3 5
933 87
24 25
356 639
147 300
212 55
524 173
90 934
451 276
182 62
302 119
65 380
170 166
609 233 266 267 265 441
85 167
369 53
434 289 234 163
412 517
456 170
130 427 173
97 611 90 304 57 58
550 628 474 668 190
449 141
108 334
300 191
600 159
281 451
289 434 50 51 85
212 286
250 212
64 138 572
97 171
484 215
212 132
860 686
357 550
95 215
67 68
212 286
366 107 284 406
288 82 21
449 447
392 296
302 286
180 181
467 422
57 234 59
550 510
48 49
232 233 53 62
129 156
224 19
376 358
544 184
64 4
3 196
67 68
412 5
12 142
324 103
272 412
114 115
59 5
64 4
3 103
166 136 137 170 171 337 338 915 252 116 438 439 117 339 340 124 861
18 143
114 115
36 63
281 130
321 369
88 435 613
96 821
24 591
444 117
266 13
179 381
88 428
65 507 142
321 182
952 958
184 435
347 292
394 302
233 54
59 212
424 439
35 55
514 463
170 534
552 724
114 115
120 49 77
296 388
424 264 115 246 319
380 182
881 57
130 169 427 173 184
656 173
115 156
827 7
441 276 414
4 5
32 362
585 291
181 279
12 622
26 39
238 159
368 152
82 495
66 582
46 47
65 490 7
488 333
257 133
64 4
380 317
211 964
357 358
56 55
48 117
914 957
185 82
145 187
833 3
456 246
50 51
83 213
352 346 181
80 582
4 5
177 178 179
77 445
66 93
132 133
64 5
64 175
196 7
497 142
75 310
458 402
330 259 475 63
177 178 179
810 413
230 199
67 68
171 117
833 3
260 261 298 75 401
60 813
257 284
140 165 47
14 191
108 821
739 212 55
192 345
129 42
50 85
954 591
378 395
67 68
456 124
298 14
122 138
210 159
373 374
554 522 341 599
76 254
116 166
272 193
185 122
49 334
149 150
130 291
50 51
211 159
532 366
522 483 341 135
486 424 264 77 246 445
487 279
152 749
264 334
519 63
3 860
28 45 94 52
246 63
37 166
69 22
18 19
369 53
860 686
291 420 451 134 80 498 341 184 446
184 199
317 222
744 518
80 52
180 157
448 934
394 167
188 143
24 29
170 171
419 468
369 53
217 47
132 133
122 428
272 132
192 158
64 4
456 861
24 166
192 908
184 130
50 51
170 173
826 307
106 367
212 132
96 821
410 3
63 71
122 106 83 84 85 250
264 170 339 83 115 319
67 68
580 447
168 207
64 196 5
170 171
76 254
281 130
140 47
373 367
592 161
432 50 51 85
92 213
488 700 333 407
25 412
64 7
232 278
283 143
936 354
241 159
433 434 50 181 373 218
18 311
250 364
321 182
301 174
59 4
147 53
20 453
41 548
216 223
129 821
192 181
972 5
315 86
234 146
69 421
364 156
55 7
395 182
136 41 76 77 49 438 254
59 3
67 68
833 3 5
363 499
521 138
496 674
680 664
420 269
4 5
171 116
127 55
184 420
161 138
83 428
41 548
108 838
182 62
170 549
74 75
180 382
98 355
233 53
284 493
107 188
67 68
321 378
180 158
6 7
833 3 5
64 3
174 406
108 63
185 108
426 402
152 122
145 493
171 340
67 68
155 364
137 116
317 222
212 302
64 286
170 439
948 182
363 13
20 662
3 196
3 212
833 3
251 151
857 250
168 469
821 167
129 821
257 115 284 366
897 108 301 174 406 893
89 212 412 286
173 87
395 182
64 3
97 171
860 7
449 273 46 47
252 901
739 6 272 306 212
1 147
184 82 330 357
59 212 55
129 918
816 138
930 934
414 494
161 441
118 119
456 548
306 139
528 319
558 134 45 582
301 406
306 7
376 81
3 860
561 223
272 132 133
180 382
105 378
505 45 431
537 87
104 284 61
378 62
201 66
48 49
821 207
3 103
431 6 7
63 71
3 4 860
304 272
881 138 860 686
58 59
6 7
81 63
170 339
41 30
64 860
123 124
219 197
116 253
149 150
380 7
177 178
201 594
352 158
91 109
860 5
94 166
74 75
170 171 213
49 77
264 427
82 330 357 358
134 558
169 459
21 174
668 510
8 570
67 68
15 182 391
192 279
435 420
104 151
264 418
184 474 435 461
153 108
108 405
40 29
106 83
569 130
67 68
522 483 341 135
378 491
354 355
857 20
386 389 391 393 394 395 396 398 151 296 297 182 61 62 321 322 104 105 369 379 377 378 251 380 382
372 102
377 62
45 359
212 412
283 284 143
138 686
418 166
456 97
212 302
41 918
166 134 136 137 170 362 368 337 338 115 117 28 29 31
1 75
395 62
810 55
5 3 4 413
257 133
386 388 296 297 381
270 335
314 74
315 86
29 31
22 23
897 170 639
67 68
304 435
265 267
173 414
972 5
448 274
656 483
211 159
168 207
232 441
185 191
297 381
106 367
114 115 334
74 75 318
304 115
317 310
202 558
76 254
329 495
220 173 182
67 68
408 505 45
569 130
493 255
39 40 41 120 27 30
209 212
139 287
414 543
530 142
291 573
369 53
145 255
324 101
99 156
330 259 475 63
159 63
88 546
587 3
482 3 739 5 810 212 56
89 90
184 330
180 157
250 108
306 59
108 87
180 157
289 434
202 134
123 151
13 639
361 266
224 269
285 150
64 60 5 846
116 334
306 6
700 333
45 294
161 129 821
409 7
378 395 182
808 133
18 227
108 148
357 143
123 180
3 412 5
76 254
130 459
412 132
22 23
28 29
32 25
67 68
170 116
833 3
816 138
41 172
729 11
64 138
420 29
259 411
396 380 158
298 906
173 87
129 777 168 52 821 197 198 199 200 201 202 203 204 205 206 207 208 594 95 96
291 823
34 39 40 41 27 30
860 686
6 7
45 366
71 433 50 434 51 181 373 218
465 495
3 196
301 174
521 59
57 55
250 356
496 406
201 202
158 215
45 359
3 195 196 5
60 813
170 171 116 117 246
52 134
302 14
424 264 334 114 115 246 319
65 306
233 15
578 167
409 287
381 62
160 159
321 182
69 70
409 287
418 362
52 119
64 846
107 491
194 5
82 419
255 108 63
343 63
208 96
107 406
475 420
64 282
188 22
247 431
57 60
363 499
482 55
368 439
107 406
175 287
188 21
369 53
616 147
64 244 412 253
323 46
881 138
291 564
129 821
284 5
82 190
884 166
230 199
114 444
263 815
380 158 183
184 910
369 53
160 238 239 242 243 159
306 866
372 284
208 96
352 346 181 215
185 82
570 559
108 63
608 549
17 425 171
266 20
728 465
362 982
114 29
74 75
412 55
17 363
17 129 197
82 300
123 124
490 7
134 262 136 137 26 28 29 31 418 546 166 40 170 172 444 337 338 94 483 362 368 115 117
192 350
59 253
213 22
418 63
401 260
41 172
272 3
154 63
97 611 620 304 57 58
265 441
196 5
58 138
195 6
248 8
395 182
152 252
161 964
67 68
233 538
65 166
315 108
553 212
74 332
449 273
12 142
369 53
194 3 5
521 138 165
170 116
161 613 234 236 239 240 210 435 405 475 59
120 754 861 471
64 7
931 237
76 254
441 435
130 459
124 62
445 246
352 192
16 165
209 212
192 852
195 7
304 97
857 363
441 178
553 306
281 204
483 341
964 927
67 68
897 170 639
3 7
378 343
114 548
45 167
3 103
283 373
46 462
223 75 312 249 216
369 53
330 92
602 334
336 274 323 141
245 237
468 190
67 68
483 135
528 115
18 311
76 254
412 982
458 87
264 528 418 548 424 172 48 49 443 444 445 319 77 334 486 362 114 115 246
291 420
369 53
915 471
377 842
264 334 115 83 319
104 296 216 378 284 61
174 135
35 36
128 378
409 282
301 406
656 428
76 254
67 68
466 15
409 282
829 301 406
448 449
96 42 43 52 86 87 88 95
65 166
81 122
227 87
153 284
928 964 927
41 172
250 106 83
196 5
35 29
64 3 139
59 212
13 142
134 63
122 235
416 415
212 302
257 367
7 405 59 860 253
216 296
458 563
297 380
466 62
38 87
161 213
265 662
441 563 276
192 345
322 395
171 471
72 289 163 85
64 572
59 3
136 41
22 23
931 237 239
833 59
161 441
490 7
352 297 204 180 378
508 244
352 129 484 198 173 465 343 215
813 374
161 29
410 172
21 93
88 130
170 171
3 588
616 405
483 341
192 279
134 167
434 50 51 85 88
250 6
378 749
104 394
441 201 66 499
613 302 143 367 111 85 122 283 253
953 510
64 287
107 821
64 57
29 213
346 347
166 136 137 116 117 438 340 28
284 6
107 22
67 68
160 211 159
233 53
378 251 182
66 427
48 334
200 202 821 168
82 339 330 639
810 412
369 53
114 334
185 69
424 115
67 109
161 394 369
67 68
301 406
3 195
115 156
346 179 215
833 3
257 130
170 116
353 215
64 59
488 700 333 407
376 81 664
41 26 27 39
16 46 47
301 174
155 364
200 777
67 68
90 286
810 212 950 55 56
67 68
194 3 5
424 264
490 7
49 76 77
284 143
115 117
208 129
196 253
345 149
80 52
460 269
482 212 412
321 182
521 93
88 42 51 423
29 38
435 372
901 136 331 116 438 252 861
528 114
328 11
412 133
354 405
272 950
353 343
17 116
305 286
34 546 39 41 591 27
80 582
88 821
571 13
216 250
202 821
170 117
260 261
212 662
49 76 77
441 178 179
21 22
147 53
284 108 5 63
64 412 253
487 271
107 75
65 6
64 4 175
41 76 77 254
16 165
833 3
161 82
301 174
901 166 136 137 170 171 817 337 338 252 116 438 439 117 339 340 124 861
378 379 151
184 130 366
482 212 412
46 462
170 171
833 3 5
24 31
359 488 333 501 407 700
32 34 36 37 40 24 29 30 31
185 161 419
460 332
108 20
521 413
67 68
266 10
451 213
233 53
64 3
424 264 486
286 175
41 444
824 9
378 182 62
74 75
427 173
184 130
64 306
65 7
336 593 335
493 167
233 53
64 972 3 4
188 22
232 233 557
67 68
522 341
304 89
568 281 130 83
67 68
24 63
544 293
72 49 50 51 85 88
181 278
252 439
138 282
64 409 138
232 173
39 41 26 27 444
33 28
833 3
262 471
901 331 754 979 116 438 861
122 148
522 135
3 196
180 382
108 255
833 194
860 686
208 129
216 75
810 5
64 3 5 521 282
97 212
472 256
305 253
8 422
65 412
213 494
550 70
175 287
259 411
232 233
122 334
168 204 205
185 82
81 460 223
490 7
61 182 391
98 103
108 284
195 196
235 927
122 85
65 301
848 206
210 236
3 5
447 217 47
928 927
347 295
59 860
92 479
106 83
184 70
82 435
130 36
32 428
369 538 233 53
729 22
396 87
522 341
184 199
216 495
529 490
64 59
17 425 45
107 222
115 319
362 334
170 116
505 359
250 84 63
810 286
210 565
122 83 153 250 284 63
744 517
528 319
289 85
328 22
208 821
184 107 22
114 115
67 68
609 805 265 266 267 233 499 62
281 122
522 341
664 69
306 59
592 97
386 388 296 297 381
259 475 63
209 212
75 342 310 312 216 317 223
41 76 77
104 296 216 284 61
81 69
16 217
553 212 286
270 47
439 55
45 366
12 21
98 324 301 103
184 96 207
147 190
233 484
88 42 43 86
901 331 116 438 861
136 438
161 475 479
129 821
824 701 662
829 406
24 38
309 134
412 4
376 470
265 359
328 417
530 467
724 734
108 63
122 83
67 68
185 419
616 148
265 441
230 199
41 26 27 39
147 53
239 63
485 573
184 435
106 821
824 13
357 301 406
250 108
75 460 223
192 181
161 134
338 339
401 21 22 223
352 346
170 116 302
67 68
109 653
97 339
82 108
168 204
272 412
67 68
73 260 261
67 68
369 53
9 10
3 5
169 130
378 182 62
928 932 238 927
129 167
154 63
12 21
145 187
136 14
96 821
931 239
184 130
592 63
174 135
283 367
481 602
145 493
352 181
59 3
475 92 479
84 495
209 138
486 424 264 77 246 445
304 90
537 87
680 509
458 242 239
381 158
901 439
510 959
67 68
88 49 51
67 68
339 340
235 367
897 406
114 319
148 749 63
49 51 77 334
821 199
528 114
184 855
272 132
3 7
171 117
212 302
164 143
72 50 83 51 85 153 122
273 141
96 129 197 198 200 201 42 202 168 909 207 208 52 94 95
483 341
482 739 810 55 56 57 59
129 777 802 168 42 52 821 197 198 199 200 201 202 203 204 205 206 207 208 594 95 96
482 212
230 199
58 196
193 3 4 5
75 342 310 312 216 317 223
474 461
487 279
3 196
569 130
680 81
289 163 234 434 85
28 94
3 5
306 55
24 410
860 5
58 306
128 2
38 230
5 3 4 413
465 130
107 188
378 62
306 5
26 439
368 262 31
195 5
259 933
522 341 135
212 3 4 5
40 41 34 591
41 27 39
106 83
83 181
129 821
434 50 51 85 88
873 233
285 150
181 215
67 68
434 181
13 15
528 49 319
257 166 465 115 532
434 181
129 777 168 52 821 197 198 199 200 201 202 203 204 205 206 207 208 594 95 96
108 255
304 286
123 124
84 142
668 550
132 133
312 216
418 115
362 108
32 97
132 133
358 6
641 639 47
108 838
908 263
185 419 254
135 367 373 87 284
174 135
18 220
212 302
204 197
848 548
326 327 328 11 401 307 21 22
82 510
19 134
94 516 173 414
6 7
24 29
248 507
609 265 266 267 233 441 62
265 267
594 975
482 3 739 5 810 212 56
18 311
130 494
49 51
170 406
272 59
827 7
289 234
264 115
948 182
810 108
848 920
301 406
434 181
83 494
233 122
296 297 386 381
245 239
233 292
40 41 76 27 30
299 686
306 212
72 434 50 51 85
170 117
174 22
24 29
35 38
56 59
106 59
810 108
64 253
3 4
59 167
810 303
170 171
88 405 423
174 327
388 199
395 182
441 276 414
171 117
50 51
97 611 90 620 304 57 58
553 212
169 281
170 439
107 189
296 394
272 212
48 49
195 196
210 156
292 182
84 319
224 75
124 439
76 254
3 5
41 76
427 173
657 263
96 821
28 166
553 59 212
425 133
283 143
114 339
285 150
184 339
154 108
64 572
104 527
328 260
97 212
353 343
27 39
284 87
210 964
65 6
185 87
680 81
434 71
185 70
972 813
435 420
421 302
120 754 861
212 132
80 340
56 57 60 55
380 7
232 233 441 62
114 319
35 28
104 296
821 53
3 4 413 7
376 330
616 547
424 264
211 235
306 6
77 445
16 46
98 324 301 103
810 286
441 130
451 483
481 357 75 144 81 21 22 376 222
212 412 59 132
64 212
64 282
173 414
281 130
18 318
368 29
97 90
426 427 66 402
312 107
75 269
232 181
22 231
482 7
434 181
371 86
259 411
6 7
161 129 821
160 235 241 243 211 159
20 294
201 441
561 223
132 133
21 93
1 222
137 170
184 412
328 161
330 479
184 219
264 77
59 367
376 81 97
200 197
115 83
483 341
49 77
116 117
403 149
769 98 354 100 101 324 372 125
21 22
209 482
930 165
680 81
456 124
257 212
80 498 420 446
488 10
64 3
108 301
213 270 47
184 281 130
97 418
241 210
249 283 367 143
233 53
266 20
445 334
88 49 51
453 142
497 452
75 188 223
22 23
75 310
324 405
5 413
58 138
161 334
130 173
106 171
264 427 115 339 319
496 22
696 86
330 358
211 159
130 173 494
161 482
212 127
212 302
3 4 5
490 420 6
134 558
378 251
393 297
81 82
763 517 518
160 243 159
330 92
423 146 51 88 155
24 27
696 406
448 323 141 335 336 274
296 19
368 656
64 860 253
260 21
425 94
860 686
129 821
345 177
133 7
105 378
17 283
281 173
64 3 5 846
273 138
159 640 170 339 211 639
64 3 4 5
354 495 126 87
45 359
83 284
409 59
21 22
481 419
64 409
102 582
114 115 982
897 13 639
224 561
458 402
281 435
429 46
454 143
168 169
48 115
373 87
402 494
161 11
98 99
376 81
474 82
18 75
394 213
284 367
154 63
160 234 235 236 237 238 239 240 241 210 211 244 243 242 245
257 212 519
25 31
401 260 261
59 3 5
881 138 686
105 395
122 69
64 306
810 286
441 233 178 179
46 47
145 187
38 230
860 686
409 90
184 250
115 246
250 435
18 342
116 117
59 534
720 394
124 117
928 964 927
860 686
514 174
130 173
122 83
104 87
554 522 341 599
99 405
497 499
3 4
664 81
897 301
301 174
352 378
860 686
219 197
104 296
5 991
304 370
778 11
424 97
260 261 298 75 249
170 171
41 26 27 39
171 116
841 427 87
180 157
175 287
315 302
97 90 167 106 306 122 253
67 68
3 413
441 179
97 237
197 821
3 5
360 214
494 295
482 3
60 686
377 19
321 62
75 227
757 167
336 46
97 212
130 115
284 519
827 3
20 13
200 96
129 919
821 207
833 5
173 94
4 413
185 82
223 87
211 159
180 398
168 297 281
848 334
161 285
449 934
130 173
488 467
425 283
429 47
357 358
96 821
67 68
136 438
97 90
64 57
41 114
114 115
48 49
136 817 754 116 439 252 861
906 75 310 312 216 317 223
810 59 58
41 34
517 103
174 406
152 439
177 178
161 398
372 405
21 22
90 439
409 287
67 68
211 133
3 138 587 139 435 409 413
18 311
58 59
8 45
3 5
264 115
201 499
67 68
369 53
507 431
211 159
435 284
3 60 5
184 199
434 163
18 223
5 3 196 253
281 129 166 31
232 233
380 158
547 148
280 63
451 276
394 283
75 108
964 245
232 233 557 53 62
821 198
283 367 143
514 174
3 972 5
3 5
450 415
666 59
330 83 475
67 68
850 253
144 475 92
122 284
180 157
64 4
931 239
250 45
97 92
98 324 405
860 5
424 77
272 65
88 162
3 588
434 71
330 259
122 106 83 84 85 250
130 402
192 181
330 259 475 63
264 418 246
336 930
281 821
348 158
194 5
435 412
281 117
158 62
212 55
170 252
59 686
216 223
138 60
893 406
257 129 366 82 115 284
75 691
147 53
641 639
192 263
881 138 287
426 87
3 7
366 107 301 406
216 75
330 115
64 306
164 614 615 748 620 538
76 254
65 142
76 438
305 212
64 287
250 435
130 115
289 163 71 434 84 85 253
195 5
127 287
211 159
484 215
291 108
359 407
614 615
83 284
552 70
412 4
3 4 5
164 167
323 141
50 51
700 333
897 130 129 257 17 406 284 544 162 45 301 457 211 341 107 749 366 496 372 893
21 22
369 53
369 53
302 14
930 323 141 335 336 274
378 62
114 334
720 380
369 538 233 53
75 223
118 119
376 475
96 219
444 319
460 20
161 334 319
67 68
24 116
301 893
451 543
810 59
857 250
163 433 50 434 51 181 373 85 153 218
13 14
146 59
114 487
157 181
129 777 168 42 52 197 198 199 200 201 202 203 204 205 206 207 208 594 95 96
80 582
32 368 31
336 335
493 166
284 143
115 334
184 82
130 459
304 143
106 83
212 412
474 435
296 297 388
244 253
264 445
67 68
52 198
315 302
81 69
170 6
289 253
301 174
67 68
357 358
272 273
64 4 175
161 250
67 68
65 7
104 251
59 132 860
64 4
115 334
48 49
59 212
810 6
130 22
196 413
138 686
451 543
283 235
281 166
230 199
161 114
548 334
827 5
451 124
3 196
116 439
360 526
41 76 254
154 455 63
269 213
145 255
59 212
380 158
163 433 434 181 373 153 218
402 427
114 362
107 188
485 573
96 821
257 250
488 452
490 7
353 207
180 61
298 260 261 94
444 39
283 75
59 474 435 212
88 519
250 435 420
547 454
107 460 269
14 343
21 22
409 994
547 428 143 122 253
130 459 276
33 418 262 439 24 27 28
537 87
28 198
85 511
56 212 55
105 378
666 59
201 95
64 130 304 115 279 29
488 333
196 5
245 237
88 334
160 211 159
418 548 486 264 424 362 77 334 528 49 114 48 115 246 443 444 445 319
196 7
330 14
64 521 57
67 68
919 909 975
184 419
97 170
192 825
3 413
212 132
482 286
296 297
108 284
108 79
64 3 5
212 412 286
67 68
129 777 168 52 821 197 198 199 200 201 202 203 204 205 206 207 208 594 95 96
75 310 223
216 82 115
328 22
171 471
297 386 381
49 51
266 267
821 207
130 893 406
161 58 139 881
312 216
18 19 227
216 75
8 6
97 171
67 68
41 172
441 276 414
145 187
232 285
152 439
532 341
97 212
424 264
147 188
233 557
114 246
833 3
108 87 63
82 21
169 516
810 286
372 364
114 982 926
64 3 4 5 60
848 206
165 175
259 411
193 195
338 339
481 87
290 483
17 425
428 167
3 196
413 55
304 184
97 171
83 423
901 331 754 116 438 861
136 24
130 173
104 105 296
67 68
192 179
59 132 860
67 68
544 451
97 611 90 620 304 57 58 60
128 22
192 283
666 3
13 87
41 171
123 124
83 358
114 319
22 23
162 406
219 87
291 573
539 531
456 77
56 482 212 55
147 53
21 22
330 22
656 36 152
235 237
122 494
64 3
386 388 296 297 381
153 63
378 182 62
352 158
227 372
334 303
951 167
306 212
98 101
451 483
46 270
233 53
27 28
860 686
424 114
59 5
138 175
12 22
89 90
161 378
334 486
286 175
202 42
459 292
216 75
217 46
105 378
824 266
495 71
75 261
88 24
56 58
257 212 662 519
64 3 5
153 71
83 84 373
363 142
490 7
265 13
67 68
860 813
4 413
233 266
450 415
202 250
341 135
3 4
108 63
64 138 5
369 53
122 463
101 430
772 519
488 422
285 279
306 59
857 266
28 52
185 116
49 334
64 57
64 3
369 53
412 132
3 4 413 7
285 278
49 319
88 373
18 315
483 341
149 150
24 97
475 92
114 443
378 62
827 194 3
288 82
363 45
67 109
852 158
915 171
396 158
608 256
48 41
482 739
65 94
36 439
881 58
819 93
243 211 159
426 402
88 821
330 639
186 53
180 158
234 59 60 405
171 117
360 10 530 574
200 219
26 27
371 548
171 117
699 132
213 405
171 164
50 51 85
67 68
312 216
138 860
434 51
281 341
115 47
35 55
19 222
88 548
282 860 253
18 220
106 821
82 107 583
394 283
317 310
848 926
20 662
170 171 116
304 296 435 372
3 5
108 5
24 36
412 7
18 75
81 82
75 460
212 412
409 3
145 493
22 23
426 87
141 46 47
129 202
465 532 166
155 519
173 414
827 5
264 445
108 211 964
3 195 5
3 5
116 117
92 478
301 893 406
460 757
266 267
376 329 358 470
168 207
328 22
180 382
37 30
67 68
100 125 405
29 31
216 75 222
736 449 323 165 270 430 47 46 335 217
114 443
257 250 284
824 857
83 551
729 22
12 325
495 919
46 47
124 252
291 15
97 620 304 58 925
291 485
48 444
184 22
24 33
210 212
97 418
522 483
273 46
731 302
97 428
145 187
122 255
67 68
398 54
340 166
160 159
97 445
354 101
377 322
48 87
931 239
3 5
115 334
281 117
369 53
609 232 265 266 267 233 441
122 284
41 76 77
312 17
17 338
114 362
593 275
592 97
3 195
274 430
323 46
272 132
223 87
80 582
284 63
108 311
64 212
82 357
377 398
160 159
285 6
194 196
67 68
413 7
378 182 62
547 42 234 428 106 143 146 213 85 122
296 284
130 115
833 5
522 135
114 115
481 185
96 821
272 244
291 564
3 4 5
720 377 380 398
521 93
448 499
382 151
75 87
328 22
165 47
272 153
162 570
107 491
281 378
182 15
548 341
90 3
171 428
114 115
369 53
41 901 439
41 26 27 39
64 138 212
25 28
153 122
306 412 133
41 26 27 39
369 53
336 335
421 582
41 114
211 159
418 117
281 291
291 108 63
107 75 222
233 266
154 108
330 91
810 303 89 90 286
184 107
130 435
161 821 777
255 108 63
49 334
124 439
88 167
297 390 391
395 251
88 29
17 210
301 174
94 494
116 439
213 78
534 270 47
272 59
352 322
170 116
281 171
136 116
272 133
80 63
460 757
81 69
256 473
64 5
82 330
296 297
146 547
171 117
212 59 412 431
860 813
208 215
232 427
174 406
522 483 135
185 70
317 222
115 334
435 244
833 3
354 126
322 484
104 105
165 47
3 860
88 244
448 274
915 166
41 252
171 117
324 405
284 519
98 324
334 303
101 102
326 22
610 31
810 286
829 406
3 4
243 159
74 75
80 418
418 115 172 362
306 3 5
272 412
82 639
97 439
369 53
808 133
184 696
3 195
827 5
140 270
48 49
28 29
170 439
104 105
181 215
82 107
49 51
134 558
380 158
418 362
816 138
266 20
377 263
59 212
5 846
184 114
24 116
67 68
72 49 434 50 51 85 88
376 330
201 777 909 918 919 95
122 159
122 284
64 196 5
410 39
369 53
36 29
57 60
83 860 5
41 252
368 428
52 197
291 427
848 926
36 29
64 4 175
3 5
514 270
67 68
344 181
82 107
42 86
179 215
284 590
144 414
59 287
369 53
122 547
368 428
3 412
171 116
226 18
177 178 179
427 173
142 6
114 339
122 270 47
64 4 60
147 53
130 115
180 181
65 490 7
92 479
155 108 534 84
656 428 471
2 18
21 22
184 545
354 405
357 11 341 639
321 395
408 527
132 133
915 117
160 234 235 236 237 238 239 240 241 210 211 244 243 242 245
48 371 39
24 25 41
41 246
490 7
340 262
593 270
192 179
369 53
3 4
67 68
67 68
209 156
216 75
810 286
495 87
161 378
184 130
178 179
80 161
301 174
496 22
130 107
346 215
441 499
264 115 532 687
488 700 333 407
233 53
569 122
141 46 47
67 68
82 358
609 805 265 266 267 233 499 62
810 90
482 132
451 483
69 22
514 174
544 400
171 117
216 6
424 264
289 234 163 85
209 196
519 423
69 510
147 53
46 462
810 303
292 295
475 470
64 372
600 159
107 161 43
129 777 909 918 919 802 168 42 52 821 197 198 200 201 202 204 205 206 207 208 594 95 96
243 211
821 207
283 254
97 7
378 62
168 281
257 346
297 322 378
64 4
3 7
171 134
87 319
122 211 159
130 564
184 130
170 410
833 3
412 4 193
16 335
96 219
24 29
65 396 398 720 380 158
97 418
369 53
232 527
496 161 148
901 136 331 817 754 116 438 252 861
608 257 545 366 435
97 171
64 813
560 283
808 133
161 250 655 146 83 406 534 88 122 156
67 68
198 495
48 169
170 116
208 129
395 182
170 117
224 75
291 7
160 243 159
97 212 132
97 170
180 157
266 267
99 709
474 26
8 13 366
441 451
88 548
435 116
884 166
8 570
265 13
69 70
452 453
58 132
291 564
425 423
81 69
810 303
69 510
516 485
451 814
833 3
109 70
284 143
161 234 235 239 210 533 213
67 68
161 285
449 46
149 150
267 805
380 161 396
860 686
537 87
28 45 94 52
64 4
67 68
369 378
16 430
377 398
108 174 406
170 171
739 55
495 511
409 7
289 163 84 85
163 71 433 434 181 373 218
58 7
67 68
171 439
860 686
699 55
282 212
46 323 270
860 813
3 5
396 87
3 5
507 45 366
64 482 3 587 139 435 409 413
3 4 5
754 861
58 138
617 460
328 22
331 439
66 291
130 357 134 358 330 114 82 30 184 411 29 94 287
129 777 909 918 919 802 168 42 52 821 197 198 199 200 201 202 203 204 205 206 207 208 594 95 96
212 406
914 957 934
81 82
184 435
281 130 129
412 518
69 70
67 68
522 341
129 116
64 138
3 163
170 171
336 335
165 429
360 530
326 327 328 11 307 21 22
260 261 298 75 249
154 655
64 184
816 138
227 63
96 821
107 406
424 334
161 115
640 639
161 285
330 107 188
301 406
24 589
28 29
104 322
250 507
64 175
210 159
409 58
488 452
286 287
81 82
3 5
318 367
427 284
117 30
36 29
74 75
201 95
165 63
216 223
81 83
196 5
145 493
588 237
425 46
104 251
96 197 821
116 117
208 202
75 223
497 452
451 276
88 291 494
64 211 212
250 435
233 53
21 22
104 105
377 395 390
161 378
107 191
170 339 439
728 465
163 71 433 434 181 373 153 218
233 53
232 646
304 64
177 178
114 115
64 860
769 125
233 53
366 406
64 60
680 81
67 68
264 418 77
178 179
857 363
283 143
418 166 40 136 170 362 368 115 340 117 438 120 28 29
202 821
833 413
289 163 71 72 433 50 434 51 85 373 181 153 218
96 821
284 87
328 22
96 219
107 190
39 41 26 27 444
194 3 5
210 108
369 53
449 140
184 114 115
291 485
67 68
322 395
74 75
18 86
263 815
122 211
330 479
680 81 664
88 857
289 434 163 253
107 301 366 372 406 250
953 510
306 3
161 148
857 122 45
392 381
1001 919
369 87
857 83 740
412 133
833 3 5
136 438
184 130
25 97
3 5
257 4 304 435 413
106 83
897 406
24 25 36
491 406
162 359
130 451
485 516 573 823
67 68
301 406
49 76 77
441 276 414
465 166
114 115 982
155 519
232 233
15 182 391
50 51
89 90 97
453 142
26 39
304 212
3 4
474 167
907 157
96 821
64 846
108 284
171 116
549 22
216 75
897 301 174 406 893
108 231
194 196
217 165
116 334
235 927
409 59 253 7
268 20
449 41
136 137 171 337 338 339 252 116 437 439 440 438 117 340 124
81 82
64 59 253
59 212 133
24 41
216 651
108 87
45 359
20 551
264 334
309 22
472 473
115 334
49 334
613 394 50 85 405 122 475
346 158
115 532
85 87
593 270
146 428
48 49
522 483 135
509 70 87
3 196
64 4
72 434 50 51 85 88
123 124
124 439
75 223
18 311
115 412
75 269
233 53
152 428
41 26 27 39
64 138
18 75
284 222
3 5
698 415
276 414
334 319
130 451
130 291 131 197 292 293 232 169 168 290 204 271 15 281 285
209 212
264 114 115 334
136 438
512 192
82 108
173 182
49 77
856 156
574 87
174 135
545 814
530 499
97 171
91 14
881 58
324 405
65 490 6
248 507
522 341
443 479
336 335
233 267
338 339
64 4 304 184 89
217 447
194 3 5
45 366
12 662
99 324
608 256 250 422
594 206
897 406
846 7
97 57
67 68
49 548
24 25 26 27 28 29 30 31 32 33 34 35 36 37 38 39 40 41 589 591
99 405
273 310
8 366
192 7
482 306
49 334
147 317
424 264
82 70
388 199
22 23
180 382
346 181 215
648 94
130 107
378 62
144 94
160 243 159
298 342
537 87
957 934
184 82
330 91
24 161
420 341
105 19
104 527
510 959
322 62
194 5
57 55
49 51
827 5
664 69
195 301 406
514 174
352 343
97 253
220 182
116 252
89 305
41 27 444 39
161 405
301 406
24 166
259 411
686 7
289 234
161 642 148
369 53
592 97
166 136 137 170 171 337 338 339 252 116 438 439 117 340 124 861
3 196
739 212
108 356
107 191
28 29
82 87
550 82 510
67 68
93 22
74 260
264 246
474 435
948 182
174 301 406
146 43 84
96 129
274 429
816 686
589 30
369 53
336 16 270
166 134 136 137 170 362 368 337 338 115 117 28 29 31
64 282
265 233
378 62
18 75
97 212
250 107 406
181 263
212 132
64 122
35 55
64 881 287 175
171 116
32 29
301 406
650 500
266 13
160 928 235 238 243 211 159
161 164
901 166 136 137 170 171 337 338 915 252 116 438 439 117 339 340 124 861
104 369
75 223
67 68
80 446 78 79
29 439
67 68
306 7
41 27 76
322 182
64 130 4 134 358 304 114 30 184 411 29 94 287
58 282
171 471
51 613
288 81
514 547 454 327 74 14 339 116 468 85 254 479
224 75
136 438
76 254
283 495
129 197
412 6
96 821
168 281
515 109
108 63
392 296
138 108
163 71 433 434 181 373 153 218
281 15
58 611
304 122
731 6
233 381
467 6
609 805 265 266 267 233 499 62
369 53
90 807
165 140 46 47 16 273 274 275 217
721 12
3 588 5
184 130
105 395
373 135
184 199
544 426
138 860
46 462
170 116
328 22
534 519
281 143
376 481 81
354 126
553 132
132 133
64 4
48 114
3 972
410 307
46 270
57 139
64 57
8 250
209 306
71 433 434 181 373 153 218
304 925
107 43
33 546 39 41 589 591 26 27 28
434 289 234 71
22 23
4 413
860 5
21 22
289 409 59 253
8 667
116 439
369 538 233 53
441 459
185 70
116 166
289 163 71 72 433 50 434 51 85 373 181 153 218
224 18 75
217 270
428 262
161 401
448 449 41 140 141 430 270 217 447
80 116 117 166
521 175
185 420
41 26 27 39
3 587 139 435 409 413
64 3 4 5 175 409 60 572 287
120 754
108 301
368 76
640 159 160 320 588 210 211 234 235 236 237 238 239 241 242 243 244 245 638
211 159
70 174
58 7
216 75
369 538 233 53
108 428
474 300
852 158
154 423
810 55
212 412 287
38 230
153 284
372 405 255
50 51
50 51 85
88 507
467 142
82 22
296 61
133 406
897 406
184 330
652 302
202 52
49 51
420 366
386 388 381
409 517
232 233 53 441 62
424 264
140 165
160 211 159
67 68
451 814
171 116
233 285
169 451
165 175
120 41
265 441
329 330
330 475
428 262
195 196
97 482
170 171
67 68
113 109
514 174
553 58
201 778
97 212
881 138
193 413
212 412
144 549
89 150
283 21 174
300 701
250 212
161 510
368 428
293 279
337 338
96 129
122 59 860
212 302
656 439
177 178 179 345 382
170 115
430 447
65 166
881 138
233 178 276 441 414
270 47
441 276 414
475 92
120 428 471
160 159
154 356 122
233 53
67 68
36 262 170 330 368 81 115 341 22 376 25 29 319
97 303
168 219 197
337 420
363 142 499
8 20
368 17
69 22
369 53
114 487
482 739 810 55 56 57 59 60
534 191
173 414
378 395
461 215
88 49 50 51
17 175
90 925
6 7
8 20
106 83
352 378
449 165 140 429 46 47 16 273 430 275 141 217 447
4 413
106 148
42 52
233 369 53 538 62
88 59
458 402
3 860 5
59 212
434 71
83 821
274 323 141 46
306 133
603 363
36 30
24 30
906 75 310 312 216 317 223
545 130 281 527 271 402 404 184 569
3 5
321 394 62
317 223
451 420
281 207
282 212
152 262
64 287
160 234 235 236 237 238 239 240 241 210 211 244 243 242 245
45 167
212 133
64 57
425 465
80 78
369 53
212 364
97 90
360 530
67 68
306 412
146 116
36 29
171 117
194 3
64 55
25 36
919 909 95 975
472 171
451 483
265 662
448 324
184 130
113 109
8 20
208 129 96
302 503
180 348
3 7
826 307
72 434 50 51 85 88
521 138
184 330
901 331 754 116 438 439 861
281 378
115 372
67 68
49 76
28 52
272 132
386 388 389 390 391 393 394 395 524 396 296 297 183 61 199 486 105 379 378 251 380 381
289 50 51 85
67 68
88 49 51
64 90 4 60
166 170 368 115 29
177 293
233 53
282 3
59 60
91 63
804 55
134 558
165 175
129 821
32 425
49 51
369 53
284 367
729 22
250 364
98 324 103
152 29
633 398
64 138 282
83 181
369 53
418 264 115 246 319
617 2
554 341
306 950
154 63
52 134
58 860
66 841 426 427 458 402 563 569
4 5
893 406
378 87
64 3
282 7
407 359 333 45 526 500 501 503 408 505 506 507 700
881 138 686
117 166
161 394
174 519
449 47
522 341
147 53
810 212
498 341
130 47
129 200 168 204 821
18 311
134 558
336 323 141
200 777
932 159
810 60 55
490 7
179 215
388 199
578 367
209 196
67 68
12 13
82 22
64 482
257 421
232 179
696 318
749 165
456 262
70 190
52 821
266 20
884 94
64 47
41 246
97 212
173 94
64 57
170 171
409 306
296 87
352 347
168 205
493 334
52 821
550 628 474 668 190
169 281
272 738
144 134
24 29 63
304 97
3 5
88 485
296 163 284 277
170 213
72 434 50 51 85 88
394 398
122 20
283 143
328 474
172 39
343 215
298 18
49 51
856 156
161 148
264 114
666 860 813
3 5
45 639
490 7
369 378
554 341
22 23
67 68
8 570
479 63
482 553 810 212 950 55 56 286
41 252
22 23
170 116
273 47
46 47
161 59
41 444
144 485
395 182
456 362
211 159
409 131
306 212
17 82
114 334
208 909
244 159
65 141
4 413
426 427 66 402
700 333 407
130 22
141 447
720 398
283 367
410 556
282 846
180 181
508 244
28 36
164 213
170 116
301 406
147 53
173 414
9 10
517 518
96 206
569 427
41 76 438 254
210 565
108 964 159
267 265 266 499
10 507
330 356 357 639
83 116 166
82 357
11 37
82 419
233 369 53 538 62
175 810 286 55
334 303
193 3 4 5
49 41
609 233 266 267 265
65 301
321 395
173 414 215
304 305
373 374
4 413
32 31
1 147
272 133
483 341
177 179
881 138 686
116 117
195 5
395 182
88 146
40 29
441 499
193 195
369 538 233 53
8 361
3 5
64 4
284 22
72 49 434 50 51 85 88
352 346 192
140 447
235 133
490 250
301 174
170 171
380 158
296 386 388 381
744 518
754 861 471
116 24 428 334
488 333
3 413
289 84
200 343
194 413
107 188
216 460
833 3
52 198
908 852
96 821
67 68
821 207
522 341
508 244
83 451
233 557
49 115
24 166
833 3
609 267
816 881
475 358
129 130 363 366 281 29
250 167
901 136 817 754 116 438 252 861
432 373
170 171 116
192 347
200 821
67 68
301 893
561 75
952 958
67 68
418 115
376 664
272 133
409 286
104 378
57 59
640 339 639
108 405
270 47
67 68
680 81 664
296 297
448 800
49 76 77
88 534
25 97
306 412
451 439
257 130 420 107 366
180 157
97 482 212
369 53
369 538
64 4
65 25
24 33
860 813
272 212
88 153
312 223
80 582
192 263 180 149 157 150 345 123 349 350
330 358
897 301
144 330 475 479
67 68
161 334
401 260 261
680 664
178 179
208 129
152 35
296 297
302 14
184 435
330 358
283 143
496 378
64 60
3 56 195
37 31
69 70
32 38
114 115
114 334
158 183
201 499
378 386
482 306
600 159
829 357
668 510
67 68
16 14
130 115
16 270 335
3 413
171 117
130 173
173 414
192 852
21 22 231
848 206
67 68
233 266
99 100
522 135
482 212
48 49
409 6
41 76 77 49 754 438 254
602 284 167
301 406
272 553 133
97 90 303
482 810
67 68
323 429
369 108 87 63
49 51
829 301
67 68
21 93
376 358
881 58
227 86
256 425
50 85
166 171 337 338 339 116 117 439 124
130 12
171 117
3 413
827 3
434 50 51 85 88
96 821
369 53
161 395
363 435
97 77
61 134
897 301 125 406
173 414
296 19
522 483
312 216
170 171 116
59 3 212
94 494
117 29
116 124
64 60
272 59
322 395
522 341
105 322 378
75 189
474 114
860 244 122 59 60 253
59 499
97 212
406 22
67 68
860 5
108 255
289 51 85 71
82 686
270 423
609 12
328 22
181 279
97 439
330 475
116 439
130 181
154 356 255
82 22
283 284
920 41
441 414
829 301 406
833 3
192 158
908 263
284 519
97 90
18 223
88 146
67 68
395 182
24 161 29
170 117
67 68
3 4
428 143
104 296
96 124
460 757
253 59 813
211 372
64 5
482 212
67 68
914 923 957 934
475 92
296 388
458 198
114 319
170 435
569 358
394 386
67 68
857 422
341 143
378 395
105 395
3 7
304 305
141 430
38 87
170 116 255
330 291
159 63
194 7
334 303
59 55
259 475
82 435
209 482
33 31
552 724
696 22
260 261 298 75 249
296 19
177 178 179
64 3
481 550
390 391 392 297 296 396 183
496 250
178 18
378 62
339 171 116
289 218
64 5
512 421
80 532
59 699
171 63
6 7
233 53
138 686
227 86
12 325
184 82
64 257 4 138 284
264 114 115
120 41 30
41 76 254
89 1
153 284
67 68
315 86
82 510
366 406
116 117
297 378
153 519
460 757
720 398
312 310
64 161 253
67 109
482 3
201 778
499 527
306 412 286
250 821
821 86
107 460
76 254
369 53
272 306
105 378
115 334
72 434 50 51 85 88
89 90
821 207
439 252 87
97 171
257 108 153 284 63 255
363 142 431 15 499 281
897 143
88 191
64 57
161 427
108 87
210 156
82 115
67 68
232 293
483 341
97 117
315 86
612 487
901 754 979 116 438 861
252 439
12 325
256 284 367
64 306 212
184 130 115
192 279
64 212
395 487
272 244
41 418
115 319
380 317
161 82
323 462
304 286
82 70
192 181
482 412 413
169 451
129 250 821
147 300
98 324
153 85
212 133
418 30
61 151
83 358 475
22 23
933 87
143 405 534 283 161 547 163 167 63 83 87 88 602 122 106 108 367 373 250
243 159
170 171 116
96 821
378 182
64 846
129 821
129 956 198
130 372
848 206
329 330
166 136 137 170 171 337 338 339 252 116 438 439 117 340 124
192 347 158
21 93
122 83
425 338
499 500
369 538 233 53
212 132 933
104 527
406 774
362 115
64 5 846
45 167
616 405
448 449 323 46 274
64 922
58 287
21 22
48 114
108 5
24 30
298 906
425 70
124 439
330 291
212 132
101 430
37 31
233 53
147 53
21 174
548 334
171 116
166 136 137 170 171 337 338 339 252 116 438 439 117 340 124
321 617
184 388 199
22 23
125 405
41 76 754 438 254
74 75 332
283 255
101 126
338 171
64 234
306 3
808 133
50 85
339 171
833 3 5
3 196
192 278
334 486
897 406
306 412
59 127
291 485
570 453
369 53
449 47
289 163 234 85 218
810 212 950 55 56
266 13
122 83 84 85
330 92
233 61
99 100
88 42 51
75 483 229 319
219 197
204 207
130 366
58 686
169 451
297 394 63
141 430
104 378
64 4 175
124 439
171 117
363 534
232 181
58 686
395 948
67 68
897 108
497 452
170 116
118 119
490 6
259 475
48 49
366 45 406
52 821
170 171
98 324
232 233
423 42 146 88 155
192 150
64 3 4 5 846 60
376 81 664
64 409 4
18 308
589 30
272 133
114 982
168 19
129 484 134 173 208 115 28 29
296 297 381
396 87
412 413
250 106 83
97 87
67 68
184 357
82 933
720 380
105 322 378
952 958 214
161 238
59 3
514 519
170 171
59 60
8 13
386 388 296 297 381
192 181
357 639
378 182
122 116
138 253 846
59 253
170 116
909 975 918 919 95
115 334
317 223
517 103
161 164 436
232 233
97 124
233 557
166 134 136 137 170 362 368 337 338 115 117 28 29 31
810 303
289 550
528 334
41 26 27 39
304 97
170 252
4 813
507 45
130 279
452 453
161 82
67 68
3 195
361 570
250 435
58 3
161 107
616 18
136 137
170 339
352 346
129 594 87
129 435
122 613
464 463
369 105
410 475
209 156
115 420
114 115
897 3 5 406
281 15 87
451 341 483
390 391 104 297 392 296 396 183
257 83
195 196
160 211
41 418
64 4 413 572
114 115
4 813
640 1 516 136 265 526 276 414 177 178 563 308 819 441 321 66 201 205 335 353 484 359 999
136 438
180 343
171 117
395 380
808 133
64 138 860
83 284
306 7
378 62
451 94
175 287
67 68
648 107 435 31
233 53
602 813
145 255
97 90
322 395
378 158
394 534
739 212
67 68
65 645 6 490 529
301 406
69 22
24 116
369 53
754 915 471 120 861
97 7
708 20
107 549
369 53
133 6
697 219
235 82 115 83 122
245 237
96 202 94
338 116
482 212
409 60
32 156
19 63
739 196
160 159
291 707
881 58
184 130
106 821
123 124
177 178 179
492 391
129 52
860 686
283 933
514 174
554 483
729 22
88 162
589 30
252 439
700 333 407
449 76 30 41
67 68
122 19
184 199
304 90 64 572
272 193
846 7
174 893 406
821 207
306 212
122 187
185 474
429 47
3 5
286 6
3 4 860
177 382
283 519
213 166
901 754 979 116 438 861
376 81 664
636 286
97 262
17 490
3 103
72 218
59 405
270 47
59 813
114 115
897 406
211 159
701 662
390 487 104 395 527 15 222 19 179 466 54 404 86 313 538 381 62
106 148
129 202
232 177 178 179
114 319
115 291
130 291
901 439
915 117
270 47
216 223
108 5
209 212
108 482 212 810
250 435
165 175
292 543
938 354 101 126
490 7
116 166
175 287
982 926
298 261
41 30
600 159
347 7
59 7
160 159
180 382
181 279
184 188
363 20 45
49 334
418 172
283 85
64 4
147 300
160 167
561 460 223
441 276
266 267
833 4
233 53
88 439
3 195 5
41 27 39
184 130
687 22 23
67 68
176 138
424 264 334 114 115 246 319
304 90 64 572
289 547 234 236 146 533 405 253
301 174
152 31
184 130
64 3 5 138 409 287
378 173
211 301 406
32 156
96 129
378 451
106 213
420 653
72 434 50 51 88
130 427
115 319
642 749 542
964 237 239
107 406
161 394 380
42 134
138 287
85 71
180 158
810 286
212 302
490 7
289 434 163
107 43
245 237 239
270 47
482 212
96 821
281 130
67 68
155 156
165 47
675 559
130 115
124 439
112 109
184 130
64 356 170 47 372 212
64 4 60
322 395
652 255
833 5
116 166
106 43 148 213 250
252 439
106 330
439 7
115 334
418 115
3 4
42 95
441 451
297 381
569 291
810 413
64 57 60
24 25 26 27 28 29 30 31 32 33 34 35 36 37 38 39 40 41 589 591
334 518
52 119
166 136 137 170 171 337 338 339 252 116 438 439 117 340 124 861
261 509 70
330 479
140 429 430 47
202 134
219 197
378 182
250 148
25 31
848 41
216 75 223
357 358
609 267
272 193
396 175
32 36
296 269
147 53
281 170
181 215
460 269
698 415
19 798
286 6
118 614 615
328 161
388 199
729 22
147 188
283 75
161 386
144 549
116 439
241 425
3 196
71 72 367 433 434 85 218
569 358
346 181 255
808 133
170 116
20 662
171 549
88 813
517 518
265 233 178 179 276 441 414
873 86
3 5 587 212 56
209 286
41 26 27 39
82 138
262 428 656 471 120 152
233 62
74 18 332 298
341 135
424 264 114
107 188
964 84
104 379
173 63
283 421
160 441
45 366
347 6 7
17 425
291 420
6 7
821 63
369 53
64 3 4 5
18 148 154 672 296 170 46 47 174 175 703 454 327 78 356 108 368 116 250 507
328 22
106 22
109 653
165 47
67 68
482 306
376 81 664
233 53
170 171
256 285
434 373 181 71
569 358
860 813
18 75
168 61
122 421
8 9
35 38
170 117
64 3 860 5
378 182 62
67 68
169 291
141 47
41 439
485 573
243 235
69 510
380 158
507 12
219 197
50 51
250 212
532 213
13 87
352 353
257 129 356 330 368 82 115 213 22 29
264 445
435 167
881 138
184 363
328 142
185 300
200 96
36 439
3 103
514 174
744 518
59 55
306 719
171 116
141 46
833 3
6 7
88 49 51
107 188
416 415
83 373 87
161 198
41 30
237 6
64 4 175 881 287
48 49
169 459
184 130
860 253
99 405
483 341
827 7
161 146
652 255
246 319
296 451
250 45
169 130
293 487
180 382
860 813
33 439
83 246
107 406 491
96 821
107 188
909 919
67 68
192 279
21 93 22
465 166
418 334
901 754 979 116 438 861
43 757
82 22
64 60
90 4
97 90
26 30
3 5
174 22
41 418
195 196
284 421
24 30
224 19
232 622
115 687
483 341
739 212
233 538
418 362
528 319
25 29
165 270
748 679
211 932
136 817 754 116 252 861
3 196
116 166
114 115
901 439
531 294
272 133
169 516
425 126
148 213
354 126
409 60
75 222
82 70
105 19
177 418
816 138 686
194 3
161 234 237
601 130 459
132 133
153 493
184 114
150 285 278
20 13
233 53
59 212
160 932
161 542
713 5
97 171
56 59
445 486
184 156
208 129
117 166
210 412
369 53
115 319
113 67 109
3 5
490 7
18 19
67 68
11 341
317 222
672 81 401 21 22 93
441 179
80 446
449 140
192 149
155 364
4 972 813 860 413
97 171
369 53
64 59 5
810 412
184 412
97 212
289 163 71 234 434 85 218 253
169 130 516
212 133
302 174
160 211
395 182
93 22
171 117
115 687
26 39
24 28
64 521 282 5
175 287
152 428
810 60
224 18
252 439
252 439
211 159
41 30
352 2 297 527 496 378 251 61
372 101
334 319
184 412
115 532
666 813
897 406
67 68
192 351
827 195
202 52
357 358 330 109 144 376 91 92 479
141 46
265 233
288 82 69
50 51
285 150
202 42
873 233
129 821
4 413
130 487
233 441
130 487 169 427 715 173 271 569 402 281
3 196 5
297 386
122 82
285 150
896 418
552 724
156 148
122 469
282 14
451 414
171 117
509 70
161 602 84 167
89 90
270 47
380 7
147 300
48 49
829 301
901 136 817 754 116 438 252 861
113 109
3 5
101 6
233 267
798 343
514 174
174 406
161 810
116 117
89 807
304 236
123 124
860 686
422 247
64 572
109 70
104 105
190 455
129 777 168 42 52 821 197 198 200 201 202 204 205 206 207 208 594 95 96
860 686
338 116
58 138
201 205
250 435
264 114 115
474 26
369 53
24 31
72 50 51 85 88 218
48 49
296 284
330 475
860 686
65 397 158
65 490 301 406
262 471
224 219
67 68
171 116
448 323 430 335 336 593
171 116
75 261
18 311
131 263 278 150 279 157 285 179 180 192 852 215 344 345 343 347 346 349 350 351 352 232 123
512 302
373 87
317 223
8 361 570
216 75
70 261 509 326
441 276 414
524 837
49 41
26 39
170 171
3 7
64 60 5
412 3 4
334 63
285 150
367 135
550 810 628 474 668 190
161 338
161 134
3 4
106 148
36 30
97 171
418 445
212 132
169 130
216 19 222
318 315 86
193 3
177 293
816 138
108 153 356
262 428 656 471 120 152
487 114 115 246 319
171 116
901 331 754 116 861
67 68
424 264 246
483 15
69 22
2 460 269
322 104 105 369 378
170 117
412 133
388 199
434 71
64 60 5
216 219
369 53
330 291
890 301
17 175
173 94
816 881
75 342 310 312 216 317 223
424 264
114 115 319
115 334
441 276 414
362 117
361 214
83 84
833 3
488 422
289 85
170 339 639
232 233 278
115 246 687
134 558
12 622
210 122
8 570
410 317
74 75
172 334
104 527
848 173
3 5
378 182 62
41 27 39
116 821
210 6
223 87
434 50 51 85 88
955 50 51 88 155
321 182
296 297
376 81 664
171 302
141 430
380 7
356 639
282 3
372 324
161 252
129 446
448 449 934 140 141 430 335 336 429 447
680 81
161 406
354 126
333 359
108 63
439 87
96 821
69 70
72 218
161 42
179 215
485 573
22 23
24 29
24 29
170 171 117
380 158
521 813
104 395
339 166
144 43
739 212
296 388
212 133
427 173
122 83
130 222
147 53
493 255
5 302
88 130
116 439
181 343
57 306
3 195
64 3 4 5 846 60
81 82
171 29
129 198
180 158
158 7
272 412 133
192 852
33 31
322 62
833 3 5
64 5
138 282
474 334
257 519 327 174 22
544 431
356 639
337 338
49 76
140 430
74 75 332 18 249
88 42
97 338
445 486
64 3
333 407
522 599
412 132
298 906
12 325
161 259 475
245 237
931 239
184 130 435 366
488 497 452
336 323 141
154 63
362 115
386 388 296 297 381
64 57
114 371
3 972
161 196
829 301
41 26 27 39
105 322
108 838
184 411
488 559
848 206
585 291
113 67 109 94
16 140
265 233 276 441 414
306 412
593 141
212 933
216 75
136 438
10 559
184 130
292 421
35 30
265 233
124 439
304 59
273 463
301 406
456 97
472 256
224 229
208 96
233 285
212 302
612 279
97 212
528 319
59 212
141 46 47
134 582 558 309 446
330 475
181 215
185 82
67 68
169 516
216 74
490 6
302 14
130 527
378 395
283 255
192 123
67 68
341 87
153 255
65 125
24 410
12 93
801 186
26 39
435 167
451 483
860 686
165 175
3 4 860
17 170
49 434 50 51 85 88
184 170
130 276
64 4
216 302
97 418
460 269
107 21
380 175
115 334
50 85
180 215
330 291
330 91
108 170 116
508 244
34 439
64 521
429 46 141 47 273 274
88 49 51
170 171
522 341
17 425
184 250
554 522 341 599
424 49
262 428 368 656 471 120 152
434 181
441 227
554 522 341 599
173 15
405 126
233 53
237 239
860 686
272 133
431 463 212 309 507
171 134
115 83
860 686
227 108
26 439
96 219
94 166
901 979 116 438 861
301 893 406
3 4 413 60
427 286
129 83 52
83 132
67 68
180 158
233 53
118 119
50 85
488 700 333 407
131 180 389
260 261
122 213
233 53
257 129 366 82 115 284
363 45 366 507
499 431
76 254
296 388
129 821
544 130 184 402
25 27 41
304 64
897 893 406
59 412
64 57
328 326
555 483
448 800
184 89
184 130 366
216 223
59 286
810 55
67 68
412 284
114 172
180 263
32 29
227 86
88 24
192 158
272 412 133
72 50 51 85 88
648 22
448 449 934 140 141 430 335 336 429 447
395 182
326 327 328 11 401 307 21 22
106 213
380 286 175
312 75
860 686
275 22
369 322
96 821
514 174
49 230
170 171 116
194 59
59 212
41 27 444 39
136 76 77 438 254
378 182
171 117
281 122 116
216 223
157 158
217 270
609 805 265 266 267 233 499 62
129 166 52 281 31
247 499 766 431
116 117
158 215
108 284
129 198
76 254
90 303
97 7
521 138 93
496 171
265 266
114 38 87
45 375
272 273
451 459
394 378
88 162
122 187
64 3 860 5
48 49
171 63
185 82 330
64 57
40 38
41 76
125 639
456 334
64 3 4 5 240
130 527
26 39
67 68
194 195
65 380
41 172
82 357
67 68
177 500 239
104 296
64 130 184
395 182
453 502
67 68
173 94
592 97
20 13
833 3
953 70
161 169
147 300
65 490 6 7
482 739 212
97 303 304 305 89 90 253
249 331
450 415
97 334
456 334
170 116
21 174
901 331 754 116 861
272 739
67 68
200 42 52 207
821 6
64 4 860
897 406
185 514 174
48 114
860 686
185 82 300
74 75
482 412
49 51
424 264 445 486
24 29
67 68
80 498 420 446
116 117
16 275
64 3 5
301 406
266 453
216 6
538 308
424 264
24 25 26 27 28 29 30 31 32 33 34 35 36 37 38 39 40 41 589 591
861 438
369 53
83 174 327
448 270
88 439
180 157
87 191
153 75
185 419 69
89 303
218 367 887
378 343
666 59
380 158
650 467
306 212
200 777
369 538
289 85
441 451
185 190
50 51
522 483
64 881 287 175
720 377
264 977
451 494
80 483 341
613 493
67 68
460 74 75 332
11 83
233 265 266 267 53
135 367 434 84 373 87 122 283 284
369 53
211 893 406
122 309
553 810 212
138 860
406 774
161 164 549
369 53
377 263
460 269
135 434 84 373 87
932 239
451 814
233 538
337 116
82 357
301 406
118 190
210 964
901 331 116 438 861
666 813
305 59
3 413
672 43
192 421
65 7
409 517
182 62
107 211 301 406
666 59
162 363 20
259 411
396 495
281 207
218 85
475 405
104 369 378 105
3 5
810 303
181 279
829 301
3 4 5
323 46
483 420
1002 3
466 810 708 62
195 196
322 251 395 182
266 267
184 199
233 538
145 187
3 4
130 910
108 405
104 394
93 22
97 171
104 379
376 92
529 7
264 334
69 510
69 22
264 528 920 926 418 548 424 172 48 49 443 444 445 319 77 334 848 977 486 362 114 115 246
412 133
153 284 406 63
107 551
64 409 4
128 22
459 276
99 63
522 87
197 821 199
739 212
170 339 439
306 212
533 405
233 557
3 413
3 860
202 821
114 319
21 22
757 615
184 130
52 821
427 173
4 5
49 483
155 933
474 36 29
769 405
368 418
434 373 181
833 59
269 222
250 63
490 406
82 107
224 19
19 222
67 68
369 53
5 7
67 68
64 58
897 406
192 279
481 21 22
145 187
28 31
507 431
667 20
57 55
65 406
36 439
306 412
58 138
162 8 13 20 662 667
161 547 613 234 106 236 146 84 533 213 405 253
82 419
179 414
160 159
67 68
3 7
115 334
321 322 369 105
75 691
48 49
641 101
514 174
170 171
8 142
439 7
259 435
401 93
460 269 223
232 233 557 53 62
138 59
108 134
720 377
284 61
170 339
88 475
208 96
180 158
170 339
273 310
352 130 162 297 330 364 366 304 496 82 211 372 29
169 130
10 530
402 715
52 821
24 25 36
29 166
105 395
59 3
108 356
289 163 71 234 434 85
554 522 341 599
67 68
881 4
65 92
305 257
283 589
105 378
301 69
369 53
720 398
184 330
569 130
448 323 430 335 336 593
304 272 253
114 115
235 7
550 70
310 223
15 182 391
48 264
18 315
499 142
860 813
65 529
664 81
421 652 14 302 625 119
680 81
180 821
64 306
67 68
312 310
9 511
369 53
192 6
212 286 287
551 81 82 185 510
48 115
104 321 322
402 527
369 53
530 363
160 211 159
456 97
17 107 301 406
32 199
306 686
860 686
156 47
14 119
173 87
107 255
8 667
429 165 47
488 559
251 151
264 334
129 821
192 180
52 821
357 70
368 262
115 334
76 77 334 48 49 51
821 166
810 306
117 246
901 754 979 116 438 861
264 114 115
67 68
144 475
395 182
301 406
67 68
409 90
640 639
129 42
107 188
521 138
374 167
821 53
508 244
482 739 810 55 56 59
1 317
409 138
451 435
857 45
346 351
184 70
171 428
313 367
24 25 36
3 195
435 366
67 68
135 367 434 373 87 122
122 83
82 363
640 639
561 43
326 327 328 11 307
34 439
106 83
352 123
122 159
608 545
369 53
283 813
72 434 50 51 85
41 548
107 188
202 167
897 301 893 406
108 284
336 593 335
264 246
80 121
339 230
18 155
233 706
337 116 117 340
1 147
194 196
169 134
129 198
75 269
174 167
75 269 222
69 22
3 108 5
544 184
488 700 333 407
12 325
281 52
264 339
453 567
821 206
146 291
173 198
232 233
346 181
41 901
101 405
224 283
592 161
90 286
181 279
88 821
136 137 171 337 338 339 252 116 438 439 117 340 124
18 167
171 117
821 207
232 693
242 238
10 559
810 90
82 107
3 195
213 22
138 287
306 7
137 166
304 83
369 53
232 265 266 233 441 62
75 222
424 304
394 396
161 22
35 36 40 24 25 28 29 30 31
108 749 598
161 207
769 98 354 100 101 102 641 324 710 99 619 405 663 125
458 494
514 613 50 51 85
505 359
97 620 304 58 925
160 320 640 235 236 237 238 239 588 241 210 211 244 243 242 245 638 159
116 461
810 90
184 521
184 129
696 228
8 361
485 291 564 573
841 66
170 171
808 133
334 303
352 293 168 232 427 279 281
157 350
505 359
64 897 3 4 5 406
401 310
3 413
67 68
298 261
210 122
445 334
514 174
48 418 444
170 124
170 116 117
170 130
64 3 521 409 282 286
201 777 909 918 919 95
474 435
49 334
205 821
58 287
829 301
33 31
344 181
4 887
642 372
170 171
30 439
41 246
75 220
212 412
282 482 3 5
216 223
448 499
212 55
147 53
200 821
89 810
114 115
147 53
376 81
168 378
470 479
394 322
216 223
952 958
778 483
739 810 55 56 57 59 60
165 140 270 47 16 46 274 275 273 217
264 246
748 63
49 334
188 223
274 270
59 3
9 467
67 68
56 639 159
680 81
161 394 182
108 301 406
161 60
184 130
196 7
161 234
418 548
67 68
24 41
22 327
744 517
833 3
29 439
175 287
272 449 273
173 414
144 485
146 423
1 251
122 159
701 662
435 244
193 3 103
160 211
220 173
64 3
184 199
272 133
85 405
922 931
24 25 26 27 28 29 30 31 32 33 34 35 36 37 38 39 40 41 589 591
1001 207
312 223
339 639
42 199
264 115
90 286
369 53
116 367
281 130
82 358
115 319
860 686
445 486
339 171
881 138 287
448 449 41 141 430 447
424 439
330 259 475
357 639
192 181
521 14
284 493
328 326
136 438
390 391
144 481
59 4 813 860
92 478
652 255
160 238 239 210 243 242 159
179 215
304 97
283 83
12 142
819 190
354 405
412 4
315 86
180 382
475 358
769 101
474 107
89 303
409 517
5 63
184 545
296 386
97 418
474 582
138 3
720 380
483 341
171 876
656 281
16 335
550 510
67 68
901 331 754 116 438 861
57 810
964 932 238 927
460 757
97 212
147 53
13 87
136 41 76 77 438 254
380 398
369 378
49 41
3 5
739 212
161 810 132
108 356
521 93
146 107
810 212
212 132
184 202 130
108 63
233 53
216 75
185 188
52 119
237 239
522 341 135
85 405
122 253
281 180
50 51
130 459
136 137 171 337 338 339 252 116 437 439 440 438 117 340 124
184 130
74 75 460 332 499
3 196
810 827
334 303
67 68
250 59
3 4
593 270
45 63
180 382
369 538 233 53
170 117
264 77 246
435 413
64 209
61 151
328 22
274 46
3 518
48 49
488 559
829 107 301 406
420 181
569 427
421 327
456 172
122 187
49 76 77
217 165
363 422
185 300
129 173
115 687
59 423
76 254
434 85
549 382
177 182
114 334
41 26 27 39
488 559
282 253
163 85
285 279
36 439
22 175
116 428
369 53
281 207
194 196
282 212
435 366
4 413
285 150
483 341
129 821
129 777 909 918 919 802 168 42 52 821 197 198 199 200 201 202 203 204 205 206 207 208 594 95 96
64 860 253
561 317
378 182
173 414
32 166
59 413
171 471
420 15
97 132
810 286
98 324 103
680 81
5 413
184 412
184 22
130 173
4 175
296 19
213 71
123 516
46 462
212 286
85 405
122 187
67 68
129 52
171 117
544 130 291 451 293 281 169 427 459 173 271 601 527 402 569
104 391
269 223
107 188 406
108 29 63
20 460 45
212 133
130 29 366
232 285
409 282
65 490
129 821
192 350
866 60
178 179
64 212
83 284
810 212
49 76 77
488 559
550 70
11 326
369 395
269 223
394 213
139 287
16 217
16 449 430 46
210 287
48 49
333 407
600 159
168 197
289 163
101 430
76 77 254
67 68
448 449 141 270
964 143
860 686
107 301 406
115 319
168 15
264 114
833 5
82 22
13 87
281 474 420
326 327 328 11 401 307 21 22
531 294
67 68
115 334
272 58
18 75
171 116
603 12
129 347
347 343 215
296 398
821 134
64 5
860 686
378 62
81 107
306 139
369 538 233 53
413 103
880 243
36 30
162 13
769 98 354 100 101 102 641 324 710 99 619 405 663 125
50 85
609 805 233 266 267 265
198 87
188 406
64 175
194 3
67 68
24 334
13 63
25 41
97 482 212
75 43
115 334
283 284 367
860 686
185 82
64 846
285 181
36 14
216 223
89 305
177 612
75 310
48 49
170 171 116
857 467
106 83
827 3
3 4
209 482
115 334
662 503
488 559
104 61
184 22
5 63
272 212
67 68
896 334
64 3 4 5 846 60
521 287
410 118
243 159
873 378
613 38 218 556 494 145 114 755 753 85 250
233 61
18 143
901 331 754 116 861
273 7
304 97
26 439
484 173
115 291
3 5
227 86
435 413
475 92
310 223
64 4 5
289 84
193 5
490 7
114 319
184 402
177 178 179
59 287
124 252
83 487
216 269
222 310
341 166
352 158
217 580
475 92
24 29
16 449
97 212
17 284 309
369 378
88 485
570 740
212 662
52 821
352 179
65 787
363 45
51 85
280 108
30 439
67 68
196 7
424 264
264 528 926 418 548 424 172 48 49 443 444 445 319 77 334 848 977 486 362 114 115 246
860 686
89 90
291 573
530 499
909 919
274 323
202 821
264 445
49 76 77
171 116
302 14 119
434 163
32 33 34 35 36 37 38 39 40 41 24 25 26 27 28 29 30 31
185 70
46 47
424 264
544 184
177 293
243 159
185 7
89 90
508 244
334 167
434 373 181 71
168 15
25 97
57 4
272 273 46 47
268 20
173 414
816 881
106 213
115 246
495 87
97 620
96 95
67 68
901 754 979 116 438 861
395 182
157 181
860 686
233 53
146 59
160 211 159
964 239
291 495
224 18
97 482 212
130 279
376 81 664
546 439
83 446 78
380 398
857 507
160 241 243
6 7
296 381
65 142
448 800
212 132
129 821
257 130 129 366 115 279
680 81
125 405
64 409
301 406
20 13
3 5
233 220
728 465
856 300
136 252
11 357 639
8 20
136 817 754 252 861
64 3 4 5 409
69 22
184 435
376 81 664
816 139
248 247
248 247
330 475
64 860 253
701 662
829 301
353 343
41 76
65 6
82 108
147 53
63 71
521 138
45 134
170 213
138 686
105 378
288 300
421 454
434 181
76 254
49 76 77
56 161
302 598
196 5
301 406
162 20
135 554 341 599
4 413
860 813
114 334
260 22
392 390
897 406
378 182 62
89 534
67 68
306 286
169 130
409 306
115 334
21 22
441 499
105 395
211 244
729 174
130 487
212 412
3 413
59 412
496 372
14 279
41 26 27 39
114 334
336 930
289 234
378 491
67 68
602 83
359 968 10 333 526 914 500 407 700 766
377 381
64 846
122 83 87
250 372
59 212
482 212
395 390
474 107
59 212
115 79
128 21 22
170 116
100 405
50 51
532 166
144 475
33 34 35 546 36 39 40 41 591 26 27 28 30 31
143 283 284 161 933 167 694 63 83 595 84 87 602 108 367 495 753 373 374 122
134 63
17 165
82 108
193 413
17 425
12 325
105 378
529 7
824 662
170 171 116
405 102
312 216
272 519
88 428
185 7
341 135
171 117
412 286
123 180
180 263
482 3
410 3
152 749
82 63
860 686
642 107
104 296
377 263
30 439
233 538
296 381
897 301 893 406
116 252 861 439
130 115
446 582
115 420
369 233 53
82 138
577 161 483
493 166
115 334
407 359 9 10 333 45 499 500 501 503 507 700
67 68
106 213
171 116
114 115
241 159
587 3
315 86
213 70
3 5
157 181
67 68
49 246
217 270
306 212
217 270
162 13
821 86
269 460 332 757
154 108
59 412
190 6
67 68
138 287
720 394
60 413
219 197
162 662
107 188
514 174
301 406
136 438
67 68
184 143
197 821
833 3 827
348 181
16 593
171 549
10 530
161 252
857 13
901 136 331 116 438 252 861
8 407
507 366
233 557
67 68
619 405
109 261 94
75 310
161 297
217 580 270
97 611 90 620 304 57 58
26 27
84 286
49 77
64 3 4 5 138 175 159
396 87
3 195
170 252 861
680 81 664
274 141
104 378
273 310
245 237
88 146
860 413
108 284
33 34 35 546 36 39 40 41 591 26 27 28 30 31
67 68
67 68
639 47
829 107 301 406
377 182
257 83
90 7
59 286
14 327
482 810
41 172
833 3
890 107 301 406
139 60
171 116
41 27 39
96 219
680 81
67 68
412 3 4
152 749
30 439
283 291
144 330
147 300
59 194 3
829 301
429 270
272 273
369 53
114 334
144 330
98 355
84 167
401 260 261
98 125
67 68
98 103
129 777 168 52 197 198 199 200 201 202 203 204 205 206 207 208 594 95 96
250 115
42 86
219 197
3 4
22 23
41 444
97 132
233 52
67 68
952 958
297 378
192 7
59 6
147 53
83 284
106 250 148 213
122 83 428 253
284 133
369 53
41 27 39
83 187
3 7
860 686
666 3
233 557
210 547
378 62
490 7
291 485
4 413
142 366
412 244
369 53
201 205
522 135
208 129 96 198
908 852
64 4
171 262
180 382
115 334
569 330
833 3
412 132
114 362
434 71
291 564
18 318
928 964 927
395 182
451 543
569 402
490 6
161 82
97 90
369 322
83 22
429 46
130 173
136 41 76 77 49 438 254
192 181
330 259
265 233
48 444
216 43
170 171
192 150
20 294
96 197
96 821
56 521
64 4 60
860 686
537 87
302 598
122 181
378 182
245 237
901 136 331 817 754 116 438 252 861
64 297 130 82
257 519 167 493 153 284
291 207
140 141
89 305
451 276
129 347 52
3 196
48 49 51
810 686
82 330
75 43
424 264 114 319
312 216
99 324
209 482
369 53
82 357
173 182
114 334
18 315
821 151
97 286
827 3
739 212
97 132
810 60 55
569 130
264 115
320 161
188 190
50 51
76 254
20 13
3 587 139 435 409 413
452 453
129 821
250 106 83
115 246
116 821
972 5
83 87
930 323 335 336 593
498 341
56 482 212 55
283 164
115 334
216 6
482 55
21 22
14 327
64 881
289 253
166 136 137 170 171 337 338 915 252 116 438 439 117 339 340 124 861
123 348
138 686
474 82
93 23
459 63
129 29
64 5 138 282 860 253
27 39
354 355
171 116
418 115 114
352 180
219 197
810 286
3 212 5
245 237
122 115 334
130 527
18 315
394 213
130 173
281 15
130 494
200 96
813 413
64 287
482 810
296 386 388 381
161 558
41 76 77 49 754 438 254
135 554 522 599
216 88
139 287
860 686
90 3
509 510
64 409 138
641 938
184 130 366 519
8 20
76 254
209 59
46 430 47
212 55
64 161
59 139
116 117
216 542
315 86
140 270 430 47
180 157
83 187
860 813
848 926
104 61
67 68
184 545
80 582
75 342 310 312 216 317 223
456 848
482 3 739
328 22
41 30
410 421
65 490
433 434 50 181 373 218
339 439
69 510
155 174
680 14
70 959
569 122 427
620 614
82 357
369 53
390 391 392 297 296 396
180 382
59 7
161 289 613 234 106 236 146 435 244 213 533 84 405 245 122 253 638
35 55
841 87
88 211
162 122
24 161
184 130
490 645
369 53
123 124
20 13
67 68
266 267
441 451
291 573
833 3
354 405
307 69
59 3
129 52
57 234 59 405
129 821
170 107
192 181
116 246
354 405
468 223
136 438
482 413
216 561
360 530
106 82
216 284
115 334
284 309
147 300
56 739
188 301
96 219
64 184
67 68
233 267
242 235 237
376 81 231
64 287
352 181
860 686
216 223
824 265
496 372
67 68
139 991
821 487
124 439
61 182
234 236
289 234 210 244 533 253
3 7
83 191
130 372
496 209
219 197
561 75
252 901
571 662
314 75 318
441 207
302 14
432 84
250 45
253 303
108 439
257 270
170 339 356 639
367 83 84 85 122 253
177 179
35 55
210 964
265 441
336 323
64 4
82 156
380 158
409 3
82 63
908 263
48 117
4 175
67 68
75 222
522 341
554 522 341 599
129 108
64 4 175
282 55
49 51
816 138
147 53
193 3 4 5 412
422 334
474 372 405
34 29
22 23
49 51
372 47
24 36
346 181 215
373 374
166 171 337 338 339 116
21 93
129 495
808 133
250 284 406
123 180
130 459
170 171 116
282 846
122 83
45 501
827 3
18 75
88 435
412 133
140 430
328 821 487
13 87
495 284 87
296 19
65 6
521 719 282 7
409 282
378 164
401 260
413 7
21 22
312 261
272 412
233 53
185 130 82
146 547
181 263
328 22
67 68
66 201 179 276 441 414
94 173 414
323 141
194 3
275 270
376 475
339 212
409 413
115 487
165 175
170 171
481 67 612 390 561 49 339 212 118 662 122 253
550 70 326
488 700 333 407
67 68
64 922
82 70
20 45
154 933
116 439
289 71
972 5
185 419
81 358
386 381
116 861 438
64 3 4 5 272
298 75
301 406
829 301
4 813
67 68
97 171
264 114 115 334
547 907
409 90
482 810 686 950 55 57 58 60 253
166 170 368 465 115 532 29
482 306
4 413
114 115
147 53
59 3
860 686
184 545
358 143
168 281
130 715 173
195 239
266 267
5 413
82 419
64 521 209
359 488 333 407 700 701
272 739 212
435 62
456 264
8 570
106 250 148
860 686
591 439
521 138
13 87
59 3 5
116 166
71 72 367 433 434 85 218
80 63
488 559
833 3 5
475 302
42 43
67 68
3 5
589 37 30
482 212
130 527
24 29
112 122 109 111
553 59
264 161 114 334
184 130 173 94
170 171
180 348
67 68
108 133
529 7
3 5
457 170 301 115 406
130 435 366
435 45
552 70
71 433 50 434 51 181 373 218
178 179
485 573
165 47
160 211
516 94
148 213
953 510
307 70
171 428
98 405
302 14
54 15
122 211 235
330 475
76 254
553 212 412
8 20
184 22
184 129 29
6 7
897 301 174 406 893
82 510
108 63
49 51
296 284
465 130
728 465
641 101
495 87
64 4
474 299
289 163 550 234 434
339 116
441 201 499
166 31
181 263
138 860
260 261 94
272 133
146 572
177 178 179
48 49
227 284 63
96 198
138 55
116 117
616 428
378 182 62
829 107 301 406
369 441 276
75 222
98 103
36 38
334 303
264 445
281 465
930 335
184 330
81 82
17 425
305 90
41 76 77 49 254
83 357 475
48 49 51
881 138
170 116
107 460
64 435
115 548
3 7
185 250 82
200 129 821
128 22
3 413
50 51
210 211 237
304 83
64 139
369 53
306 286
175 287
192 347
490 7
41 114
237 239
114 319
88 50 51
324 126
57 4
212 127
138 282
861 438
3 4 413
306 846
160 159
848 206
564 485
284 493
368 152
272 413
594 52
267 214
521 60
210 12
449 141
528 319
116 439
400 404 527
418 548 486 264 424 362 77 334 528 49 114 48 115 246 443 444 445 319
76 254
49 114
97 262
881 138 860
866 413
130 115
827 3
322 302
202 487
688 108 405
170 171
923 957
120 41
82 70
245 239
81 82 21
69 70
20 662
265 266
170 116
739 212
97 212
232 233 557
3 5
412 982
21 22
376 81 664
67 68
42 86
49 334
380 175
288 70
108 87
161 269
369 53
377 7
83 22 327
115 334
304 130
652 302
185 510
82 551
272 306
292 207
22 23
833 3
497 422
242 500
341 135
108 356 63
96 821
354 405
12 325
3 5
171 549
21 93
442 708
388 199
108 356
49 77
260 261 298 75 342 249
97 340
59 212
424 264
522 341 135
51 85
224 75
88 955
67 68
330 479
488 559
326 327 328 11 307 21 22
19 134
409 306
3 860
552 300
301 893 406
744 518
352 131 181 149 215 347
59 334
641 125 639
104 527
572 143
29 213
173 414
213 22
22 23
369 53
336 593 335
136 41 76 77 49 438
272 133
306 139
5 63
273 270
860 686
104 391
76 254
24 29
168 169
369 53
160 216
289 284
550 510
97 90
194 5
833 194
372 405
495 663
58 138
964 244
20 13
67 68
212 55
260 261 74 75 298 342 249
441 819
534 423
180 158
289 163 71 72 433 50 434 51 85 373 181 218
97 7
505 45 766 431
49 51
456 319
227 276
49 76
97 212
514 174
235 495
108 533
75 342 310 312 216 317 223
74 18
589 30
212 55
200 129 204 821
368 428
185 70
487 279
301 406
107 886
401 21
282 59
328 22
156 189
65 841
161 133
507 45
97 611 90 620 304 57 58 60
202 52
3 195
57 59 60
272 699 55
369 538
48 114
312 18
739 212
76 254
195 196
107 188
96 65
48 87
304 5 565
418 362
522 135
17 133
264 427
75 222
147 53
59 860
64 553 138 306 212 58 412 286
97 171
60 813
434 289 234 85
52 109 110
129 130 45 366 304 435 115 821 857 90 59 253
306 195
546 29
49 319
33 252
122 83
184 153
114 443 444
418 548
64 4
643 454 255
517 518
109 94
522 135
193 3
129 284 366
550 551
363 45 294
453 142
482 699
306 55
409 90
860 413
46 462
212 55
59 3
357 639
147 53
84 167
60 413
412 55
65 158
409 59
129 52
380 390
153 284
122 282 253
129 52
64 4 413
553 810
75 342 310 312 216 317 223
272 412
21 22
438 166
272 133
115 334
841 66
97 611 90 620 304 57 58
664 81
169 516
136 861
132 286
64 90 4
6 319
121 18
496 368
13 639
96 821
108 301 406
8 571
108 301 366 406 284
149 150
3 4
116 166
76 254
964 238 927
3 7
64 57
250 363
130 279
3 5
821 933
59 860
202 821
46 462
483 341
266 62
521 175
230 199
29 31
232 435
162 122
250 82
291 107 366 334 494 435 116 20 406 246 117 857
115 334
170 171
313 378
272 133
180 382
264 77
901 754 979 116 438 861
330 475
181 343
474 494
306 133
378 395
352 346 215
3 7
272 133
210 212
35 55
482 7
122 116
435 244
224 75 222
297 322
306 282
666 813
41 172
169 130
122 187
67 68
58 7
108 301 406
212 132
122 190
171 549
459 276
65 841
488 333 407 700 701
811 302
405 102
285 150
82 284
185 299
444 39
15 61 182 391
402 494
369 53
21 93
301 406
972 413
24 161
112 109
184 130
860 5
195 5
161 167
233 285
388 390
180 158
18 19
97 90 303
129 821
396 182
217 270 447
184 330
494 295
233 134
418 246
407 359 8 333 45 526 914 500 501 502 503 504 505 700 375
64 4 175
821 86
28 94
57 58
284 6
560 167
232 233
104 296
274 46
291 15
180 157
114 362
474 546
600 159
6 7
195 5
451 173
17 283
522 341
323 46
104 369 105
291 823
89 90 286 303
499 142
378 62
282 7
347 207
64 60
49 51
59 860
21 22
369 322
138 286
74 298
211 159
405 63
283 284
20 13
8 20
106 83
114 251
175 287
3 195 196
3 5
563 427
482 59
140 430
560 770
120 49 77
378 284
219 227
377 378
1 317
3 196
368 152
235 238
97 132
260 135 519 174 302 307 536 155 63
4 413
521 7
334 246
46 323 270
190 942
64 587 3 5
171 116
281 130 487
424 264 445
129 206
64 57 572
504 507
64 4 175 881 57 287
74 331 332 298 249
860 686
67 68
3 5
283 85
22 231
138 860
160 640 238 239 210 243 242 159
232 233
64 7
114 334
434 289 234
166 170 368 115 29
897 639
412 413
129 198
378 491
41 246
12 503
21 93
64 881 287 175
449 447
49 334
168 197
283 598
48 114
59 3
335 47
296 388
252 439
108 116
174 22
177 179
19 134
250 435
488 497 452
378 182
212 133
897 301 893
96 821
833 827
482 212
301 893
75 342 310 312 216 317 223
3 4
144 330
666 860
369 378
824 662
65 377
88 49 51
89 97
18 63
194 827
8 20
496 257 368
270 255
67 68
27 252
497 452
656 471
246 319
296 284
284 373 374
413 7
613 405
122 191
301 406
264 246
401 260
38 87
330 411
60 287
276 414
85 405
496 435
49 434 50 51 85 88
67 68
180 157
3 194 195
59 3
129 777 802 168 42 52 821 197 198 199 200 201 202 203 204 205 206 207 208 594 95 96
8 570
64 270
161 749
173 414
302 14
860 813
67 68
672 188
232 285
673 161
352 88
184 130
115 412
288 93
321 395
3 5
487 279
672 70
289 51 85 71
97 212
171 134
170 116
808 133
341 135
93 87
129 821
328 22
3 195 5
49 76
67 68
418 115
456 319
67 68
412 4
185 70
104 527
65 829
460 269
821 423
129 52 821 918
412 3 4
284 366
378 182 62
175 286 287
114 115
76 254
85 71
432 106
18 311
180 382
475 92
88 211
155 174
96 219
412 286
184 199
253 686
107 188
306 282
170 116
170 439
209 156
65 250
46 462
76 254
129 202
67 68
49 51
17 175
813 860 413
364 532
192 343
475 111
522 341
3 860
88 813
283 59
288 81 82
274 323
241 210 237
133 553 212 412 286
343 215
553 212
307 22
369 53
67 68
122 187
64 553 212 572 286
448 449 934 140 430 335 336
488 700 333 407
418 371
321 182
744 517
369 322
354 405
177 178 179
3 5
57 59
83 45
244 253
257 130 519 153 284 29 162 297 304 330 82 211 88 352 107 366 496 372 250
418 334
3 195
118 614 615
123 124
306 59
122 187
10 453
270 47
18 222
172 246
336 593 323 335
3 4 413
813 887
418 114
3 195 5
361 214
179 414
686 55
288 82 22
16 425 46
170 116
272 273
67 68
67 68
328 417
810 306
75 460 269 561 189 216 188 317 223
67 68
817 171
161 613 102 234 236 146 84 533 85
300 701
213 22
177 178 179
682 343
107 21
108 933
114 319
192 123
223 87
344 279
97 212
177 594 516 95
953 510
161 22
460 269
322 948 182
89 150
266 267
96 124 62
441 276 414
216 401
354 355
538 53
114 246
108 63
177 178 179
114 246
21 22
456 97
64 194 3 5 59
166 136 137 170 171 337 338 339 252 116 438 439 117 340 124
147 53
184 860
37 31
136 252
169 204 281
64 4
338 339
170 439
472 256
114 334
67 68
401 261
235 964
72 50 51 85 88
369 53
322 395
81 287
81 82 107
185 358
267 268
28 52
453 142
125 405
196 5
49 51
315 86
451 814
195 413
392 378 594
59 212
190 191
408 45
67 68
97 620
122 613 111
264 246
88 49 51
64 4 60
101 102
184 199
72 50 83 51 85 218
219 197
114 334
550 551 70 679 668
64 4 60
158 351
122 547
331 557
545 814
234 829
609 805 233 266 267 265
101 405 126
18 19
272 193
101 709
75 68 223
201 177 178 179 441
424 90
67 515
306 686
472 435
59 3 212
90 807
291 823
161 354
305 421
334 246
49 246 319
106 22
361 534
848 114
369 322
192 347
122 83
193 3 409 58 413
449 141
507 431
394 18
144 83
122 547
3 196
833 194 827 5
777 909
177 179
304 305
103 7
456 172
123 124
428 262
175 287
3 587 139 239 435 409 413
166 136 137 170 171 337 338 339 252 116 438 439 117 340 124
72 434 50 51 85 88
378 182
101 430
124 439
108 405
237 239
380 182
171 116
216 223
369 53
252 439
13 15
67 68
16 335
484 557
456 124
141 47
114 362
50 51
3 7
363 821
180 382
24 116
264 170 427 339 115 319
50 51 85
180 215
12 325
178 179
490 7
306 7
3 139
67 68
92 358
928 927
130 291
67 68
3 4
184 199
185 509
172 444
21 22
20 13
106 435 534
185 366
82 156
289 234 176 49 306 213 59 253
860 686
680 664
459 87
448 934 141 430
430 47
97 93
104 233
544 130 184 402
260 261
97 212
185 300
50 85
377 263
739 212
210 212
182 343
91 475
82 357
373 374
405 423
357 301 893 406
146 951
264 115
395 62
485 291 564 573
50 85
450 415
326 327 328 11 307 21 22
107 189
48 444
154 108
451 439
104 391
75 951
17 425
64 272
184 129
296 380
3 5
50 51
184 199
21 22
490 7
482 306
56 59 60 739
21 886
933 334
816 138
3 7
2 317
262 428 368 656 471 120 152
75 188
171 428
116 821
67 68
285 150
496 372
96 821
48 49
779 86
170 319
129 821
260 261
306 412
948 61
108 5
285 150
272 133
115 334
770 108
171 117
353 343
339 639
425 283
136 438
265 441
307 327
72 50 51 85
514 155 174
64 4
897 174
60 846
317 222
369 53
264 114
381 183
289 163 85 71
897 301
143 283 284 161 933 167 694 63 83 595 84 87 602 108 367 495 753 373 374 122
64 3 196 5 587
169 459
281 94
57 60
140 141
145 255
336 16
147 300
67 68
41 36
334 303
284 367
212 302
495 87
205 582
371 86
488 559
166 14
22 23
138 287
281 204
201 441
409 306
640 159 160 320 588 210 211 234 235 236 237 238 239 241 242 243 244 245 638
49 77
108 133
262 428 656 471 120 152
64 17
330 357
296 322
264 334
495 439
9 574
231 63
67 68
115 63
108 284
528 114 319
145 187
339 117
67 68
49 51
32 34 36 37 40 28 29 30 31
138 108
233 538
418 362
185 510
208 129
115 366 246
136 116
444 39
281 207
284 133
388 199
378 251
507 766
232 233 557 53 441
49 51
593 335
1 227
224 178
75 222
115 173
162 20
662 503
5 413
133 143
153 83
64 860
34 439
171 549
3 5
1 147
216 561 223
301 406
25 36
212 412
283 255
368 428
161 612
122 211 159
88 146 107
931 239
608 549
250 108 284
67 68
64 161 4 60
82 357
425 259
301 406
177 178 179
41 548
881 138
24 161
24 25 26 27 28 29 30 31 32 33 34 35 36 37 38 39 40 41 591
418 115
321 617
184 130
3 991
376 283 475
302 14
72 50 51 85 88
107 188
72 49 434 50 51 85 88
4 813
28 29
83 396
532 117
340 15
260 261
20 13
498 420
50 51
466 62
553 59 212
19 87
114 340
500 503
184 161
114 251
184 170 171
313 378
394 106 428 146 148
16 46
281 207
107 366
98 324
160 441
257 212 286
465 166
170 117
810 90
123 348
291 573
163 71 72 218 433 50 434 51 85 122
234 236
3 4
97 286
276 414
64 3 195 196 282
728 465
211 159
490 7
39 41 26 27 444
18 310
95 215
64 4
212 412
465 166
171 116
884 166
184 138
12 23
130 459
662 503
739 272 212 55 56 59
80 121 220
206 95
130 293 134 487 169 233 427 459 173 527 15 404 54 184 441 94
289 163 234 85 218
18 310
3 4 813
155 364
1 178
122 11
420 301
145 493
613 341
255 108 63
212 55
12 325
376 330
114 251
153 108
171 372
122 191
485 564 573
306 7
16 141
192 347
250 356
135 367 434 373 87 284
82 366
928 243
253 59 860 813
528 115
336 593
114 982
394 182
509 510
108 87
212 662
361 214
272 212
281 378
104 394
129 29
301 406
70 190
202 94
312 226
145 255
255 108 63
64 5
569 563
61 182
909 95 919
3 7
408 142
76 254
67 68
25 31
281 54
99 372
59 212
361 372
114 115 334 319
162 667
484 343
43 116
180 285
64 256 356 170 330 47 82 115 212
376 63
173 94
65 377
739 212
301 406
964 927
283 284 143
100 709
816 58 138
609 805 233 266 267 499 62
893 174
168 197 821
115 334
507 366
483 341
612 271
490 7
1 6
388 199
263 278 150 279 285 179 180 192 215 344 345 343 347 348 346 350 351 352 353 349 232 123
108 301 406
572 63
115 334
260 261
217 140 430
291 573
114 362
64 833 194 5 827 860
291 823
108 22
932 159
3 4
138 282
409 59
857 13
744 103
283 284
67 68
96 821
129 166 52 281 31
304 90
209 59
558 446
378 62
3 5
64 4
177 178 179
160 159
284 182
81 82
104 105
444 821
488 700 333 407
60 413
266 267
265 441
309 134
208 202 96
529 7
356 639
163 71 433 434 181 373 153 218
435 148
322 378
368 166
259 358
297 381
41 26 27 39
813 4 413 860
275 679
129 777 168 52 821 197 198 199 200 201 202 203 204 205 206 207 208 594 95 96
20 13
420 303
188 63
64 138 304 16 210 211 372 212 89 286 287
441 276
4 413
96 95
412 3 4 193
554 341 599
96 821
170 252
435 63
286 55
22 23
451 814
209 482
48 49
66 563
67 68
162 266 13
216 296 61
67 68
16 761
230 31
36 166 262 487 202 15 114 52
106 148
453 142
282 3
49 41
138 139
24 879
233 62
13 87
248 662
74 332
368 29
333 407
107 188
99 405
242 159
810 286
216 250
21 93
897 301 893 406
481 67 612 390 250 561 49 339 212 118 662 122 253
233 62
172 262 471
48 49
83 84
563 15
609 325 805 267 556 721 467 755
434 50 51 85 88
301 406
264 170 427 339 115 319
76 438
282 7
857 20
108 20
482 3 5 810 212
154 356 63
347 158
58 3
104 378
49 115
97 90
274 813
289 163 84 85
482 3 739 5 810 212
368 439
348 181
154 63
59 286
537 87
83 573
778 341
521 138 60
281 129
289 434 284 85
352 346
242 235 237
699 286
115 334
20 431
260 519 155 174 539
72 434 51 85
114 115
232 66
4 813
139 287
177 178 179
11 14
67 68
280 148 63
821 207
819 302
964 237
162 20
363 108
482 212 412
369 53
281 15
394 122
485 573
444 334
369 394
64 3 4 5 521 846 282 60
163 433 50 434 51 181 373 85 153 218
82 357
101 405
117 262
32 152
88 821
250 435
129 821
107 43
483 341
395 182
296 19
162 268 20
49 51
170 438
41 444
168 343
428 262
64 3
230 199
52 821
49 166
833 194 195 196 827
172 166
76 254
964 237
528 319
200 821
216 75 223
640 170 47 339 639
216 401
8 20
128 23
860 813
359 488 333 407 700
3 5
64 133
405 102
108 406
28 45 94 52
434 373 181
122 213
409 827
272 212
166 136 137 170 171 337 338 339 252 116 117 439 340 124
138 860 686
281 15
161 269
3 195 196 6
106 22
116 334
88 334
108 284 63
22 23
405 126
107 460
41 171
193 3
424 319
180 158
171 549 311
266 13
49 334
129 250
412 133
306 686
49 76
458 402
194 3
168 821
116 31
289 163 72 433 50 434 181 85 153 218
17 425
340 341
202 821
289 71 72 433 50 434 51 85 373 181 153 218
474 461
45 31
54 15
3 196 534
130 199
108 116 166
412 3 4
212 133
171 471
74 332
67 68
134 166
472 256
405 663
301 406
260 261
42 86 87 88 444
18 19
347 158
418 115
698 322
49 76
210 122
491 406
84 341
264 114
67 68
337 166
129 198
3 7
288 419
171 549
184 130
547 59
488 333
160 238 239 210 243 242 159
81 82
224 314 318
376 81
171 420
378 180
154 63
212 132
201 778
662 503
291 494
67 68
217 46
122 250
369 53
233 441
72 51 50 163
451 439
357 70 550 363 82
108 749
233 179 276 441 414
232 123
931 239
150 207
86 87
266 267
140 47
272 212 412
306 59
184 199
169 451
345 181
185 82
650 467 422
184 134
22 23
66 499
459 255
64 3 5
330 358
163 413
465 130
65 398
147 53
435 36
48 115
369 53
451 439
412 133
250 108
64 4 175
194 3
34 39 40 41 120 27 30
328 22
336 16
266 20
412 286
816 138
227 86
376 81
161 174 406
138 282
192 345
162 8 13 20 662 667
380 183
49 77
160 238 239 242 243 159
107 22
170 171
198 495
522 341
289 163 71 433 50 434 181 373 153 218
272 412
108 813
241 212
308 348
24 27
345 177 178 179
233 53
160 242 239
181 263
239 623
175 287
304 372
138 212
12 23
233 557
289 163 234 434 218
233 538
161 129
71 72 367 433 434 85 218
260 21 22
317 223
147 188
170 117
139 686
202 558
291 564
67 68
444 39
200 400
354 372 126
18 75 167
88 860
202 487
537 87
177 178 179
441 178
88 435
184 22
200 777
266 675
129 821
488 559
94 414
173 414
24 30
48 114
59 6
485 516 573 823
395 182
59 7
108 964 159
185 82
22 23
418 115
29 30
424 264 246 486
173 543
173 414
739 212
480 415
64 409
46 47
65 6 7
6 7
378 182 62
163 191
897 711
306 59
64 287
67 68
18 227
250 142
328 22
394 396
107 75 222
522 341
212 286
184 82
451 292
283 284 143
346 181
3 860
233 205
307 70
488 333
881 686
708 20
140 430
64 302
48 444
123 124
27 252
521 60
95 87
388 381
554 483
48 49
264 77
259 411
48 49
34 36
170 124
12 22
720 158
59 212
260 21
75 342 310 312 216 317 223
334 319
897 639
829 6
85 405
65 412
833 3 5
138 59
609 499
212 302
114 334
322 395
354 250
3 4
212 59 412
232 130
49 334
117 438
8 142
417 401 972 5
195 196
516 485
302 174
161 133
313 302
609 232 265 266 267 233 441
97 303
418 362
96 129
136 76 438
118 119
821 87
490 7
250 356
3 4 413
810 3 212 5
76 254
25 35
3 7
91 92
323 141
298 261
118 119
67 68
16 141
330 475
833 3
184 412
147 53
83 860 5
98 103
88 146
345 181
435 230
857 45
108 270
857 45
901 817 754 915 861
96 197
138 139
331 557
209 212
24 33
281 43
59 132
67 68
236 237
181 279
108 5
10 675
209 55
833 3
821 198
59 127
16 47
517 518
361 214
106 428
217 270
323 141
43 6
105 395
125 709
181 215
64 3 4 5 521 138
97 212
413 7
67 68
435 244
171 117
252 439
58 138
106 171
105 322 378
224 221 216
434 181
232 233
21 22
507 142
304 130 184
163 284
184 134
170 117
250 29
931 239
396 87
369 53
29 166
264 246 319
217 447
170 171
75 342 310 312 216 317 223
122 83
165 430 46 16 274 217
108 358
456 49
434 181
441 451
141 46
177 178 179
120 49 77
108 63
67 68
196 5
20 13
952 708 958
147 53
40 24 36 30
508 244
569 330
129 130
369 53
116 439
18 74 331
67 68
41 26 27 39
8 12
212 284
893 406
49 334
64 4
69 63
129 777 802 168 42 52 821 197 198 199 200 201 202 203 204 205 206 207 208 594 95 96 752
893 406
296 393
41 33
233 62
185 547
16 275
754 861
395 380
510 959
108 284
516 485
418 87
306 5
67 109
376 108
3 212
291 494
128 22
491 461
141 270
118 614 615
52 198
22 23
544 184
216 296
116 117
166 136 137 170 171 337 338 339 252 116 437 439 440 438 117 340 124
171 549
609 499 422
58 55
561 85
434 181
337 161
64 833 587 3
147 300
129 108
65 7
547 454
115 172
9 526
360 361 214
18 19
201 778
106 250
195 5
170 171 339 116 246
129 821
395 182
171 116
475 357
265 62
312 226
59 405
232 233
233 62
161 82
609 265 266 267 499
134 558
132 133
59 3 5
435 405
64 860
711 748 499 509 510
64 409 860 521
209 286
90 435
810 286
185 419
6 7
75 342 310 312 216 317 223
88 51
208 202
59 85
483 341
233 62
108 84 63
326 327 328 11 401 307 21 22
528 319
122 475
490 7
219 197
129 777 909 918 919 802 168 42 52 821 197 198 199 200 201 202 203 204 205 206 207 208 594 95 96
21 69
211 212
301 406
195 6
161 18
64 175
691 223
289 163 71 72 433 50 434 51 85 373 181 218
67 68
594 341
171 549
107 406
114 246
315 421
696 21
67 68
201 129
354 405
363 142
136 41 76 77 49 438 254
12 325
979 116
170 116
283 5
26 27 39
829 301
829 301
184 199
21 22
931 239
64 59
200 129
49 77
352 204 378 496 343 215 61
8 20
483 341
107 468
948 61
248 247
129 777 802 168 42 52 821 197 198 199 200 201 202 203 204 205 206 207 208 594 95 96
18 227
114 319
456 246
56 55
58 3
67 68
376 81 664
897 366 406
107 460
721 12
67 68
53 222
19 178 75
922 931
426 402
860 175
64 4
15 391
456 114
369 53
82 639
64 306
184 17
184 63
24 116
388 199
146 475
97 212 132
18 311
64 47
371 28
64 5 521 138 409 282 860 253 287
232 54
122 83
83 181 279
739 412
216 75
250 435
104 87
8 431
59 83 5
209 196
107 189
362 246
161 394 182
346 215
378 182 62
238 927
185 190
105 322 378
141 46
250 22
107 84
82 70
388 199
3 5 7
827 195
107 301 406
352 378
64 4 304 286 287
130 279
18 315
434 71
72 434 50 51 85 88
67 68
161 357
346 181
257 82
67 68
76 254
394 302
96 219 197
20 13
18 75
147 53
369 53
179 215
108 237
41 252
281 15
330 357
122 282 59 860 253
59 3
171 549
664 81
369 53
260 261 298 75 249
696 190
210 59
570 675
171 29
664 81
169 281
64 108 5
754 979 471 120 861
558 519
250 766
499 142
326 510
3 103
952 958
5 63
61 151
369 538 233 53
61 390
172 117
97 212
74 75
361 372
298 906
114 115
569 130
147 53
395 182
171 116
107 22
259 23
113 109
72 434 50 51 85
296 61
64 4 175
116 166
171 549
161 166
75 342 310 312 216 317 223
96 95
289 234 106 176 49 306 146 116 213 122 59 253
301 406
3 5
283 356
282 175
97 90 303
171 471
345 179
485 516 573 823
881 138
57 59 60
656 117
82 366
24 31
24 29
448 140 677 447
42 15
107 460
194 5
18 315
173 134
216 296 284 61
330 358
49 334
211 159
368 152
369 105
395 182
161 311
45 167
829 301
49 319
179 215
9 45
9 12
67 68
20 13
178 179 630 441 62
395 380
108 20
3 195
860 686
67 68
69 358
115 167
482 212 306
67 68
117 166
27 39
76 254
361 170 171 496 372
367 31
116 861 438
369 53
121 18
282 302
347 181
270 534
171 117
860 686
860 686
28 94
161 108
442 363
810 286
12 325
64 175
496 171
302 598
833 193 195 196 5 827
197 821
185 510
82 357
372 101
200 96
64 409 413 521
114 115
881 58
827 196
26 31
232 285
491 460
132 55
380 175
449 165 47
173 63
58 138
161 731
268 20
512 683
424 371
41 444
67 68
18 315
418 115 334
224 283
282 412
169 204
141 46
553 282 212
114 479
6 7
24 36
860 5
136 438
155 364
64 4 175
59 3
3 195
352 96
64 587 3
346 158
184 388 199
3 413
163 748
115 334
114 334 319
328 22
272 133
154 63
106 83
521 60
939 612
589 30
200 66
24 29
273 447
338 116
341 63
425 100 125
656 439
321 378
281 130 173
67 68
484 215
82 510
769 98 355 100 101 102 354 641 324 709 99 619 372 405 663 186 125 126
435 164
377 380 398
608 171 549
97 212
429 46
441 516
458 402
96 821
144 485
116 6
30 31
67 68
29 166
45 407
700 701
212 127
64 435 3 413
322 182
49 51
96 129 197 198 200 201 42 202 204 168 206 207 208 205 52 95
184 130
488 559
97 418
330 291
282 860
180 61
52 821
366 115 211 284 159
182 7
824 20
272 132 133
609 805 265 266 267 233 62
197 207
339 340
165 47
434 50 51 85 88
680 81
107 406
75 86
441 276 414
810 286
328 22
168 169
336 323 335 448
36 591
257 250 284
178 381
283 255
532 63
64 572 253
216 222
171 471
833 3 5
193 3 4
17 283
266 13
816 521
24 252
296 297
985 334
49 77
306 59 7
35 30
833 3
6 7
233 53
252 341
67 68
147 53
94 15
230 199
616 147
67 68
827 3
616 547
3 301
50 51
306 212 412
21 93
250 115
451 543
866 60
116 367
72 163
272 132 133
922 931
57 59
264 115
210 925
49 39
22 23
122 106
128 190
141 46
281 130
122 339
301 406
548 39
75 318
64 4
80 483 341
56 55
833 194 3 5 827
552 161
433 218
88 78
142 431
114 487
363 422
3 196
852 343
174 519
108 255
378 62
75 223
160 159
901 439
18 308
401 87
59 3
301 406
336 323
418 115
75 261
232 281
161 897 893 174
124 62
50 85
67 68
280 83
833 3 5
197 198 199 200 201 42 203 204 168 205 208 594 52 95
59 55
8 20
281 130
369 233
169 516
273 47
83 79
376 357
20 13
114 443
145 255
49 334
256 285
76 254
901 136 817 754 116 438 252 861
20 13
134 558
481 283
96 821
483 135
124 252
22 23
224 118
272 306
281 130 134 143
170 639
496 171
553 810
369 53
160 821
20 662
26 39
434 181
896 418
161 285 181
488 700 333
301 406
90 303
507 366
60 55
36 439
59 255
108 5
241 210
160 241 159
67 68
448 324
107 188 269
281 285
155 364
281 130
377 182
116 166
152 24
67 68
402 715
67 68
75 269
97 611 90 304 57 58
334 143
322 395
720 842
544 88
185 474
285 302
64 4 60
57 59 60
250 420
67 68
49 41
497 452
180 382
451 483
265 266
99 405
482 3 5
166 136 137 170 171 337 338 339 252 116 438 439 117 340 124 861
218 367
210 964
289 163 434 84 85
816 139
22 63
547 971
451 439
283 125
429 462
129 821 207
272 244
777 95
3 5
171 6
6 7
330 358
97 326
368 117
377 380
285 6
305 253
64 3
363 422
130 612
170 116
106 435
130 330
161 299
8 20
304 90
59 3
147 53
482 3 5 810 212
301 406
435 215
118 119
80 63
129 378
81 283
354 405
816 138
212 132
330 115
211 159
196 7
435 22
322 395
40 29
138 686
281 130
192 852
272 412
201 129
147 53
105 322
184 910
17 425
514 75
416 415
394 83 181 106
367 83 84 85 122
161 542
114 726
336 335
160 234 235 236 237 238 239 240 241 210 211 244 243 242 245
474 546
195 196
306 212
11 21 22
258 451
24 37
105 378
160 932
59 405
641 125
860 686
181 279
114 334
129 162 130 366 435 20
272 133
49 334
82 510
346 158
21 22
369 233
827 195
833 3
451 124
116 821
97 171
456 339
129 777 168 52 821 197 198 199 200 201 202 203 204 205 206 207 208 594 95 96
3 972
108 134
141 47
57 686
373 374
448 691
330 358
821 423
363 499
177 179
224 18
739 55
106 330 82 327
104 105
744 517
49 444
18 75
170 117
141 46
860 413
48 49
388 389 390 391 296 297 393 394 524 105 61 378 379 380 381
808 133
49 77
291 573
585 291
372 175
46 462
334 303
284 590
64 521 138
625 302
1 2
81 82
6 7
129 347
339 439
64 5
140 447
96 821
185 70
114 334
232 656
216 223
129 198
210 237
96 821
20 701
354 237 83 211 152 122
360 361
833 3 5
116 861
264 281
130 250
409 60
161 210
171 549
369 322
48 49
233 215
36 591 87
266 267
67 68
88 394
608 171 549
82 510
212 132
209 59
107 188
233 369 53 538 62
81 82
250 821
401 310
67 68
475 479
64 5
145 284
155 423
369 53
96 821
136 76 438
641 125 639
130 29
380 396
108 301 406
108 860
108 301 406 63
1 460
306 7
507 45
216 561
699 212
184 303
64 306 212
57 413
66 563
439 87
369 53
321 351
424 264
453 360 9 10 530 824 574
262 428 656 471 120 152
165 270
171 252
480 415
289 72 433 50 434 51 181 373 85 218
222 223
134 262 136 137 26 28 29 31 418 546 166 40 170 444 337 338 483 362 368 115 117
209 212
24 29
409 306
3 196
664 81
67 68
50 51 83 85 122
193 3 4 588 413
451 276
3 5
428 439
322 395
93 22
233 53
90 59
257 108 284
129 14
37 166
499 15
555 373 174 135
603 239
4 413
129 777 909 918 919 802 168 42 52 821 197 198 199 200 201 202 203 204 205 206 207 208 594 95 96
901 754 979 116 438 861
3 5
482 950
357 358 330 107 479 81 82 376 185 411 184 287
161 114
122 666
301 406
20 13
232 61
97 327
516 278
376 481
129 777 168 42 52 197 198 199 200 201 202 203 204 205 206 207 208 594 95 96
174 22
289 163 433 434 181 373 153 218
36 29 31
177 179
64 59 3 5
125 405
381 62
3 103
259 108 475
860 686
48 49 51
116 166
22 23
453 662
212 59 412
64 3 4 5 138 860 253
264 528 418 548 424 172 48 49 443 444 445 319 334 977 486 362 114 115 246
201 778
369 53
212 133
257 130 420 107 45 366 15 82 372 281
74 75 332 298 18 249
245 237
193 3 4 412
441 451
467 13
67 68
406 103
378 251
487 319
122 83
264 115
608 171 435 549
67 68
282 933
212 412
88 50 51 85
132 133 272 212 59 412
130 291 131 197 292 293 232 169 168 290 204 271 15 281 285
108 334
368 108 428
453 567
64 409 139
42 86
664 81
106 250 148
106 83 84 85 122
376 7
420 491 496 435 474
64 138 5
307 22
376 81
116 117
67 109 110 112 113
233 266
827 3
848 114
41 76 77 49 254
434 181 71
92 109
210 964
662 503
233 53
201 66 499
125 405
171 471
25 97
116 117
49 76
449 270
444 86
64 881 287 175
488 559
184 45
360 361
132 133
264 319
810 303 89 90 286
97 171
901 754 979 116 438 861
232 233
64 534
304 97
177 178 179
396 175
142 359
302 174
514 547
67 68
57 59 60
441 276 414
376 330
129 435
136 41 76 77 49 438 254
860 686
397 158
262 428 656 471 120 152
129 777 168 52 821 197 198 199 200 201 202 203 204 205 206 207 208 594 95 96
130 185 4 358 114 184 89 29 479
48 49
114 251
171 117
264 246
289 71 433 50 434 51 181 373 153 218
500 503
306 686
412 3 4 193
129 821
490 6
170 439
58 59
155 364
306 212 286
833 4
184 372
395 182 15
341 135
138 175
893 406
184 130
24 166
321 182
4 413
76 254
972 5
88 78
18 315
180 181
553 306 212 286
147 53
82 63
284 87
41 371
67 68
138 5
144 485
897 406
369 53
3 139
808 133
483 135 554 522 341 599
82 107
64 636
234 405 57 59 60
216 75
130 279
656 281 173
336 335
16 141
395 182
17 363
163 284
88 857
369 53
74 18 332
9 567
122 220
833 194 3 195 804 5 196 827
76 254
97 471
67 68
302 174
99 100
444 821
48 115
306 413
107 491
59 405
195 239
388 199
412 175
75 222
58 59
488 333
488 497 452
67 68
65 7
87 511
458 402
184 130
161 159
284 167
368 339
130 494
108 5
296 284
41 548
146 423
3 5
107 301
169 451 494 459
115 334
297 386
24 25
171 471
171 549
259 411
74 75
88 130
108 5
3 212 5
122 59
483 135
233 369 53 538 62
347 6 7
448 593
357 639
682 683
322 378
371 227
378 62
432 434 50 83 51 85
178 179
114 115
76 438
283 367
97 253
264 528 418 548 424 172 48 49 443 444 445 319 77 334 486 362 114 115 246
16 217
64 60
915 861
547 423
451 543
720 380
434 50 51 181 373 153
216 223
893 309 406
83 532
48 115
56 521
21 22 23
123 180
174 406
272 244
210 156
306 286 55
360 361
3 4 413
482 739
270 335
456 77
64 972 4
14 327
484 557
141 7
336 335
4 60
435 494
184 330
530 363
609 267
482 212
243 159
108 284
64 60
456 114
24 25
129 28 29 52
137 171
235 159
59 60
22 23
609 232 233 266 267 441
237 159
131 180 181 279 215
897 406
500 142
180 149
301 174
41 901
434 71
3 163
130 427
19 134
435 133
521 60
424 264
154 63
481 70
58 282
129 250
386 381
816 881 138
5 3 4 413
4 813
363 821
257 164 148 213 254
262 428 656 471 120 152
180 343
406 22
456 548
421 327
296 108
115 334
721 530
75 310
3 5
71 72 50 434 51 218
96 219
496 171
441 276 414
483 341
106 148
217 270
301 406
550 222
404 527
881 138
202 821
168 378
334 303
668 551
369 53
156 148
326 11 307 21 22
298 906
532 366
192 350
59 212
816 138 686
200 52
232 173
88 514
378 251
48 49
161 542
376 113 358
89 90
67 68
270 47
204 821
24 28
488 10
83 22
140 47
108 727
226 495
195 196
83 187
258 402
112 109
482 55
521 23
76 254
601 130
420 653
386 388 296 297 381
3 301
846 7
129 130 257 532 406 279 22 170 45 47 330 82 211 341 222 107 491 368 496 372
41 444
97 57
200 777
5 63
724 734
484 215
180 158
97 212 132
981 262
67 68
361 214
499 12
282 59
129 173
28 29
347 158
272 273
301 406
16 46
21 22
48 49
170 639
209 58
194 3 5
369 53
777 909
115 334 246
115 334
827 196
656 281 173
824 453
115 339
147 300
106 148
906 75 310 312 216 317 223
107 87
395 182
915 471
250 6
106 213
67 68
129 918
24 29
474 546
64 356 170 171 138 330 47 304 115 212 185
184 330
286 175
88 49 51
56 55
67 68
114 115
82 107 188 189
64 138
810 286
64 521 57
250 108 406
82 108
346 215
344 181
136 438
129 87
744 517
67 68
482 810 950 60
453 142
184 130
592 97
67 68
74 331 75 332 298 18 249
177 178 179
306 212
171 117
264 246
409 282
281 114
467 499
209 55
3 5
347 292
64 4
114 115
171 471
352 96
553 212 133 286
118 119
130 451
82 639
132 133
573 351
201 66
88 59
833 5
909 919
3 860
304 97
223 87
184 82
353 347
3 195
514 174
826 307
97 338
117 439
429 46
656 173
83 284
430 447
378 182
67 68
284 374
58 138
170 116
769 102
700 333 526 407
114 334
769 101
336 335
212 55
67 109
456 977 412
4 5
97 171
451 543
505 45
177 179
165 335
33 29
301 893 406
339 639
168 484
250 107
3 827 195
296 388
104 87
345 177 178 179
380 7
212 286
642 167
388 199
329 109
49 319
324 405
11 301
169 291
200 168
951 423
262 428 656 471 120 152
173 87
257 108 284
115 334
59 373
386 381
266 62
171 549
64 90 4 60
161 234
67 68
210 212
390 391
648 94
296 398
304 897 406
256 330 115 47
664 81
768 14
272 4
394 163
232 435
193 5 4 413
124 173 62
848 173
82 686
163 547 613 167 72 394 146 434 85
59 3
282 14
41 371
184 130
150 207
212 133
817 171
171 428
122 133
3 196
26 439
289 163 644 613 218
403 149
116 166
36 29
265 441
386 388 296 297 381
147 300
402 622
184 96
97 212
609 266 267 805
609 232 265 266 267 233 441
4 413
105 395
234 84
170 171
424 264
285 181
82 510
345 179
67 68
413 287
420 527
248 247
846 7
65 158 7
528 319
212 55
233 538
3 139
48 548
378 182
233 267
67 68
57 59
59 116
164 108
185 474
860 686
106 164
829 301 406
1 222
306 55
322 395
201 95
283 374
65 490
255 63
521 282
197 198
48 49 51 334
97 212
129 166 52 281 31
257 82
514 174
564 15
833 3
422 489 363 142 497 530 467 499
307 70
156 47
8 857
114 134
561 75
178 179
369 53
64 4
161 285
808 133
170 115
48 115
67 68
161 22
195 413
64 3
656 428
857 435
184 82
11 435
21 22
64 212
41 26 27 39
88 49 51
357 639
1 147
161 79
105 394
115 334
483 341
283 748
272 133
897 405
75 757
412 132
259 475
184 330
3 195 5
212 950
192 683
49 444
115 171
428 262
371 548
224 75 222
298 75 260 261
413 7
564 485
195 5
80 117
488 559
363 142
588 5
161 131
901 439
108 87
486 424 264 77 246 445
130 372
132 133
49 41
101 430
3 4 413
64 138
291 823
88 49 51
200 96
52 119
18 315
928 931
185 7
284 495
53 815
45 366
17 425
456 319
171 116
434 373 181
177 178 179
161 269
328 22
368 749
193 3 4
185 7
3 860 253
57 59 60
175 287
306 14
2 223
547 821
409 90
521 138
544 184
537 87
50 51
281 821
96 124 62
286 55
41 76 77 254
521 60
64 3 5
297 380
75 342 310 312 216 317 223
88 50
41 26 27 39
130 94
4 413
381 102
233 276
418 548
180 157
296 425
508 244
32 29
67 68
810 286
304 631
263 179 181 215 285
194 3 5
625 14
552 22
59 686
2 317
65 7
378 182 62
106 250
184 6
104 394
50 85
233 53
306 59
67 68
67 68
257 130 107 204 45 250
48 49 51
421 14
625 410
216 269
289 163 234 434 85
209 212
170 116
8 162 20
64 59
29 439
165 175
56 55
168 169
860 686
368 428
75 318
441 177 178 179 345
451 543
860 413
106 213
498 420
521 93
147 68
173 334
439 7
116 117
83 84 85
264 445
286 175
377 842
115 687
83 85
84 341
76 254
184 82 910
130 402
252 439
46 839
428 63
57 58
424 264
171 471
97 170
147 53
109 261 94
171 549
124 173 62
164 106 83 148 435
243 211
642 283
168 42
147 300
372 286
107 188
255 108 63
116 117
412 133
461 215
52 262
50 51
108 821
808 133
561 85
3 196 5
88 821
161 431
175 287
106 250 148
96 821
195 196
304 97
3 4 5
827 3
488 497 452
482 810 686 55 56 60
41 26 27 39
194 60
58 59
517 6
21 93
114 115
38 87
64 59 108 5
624 314
243 14
521 138
82 70
58 138
208 129
184 129 115
59 116
272 306
57 55
434 373 135
4 860
130 372
115 372
330 475
488 530
57 4
3 196
209 547
4 813
49 76 77
953 510
64 90 60
322 163 104 297 393 296 396 277 472 284 61 216
34 39 40 41 120 25 27 30
532 166
41 439
548 134
289 163 71 72 50 83 434 51 85
3 195 5
216 435
24 33
296 388
48 49
3 860 253
460 269
10 559
337 116
243 159
608 171 549
29 167
166 170 368 115 29
557 15
464 463
41 172
336 335
488 559
88 257
84 431
1 147
272 55
233 53
449 447
26 39
537 87
4 413 860
3 413
777 919
132 133
953 541 510
490 7
72 218
171 117
202 909
424 122
58 686
32 38
9 574
184 412
264 170
282 253
357 358
67 68
3 196
306 413
185 82 190
58 138
336 335
272 699
306 55
67 68
6 7
49 334
833 3
170 171
21 93 22
22 327
97 212
122 106
474 190
412 470
17 210
18 394 155 613
378 182
66 563
401 260
901 754 979 116 438 861
395 182
257 108 153 284 63 255
32 34
209 133
134 558
232 233
13 574
283 372
266 20
216 269
130 459
140 430
122 235
88 51
857 45
451 483
3 4 5
171 108
122 131
451 543
118 119
13 87
337 14
129 777 168 52 821 197 198 199 200 201 202 203 204 205 206 207 208 594 95 96
96 219 197
129 435 366
57 60
48 49
65 142
168 207
122 643
124 117
184 250 435
213 174
608 250
301 406
373 87
369 53
62 183
160 234 235 236 237 238 239 240 241 210 211 244 243 242 245
170 171 116
161 558
897 406
810 55
117 166
522 135
114 115
64 846
161 22
196 7
474 435
52 173
264 528 418 548 424 172 48 49 443 444 445 319 77 334 848 486 362 114 115 246
208 129
434 85
115 339
234 235 236 239 240 241 210 243 244 533 242 245
8 20
41 444 39
96 65
83 69
488 559
145 187
262 31
860 686
97 171
192 6
122 146
386 388 381
70 190
22 23
766 87 511
67 68
860 991
216 75 223
435 366
324 103
686 7
829 406
41 76 30
161 148
41 26 27 39
3 196
108 284
41 918
161 301
131 181
833 59
300 711
122 22
448 800 499
304 130
129 420
48 49
211 159
184 412
96 42 43 52 86 87
211 159
3 193 195
451 549 134 293 104 105 491 492 395 396 527 465 369 313 378
412 133
488 559
64 282 5 846
48 444
212 55
161 394 182
67 68
301 174
3 4
301 406
244 237 159
405 423
97 171
860 686
321 369
24 116
129 202
66 494
256 367
881 860
187 255
227 86
158 351
848 206
64 184
281 15
41 114 443
829 301 406
336 16
413 7
897 639
281 122
530 363
153 187
339 171 117
76 254
451 543
757 615
528 115
184 130
686 7
170 116
577 161
449 47
50 298
648 22
130 173
184 94
523 524
250 435
265 267
354 87
496 257
58 282
130 173
88 330
816 686
49 319
9 467
136 76 438
180 263
67 68
41 548
184 402
928 964 927
296 394
138 60
96 909 919
409 306
172 117
260 21
169 130
129 821
16 46
860 686
901 754 979 116 438 861
161 181 343
24 28
4 5
64 129 130 330 107 363 366 304 82 115 22 184 29 286 287
315 86
451 169 459 276 441
158 150
412 133
264 115 334 319
448 800
29 302
266 268
207 295
193 3 4
170 171
3 195 5
36 6
50 51
58 686
116 6
124 421
585 291
388 390
301 406
64 161 860 253
4 813
197 821
833 3
418 439
339 246
96 821
49 51
212 302
321 284
67 68
430 447
662 503
420 543
323 141
598 143
192 158
48 49 444 428
125 405
276 494
97 212
376 475
3 195
412 117
368 428
97 170
192 346
8 214
36 29
441 179
158 351
482 739
272 306
449 46
474 82
64 284 108 5
56 212
2 317
46 462
64 846 534
174 167
827 3
475 92
97 418
114 334
353 852
132 286
322 163 104 297 393 296 396 369 277 182 216 284 61 62
388 199
185 82
514 174
666 860 813
89 90 97
810 108
211 237
3 4
354 372
108 5
616 461
553 212
352 346
96 124 62
482 212
113 109
369 53
91 63
283 284
330 475
24 29
122 111
332 223
708 20
262 495
185 419
322 104 105 369 378
145 255
541 510
17 425
82 550
708 268
83 215
90 303
145 493
138 860
380 158
664 81
195 5
330 67 92
409 686
444 591
168 197
739 212
778 174
136 76 438
64 60 5 846
377 394
155 364
65 529
41 548
409 138
128 22
578 579
273 423
122 83 84 85
456 471
922 860
817 171
281 15
168 205
41 26 27 39
22 23
130 420
860 5
13 87
353 343
484 158
860 686
524 830
321 378
3 5
212 133
10 267
129 364
161 428
211 237
107 301 406
434 71
180 382
593 335
41 26 27 39
301 406
216 6
64 3
338 166
59 212
482 739 553 212 55 56 699 286
410 3
133 63
49 334 319
67 68
52 31
289 163 234 218 253
171 471
302 14
171 116
18 86
28 36
75 222
147 300
64 59 212 286
860 686
353 343
132 133
449 447
499 431
331 861 901
34 439
538 53
409 5
881 58 138
89 90
301 406
664 81
449 429 430 47 16 141 46 273 217
272 193
306 55
282 846
412 3 4 193
212 63
369 87
420 301
39 41 26 27 444
90 303
485 573
554 522 341 599
57 306
235 927
264 115
521 3
378 182
105 378
264 114 115
97 303 304 305 89 90 253
49 334
124 439
58 138
211 159
380 7
435 171
418 115
317 223
67 68
138 686
1 74
376 330 479
456 65 97
232 233
233 53
341 599
130 363
48 444
108 356 63
322 547
284 222
362 371
67 68
833 413
97 212 132
496 130
64 435
338 171
88 155
304 97
40 41 76 27 30
282 212 412
123 124
98 99
560 356 519
288 185
522 483
144 134
435 420
22 327
117 166
866 3
69 22
378 215
369 53
53 815
96 821
484 343 215
180 158
171 311
369 53
580 447
16 429
193 3 413
72 434 50 51 85
713 996
122 212 133
289 163 83 84 85
20 551
336 335
282 7
192 908
105 378 379
474 435
59 286
130 173
328 22
833 3
212 302
115 372
424 264
483 341
142 511
401 75 260 261
161 115
5 413
3 686
338 339
264 528 920 926 418 548 424 172 48 49 443 444 445 319 77 334 848 982 486 362 114 115 246
142 63
136 137
67 68
129 821
97 90 116
481 82 639
232 285
130 459
181 263
547 87
368 22
130 435
107 315
67 68
83 284
116 117
483 341
458 402
499 527
972 4 813
323 462
67 68
272 133
233 53
152 35
289 163 72 50 83 51 85
116 166
233 484
49 434 50 51 85 88
857 250 45
272 244
283 75
272 132
114 115
558 134 582
201 66 441
184 130 366
824 13
322 395
598 119
20 13
3 860
283 132 133
289 234
330 259 63
124 439
298 261
130 527
258 285
129 821
250 142
425 357
435 420
122 69
323 141 46 336 274
232 233
82 358
808 133
97 212
474 250
4 5
41 26 27 39
49 115 486
241 210
129 130 166 134 170 368 115 341 29
284 309
264 114
482 3
50 85
216 401
363 422
356 284
344 279
106 148 213
36 30
302 14
306 59
273 813 47
116 821
857 662
424 264
369 53
441 227
441 499
83 783
333 214
296 394
233 414
107 301 174 406 893
496 171
99 100
208 129 96
813 413
66 563
184 130
124 439
283 284
282 59
265 267
577 483
328 22
368 36
264 445
200 343
233 15
98 100
553 212
276 543
64 138 421
67 68
122 405
488 452
810 212
744 518
22 23
130 612 279
482 212
66 499
239 623
132 133
344 279
64 372 47
59 7
833 194 195 196 827
378 182
424 445
556 12
3 195 196
67 68
131 263 278 150 279 285 179 192 215 344 345 343 347 348 346 350 351 352 353 349 232 123
211 932
184 130
312 226
739 55
810 739
65 212
21 22
259 109
97 90
953 510
97 87
306 212
456 246
434 50 373 181
833 3 5
171 549
72 49 434 50 51 85 88
115 334
18 315
8 570
184 696
321 382
360 10
3 5
129 777 802 168 42 52 821 197 198 199 200 201 202 203 204 205 206 207 208 594 95 96 752
41 26 27 39
3 5
13 495
341 143
258 402
330 291
395 182
514 547
483 135
154 63
860 413
97 253
272 553
64 3 4 5 846 60
161 285
73 525
328 22
608 250 549
161 3 253
147 53
91 63
369 53
50 51
46 462
64 138 60 287
202 821
262 428 656 471 120 152
739 60
328 250
272 133
260 21
296 297
64 175
330 475
154 63
67 68
483 438
58 59
76 254
378 62
3 413
363 662
827 3
106 83
97 439
396 175
24 36 29
112 113 109 110
363 166
787 207
138 686
136 76 438
59 132
81 130
488 559
321 378
857 142
291 485
83 532
553 282
3 5
170 166
499 142
88 298 75
46 323 270
394 62
233 53
808 133
64 4 60
67 68
210 237
83 405
170 339
18 75
137 42
514 174
171 117
24 29
286 287
3 5
170 171 116
208 202
390 391 392 297 296 396 183
18 315
184 17
129 933
220 182
85 405
418 334
488 452
67 68
180 158
441 150
465 130
450 415
302 14
69 510
488 700 333 407
833 3 4 5
522 135
884 166
118 119
64 5
304 253
96 821
194 827 804
931 302
613 341
345 177 178 179
116 495
161 181
107 643 188 491
3 196
216 317 310 223
162 45 301 406 893
160 235
184 6
446 582
233 61
490 7
253 213
97 122
128 122
194 3
216 151
121 18
213 254
306 286
64 4
608 107
71 433 434 181 373 218
341 174
161 479
260 261
821 6
202 42 204 87 95
390 391
194 3
289 163 71 434 181 373
451 459
129 42
81 481
117 166
813 4 413
519 63
64 57
59 212
908 852
4 413
129 821
372 101
104 378
167 143 495 83 87 122 283 284
453 142
488 559
4 237
456 36
104 353
67 68
829 107 301 406
446 918
483 341
562 463
193 4
58 286
67 68
75 460
171 549
232 233
3 4
821 198
938 354 101 126
146 107
434 373
372 405
388 199
306 412
188 301
328 174 22
114 334
67 68
74 331 75 332 298 249
104 394
435 366
184 431
18 19
272 3
721 12
97 212
587 3 5
461 215
233 53
64 4 572
67 68
306 5
585 291
430 447
291 302
328 22
118 6
171 117
808 133
5 4 813
437 439
401 12
833 59 5
177 178 179
49 230
475 479
537 87
97 90 334 303
376 81 664
315 108
369 302
24 116
180 382
1 147
3 860
272 412 132 133
136 861 438
106 83
195 239
161 59
435 413
83 84 85 143
265 662
964 245
346 347
302 174
184 199
369 53
505 467
284 133
122 428
67 68
74 332
83 334
475 358
255 63
64 521 138
82 83
554 483
322 948 182
315 86
64 3 5
193 4 5 412
328 11
188 107 108 63
161 116 166
3 5
25 28
408 526
58 860
266 20
616 59
243 239
115 334
283 75
212 55
136 137 171 337 338 339 252 116 438 439 117 340 124
235 237
8 570
272 132
451 173 414
532 78
29 439
369 378
184 109
129 130 366
181 279
129 777 168 42 52 197 198 199 200 201 202 203 204 205 206 207 208 594 95 96
424 115
912 82 468 216 189 190 223
451 414
3 5
130 291 293 134 281 487 169 427 173 271 465 569 94
212 55
363 45
108 255
20 13
378 386
64 521 138
11 22
266 20
32 36
282 7
232 173
496 372
64 58 306
107 22
97 124
298 261
700 701
106 148 213
456 246
108 343
286 175
39 439
409 517
52 31
602 4
192 180
302 174
395 182
364 22
376 81
36 30
369 538
130 173
235 236
148 367
810 55
192 215
369 53
259 358
56 212
41 36
378 182 62
52 45
389 158
67 68
352 180
88 250
194 5
184 910
435 63
123 131
897 406
857 20
56 7
304 184
481 75 222
544 184
577 161
56 55
425 749
273 564
160 964 932
456 212
108 101
378 62
330 91
130 494
184 130
322 395
522 341
24 29
495 87
521 60
18 19
860 7
306 7
36 29
170 451
184 130
107 406
20 662
323 141
242 235 237
569 358
184 115 287
122 428
49 76 77
250 435
537 87
75 222
129 821
496 474
491 519
81 122 69
28 262
353 343
378 61 182
65 6
264 115 166 319
130 459
179 215
171 134
8 20
65 860 7
434 50 51 85 88
137 170
65 100
424 264 445 334
424 264
181 423
88 18
497 363
395 380
88 49 51
547 59
357 70
306 60
67 68
250 108
301 406
14 327
208 201 129 202
570 359
12 22
393 87
821 87
76 254
82 419 300
217 447
57 59 60 55
553 810 212
3 5
810 413
281 494
129 170 368 115 281 29
419 70
76 438
233 62
169 285
217 47
250 107
81 82
212 59 132
4 413
273 564
347 292
8 45
192 181
272 133
171 117
69 22
163 71 433 434 181 373 153 218
115 246
307 724
281 130
49 434 50 51 85 88
13 639
666 4
224 161
64 521 7
256 255
180 158
170 439
29 37 30
260 261 298 75 249
56 59
49 76 77
74 75
161 731 148
106 18
216 223
303 439
233 538
208 96
184 129
76 254
514 174
233 53
841 427
153 84
212 412
210 274
107 22
3 253
170 116
52 134
547 910
219 197
22 23
390 398
41 918
96 197
475 92
418 114
297 378 379
136 438
96 821
180 157
353 852 343
291 132 164 357 551 108 460 213 284
155 174
860 686
680 81
226 283
49 41
26 39
170 116
174 406
369 53
64 122 59
187 493
8 570
162 570
272 132
233 53
811 302
16 163
435 405
612 271
130 134
171 116
170 339
185 250 82
369 395
266 267
24 14
257 133 108 212 250 284
395 182
380 175
154 63
64 138 572
185 748
699 55
50 51
241 237
24 428
479 63
336 98
401 97
377 182
65 412 6
161 540
317 310
412 55
445 486
116 439
739 212
65 6
129 821
547 148
336 335
148 213
272 133
97 170 117
297 386
372 324
136 438
21 22
64 3
30 439
97 236
98 405
118 614 615
776 329 561
456 114
330 259 475 63
202 821
71 72 367 433 434 218
75 342 310 312 216 317 223
250 356
129 207
179 158
301 406
88 439
330 92
313 86
210 212
122 494
933 174
284 590
233 53
266 13
448 449 140 141 447
67 68
257 115
107 279
85 405
81 867 97
77 445
453 567
334 303
901 136 331 817 754 116 438 439 252 861
369 53
96 821
46 47
554 483
301 406
376 81
22 7
241 211
827 3
3 5
3 5
97 90
833 3 5
233 54
434 71
155 156
64 57
369 53
184 199
609 266
67 68
129 421
64 253
171 117
67 68
138 636
67 68
370 631
321 378
122 106
96 821
617 603
48 49
662 503
434 289 234 163
897 174 406
170 171
49 41
178 19
36 439
161 731
237 239
474 404
545 83
67 68
65 97
176 175
115 334 246
116 334
250 420
144 52 134
516 485
860 686
26 14
50 51 85
129 207
386 381
116 124
28 166
45 366
233 53
569 130
931 239
589 30
97 212
69 22
65 7
639 47
57 686
467 422
322 395
386 388 296 297 381
3 195 196
216 223
114 362
41 418
116 117 340
24 31
591 31
448 449 934 141 270 447
130 527
296 297
262 428 368 656 471 120 152
96 124 62
841 87
82 70
769 102
97 90
75 317 310 223
51 85
50 51
192 683
114 439
180 215
132 813 244 122 59 860 253
482 139
328 22
412 133
83 551
250 372
272 193 412
184 130 366
193 3
860 686
507 431
24 63
401 22
29 30
272 132
848 334
104 378 87
283 590
97 212
833 194 827
59 212
232 204
16 761
130 451
192 343
114 548
170 124
409 413
49 76 77
171 549
67 68
194 813
35 55
108 159
258 66 426 427 402
128 22
115 334
85 405
418 334
174 301 406
346 181
130 115
108 334
105 322 378
252 439
52 821
210 964
213 166
3 5
819 340
283 663
330 475
405 534
155 156 270
322 104 297 296 216 284 61
860 686
495 87
459 63
56 55
522 341
410 327
64 14
367 87 143
441 276 414
281 130
302 14 119
113 109
171 134
289 163 71 72 433 50 434 51 85 373 181 153 218
936 354 355
514 174
352 297 204 180 343 378
138 572
860 686
57 60
386 381
171 116
97 171
250 435
304 305
56 57
778 174 135
553 212
3 7
465 83
152 36 30
833 409
130 279
341 135
145 493
96 821
64 138 253
451 276
652 255
185 474
24 25 26 27 28 29 30 31 32 33 34 35 36 37 38 39 40 41 589 591
897 639
11 326
67 68
85 71
76 254
129 821
521 7
66 291
67 68
122 83 284
320 238
418 114
289 163 71 72 433 50 434 51 85 373 181 218
67 68
304 90
405 167
84 215
482 212
192 181
483 341
83 284
409 282
485 573
362 444
64 175
728 465
160 159
169 516
129 31
227 308
3 5
537 167
496 378
17 425
184 130
170 439
67 68
192 150
495 84 87
96 124 62
816 138
144 87
64 5
20 13
114 108
141 302
67 68
289 434 85 71
528 114 319
224 75
64 5
81 63
345 177 178 179
616 245
20 45
292 182
347 158
130 563
675 142
65 7
451 459
448 499
97 212
170 171
64 286
184 6
330 479
49 51
304 97
305 90
80 134
170 171
289 163 71 72 50 434 51 85
482 212
156 174
369 53
64 90 60
69 421
41 26 27 39
296 61
449 273 47
232 233
997 13
58 686
394 163
369 53
161 13
185 474
441 451 276 414
139 421
402 494
395 182
52 119
76 254
456 97
130 271
483 135 584 554 555 522 341 599
953 510
99 87
67 68
482 739 212 55 56
88 534
184 130 82
289 234
664 81
296 388
130 459
98 324 103
188 63
81 82
233 53
257 250
6 231
38 40 24 27 31
30 439
521 138
13 87
441 66
59 212
97 90
522 341
260 21
59 212 133
212 412
848 206
153 187
192 257
322 395
699 286
376 97
416 415
424 456
193 3 4 412
129 821
233 53
264 114
170 116
60 846
76 861 438
323 141
296 398
8 250
181 622
129 173
369 233
161 338
180 382
81 358
395 62
202 52
272 133
115 246
250 22
178 95
616 88
427 173
175 287
284 406
312 425
64 60
521 138
64 846
339 439
353 852
74 75
3 5
24 29
209 138
88 42 43 86
96 219
50 51
77 445
252 439
474 299
48 49
107 301 406
16 335
161 138
34 35 546 36 39 40 41 26 27 28 30 31
330 479
107 460
302 598
168 232
88 59
24 38
64 4 60
59 63
376 358
266 13
64 4 237 47 304 211 372 212
481 357 75 144 81 21 22 376
169 279
64 5 170 171 82
10 559
185 300
200 400
833 3
64 409 138 282
216 188
108 63
169 492
48 49
75 223
473 285
354 405
514 174
3 4
26 31
226 18
561 223
24 25
369 53
161 454
326 327 328 11 307 21 22
129 821
296 425
97 620
739 212
328 326
122 428
274 46
368 330
67 68
122 130
115 83 334
129 347 52
1 222
216 178 221
300 7
3 4 413
130 516
728 465
67 68
664 81 82
129 106
291 485
490 7
459 494
57 139
227 213
739 212
259 475
368 170 115 29
430 270
272 810
353 181
107 21
67 68
233 52
421 22
24 338
343 215
48 114
169 279
138 82
115 166
129 108
115 319
201 414
26 31
22 23
441 451 459
298 906
18 423
59 412
106 435
3 4
57 7
181 279
418 246
304 90
258 66 426 427 402
301 406
330 22
210 491
554 522 341 599
260 261
499 453
170 171
282 287
59 3
304 425
866 60
63 71
98 324 301 103
312 75 310
207 87
418 334
64 4
149 150
169 173
130 54
211 159
67 68
21 22
395 182
57 234 59
32 31
217 46
265 359
67 68
97 212
514 174
58 212
322 395 182
3 4
130 63
901 817 754 915 116 861
160 159
302 174
281 130
296 19
330 475
339 340
49 434 50 51 85 88
49 51
115 319
184 107
164 167
369 53
3 4
318 86
170 37
67 68
118 119
67 68
162 83
860 686
291 485
448 270
160 159
212 133
58 60
49 76
67 68
136 24
451 814
369 53
777 66
420 301
184 366
720 398
97 170
130 173
435 171
652 255
115 172
67 68
456 48
59 423
686 7
304 305 90
368 161 428
258 181
22 7
122 85
306 991
281 130
8 571
921 436
373 135
209 5
378 182 62
171 166
521 138 23
43 20
64 302
114 443
648 22
394 395
449 46
3 60 5
301 406
485 516 573 823
24 35 36 29
145 493
341 79
24 25 36
75 951
328 326
80 420
521 138
194 3
312 216
158 279
105 322
401 261
266 20
211 534 235
122 83
185 82
744 517
89 811
212 302
169 427
58 138
3 195
378 251
49 77
860 413
171 471
16 449
178 221
302 174
212 132
153 493
180 382
59 405
369 53
147 53
67 68
64 4 60
530 363
108 284
64 421
201 778
448 449 140 141 430
171 439
41 172
428 471
161 82
257 213
260 21
1 317
170 116
369 53
107 188
64 3 4 5
439 87
252 439
175 287
82 63
833 3
24 30
289 71 434 373 181
192 150
352 279
46 462
424 264
357 639
366 107 406
18 75
45 375
474 461
434 71
283 663
67 68
448 274
169 494
848 926
305 212
122 84
136 41 76 77 438 254
264 115
67 68
755 675
386 388 296 297 381
409 282
107 406
18 315
321 182
138 139
18 315
322 395
3 4
210 286
124 173 62
274 323
1 178
367 143
250 435
89 90
98 101
739 212
483 522 554 341 599
438 166
272 212
48 49
108 92
49 334
451 459
315 222
147 53
488 559
315 86
281 207
188 63
138 60
664 81
322 62
224 75
778 11
260 261
482 212 412
67 68
144 87
74 75 298 342 249
161 185
585 291
74 75
193 3 4
497 452
216 75
108 238
81 97
451 459 87
608 171
720 297
260 261 94
272 273
810 90
65 142
425 317
115 341
948 61
65 90
341 135
219 421
22 6
64 922
388 199
304 286
26 27
114 362
16 270 335
59 860
169 534
305 286
918 95
475 479
67 68
219 197
369 538 233 53
3 5
407 179 500 499
122 284
58 306
114 115
833 3
289 234
521 138
67 68
20 13
360 530
419 7
394 106
67 68
322 395
264 339
321 182
18 227
569 66
32 37
479 63
83 821
3 7
680 81
107 188
846 7
59 4
495 87
97 611 90 620 304 57 58
138 59 686
235 927
441 276 414
361 442
61 151
418 115 334
302 14
59 3
186 354 355
170 330 368 81 115 341 22 29
136 438
336 593 335
420 829
107 22
264 114 115 926
553 212
211 159
932 6
216 188 223
67 68
284 167
193 196
171 116
2 75 222 227
860 686
97 212 132
482 3
8 142
376 664
64 58 5 287
459 276
860 413
392 321 322
522 341
456 246
496 284
550 7
291 420
212 412
265 662 248 571 701
272 133
21 174
232 386
276 414
49 76 77
252 31
136 32 152 338
233 538
168 427
144 94
250 406
296 284
46 462
136 337
161 171 116
499 431
59 85
326 327 328 11 401 307 21 22
114 443 319
97 102
664 81
881 138
901 136 116 438 252 861
106 159
589 30
897 174
211 159
395 182
285 150
334 63
306 59
64 3 4 5 521
821 207
380 7
554 341
59 175
260 93
212 287
107 301 406
12 325
97 210
407 408 359 44 45 500 501 502 503 504 505 506 507
49 334
460 468
594 483
42 86
409 282
880 243
208 129 96
148 213
285 150
154 108
152 428
130 181
441 179
394 143
857 923
75 222
680 81
67 68
369 53
810 303
116 439
107 188
233 53
608 250
242 243 238
124 173 62
184 82
122 83
51 85
194 3 5
74 331
210 547
122 187
193 3
833 3
388 199
284 143
232 233 53
458 239
261 510
67 68
16 165
17 425
897 406
720 53
395 380
173 414
281 15
964 236
8 13
134 6
212 63
83 204 821
813 413
67 68
67 68
366 223
424 264
171 471
185 63
264 114
272 412
668 510
475 63
130 212
147 14
64 138
115 372
3 196
216 75
177 178
76 254
289 234
536 11
272 153
306 7
429 430
97 170
117 171 549
833 3
158 62
488 497 452
435 519
192 263
369 53
58 3
3 4 413
202 821
438 6
272 412
170 171
211 159
172 591
180 158
138 60
827 196
114 115
75 227
67 68
354 405
64 4 175
184 129
369 378 105
321 395
132 127
359 44 500 407 408
184 82 107
537 87
115 372
96 202
305 286
514 174
114 443
373 374
250 435 420
514 174
116 117
217 580 270
139 287
184 115
233 53
777 205 95
171 116
380 396
377 263
67 68
264 115
184 130 406
24 34
5 3 413
425 284
412 718
378 182
435 461 366
108 101
368 428
354 435
233 53
269 317
107 45
901 331 754 116 438 861
450 415
483 302
304 81 97
21 22
24 29
3 195
931 236 237 239 244 245
45 213
184 330
147 300
67 68
283 372
21 22
283 143
4 413
260 174 135
490 645
184 12
116 117
115 372
810 686
512 65
686 7
74 75
435 422
175 287
160 932
232 233 557 53 54 538 62
104 394
180 382
211 159
260 261 70 298 75 249 509
236 85
698 322
130 173
185 69
262 428 656 471 120 152
821 207
11 12 325
306 866
211 372
521 138
817 754 471 120 861
76 254
369 322
517 518
534 583
212 372
202 821
129 821
336 593 930 335
813 846
597 302
64 846
88 18
656 281 173
3 5 90 553 127 463 175 210 211 372 212 56 89 282 59 412 286 287
59 116
20 13
3 413
400 167
260 87
3 4
64 4
829 301
881 58
171 428
691 87
305 810
49 334
250 107
64 282
593 101
93 22
897 129 357 170 301 309 406 893
170 171
211 159
315 108
129 821
243 211 235
488 559
352 351
289 163 433 434 181 373 218
219 460
418 114
1 222
420 29
64 60
64 57
860 686
67 68
264 246
18 74 331 332
180 382
369 53
250 63
289 84
860 686
641 639
170 171
691 223
441 414
306 3
499 142
593 354
465 283
144 475
3 59 195
521 58
138 860
819 534
114 334
282 860
73 22
328 22
487 6 7
101 613 405 85 663 88 413
514 463
88 24
171 116
367 191
104 251
195 6
147 53
418 108
67 68
108 284
115 22 327
67 68
281 130
22 23
28 31
105 322
127 175
482 212
367 87
10 20
185 82
330 259 475
50 51
17 425
357 367
833 161 3 253
262 428 368 656 471 120 152
72 434 50 51 85 88
171 116
421 231
173 543
49 334
115 212
328 22
810 55
301 406
345 149
312 219
369 53
352 96
170 171
368 170 29 114
396 158
412 132
258 451
322 104 105 369 378
409 282
130 527
264 246 319
412 286
282 59
833 827
130 276
161 143
321 182
59 132
17 490
67 68
212 5
281 204
67 68
48 49
237 239
347 295
32 38
409 194
233 134
282 7
87 63
107 190
330 364
779 86
283 421
64 3 860 5
140 141
132 950
104 296 284
3 5
185 419
129 31
104 378 87
130 181
72 434
537 87
161 21
264 334
453 567
1 18
61 182
116 117
67 68
3 5
49 51
297 386 396 391
42 43 86
296 315
97 445
482 412
488 333 526 407 700 701
161 499
289 71 72 433 50 434 51 85 373 181 218
291 621
208 129 108
184 199
16 449
256 420
378 351
88 213
808 133
48 49
108 311 63
108 159
428 613
448 441
289 163 72 433 50 434 51 85 373 181 218
301 406
514 116
185 6
505 45
58 739
12 325
418 424 264 362 528 114 115 246 445 319
289 71
544 184
289 163 71 433 434 181 373 218
353 343
136 438
48 49
161 167
116 166
171 116
180 382
147 53
171 117
439 7
48 49
146 547
459 6
58 684
114 334
429 165 47
257 284
306 212
860 813
328 22
97 132
96 909
19 222
284 309
667 662
67 68
106 148
64 5
67 68
147 53
75 269
64 5
67 68
291 7
460 332
116 861 438
170 116
482 55
380 158
977 319
447 430 167
129 279
64 4 572
315 75
67 68
161 339
196 5
106 83
75 691 223
18 75
50 51
482 412
5 210 212 282 59 412 287
232 233
491 372
465 484
18 315
64 306
608 171 549
507 294
69 510
171 116
93 174
194 3
467 325
196 7
152 362
123 348
173 414
75 269
48 49
453 142
22 231
59 951
108 63
315 318
352 378 204
107 188
264 115 246
337 171
129 42
344 181
69 22
97 171
161 154 356
96 777 203 204 205 206 207 208 594 821 95
302 14
40 29
453 142
4 413
264 114
363 499
171 549
286 807
209 211
104 369 87
302 14
289 163 72 50 51 85
67 68
106 435
37 31
88 334
163 71 433 50 434 51 85 373 181 153 218
428 262
50 85
87 191
12 567
296 284 61
170 171
188 63
32 37
130 459
170 171
64 108 5 860
728 465
108 357
18 227
64 287
304 64
27 14
915 471
302 14
617 603
901 754 979 120 861
108 284
519 181 622 279
860 413
265 441
38 230
330 479
264 418
645 6
233 538
179 215
106 213
136 41 76 49 438 254
3 413
67 68
514 463
41 548
165 175
64 4 860
3 4 413
412 7
115 319
574 359
75 223
233 295
341 79
304 64
18 74 331
194 827
369 53
161 138
833 3
168 281
553 286
180 158
328 21 22
245 237
369 53
129 821
283 143
114 334
656 281 173
488 559
514 22
97 102
272 133
586 494
490 772 301
425 284 309
577 161 483
372 237
108 116
184 63
129 29
185 419
50 51
922 931
114 487
475 479
3 5
330 188
184 250
357 639
156 471
441 66
272 133
21 22
233 538
301 406
833 3
177 179
82 933
115 246 687
302 14
120 41 27
296 151
82 357
71 72 433 50 434 51 85 373 181 153 218
171 471
110 367
283 367
291 420
392 296
129 357 264 82 83 115 821 52 284 319
97 212
488 559
129 777 168 42 52 821 197 198 200 201 202 204 205 206 207 208 594 95 96
744 517
173 414
296 297
521 306
301 406
59 405
520 317
59 133
330 259
243 211
4 413
353 343
161 487 612 271
171 471
196 517
170 116
412 3 4 193
245 237
369 53
21 22
107 188
777 205
184 356
298 75 261
291 564
90 92
184 366
184 129 130
833 3 860 5
5 3 4 413
474 300
64 3 4 5 60
41 26 27 39
369 378
59 412
299 686
115 246
488 333
483 135
17 133
60 846
345 150
536 11
116 252 861
43 821
170 116
860 5
475 143
441 276 414
97 116
833 3
147 300
664 81
145 187
114 115
3 196 5
257 212 108
1 222
498 78
33 362
122 31
343 215
448 800
3 193 195 196
490 6 7
64 846 4 60
485 573
810 55
101 263
317 222
184 130
200 66
348 167
369 378
97 171
171 549
67 68
128 22
64 846
289 161 234 210 84 213 533
282 7
49 76 77 254
833 3
66 102
11 326
386 388 296 297 381
553 59 212 286
202 63
45 13 639
74 331 332 298 18 249
184 130
736 141
67 68
509 143
129 87
224 134 401 310 184
288 69 81 82 664
821 143
107 108
545 451
107 188
67 68
160 237
609 268
451 459
192 180
58 138
488 333
22 23
265 13
208 202
105 395
104 378
860 686
496 161
409 518
315 86
192 345
93 23
141 462
233 53
230 30
441 54
83 459
301 174
625 652
810 303
378 395
482 212
301 406
378 87
64 59 83
82 668
474 109
521 138
701 662
259 470
233 267
380 398
429 165 47
65 306
116 246
380 158
58 59
301 406
424 456
115 334
617 603
233 15
232 66
202 821
82 70
138 413
521 93
3 139
346 181
301 406
266 267
25 35
519 107 590 17 250
97 90
467 142
373 374
577 161
739 60
114 115
22 231
75 460 222
83 87
160 159
136 76 861 438
376 81 664
451 543
409 58
42 43
992 813
16 354
18 19
20 13
255 63
108 406
67 68
352 346 215
330 475
3 103
401 261
76 254
96 821
475 358
170 117
496 106
456 65
64 521 972 4
106 148 213 534
394 106
881 58
897 330 639
35 55
81 130 82
73 260
202 821
212 132
97 101
810 3 5
816 93
163 254
64 139 60 287
12 662
448 449 140 141 430 429 447
810 3 5
499 13
161 810
179 215
163 71 72 434 218
833 3
168 461
170 117
67 68
64 587 3 5
121 6
75 223
105 395 182 378 251
72 50 51 85 88
64 59
449 447
21 22
353 343
472 256
104 87
185 82
519 87
810 59 212
147 53
233 557
130 279
507 45
354 372
129 347
212 412
115 319
212 286
4 413
81 330
427 494
412 6
185 421
28 29
132 133
244 159
358 6
17 519
108 5 860
184 129
129 215
64 3 4 5
106 213
123 124
4 60
482 306
482 3 739 5 810 212 56
306 412
4 860
83 454
499 142
49 76
259 411
289 163 71 434 84 85
964 237
160 159
64 3 5
48 49
2 18
441 499
324 405
144 475
184 427
3 196
104 378
233 62
81 257 82
45 134
276 494
210 175
284 63
171 116
59 860
104 105
302 14
213 70
67 68
177 178 179
8 20
83 187
209 286
171 471
216 75
953 29
266 12
467 142
50 51
369 105
184 358
144 341
88 83
76 254
356 63
14 319
897 22
29 271
496 284
170 171
171 471
161 394 251
363 45
48 114 115
313 315 301
254 63
184 202
170 171
860 686
323 46
377 123
201 499
179 414
170 451
413 7
116 117
211 159
67 68
369 53
97 132
284 182
19 134
516 495
514 171
49 230
274 462
97 90
272 133
291 707
461 215
282 5
530 214
281 291
22 23
306 211
24 27
497 561
224 222
9 45
45 503
241 237
369 53
161 115
194 3
67 68
283 284
3 4
860 686
17 339
67 68
67 68
48 49
74 75 332 298 18 249
67 68
281 233 285
412 284
101 405
232 291
48 444
193 3
18 75
249 298 261
66 207
201 778
181 367
234 244
501 407
442 363
237 239
170 639
532 438
609 805 265 266 267 233 499 62
460 269
412 518
114 87
816 138
85 167
202 821
754 915 471 120 861
306 212
811 302
289 234
245 244 237
602 167
138 3 5
282 7
153 493
105 322 378
289 163 85
41 30
64 372 4
270 143
395 182
113 109
80 420 483 532
483 135
181 622
739 212
241 210
76 254
362 115
170 166
827 3
24 25 26 27 28 29 30 31 32 33 34 35 36 37 38 39 40 41 589 591
74 18
376 664
409 282
116 439
330 357 639
219 197
174 519
427 527
952 958
4 813
465 117
106 83
334 303
16 275
166 170 368 115 29
302 14
216 188
553 810 739 212
144 129 198
9 526
171 116
153 434
116 252 861
315 222
88 439
72 50 51 85
106 83 84 85 87 122
48 115
171 117
301 406
386 388 296 297 381
59 286
130 695
3 196
16 304
208 201
17 425
369 394
96 219
75 222
114 115
64 572 253 184
12 13
161 394 322
82 107 406
195 4
233 53
281 15
136 116
24 252
315 108
69 22
97 171
243 159
129 36 115 184 29
74 107
76 254
451 439
97 90
233 157
184 130
416 415
170 116
26 27 39
318 86
184 435
278 207
195 860 521 138 175 881 57 60
107 43
14 22
134 558
321 351
407 359 8 333 45 526 914 500 501 502 503 504 505 700 375
418 35 36 37 114 22 439 152 26 29 30 31
65 6
827 196
82 519
212 662
3 196
372 125
257 356
451 87
410 70
972 4 813
159 63
85 405
60 813
42 197
161 459
170 439
67 68
64 116
811 598
189 421
315 22
114 246
301 406
289 434 71
810 303 89 90 286
64 3 212 286
108 5
72 434 50 51 85
451 543
209 212
67 68
96 42 43 88 95
67 68
233 322
209 3
34 29 87
233 441
67 68
233 538 54
170 639
97 171
266 958
547 31
3 196
64 59
554 341 599
76 254
901 136 331 116 438 252 861
184 367
512 192
226 18
64 3 4
105 378
17 330 259 475
184 170
130 213
105 390
108 63
522 483
59 3
212 127 55
122 83 84
115 334
232 285
82 301
107 269
281 130
347 182
84 373
250 341
132 133 108 272 153 286
96 821
237 238
352 181
144 197
157 343
177 179
49 76
67 68
810 286
826 307
682 181
755 212
396 158
168 378
130 451
174 519
171 117
341 135
860 686
180 158
17 309
412 306 212 132
120 754 861 901
114 444
245 237
18 19 311
388 381
306 412
474 435
129 14
394 395
170 439
474 26
46 323 270
285 6
41 36 30
147 53
122 191
59 212
123 124
59 63
101 102
155 364
278 207
115 156
569 66
656 281
209 212
96 129
301 174
177 179
138 7
233 62
159 63
116 117
208 96
130 563
208 37 14 351
434 181
26 27
297 394 83
67 68
810 196
219 197
85 405
136 76 438
209 482
395 487
130 366
97 132
67 68
179 215
177 179
61 151
304 97
64 833
304 64 184
810 3
67 68
369 53
82 357
147 53
435 116
441 276 414
491 460
97 57
241 211
42 821
147 53
304 302
550 70 668 326
973 510
458 563
424 264
64 4 60 287
482 212 412
490 645
59 212
483 135 554 522 174 373 536
272 212 59 412
64 4 521 846 304 184 409
827 59
175 287
857 250 45
833 3
18 317
58 7
129 356
67 68
161 425
216 6
76 254
115 172
833 3
282 7
600 159
114 319
41 444
729 22
330 92
490 7
212 412
680 81
449 429 430 47 16 141 274 46 273 217
833 194
821 206
259 92
67 68
317 222
36 439
360 361
507 14
49 319
739 212
194 196
171 471
556 45
455 108 63
72 49 50 51 85
260 261
138 636
3 5
552 724
272 212
41 26 27 39
257 122
159 63
250 63
212 132
233 441
897 174
152 87
418 334
52 109 110
21 93
395 182
322 395
72 49 50 51 85 88
255 108 63
233 53
321 182
212 132
59 212
507 142
49 76
58 6
49 334
74 75
282 3
81 69
216 401
168 61
67 68
233 62
755 951
485 564 573 823
64 3 572
272 193
88 439
212 55
69 495
380 182
451 814
739 810 55 57 59 60
369 105
609 325 805 267 556 721 467 755
161 322
226 495
64 138 253
420 653
611 143
369 322 378 105
413 7
52 821
483 135
97 171
130 63
129 821
537 87
668 510
242 243
184 115
377 398
136 24
21 22
104 296
33 252
173 377 123 220 61
108 22
184 420
5 3 253
233 285
140 47
45 366
3 196
84 85
291 564
97 171
115 334
35 55
418 115 114 319
482 412 413
360 530
116 340
52 198
96 821
101 102
219 197
283 213
192 279
216 129
3 196 5
50 51
264 115
18 310
458 93
122 83
114 334
76 254
104 527
954 33 34 546 36 39 40 41 26 27 28 29 30 31
96 821
124 173 62
9 10 267 526 530 952 701 958 574 708 453 333 721 214 603 609 360 499 500
301 174
115 291 358
352 321
291 564
255 108 63
83 45
346 131
67 68
357 358
184 199
362 117
664 81
376 330 108
3 5
124 62
138 282
307 69
108 134
227 318
93 22
821 918
59 3 5
430 270
49 679
260 174 135
200 400
147 53
257 130 494 18 250 222
233 285
170 252
177 178 179
38 230
170 439
435 45
170 171
171 549
283 254
106 83
171 549
352 6
656 14
60 55
354 126 87
129 206
363 166
41 26 27 39
233 220
353 852
306 7
754 915 979 471 120 861
12 325
519 423
816 209
184 161
88 70
59 655
341 167
75 261
64 90
514 174
139 413
409 287
101 118
114 246
456 114
224 75
97 212
161 42 129
6 7
75 222
465 166
210 236
171 420
108 406
166 255
60 413
497 363
435 54
617 603
441 276
289 163 71 434 85 218
283 291
67 68
59 253
931 239
50 51
132 133
212 372
60 846
9 511
67 68
346 181
6 7
145 187
64 409 138 860
64 138
82 70
12 325
572 374
64 3 4 5 175
97 171
6 7
810 3 5
451 543
104 527
185 748
76 254
161 180
130 293
453 567
76 254
80 582
106 364
369 53
212 55
97 58
250 356
3 5
133 63
76 254
465 83
420 199
84 495
833 3
138 860
456 166
67 68
130 106
121 19
194 413
666 59 813
232 278
576 378
164 213
170 116
264 77
232 538
130 173
96 821
209 212
105 322 378
282 846
833 3
200 420
3 196
52 821
497 452
185 628
107 435
74 75
16 83
467 12
754 471
686 7
720 158
19 367
163 213
257 213
173 182
3 413
97 212
560 283
97 171
169 291
537 230
330 92
147 53
388 199
64 282
64 881
185 82
340 166
3 7
171 549
12 325
177 233
161 58
483 135
289 163
97 418
352 123
123 124
106 171
114 29
212 127 55
40 35
152 36
608 250
114 339
122 494
296 378
3 5
860 686
569 130
82 83 510
88 250
409 306
69 70
233 369 53 538 62
59 686
80 63
91 14
171 471
381 13 15
289 163 72 434 85
369 53
301 406
378 182 62
490 7
182 62
107 406
860 686
972 813
3 196
184 259
914 957
952 958
829 301
186 98
50 51
64 129 130 330 204 366 115 22
67 68
41 30
250 45
64 4 60
451 483
427 494
484 343
434 71
3 5
449 140 165
560 283
824 20
249 74 75
547 59
114 172 246 319
3 991
255 108 63
114 115
21 22
330 475
163 71 433 434 181 218
937 291
412 133
46 430
475 109
130 427
97 212
435 284
272 244
3 196 5
272 132
272 133
209 212
328 22
49 434 50 51 85 88
931 237 239
185 108
537 87
42 172
3 196
640 639
341 134
107 188
306 7
521 93
409 282
180 382
315 86
61 182
368 82 45
130 173
3 175
282 59
873 233
252 439
322 62
569 130 427
114 115
170 171
24 166
468 190
616 148
169 130
982 926
467 499
321 617
265 266
283 291
514 174
165 429
289 72 50 51 434 85
64 58 3 5
664 81 82
323 47
165 175
115 334
49 444
3 4
901 136 116 438 252 861
28 36
412 132
361 214
67 68
75 318
306 55
262 428 656 471 120 152
890 301
91 14
67 68
369 322
168 919
244 821
34 35 546 36 39 40 41 26 27 28 30 31
67 68
114 115
67 68
474 435
65 441
265 233 276 441 414
192 167
321 182
140 141
289 85
232 233 266 441 62
369 105
5 159
155 364
212 127
138 686
330 475
648 436
174 23
9 574
4 237
281 122
827 7
328 326
230 199
265 267
369 105
953 70
441 177 178 179 345
24 116
64 253
255 108 63
22 215
263 815
378 62
624 87
67 68
201 441
122 83
64 3 4 5
180 382
435 364
173 182
58 3
64 4
243 159
67 68
81 330
235 239
264 246
105 322 378
26 39
18 19
456 137
369 398
105 394 322 378
821 86
1 378
122 45
901 331 754 979 116 861
188 22
175 287
395 182
67 68
434 289 234 163
3 4
67 109
352 378
194 827
64 3 4
266 267
680 81 664
184 199
3 5
816 521
514 174
347 158
552 724
245 237
194 3
378 182 62
155 364
48 49
52 821
505 87 511
488 452
179 414 215
163 71 433 50 434 51 181 85 153 218
427 173
881 58
265 441
171 117
430 47
561 223
291 573
405 126
451 814 459
107 188
193 412
115 334
459 94
179 181
412 413
264 528 920 926 418 548 424 172 48 49 443 444 445 319 77 334 848 977 486 362 114 115 246
304 305
136 861 438
548 48 114 926 319
281 130
67 68
185 70
301 406
42 134
3 413
172 334
301 174
90 115
49 76
664 81
42 52
488 700 333 407
17 490
451 292
136 41 76 77 438 254
857 45
84 14
52 821
3 4 5
369 53
16 140
381 62
451 341
514 75
582 311
608 250
496 119
56 132
124 439
64 60 5 846
98 100
145 187
33 166
8 20
170 171 116
821 86
60 813
306 59
130 366
306 413
664 81
180 158
216 188 223
64 4 138 237 47 304 211 372 212
264 114
177 319
212 412
140 165
65 97
66 130 293 134 487 715 427 459 271 465 402 184 569
409 517
339 340
824 662
64 4
743 615
129 52 821
816 138
184 402
232 233 53 441 62
357 358
107 188
130 366
291 420
289 51 85
260 21
613 111 143 367 83 84 85 122 283 253
810 55
136 438
395 182
26 27
264 246
285 150
496 378
98 101
64 846
88 405
3 7
108 63
313 18
71 367 433 434 85 218
441 179
124 173 62
412 7
6 7
184 199
3 196
245 461
495 367 63
56 55
952 958
75 222
824 662
66 435
64 282
18 315
3 5
70 14
33 252
59 139
104 527
52 94
532 341
3 413
21 93
42 86
139 287
120 77
65 158
17 133
49 76 77
435 420
123 124
184 411
284 406
3 413
363 484
64 59
459 87
129 42
64 306
388 230
115 334
3 195
460 757
130 293 487
508 244
88 50
827 5
104 378 251
64 4 572 175
197 95
49 41
212 662
3 4
123 124
405 423
18 75
171 428
149 151
3 5
12 271
200 777
169 130
482 3
522 135
330 357
38 230
4 324
444 117
67 68
289 163 71 72 433 50 434 51 85 373 181 153 218
129 63
20 13
160 235 236 237 238 239 240 241 210 211 244 243 242 245
8 431
441 178
41 114
200 821
97 611 620 304 57 58
3 6
184 114
412 605
329 495
352 215
329 91
833 3
114 444
42 86
60 813
441 95
67 68
169 516
185 419
3 5
514 174
76 254
113 109
369 378
64 161 4 253
45 366
224 75
953 510
474 302
216 310
3 4
175 286 287
161 731
833 3
564 374
620 614
522 135
114 115 334
125 405
171 549
208 129 96
272 273
360 361
434 181
109 70
200 821
146 423
136 76 438
216 435
288 82
139 287
114 115
434 373 181
164 423
64 4 5
306 5
232 233 441 62
67 68
459 87
180 150
129 347
3 196
829 406
328 11
76 254
3 4
451 459
196 517
456 340
184 199
249 74 75 298
321 182
729 412
185 70
96 219
122 253
328 821
285 181
521 253
318 313 86
272 133
242 239
4 5
120 77
813 933
67 68
456 548
122 83
3 5
264 528 926 418 548 424 172 48 49 443 444 445 319 77 334 848 977 486 114 115 246
97 212 132
67 68
522 599
160 159
827 3
424 264
369 53
521 138
698 415
3 212 5
88 49 51
456 171
67 68
153 346
304 97
418 114
168 232
545 130
553 212
211 406
821 198
309 134
141 46
161 459
202 95
490 7
234 211
19 83 469 215 188
181 279
748 87
261 509 70
116 428
441 276 414
64 3 5 846 282 60
208 96
395 182
315 222
432 85
306 7
297 398
369 53
306 212
330 475
326 328 11 21 22
1 310
18 315
45 359
147 53
154 122
181 279
827 196
175 286 287
369 322
76 254
171 116
296 460
901 136 331 817 754 116 438 439 252 861
3 413
284 143
3 412
484 215
38 230
101 495
283 143
303 439
312 75
159 63
369 53
179 158
129 291 37 166 170 45 368 115 341 281 29
186 53
406 774
455 108 63
209 196
210 6
395 182
378 62
212 302
667 142
243 159
12 574
3 5
49 246
96 65
481 550
232 233 53 441 62
3 413
369 53
3 413
107 83
138 4
180 157
141 46 47
168 15
296 297 388
497 452
509 70
130 364
170 451
307 510
180 382
324 301
451 276
134 262 136 137 26 28 29 31 418 546 166 40 170 172 444 337 338 94 483 362 368 115 117
60 686
65 306 7
185 163
884 117
217 165
64 521 4
3 827 195
115 63
141 7
76 254
430 47
428 262
706 212
505 247 766 431
116 861 438
82 108
88 155 174
235 927
816 686
371 415
211 133
67 68
65 915
129 166 52 281 31
116 124
376 357 358
161 467
160 159
441 499
181 150
451 459
145 255
140 47
180 382
354 87
89 90
143 459 63
550 70
193 413
257 107 43 213 250
166 136 137 170 171 337 338 339 252 116 438 439 117 340 124 861
107 188 301 406
250 435
208 129 202 95
140 270
270 6
400 527
227 276
67 68
378 395 182
75 222
260 261
264 77
201 909 918 919 95
500 503
138 282
195 196
341 406
424 334
264 114
264 445
106 191
130 276
289 218
174 367
232 291
130 487 169 790 279
296 297
171 428
297 390
58 306
96 821
210 242
421 302
160 159
147 53
306 55
736 462
152 749
76 254
284 493
132 133
105 395
83 148
930 165
170 115
97 620
848 206
306 55
136 41
132 133
3 196
354 101 938 405 126
321 182
171 166
17 425
701 662
666 3
409 4
306 212
59 133
41 26 27 39
11 327
609 805 232 233 266 267 369 499 53 54 538
94 439
284 373
306 212
3 14
114 115
451 459
129 777 909 918 919 802 168 42 52 821 197 198 200 201 202 204 205 206 207 208 594 95 96
465 494
412 413
64 57
528 319
48 49
451 414
170 213
33 418
22 47
378 285
326 327 328 11 401 307 21 22
322 104 105 369 378
166 167
291 495
129 63
432 85
116 861
482 55
136 438
67 68
3 4
304 250
175 287
32 34
12 21
547 148
109 479
696 317
212 22
409 306
209 482
149 150
17 829
829 406
148 423
41 444
304 184
67 109
250 212
267 499
4 860
123 124
652 119
212 127
3 195 5
675 20
302 14
369 53
28 29
405 63
75 318
413 7
233 441
432 167
155 156
166 136 137 170 171 337 338 339 252 116 438 439 117 340 124 861
147 53
168 204
192 181
136 76 438
482 306 212 412 286
64 4
67 68
147 53
8 500
64 5
170 334
155 156
129 821
362 117
490 7
881 138
116 117
114 246
67 68
257 83 212
310 223
106 83 84 85 87 122
242 243 211
122 212
860 686
264 977
377 398
269 495
136 170 171 337 339 116 725 438
317 310
67 68
108 5
3 195
18 317
521 138 59 253
432 373
257 435 366
810 286
754 171 471
483 341
212 412
217 140
857 499
860 686
184 258
13 662
122 253
67 68
161 148
42 143
280 161
75 318
212 132
754 471
265 233
672 550 711 680 551 70 81 664 953 668 509 510
67 68
495 319
166 439
115 319
377 380 398
115 334
857 294
435 270
964 613
164 614 615 748 620 538
288 419 69 878 82 185 510
67 68
64 409
429 430
21 93
952 914 923
272 412
171 117
173 414
380 396
376 357
264 115
177 178 179
212 412
125 405
129 821
194 3
285 181
469 19 75 229
441 276
116 439
134 558
928 931
265 233 276 441 414
141 430
105 394 369 377 381
406 774
3 5
449 39 41 120 25 27 30
257 115 366
169 130
154 63
105 395 182 378 251
378 395 182
45 639
122 115
429 46 141 47 273 274
32 428
328 12
4 413
272 412 132 133
147 53
114 246
301 174
212 662
80 15
827 3
860 686
180 382
265 701 662
48 49
283 143
448 800 447
817 171
227 391 15 527 182
129 198
74 75
272 739 212
76 334 48 49 51
67 259 91 144 113 475 92 478 479
69 22
441 179
88 475
104 394
108 167
352 346 215
232 173
322 395
274 429
41 418
104 527
129 166 52 281 31
200 96
17 250 284 519
16 217
376 81 664
91 87
272 412
144 475
161 164
165 140 270 47 16 46 274 275 273 217
170 116 117
89 303
196 5
409 287
216 75 223
168 134
200 95
28 52
201 95
211 133
901 439
810 306
227 519
194 3
171 134
418 548 264 424 362 172 334 48 114 115 246 444 445 319
108 334
250 356
67 68
283 367
200 821
333 407
37 166
819 340
67 68
233 53
129 52 821
378 395
3 196 5
483 341
860 813
3 413
369 53
202 821
250 107
272 133
233 484
441 563
129 821 933
67 68
106 18
369 378 105
285 150
96 821
420 92
283 143
116 124
34 39 40 41 591 24 954 28
412 3 4
64 60 5 846
184 130
17 425
272 286
67 68
104 233
130 487
49 50 51 85 88
508 244
321 395
380 158
897 301 125 406
547 829
135 108 367 283 434 84 373 374 87 122 59 284
184 156
233 53
3 6
216 75 269 223
301 406
347 158
496 372
67 68
65 75 6
233 62
36 591 87
66 435
67 68
434 181
488 452 559
115 108
508 244
245 239
418 334
521 686
84 85
75 332
212 55
594 821
810 303
65 645 6 490 213
301 406
192 149
441 276 414
841 130 573 458
88 146
171 117
67 68
129 821
208 96
75 342 310 312 216 317 223
289 234 163
330 639
59 139
67 68
56 55
667 167
69 22
881 686
114 443
289 163 83 84 85
184 130 189
326 327 328 11 307 21 22
192 345
67 68
306 212
83 132 133
281 15
522 135
354 709
538 22
16 46
829 301
3 4
64 3 4 5 846 60
322 378
196 413
80 582
64 212
322 378
171 117
114 334 246
97 90
301 406
67 68
529 374
108 63
202 52
12 23
131 181
664 81
48 49 76 334
64 237 47 304 211 372 212 250
184 82
18 75 227
5 860 413
82 63
233 563
306 7
4 413
369 53
827 3 5
171 549
64 846 4 60
109 470
832 259
145 255
3 5
336 335
816 521
116 439
97 418
202 821
361 214
184 412
83 284
267 534
289 163
456 252
328 161
481 357 170 330 82 339 639
184 199
3 7
170 116
264 445
233 782 369 53 538
56 55
378 492
272 193
304 130
12 325
306 686
3 5
67 68
553 810
116 246
388 199
181 215
21 22
460 269
91 478
884 117 166
83 84
281 441
321 182
322 104 105 369 378
212 132
628 87
67 68
270 47
507 167
289 163
181 494
288 185
3 4 860
1 2 317 222
161 394 251
281 233
200 42
64 4 860
306 212
289 163 71 84 85
3 5
130 173
195 804 860 138 881 626 58 60 253
412 4
260 261
232 233
59 3 5
75 222
460 223
901 136 331 817 754 116 438 252 861
268 20
161 4 860
76 254
130 451
122 547
380 396
450 415
24 33
456 339
3 5
58 175
67 68
369 53
64 209
521 60
171 117
91 14
115 284
64 212
107 83
165 46
272 412
67 68
174 135
118 119
483 341 135
827 7
372 125
901 331 754 979 116 438 861
97 810 305 55 89 90 286
60 5 846
441 250
180 263
395 182
171 549
52 45
67 68
181 150
264 445
59 4
288 93
245 237
138 686
467 507
434 289 234 85
145 255
363 45
483 341
233 62
315 86
448 800
283 405
143 495 87 167
96 129 378
582 22
64 282
233 53
232 179
122 547
18 311
668 70
170 116
881 58 138
64 846
16 165 335
9 500
369 53
25 35
549 79
88 413
666 175
41 27
192 158
561 460
3 5
642 164
64 846
367 83 84 85 122
116 117
104 251
268 13
35 55
59 3
122 133
857 161 45
390 391 392 297 296 396 183
41 120 25 27 30
69 367
306 212
129 821
289 234
55 7
76 254
24 25 26 27 28 29 30 31 32 33 34 35 36 37 38 39 40 41 589 591
265 359
49 115 246 319
173 182
184 130
192 347
282 14
80 532 87
285 150
129 777 802 168 42 52 821 197 198 199 200 201 202 203 204 205 206 207 208 594 95 96
22 23
172 173
168 96
322 104 105 369 378
334 303
485 564 573
926 334
821 206
177 178
233 369 53 538 62
97 212
424 456
233 557
49 76 77
67 68
216 75
59 212
81 491
233 53
67 68
346 180
128 22
41 918
497 422
777 594
901 136 137 915 166 170 171 817 438 439 337 338 339 340 861 124 116 117 252
58 139 138 287
321 182
744 517
3 4
88 22 327
28 36
171 549
101 430
972 4 5
424 486
257 250 212
609 530
451 439
64 306 244 212 412 253 286
200 96
128 22
64 4 175
451 420
281 495
345 177 178 179
257 133 212 250 284 286
4 63
322 182
265 662
172 334
96 202 909
212 63
321 378 182
124 439
456 77
125 405
260 21
177 418
50 51
32 428
65 150
474 82
448 140 677
67 68
98 324
195 196
330 22
122 191
139 287
321 322
24 108
74 75
388 389 390 391 392 393 394 151 296 297 309 182 61 62 321 720 104 105 369 379 377 378 251
482 60
369 53
114 85
230 199
64 4
113 67 109
202 198
491 372
992 521
162 13
161 82
321 182
600 159
64 306
200 400
184 82 330
124 439
58 686
426 402
82 301
116 117 166
130 451 341 441 94
451 814
75 222
897 639
483 341
57 58
522 135
418 114
114 115
304 370
171 117
140 820
833 3 5
326 327 328 11 401 307 21 22
124 252
291 264 169 427 339 115 319
41 76
482 3
321 161 394
21 29
171 549
106 83
96 129
184 823
108 284
236 245
460 757
49 51
680 70
212 55
64 272 57
107 188
82 419
250 22
106 83
20 45
304 90
648 22
652 302
96 95
22 23
257 185
3 196
272 412
104 284
409 7
108 838
337 116
368 115
158 7
104 527
302 447
893 406
64 138
285 150
144 481
497 142
306 7
281 15
481 93
369 53
28 166
41 418
108 134
224 107
554 522 341 599
521 59 60 57
233 538
88 405
394 106
380 297 396
302 174
529 7
170 116
209 212
3 827 195
166 136 137 170 171 337 338 339 252 116 438 439 117 340 124
490 7
53 54
243 211
37 30
458 402
75 460 561 216 223
178 516
897 301 893 406
185 82
170 171
124 173 62
64 860
739 212
488 333 526 359
3 4 5
171 471
252 63
283 143
289 163 85
64 213
174 22
3 5
301 406
317 222
57 686
272 212
568 844
115 22
96 124 62
24 83 37
424 264
138 860
363 20 45 366
34 879
304 90
552 300
116 166
482 412
590 107 460 366
22 23
173 94
49 334
122 187
8 12
485 823
108 63
301 406 159
412 133
161 52
88 49 51
238 927
114 487
41 30
49 76
56 521
209 212
184 388 199
281 130
1 284
521 7
459 276
67 68
296 297
328 326
708 20
107 22
132 133 553 272 306 212 412 286
122 341
88 51 50 155
336 593 335
52 142
3 4
376 11 14 551
507 212 309 431
3 196
129 198
114 334
114 115
352 353 215 682 181 343 344 346 347 158
216 310
297 390
529 7
312 75
107 188
170 115
296 297 388
5 253
107 188
192 181
315 86
64 846
52 45
3 5
64 435 3 413
827 3
49 51
107 164
359 488 333 526 407 700
177 179
67 68
104 394
752 7
3 195
146 122
616 88
64 4
64 5
101 405 126
67 68
187 364
18 227
594 821
260 401 21 22 223
193 3 4 5
322 62
130 459
514 174
194 3
18 75
184 130 291 451
4 63
171 117
281 15
377 380
97 114 246
3 5
264 115
256 367
857 534 431
410 3
59 6
250 107
474 250
241 210
192 181
304 370
264 115 246 319
369 53
334 319
88 42 86
32 31
424 486
272 244
141 47
897 301 406
306 212
160 159
97 303
163 71 72 433 434 218
232 622
67 68
547 821
3 60
262 31
386 388 296 297 381
83 94
97 93
348 181
336 323
161 58 59
372 406
64 521 409 60
164 167
388 199
485 823
897 301
435 171
352 180
304 370
474 341
264 49 418 115
257 133
442 570
3 5
74 757
484 166 134 170 42 115 281 124 29
129 130 643 257 532 406 279 22 29 162 170 45 47 330 82 211 341 222 356 107 491 366 368 496 372
666 5
347 292
88 439
67 68
427 527
49 334
312 374
117 439
378 395
155 364
188 301
857 250
106 43 148 213
848 206
138 686
386 388 381
409 253
141 46
860 413
120 41 40
481 82 639
67 68
185 510
105 395
334 303
233 179
64 138 4
129 52
115 319
114 115
108 334
209 133
289 163 434 84 85
304 97
114 115
97 212
412 132
497 452
363 87
49 41
282 7
97 620
96 65
185 82
50 85
66 427
114 334
161 390
64 60
666 813
301 893 406
906 75 310 312 216 317 223
130 107 43 82 184 188
281 173
257 363
161 58
116 255
369 53
272 132
259 199
860 686
162 570
50 51 85
115 334
281 494
361 499
893 406
283 367
129 347
378 182
65 7
857 13
369 538 233 53
184 134
488 333 407 700 701
639 47
3 4 5
114 487
731 108
88 49 51
166 136 137 170 171 337 338 339 252 116 438 439 117 340 124
114 251
134 558
9 45
147 53
368 262
185 191
154 283
250 63
64 282 572
16 275
456 264
380 158
217 270
3 5
67 68
245 159
821 53
171 116
301 119
334 319
67 68
285 181
594 52
148 63
250 115
170 171
116 117
170 171 116
360 530
324 101
212 195 196
129 491
41 172
260 261
390 391
97 620 304 58 925
52 821
306 3
250 435
184 130
304 286 287
161 163 132 547 813 655 49 146 602 253
3 413
824 522
114 52
171 117
152 122
394 534
963 959
67 68
833 194 827 5
152 749
521 138 23
3 4 5
46 462
212 84
74 331 75 332 298 18 249
21 22
552 300
336 335
701 662
833 3
345 150
89 90
114 117
496 474 435 420
339 117
75 310
171 471
115 319
964 143
132 133
106 821
257 83
82 21
188 406
97 90
328 22
202 95
243 211 159
445 486
578 364
456 319
322 395
106 367
21 22
291 573
291 823
145 187
161 642 148
82 22
80 220
209 212
82 107 21 22
369 53
114 334
174 135
65 529
264 982
147 53
322 395
306 3
107 21 22
777 95
418 115
97 90
296 297
58 3
173 94
65 7
377 182
177 179
434 373 181
193 3
75 269
516 485 564 823 573
264 246
50 51
409 3 413
289 163 434 84 85
75 310
75 342 310 312 216 317 223
114 115 246 487
281 15
114 115
81 82
1 317
45 366
881 686
833 196
165 430 47
3 5
67 68
600 159
264 334
363 142
20 13 63
129 197
50 51 85
554 341
306 484
96 821
233 242
184 88
330 107 367 153 250 283
109 421
3 5
50 51
412 3 4 193
435 534
52 119
71 72 367 433 434 85 218
330 475
64 860 253
22 327
250 55
212 55
468 63
184 130
107 468
352 378
96 821
48 548
82 510
897 711
6 7
56 212
250 356
170 116
860 686
625 421
380 158
482 810
6 7
266 268
301 406
147 53
64 572 5
380 158
296 297 378
395 380
67 68
116 117
233 441
170 252
96 821
201 95
170 171
177 179
124 252
170 116
170 639
97 212
81 460
257 250 212 519
108 284 406
475 109
378 379 151
433 50 434 51 181 373 153 218
76 254
664 81
3 412 5
67 68
908 263
90 286
363 142
337 338
322 395
106 191
3 5
46 462
451 212
340 15
304 97
185 300
475 470
214 534
412 4
105 395 182 378 251
161 821
64 4 237 47 304 211 372 212
496 2
4 413
274 270
291 427
65 281
41 30
165 175 47 17 372 286
537 185
160 243 159
312 226
409 7
108 101
300 591
336 16 335
322 62
108 255
816 138
161 475
265 233 276 441 414
212 133
171 116
71 434 50 51 181 373 85
412 284
3 196
147 188
94 185 14
3 196
336 335
418 486 264 424 362 77 334 48 49 114 115 246 443 444 445 319
338 116
97 253
363 20
435 244
116 252
813 933
272 739 212
41 172
24 25 26 27 28 29 30 31 32 33 34 35 36 37 38 39 40 41 589
380 158
114 115 172 319
52 821
496 106
521 59
3 60
83 187
64 129 195 4 435
233 179
130 42 435 821 181
136 41 76 77 49 438 254
107 188
451 459
180 398
5 4 413
376 81 664
50 51 85
289 163 71 72 50 434 51 85
171 116
3 412
957 934
28 94 52
170 171
499 93
451 494
45 294
281 15
67 68
171 117
233 53
448 449 934 140 141 430 335 336 429 447
114 115
285 622
1 317
64 3 972 5
41 27
210 12
65 301 406
81 122
369 53
210 12
3 860
3 195 196 5
97 171
212 132
122 547
114 334
67 68
184 130 115
282 7
122 83
810 413
352 215
170 116
232 233
161 642
260 261
232 265 266 233 441
97 212 132
428 262
171 549
50 51
34 439
421 294
540 79
171 471
301 406
171 471
3 195 196 5
441 276 414
41 26 27 39
482 739
171 471
184 910
341 174
499 766
363 142
428 262
162 359
82 639
232 378
394 43 428 106 494 83 435 181 250
367 143
8 857 45
97 29
640 639 159
170 439
18 315
507 20
345 149
76 861 438
395 380
39 41 26 27 444
58 59
495 319
257 153 250
412 413
161 82
481 495
89 303
648 22
64 138 3 5
315 86
233 53
224 19
165 140 46 47 16 273 274 275 217
64 3 4 5
169 427
64 175
328 326
259 403
848 206
369 53
116 439
76 254
64 244 412 253
136 116
388 199
75 269
12 325
200 175
369 53
209 212
3 5
507 407
441 451
696 316
64 5 553 138 212 286 287
236 237
49 493
346 179
544 425
22 327
184 89 303
401 22
273 75 310
456 334
4 63
184 757
212 55
17 158
296 391
49 230
378 395
115 334
468 63
522 135
43 475
213 510
952 958
496 115
64 287
58 60
58 212
444 39
96 821
380 398
97 171
328 22
138 93
49 76
122 83
136 438
48 114
133 87
330 259
3 588
128 190
362 115
85 71
425 281
860 686
18 219
3 103
964 302
420 496 19 435 474
561 43
88 49 51
860 686
75 261
731 63
334 423
75 143
129 130
60 686
114 115
184 115 29
591 439
46 406
410 327
217 447
369 378
378 395
132 133
243 159
428 471
322 378
136 438
107 188
3 804
56 55
104 394
833 3
553 212 286
177 178 179
810 90
369 53
360 10
485 573
59 116
82 22
401 21
264 445
64 4 60
35 28
88 423
121 18
194 3
948 61
521 813
160 159
245 237
514 547
67 68
66 841 426 427 458 402 563 569
609 265 266 267 233 441 62
67 68
161 527
284 63
49 334 319
106 348
413 7
338 339
680 81
369 53
105 62
260 21
931 964
45 167
259 475
75 691
118 119
64 3 5
302 119
402 563
330 115 246
36 439
401 510
45 359
108 255
64 5
378 395
448 800 447
482 3
505 534
322 395
664 81
208 821
24 589
192 347 158
98 100
667 87
5 302
97 212
67 68
129 52 821 918
115 22
267 499
22 23
829 406
160 159
184 910
67 68
66 173
330 358
284 143
21 22
185 510
184 435
67 68
1 239
49 51
3 196
453 142
32 31
21 22
140 462
67 68
514 227 174
360 530
817 171
259 469
302 174
43 6
282 7
25 31
296 284
52 558
118 620 614 615
141 430
52 821
122 116
216 317
172 548
3 412
11 14
83 451
99 100
130 173
170 117
179 414 215
18 315
16 335
418 264 114 115 319
59 686
41 444
593 141
170 639
380 158
537 474
491 150
233 557
106 43 148 213 250
59 212
380 175
153 394
149 150
388 381
424 264
409 282
338 339
52 119
402 563
536 11
460 757
282 7
67 68
198 14
291 485
301 406
376 357
315 108 86
363 45
808 133
483 341
378 95
154 63
64 3 5 133 272
129 94
202 52
334 303
729 22
175 287
49 51
376 358
67 68
292 207
67 68
193 3 4 412
233 53
88 162
64 4
302 14
64 3
195 5
282 59
250 356
83 187
810 686
162 20
388 199
11 37
483 341
175 287
82 107
64 129 4 138 237 47 304 211 372 212
289 234 218
257 284 63
169 130
857 547
97 171
184 130
304 90
212 302
76 861 438
174 549 406
161 5
64 138 63
321 180
285 150
108 334
90 934
248 247
441 276 414
237 63
114 108
833 3
163 71 433 434 181 373 153 218
264 334
67 68
272 133
177 502
96 821
827 3 7
259 411
82 357
253 287
401 260
252 31
344 181
196 253
378 395
170 37 31
521 7
390 183
67 68
833 3 5
369 53
201 777 95
449 270
289 163 71 433 434 181 373 218
116 861 438
50 85
123 124
69 70
48 49
558 206
101 663
32 37
177 179
250 6
81 82
653 479
708 958
122 85
322 395
170 117
261 94
373 374 135
498 420
485 823
16 335
136 438
39 41 120 27 30
296 297 388
482 3
85 405
339 117
59 413
522 341
170 171
369 53
112 109
217 270
701 662
322 395
62 15
94 15
336 593 335
322 395
212 55
232 233
60 413
757 143
264 334
97 418
571 13
487 404 15
171 116
245 237
133 7
260 261 401 312 94
505 45
60 813
50 85
341 135
901 136 817 754 116 438 252 861
901 754 979 116 861
596 53
49 51
104 369
122 83
64 193 3 195 4 196
184 363
195 196
174 63
297 61
152 439
810 212 950 55 56
58 138
664 81
369 53
272 739
334 303
52 821
64 257 129 420 491 45 82 435 185 250
451 814
170 166
170 116
346 351
46 462
609 232 233 266 267
209 196
83 22
901 439
376 81 664
171 116
250 358
59 3
64 287 175
4 159
264 246
230 199
354 709
532 166
328 22
59 3
475 470
114 319
548 340
155 655
272 212
59 250 3
41 30
475 479
193 3 195 196 827
161 293
456 246
115 334
108 495
833 3
211 159
321 182
194 3
232 233
18 315
46 462
677 429
547 964
163 71 433 434 181 373 153 218
860 686
488 422
171 549
816 686
254 367
67 68
264 114 115 246 63
144 330
129 821
129 198
136 438
212 412
897 301 893 406
456 172
50 51
169 130
252 63
496 161
380 158
499 923
201 909
706 451
64 4
140 270
76 254
3 4
3 4 413
106 83
67 68
901 979 116 438 861
50 51
69 70
301 174
373 374
340 166
212 133
170 115
18 227
187 255
720 377 380
230 199
460 718
210 159
306 7
598 63
70 261 509 326
184 82
211 22
112 475
49 76 77
22 23
115 327
41 26 27 39
337 338
306 287
372 324
642 421
428 262
4 5 406
67 68
302 598
202 487
3 6
161 285
64 897 3 4 5 406
145 493
181 150
328 22
82 686
185 82
810 108
161 84 167
376 578
193 412
281 451
43 428 334 116 24
302 598
114 319
64 58
81 175 287
147 53
212 372
184 479
484 215
522 483 341 135
75 460
213 454
173 414
120 754 861 471
160 159
64 59
114 115 726 319
368 428
284 519
171 117
129 166 487 170 368 115 281 29
58 860
848 926
97 22
32 122
412 4
901 136 817 754 116 438 252 861
134 558
682 343
169 130 487
930 335
156 189
145 493
302 270
134 166 115 117 29
901 331 754 116 438 861
160 159
152 36
369 53
138 253
301 406
58 686
195 5
97 170
212 55
338 6
88 813
321 378
833 3
184 130
664 81
537 87
75 318
21 22
510 254
212 55
170 439
122 83
434 181
289 234
120 49 77
144 330
569 527
107 212
483 341
304 184
136 362
301 406
498 582
848 926
3 972
170 117
212 55
116 428
67 68
88 423
376 143
83 311
24 36 29
88 485
74 75
465 166
64 833 194 3 195 4 5 827
97 171
65 199
129 166
212 108
114 334
170 117
212 133
696 190
378 251
129 777 168 52 821 197 198 199 200 201 202 203 204 205 206 207 208 594 95 96
138 22
97 235
385 158
184 130
456 246
122 428
21 22
212 59 412
328 22
97 212
138 60
474 461
395 487
881 138 686
184 82
59 5
9 10
153 365
104 378 251
281 364
154 63
810 3 5
161 174
257 519 306 212 250 286
257 130 356 457 170 107 491 301 366 47 368 82 372 341 406 279 222
12 325
58 4
274 462
339 125 639
40 117
857 161 467 499
232 61
505 302
334 303
321 183
377 398
74 331 332 298 18
129 63
168 204 205
25 26
368 152
272 324
8 142
808 133
810 90 303
243 159
474 435 420
134 558
333 407
428 471
41 371
554 135
96 821
97 212
8 570
362 334
16 449 140 141
901 331 754 979 116 438 861
64 4
860 686
352 297 204 180 378
860 813 686
123 124
256 107
358 22
168 207
465 340
161 574
380 7
369 53
184 115
250 578
901 166
163 134
12 93
177 178 179
8 857
41 30
184 130
288 93
28 30
330 475 92
490 83
108 63
362 114 115 246 319
154 613
281 130
860 7
75 223
129 821
304 253
59 63
171 116
129 95
448 580
122 115 334
97 303
901 754 979 116 438 861
380 7
59 212
306 517
321 322 105 395 369 182 378 251 62
43 821
257 212 133
132 133
114 319
58 860
136 76 438
67 68
257 250 213
412 59 132
123 180
64 3 4
132 253
333 407
239 159
106 4 860
32 33
82 63
162 130
153 108
264 528 418 548 424 172 48 49 443 444 445 319 77 334 486 362 114 115 246
860 686
76 438
827 3 5
330 109
296 105 395 182 378
64 860
306 253
239 87
129 197
401 11 326 70
56 87
64 244 253
76 254
496 2
860 813
130 167
860 686
412 132
3 60
160 239
3 5 286
388 199
80 340
272 146
21 22
56 639
522 135
161 210
108 449 140
448 140 47
680 81
304 210 184 199
281 14
739 212
302 598
212 59 435 412
96 168 201 42 205 594 52 95
369 538 233 53
64 4
308 207
434 181
334 303
563 66 427 402
827 3
65 43
64 138
456 246
272 306
185 70
931 236 237 239 244 245
352 215
282 253
141 447
97 90
430 47
9 13
378 62
72 49 50 51 85 88
161 18
64 209
363 142
687 23
301 406
81 474
134 262 136 137 26 28 29 31 418 546 166 40 170 172 444 337 338 94 483 362 368 115 117
262 31
82 21
16 270
168 492
67 68
594 87
893 439
283 663
363 45 366 507
281 207
12 214
96 219
212 412 133
64 5 846
250 519
115 982
500 214
810 55
10 453
87 63
193 3 4 5 413
185 541 191
108 933
114 115
288 138 93
200 175
18 317
65 490
482 306
64 972 4
114 115
57 60
109 479
833 194 3 195 804 5 588 827 991
24 29
451 543
138 860
964 302
99 108 405
147 53
64 4 60
448 140 677
496 108
97 171
18 315
195 5
244 374
3 4 813
107 108 301 211 406
185 7
307 70
264 445
282 59
124 173 62
250 356
363 422
378 182
82 84
424 14
36 29
508 244
76 254
499 142
257 133 107 212 250
184 22
307 70
680 81
344 161 181 279
96 219
9 511
347 295
122 547
212 284
163 433 50 434 51 181 373 85 153 218
296 451
85 613
587 482 3 212
75 255
296 321
97 611 620 304 57 58
250 406
291 823
81 82
107 406 63
163 71 433 434 181 373 218
369 53
146 107
88 301
161 540
418 39
57 139
339 116
123 124
232 233
582 78 558 80 79 498 532 446
424 456
12 21
59 3 5 827
410 118
424 264
170 108
67 68
48 444
130 364 366 211 372
212 133
306 412
409 282
138 253
301 893
378 395
185 419
402 622
138 860 686
312 75
860 5
322 395
65 141
301 406
166 136 137 170 171 337 338 339 252 116 438 439 117 340 124 861
639 159
323 46
50 51
306 195 196
401 21
108 358
639 159
115 334
147 53
56 272
194 827
957 934
65 821
24 25
39 41 723 26 27 444
168 134
18 227
482 212
212 55
1 222
453 142
72 49 50 51 85 88
328 417
405 63
131 14
380 7
507 142
161 170 116
301 406
52 119
67 68
282 4
272 193
107 223
252 117
107 406
365 166
184 246
931 237 239
81 287
217 430
794 436
170 639
354 126 87
67 68
486 373 374 87
184 13
48 49 51 77
48 49 51
64 3 4 5
67 68
591 439
456 97
441 276 414
507 63
250 420 82
289 163 71 72 434 50 83 85 51 84 122
122 59 212 253
264 115 246 63
496 156
369 53
140 447
550 174
89 303
97 171
709 749
328 22
67 68
301 174
482 212
252 340
160 435
41 172
202 52
174 519
210 127
41 30
424 77
680 81
233 53
122 235
308 311
213 405
346 181
303 239
170 171
194 5
89 90
195 239
264 170 427 114 339 115 319
336 335
449 141
314 18
64 409 212
122 84
223 87
486 424 264 77 246 445
188 156
339 725
106 213
3 4 813
609 325 805 267 556 12 721 755 566
170 116
177 293
178 179
372 405
56 212
409 3
482 212
233 54
252 439
901 166 136 137 170 171 337 338 915 252 116 438 439 117 339 340 124 861
451 543
115 439
154 108
40 41
860 686
64 59 212
108 5
522 483 341 135
312 216
302 14
22 23
97 90 253
130 173
88 372
194 3
656 281 173
297 394 396 84 284
208 96
608 696
434 181
209 212
83 284
138 93
810 807
21 22
147 53
97 132
216 296 284 61
3 103
107 87
170 309
481 357 363 82 510
357 358 91 109 144 376 475 92 479
272 133
250 284
210 243
128 161 164
497 452
200 129 821
130 563
233 369 53 538 62
169 516
154 108
114 334
402 149
192 279
161 114 115
129 821
3 5
49 51
860 686
421 30
171 117
144 475
181 263
69 510
65 6
260 135 519 174 463 307 536 539 63
170 171
232 798
170 439
322 62
1 223
827 195
160 241 159
279 181 215
88 155
107 43
243 159
88 475
821 494
482 412
184 130
224 216
171 549
317 223
194 3
64 409
42 86
65 490 6 7
833 413
289 434
59 5
507 495
48 49
284 222
322 395
184 82
284 367
328 22
376 81
107 188
424 264
309 134
395 390
212 302
88 49 51
83 213
448 800
3 7
482 212
216 6
409 3
441 451
122 181
180 279
169 173
280 63
409 3
451 543
210 495
256 84
434 181
328 417
360 530
237 239
22 23
522 341
21 93
224 18
202 487
848 206
964 238 927
411 63
24 423
192 352 131 682 622 180 181 278 279 215
833 3
291 494
182 62
56 212
577 495
409 7
570 13
114 334
482 739 810 55 56 57 59
120 981
48 444
488 333 407 700 701
323 46
185 69
72 289 163 85
409 413
80 117
108 63
481 22
291 7
96 65
289 434
225 18
96 197 198 199 200 201 42 203 204 202 206 207 208 168 205 52 95
475 613
171 117
554 555
748 190
96 219
24 29
129 173
334 303
451 341
108 964
170 171
906 75 310 312 216 317 223
388 199
161 402
1 222
418 439
17 490
561 811
601 130 451
41 28
483 532
296 19
434 50 51 85 88
107 188 301 406
909 919
499 214
3 196
256 643 164 454 43 460 491 496 148
521 282
405 143
159 63
522 341
909 207
146 107
639 159
224 216
196 5
136 41
488 559
145 493
108 334
259 67 357 358 329 330 109 144 475 376 91 92 479
155 174
105 378
569 130
233 53
144 485
378 459
668 119
67 68
330 14
281 285
324 405
524 135
656 36 152
21 302
96 821
250 142
200 106
64 3
284 87
114 319
286 175
160 211
322 182
76 495
67 68
730 650
264 246
170 439
108 116
563 427
739 212
377 378
257 519 167 493 153 284
97 108
147 53
108 933
4 324
380 182 7
115 319
465 484
315 86
281 285
129 130
257 29
146 547
50 51
122 212
664 81 82
88 50 51
107 188
129 821
124 439
64 132 138 212 59 286
90 3
67 68
224 75 19 216 249 314 222
3 196
322 378
184 258
928 964 238 927
448 140
334 486
514 174
98 324 301 103
28 29
483 341
262 428 368 656 471 120 152
75 460 269 561 216 188 223
321 182
185 474
860 686
301 103
56 482 59 412
330 479
76 254
154 108
233 53
600 159
264 445
18 19
456 65
122 309
129 87
74 75
22 23
428 167
129 122
301 406
49 434 50 51 85 88
114 982
442 363
810 212
474 26
21 22
328 174
170 171
74 331 75 332 298 18 249
129 52
109 70
140 934
96 821
378 62
289 234 163
65 645 6 7 490 529
57 59 60 686
680 664
129 108
449 165
210 813
668 510
136 76
180 157
593 270
120 77
467 422
161 138 59
22 23
41 76 77
345 179
212 133
74 75
296 297
48 49
116 439
59 405
108 510 63
494 279
59 5
357 639
376 357
3 287
76 254
67 68
163 284
115 255
65 94
107 22
288 93
378 157
22 23
52 821
194 195
369 53
289 163 71 234 434 85
482 810
64 4
284 493
739 212
67 68
152 36
521 93
82 330
71 72 434 50 51 85
188 190
241 159
4 413
720 398
80 446
184 130
322 378
505 12
312 283
289 163 71 434 83 85 122
153 405
720 380
296 391
458 427
115 246
521 175
3 5
170 252 439
265 233 276 441 414
83 284
200 208
3 195
334 303
114 115
224 75
76 254
496 378
829 301
272 133
147 53
3 195 5
609 233 266 267 265
474 115 420
129 777 168 52 821 197 198 199 200 201 202 203 204 205 206 207 208 594 95 96
608 171
114 115
217 165
159 63
67 68
369 53
147 53
65 293
456 262
104 296 216 284 61
41 371
148 302
418 166 134 136 137 362 172 337 338 117 28 31
307 724
3 5
333 407
296 391
301 174
496 406
3 195 196 6
76 254
497 142
80 134
475 92
814 451 459
232 182
115 334
72 434 50 51 88
256 283
3 196
138 860
700 407
171 117
400 458
4 272 212 860 253
64 175
296 391
5 3 4 413
129 197
3 5
32 24 29
67 68
341 87
171 471
507 431
106 821
257 115
87 511
64 212
184 130
130 451
184 82 69
321 322
147 53
49 51
171 549
154 155
813 462
45 359
482 739 810 55 699
412 4
48 49 319
134 582
145 493
194 827 804
378 61
64 881
441 276 414
281 130
129 821
301 103
17 116
6 7
233 516
3 196 5
3 4
289 163 71 234 434 85 253
184 545 130 82
289 163 85
315 86
369 538 233 53
177 178 179
378 182 62
609 232 233 266 441
456 334
59 167
211 235
97 418
170 116
813 413
194 827
67 68
301 406
219 87
817 754 915 471 120 861
304 22
97 212
483 341
282 108
165 430
274 429 46
170 439
147 53
201 499
321 95
42 86
135 767
257 108 153 284 63 255
184 115
769 98 354 100 101 102 641 324 99 619 405 663 125
928 964 927
11 326
641 125 639
243 235
98 99 100 101 354 355 324 619 126
161 394 322
196 7
530 363 45
97 171
108 63
276 173
41 444 39
441 207
664 461
881 138
117 166
136 252
424 264
264 115
69 22
289 234
216 223
200 129
64 572
64 3
378 182
75 222
418 362
12 93
4 813
250 63
953 510
662 511
202 487
129 202 95
122 650
897 82 301 639
265 441 233
341 213
56 57
356 63
64 3 5 138 237 47 304 211 372 212 286
273 165
227 318
312 298
460 590
378 182 62
64 59
41 36
59 412
132 213
488 452
67 68
3 195
284 167
3 5
497 12
289 84 367
185 474
107 188
322 395
211 159
441 276 414
18 315
116 439
341 135
381 398
369 53
496 106
130 494
146 43
26 27 39
171 428
680 81
129 42 255
406 749 174
88 49 51
129 347 52
17 425
243 211 159
860 686
41 30
72 434 50 51 85
301 406
52 918
964 927
441 459
330 109
289 163 71 433 434 181 373 153 218
3 860
210 925
564 494
306 212
116 117
99 324
142 567
129 206
193 3 103
142 7
860 7
33 252
460 223
130 82
928 964 927
65 142
67 92
264 319
82 639
296 284 61
197 821
64 4 175
115 334
97 303 305 370 89 90 253
420 341
307 724
130 427 173
107 284
45 359
330 259
354 99
720 377
194 195
108 174
24 166
363 402 715 527
138 139
107 22
664 81
208 129
121 95
441 499
182 62
339 116
514 460
482 139
3 5
82 108
212 372
88 164
20 13
857 363
196 7
893 406
188 223
185 190
449 429 430 46 16
67 68
521 138
212 127
161 394
170 339 356 639
321 394
29 31
66 326
490 406
421 542
48 49
435 148
580 14
529 7
237 239
177 179
67 68
180 382
369 53
65 70
129 347
107 43
330 259 108 475
18 75
570 453
833 860
33 28
347 207
67 68
216 83
107 22
82 63
108 405
161 259 330 108 17
192 348
329 92
315 86
272 193 412
1 317
441 459
312 216
212 59 412
474 20
129 777 909 918 919 802 168 42 52 821 197 198 199 200 201 202 203 204 205 206 207 208 594 95 96
163 613 72 432 50 85
550 509 70
202 594
21 22
106 148
88 132
37 30
18 75
369 441
64 860
286 175
507 294
514 174
428 262
76 254
394 534
475 479
563 427
122 82
136 41 76 254
312 460 269
441 459
82 147
833 3 5
107 190
241 58
233 557
59 412
130 173
418 548 486 264 424 362 172 334 48 49 114 977 115 246 443 444 445 319
266 958
521 686
75 222
382 151
291 420
130 612
495 87
3 196
369 378
257 519 167 493 153 284
427 94
378 182
3 195
234 211 237
265 87
140 447
170 301
72 50 51 85 122
165 270
12 23
339 170 171
413 405
810 303
185 7
339 171
897 301
184 521
129 250
82 550
301 174
59 195
281 233
185 7
282 175
521 282
114 115
304 370
281 435
64 5
449 165 430 16 286
140 165
41 76 77 49
74 75
114 444
114 319
49 41
344 192
377 378
860 686
354 126
210 6
50 85
184 130
171 117
474 107
136 817 754 116 439 252 861
328 22
171 471
570 675
42 197
180 343
272 412
239 87
550 510
48 49
124 173 62
282 59
424 445
162 20
82 147 300
422 87
377 263
51 644
130 115
296 396
296 19
76 254
302 14
250 63
505 45
122 18 222
136 27
72 434 50 51 85 88
48 49
808 133
306 55
161 148 749
52 45
212 412
165 175
369 53
860 813
76 254
18 19
161 459
129 166 83 116 52 281 31
291 573
130 173
483 135
488 559
368 656
30 31
409 860 253
514 155
860 287
202 95
305 87
708 20
330 357
369 53
64 257 130 5 108 366 211 115 284
301 406
441 276 414
24 25 26 27 28 29 30 31 32 33 34 35 36 37 38 39 40 41 589 591
860 686
827 3
369 53
129 198
201 778
778 174
608 171
249 74
17 772
97 87
64 90
97 166
13 574
67 68
245 239
480 321 322 516 392 177 178 157 62 345 381 382
412 950
140 141
456 170
272 133
496 171
202 52
860 887
211 159
165 46
144 421
479 63
328 22
114 115
306 413
409 518
378 62
8 567
549 382
285 302
90 303
424 483
379 180
136 76 438
302 14
82 639
419 70
777 821
166 136 137 170 337 338 339 340 117
360 467
376 7
289 163 72 50 83 434 51 85
632 210
561 460
810 59 55
289 84
48 49
168 207
116 933
233 53
587 3
56 127
196 413
304 210
173 414
65 158
26 39
860 686
554 87
71 72 433 50 434 51 181 373 85 153
3 196 5
97 418
393 297
21 22
41 26 27 39
833 3 5
369 378
108 255
395 182
208 202
3 5
106 83
161 338
107 188
21 367
435 63
49 76 77
289 234 85
101 405
118 119
36 29
234 59 253
6 7
171 117
931 239
117 439
83 187
64 4
101 663
37 439
136 41
12 22
145 255
3 991
49 76 77
64 860 253
33 31
168 207
291 284
97 132
60 413
428 262
19 75
169 114 36 279
170 116
32 171
328 22
266 20
330 259
51 613
36 591
64 413
373 374
185 70
161 70
369 53
272 273
64 4
656 428
211 133
129 379
64 4
424 77
522 599
56 212
482 55
109 70
265 441
339 171
129 115
85 405
45 29
261 260 509 70
281 22
537 87
808 133
208 129
953 510
75 261
87 527
425 101
289 163 71 433 434 181 373 218
298 906
97 418
67 68
48 49
424 264 445
59 127
83 284
3 196
74 269 310
424 115
881 138 686
49 41
312 216
168 281 204
132 133 553 272 306 212 412 286
61 151
138 686
307 724
336 335
260 261
65 380
67 68
281 821
97 418
860 686
183 391
3 4 5
388 199
281 15 87
161 140
41 36
170 171
522 483 135
145 493
860 686
291 495
250 106 83
573 823
185 510
147 53
488 452 559
953 541
154 143
168 919
116 117
441 499
93 101
162 20
570 779
434 50 51 85 88
435 173
129 130 366
195 196
312 75 216
171 439
195 5
532 166
3 60
82 639
296 388
3 5
249 298 75 261
304 64
289 163
97 620
184 451
117 31
352 346
50 85
8 511
302 14
194 846
83 284
648 94
138 860
3 860
93 22
449 447
686 7
328 22
185 191
369 322
106 148
931 239
116 495
107 108 17 406 284
323 462
553 212
67 68
3 195
83 284
233 134
64 5
123 124
97 90
185 474
59 194 3 5
522 341
82 357
672 188
92 357
304 64 184
344 161
108 133
427 93
114 933 334
435 420
810 303
425 5
265 499
358 143
441 381
46 270
315 108
441 201 66 499
108 87
212 412
67 68
258 527
8 667
40 449 30 41
131 181
860 686
96 205
48 49
67 109
107 190
67 68
425 358
115 334
1 147
155 364
298 75
128 190
108 167
386 388 296 297 381
49 76 77
3 5
152 439
346 181
816 58 93
171 116 118
860 686
302 174
93 174
106 83
6 7
153 493
488 333 407 700 701
306 287
18 222
130 347
321 182
12 325
6 7
233 62
67 68
897 357 406
475 92
341 135
522 341
398 7
3 286
281 114 115
81 425
289 71 433 434 181 373 218
65 7
376 330 184
848 548
315 53
715 374
116 85
108 405
99 324
833 3
456 340
41 76 77 49 754 438 254
482 3
241 237
334 303
258 427 622
64 4 175
3 5
171 116
281 15
64 4
217 447
107 69
139 991
434 433 218
410 28
481 22
176 175
897 357 330 301 47 639
425 435
306 212 6
547 234 111 83 213 85 122
866 60
15 182 222 391
181 215
216 310
317 222
173 414
481 21 22
233 538
171 116
129 821
162 20
75 342 310 312 216 317 223
107 460 491
65 125
299 550
216 296
284 45
521 93
306 59
495 63 71
173 414
212 12
724 734
136 116
522 483 135
811 302
1 6
124 439
769 98 355 100 101 102 354 641 324 709 99 619 405 125 126
369 53
193 194 3 195 833 5 196 827
64 860
212 412 286
222 311
514 223
451 814
345 150
22 23
3 195
833 4
184 129
58 59
330 170 107 82 188
115 308
369 53
64 138
72 289 163 85
496 372
217 447
97 611 90 620 304 57 58 60
56 57 58
114 115
324 405
448 441
192 347
897 11 13 45 82 639
82 357
48 49 77 334
226 18
332 359
49 319
272 412 133
64 58 212 306
3 212
22 23
744 518
352 257 130 162 297 330 107 364 366 304 496 82 211 372 153 250 284 29
143 283 284 161 933 167 694 63 83 595 84 87 602 108 367 495 753 373 374 122
481 330 639
97 212 132
395 380 182
857 250 45
302 598
304 184
192 345
115 334
76 254
132 133 808 272 212 286
76 254
257 167 143 495 83 87 284
120 754 471
67 68
64 3
272 193
368 170 171 37
255 63
146 547
138 60
85 405
161 363
291 573
75 260 261
104 369 378 105
304 184
409 59
88 442
72 434 163 85
359 488 333 501 407 700
97 925 303 304 305 89 90 253
67 68
507 142
348 62
547 213
123 124
184 354
166 136 137 170 171 337 338 339 252 116 438 439 117 340 124 861
217 580
465 612
570 571
608 250 590
18 317
115 334
58 4
421 191
343 215
154 108
138 287
129 821
153 493
833 196
3 5
336 335
76 438
330 92
496 107
161 196
83 187
97 170
97 171
456 418
233 53
826 307
208 129
64 163
106 148
448 677 447
170 116
116 117
67 68
257 250 107 406
296 87
81 82
21 22
52 198
972 5
483 341
161 386
347 158
250 662
192 908
283 227
129 821
164 933
67 68
507 972 5 191
89 90 303
334 319
65 529
390 487 104 395 527 15 222 19 179 404 54 86 313 538 381 62
205 94
211 495
219 37
369 53
848 114
64 161 3 284 253
931 964
420 463
418 548 486 264 424 362 172 77 334 48 49 114 115 246 443 444 445 319
96 821
3 827 195
341 174
380 158
3 7
700 333 407
296 451
412 4
901 331 754 116 438 861
330 259 475 63
301 639
106 83
827 3
108 5
138 108
636 127
148 167
97 235
3 4 860
552 724
377 263
64 138 4 5
257 122 284
96 821
547 955
20 662
833 194 195 196 5 827
475 69
306 7
289 163 72 433 434 181 85 153 218
3 5
89 90
357 639
8 250
97 210
272 133
739 212
76 254
369 53
67 68
128 22
67 68
157 14
74 75
430 47
450 415
99 405
459 494
25 29
4 413
22 23
24 25 26 27 28 29 30 31 32 33 34 35 36 37 38 39 40 41 589 591
107 188
122 83 84
171 302
212 55
545 818
212 412
49 51
69 70
11 326
456 471
8 20
441 276
720 377 380 398
860 813
281 42
212 55
901 754 979 116 438 861
236 245
153 122
175 287
82 357
170 116
378 395
80 446 78 79
59 413
105 395
283 341
233 538
89 90
82 21
173 182
21 174
369 53
497 452
449 34 39 41 371 27 30
488 497 452
43 188 301
81 69
297 278
285 622
827 194 3 5
75 460
451 459
72 85 613
64 5
291 485
108 405
219 197
108 334
449 34 39 136 41 371 120 25 27 30
12 407
90 60
409 253
70 14
195 196 7
304 89
296 284
169 527
1 499
18 315
67 68
284 373
281 207
30 31
289 122 59 253
170 116
88 49 51
80 121 220
97 93
67 68
212 133
587 3
107 188
602 167
22 23
124 252
108 255
418 115 319
181 215
481 70
848 114
486 199
330 475
123 124
35 55
328 22
418 115
96 129
395 182
569 291
522 483
50 51
289 163 71 72 433 434 181 373 85 218
28 29
3 5
46 270 47
873 183
302 14
490 22
369 53
496 378
144 341
52 109 110
302 174
49 76 77
36 29
938 354 126
59 175
20 13
353 682
67 68
210 59
315 86
69 70
21 174
48 444 548
496 171
115 334
833 3 5
164 116
46 323 270
366 107 406
456 49
483 341
3 4 5
465 130
212 406
129 594
52 918
16 449
260 261
507 142
107 223
168 197
83 13
67 68
816 686
334 423
28 94
144 330
326 327 328 11 401 307 21 22
140 462
412 6
56 482
475 357
48 49
982 926
67 68
289 434 50 51 85
860 133
131 181
59 412
385 389 296 297 105 182 378 379 61
115 319
115 319
456 116
160 211 159
3 196
552 300
64 5 3 533
424 264
321 182
264 319
50 85
212 372
272 133
160 640 234 108 63 159
41 27 39
170 166
67 68
70 959
234 237
330 475
3 195 5
449 46
833 3 5
75 269
124 439
324 101
160 243 159
393 158
827 3
3 195 196 5
18 315
216 542
169 516
50 51 85
522 135
108 430
59 7
20 534
526 87
321 182
26 31
483 341
124 252
336 335
245 159
58 7
96 168 232 173 182 377 123 220 61
83 564
41 27 76
4 5
114 115 246
196 5
1 582
177 178
195 196
114 115
308 589 207
281 15
82 21 22
224 75
216 6
64 4 175
3 860
860 7
860 686
185 474 510
41 26 27 39
96 821
3 196
64 521 138
106 83
129 821
82 357
129 821
409 306
547 428
233 220
418 114
881 686
339 116
58 138
64 4
72 434 50 51 85 88
145 493
185 70
215 204 343 378 61
304 370
296 297 396 391
171 117
67 68
330 92
13 639
93 174
67 68
234 146
237 159
18 315
129 483 484 582 168 137 42 233 172 48 337 114 594 465 281 124 94 31
101 405
495 87
252 31
200 42
434 71
212 55
209 212
232 646
328 22
41 114
4 413
152 428
171 549
104 378 87
67 68
22 23
67 68
116 117
21 22
3 413
41 27 39
200 208
272 412
810 303
378 151
301 406
347 295
401 21
122 22
434 373 181
56 55
65 490
250 107
521 138
64 4
213 70
88 49 50 51
122 613
371 117
180 382
696 260
15 182 391
289 434 85
181 343
96 202 219
117 439
129 777 168 52 821 197 198 199 200 201 202 203 204 205 206 207 208 594 95 96
456 49
213 70
212 133 286
161 418
227 86
4 887
3 4
330 107
322 484
3 4
860 686
196 413
393 297
67 68
369 53
171 116
881 138
296 388
449 47
97 116
821 53
117 246
488 700 333 407
495 87
334 303
89 303
441 381 62
289 434 71
392 183
146 428
428 933
61 182
547 72 428 146 85 122 59 253
827 7
170 116
794 749
285 181
496 17
804 253
376 470
147 53
67 68
184 388 199
132 133
82 510
376 470
409 282
42 43
280 63
147 53
363 45
301 174
56 212
48 49
80 532
201 778
484 215
108 933
114 926
490 406
67 68
475 470
499 142
212 108
83 133
48 444
341 135
36 439
744 517
708 20
196 5
66 291
833 5
474 82
212 286
544 210
547 510
435 167
483 341
369 378
65 7
194 991
250 435
76 254
116 166
88 51 423
232 173
412 132
12 13
218 367
75 310
369 378
56 167
548 340
3 4
129 821
301 174
433 50 434 51 181 373 153 218
171 428
456 977 412
194 3
130 527
334 143
428 262
67 68
130 107 43 82 184 188
233 441
522 341
74 75
161 821
291 494
122 253
45 134
497 452
357 358
64 138 212 533 286
38 87
769 98 355 100 101 102 354 641 324 99 619 405 125 126
219 197
448 449 140 141 430 447
121 18
709 126
50 85
245 239
201 66 441
105 395
289 234
396 182
48 49
281 389
88 59
41 901
817 754
304 370
49 334
22 231
97 101
184 656
161 116 117
152 428
184 153
453 142
680 81
434 181
322 395
200 777
170 340
357 358
114 115
744 518
67 109
744 517
288 93
192 215
97 57
485 564 573
18 315
233 15
82 495
60 813
339 639
49 51
107 406
724 93
114 115
323 430
336 16 335
418 548
171 471
140 430
524 135
860 686
810 739
75 757
211 159
26 39
41 76
56 59
317 222
145 493
18 75
135 269 400 19 412 31 38 49 318 836 210 83 212 85 599 602 113 114 244 245 251
49 51
449 165 430 16 286
451 814
168 291
376 664
96 202
22 23
116 252
75 261
264 170 427 114 339 319
507 431
3 7
264 115 319
67 68
380 158
41 76
67 68
37 30
114 334
698 415
83 187 227
3 196
460 590
499 453
3 4 5
184 130
83 84
161 114
83 84
65 7
65 75
64 846 4 60
147 53
376 92
114 246
488 497 452
570 675
523 564
296 297 386 388
48 49 51 76
67 68
317 310 223
168 919
161 115 334
212 253
3 196 5
59 244
897 170 341 639
833 3
302 14
860 686
162 8 13 20 662 667
368 29
328 22
512 950
281 285
75 222
16 46
173 63
59 212
170 116
496 161 148
235 237
184 89
821 750
192 6
448 449
24 27
444 821
104 87
368 152 36 656
118 119
114 115
264 334
170 116
821 213
242 239
680 81
664 81
237 239
24 36
129 63
76 254
122 213
265 233 179 276 441
754 471
137 116
89 90
168 207
42 124
409 282
14 327
248 662
931 237
161 154 455
99 324
64 409 138 521
8 570 452 453
114 251
97 212
64 3
80 134
65 166
83 284
170 116
609 325 805 267 556 721 467 755
537 83 87
180 158
330 479
372 324
664 81
97 3 405 55 57 59 60
286 255
118 119
138 60
107 188 301
360 361
175 287
6 7
76 254
170 439
256 257 107 17
22 23
32 24
115 439
553 132
76 77
70 326
104 251
170 171 116
266 20
81 82
346 347
321 395
114 443
378 182 62
97 253
98 405
728 465
5 846
306 7
125 167
378 149
369 53
41 172
18 311
257 250 212 133
474 214
67 68
83 85
522 135
75 310
168 484
177 178 179
454 63
377 378 369
395 487
75 317
954 29
270 47
3 972
96 219
88 507
901 136 331 817 754 116 438 252 861
169 516
322 395
425 116
529 490
483 135
200 400 343
233 53
97 92
848 920 206
848 926
48 115
537 87
129 215
500 142
170 171
448 691
45 526
369 53
122 547
175 4 159
185 70
75 460 269 561 216 188 317 223
449 41
180 181
177 179
301 406
857 63
264 246
90 807
272 412
128 22
107 356 406
252 439
482 3
18 227 420 302
122 211
144 414
121 18
67 68
816 521
346 181
76 254
152 35
394 613
129 347
97 418
20 13
67 109
107 188
284 367
593 429
114 115
369 53
212 287
449 165
251 182
106 148
224 19
84 485
861 438
67 515 330 475
284 374
233 53
378 182 62
233 53
64 860
249 143
144 52
96 198
376 81 108
180 382
118 614 615
192 263
357 550
439 31
179 215
330 91
69 70
260 22
420 933
684 306 253 59 605
860 686
67 68
530 499
272 212
212 133
441 276 414
59 108
409 59
89 810
409 59
49 51
97 620 304 58 925
378 251
509 510
49 41
412 3 4 413
171 549
881 686
226 495
521 972 4
64 59
474 546
106 115
180 157
114 334
96 821
368 170 115 29
106 435 270
336 16 270
211 159
289 163 433 434 181 373
67 68
116 252
80 122 532
209 212
22 23
64 306
173 94
129 31
369 53
45 359
75 222
264 334
236 237
132 133
232 233 538
860 686
680 81
378 62
315 302
138 108
59 60 253 860
412 3 4
122 662
264 334
367 83 84 85 122
177 179
697 298
12 22
418 548 486 362 77 334 528 49 114 48 115 246 443 444 319
4 413
553 212
438 166
495 87 143
108 284
82 108
301 174 893 406 29
3 4
306 55
96 821
340 117
273 564
165 175
58 138
48 334
380 6
441 451
132 133
829 301
369 53
64 572
82 70
212 55
35 29
106 148
88 49 51
547 821
65 490
354 405
97 212
283 663
130 330
224 75
161 394 322
64 572
435 54
808 133
64 306
76 438
3 195
64 409 138
808 133
3 4 5
161 154
336 335
25 31
230 199
378 182 62
301 406
451 292
59 405
833 3 5
777 918 802 168 52 821 197 198 200 201 202 204 205 206 207 208 594 95 96
860 686
136 861
195 196
521 175
12 325
330 475
122 83
260 21
881 7
170 339 116
424 264
170 116
860 813
602 334
233 538
75 269
548 48 114 115 984 319
914 957
56 739
96 65 7
460 757
233 179 276 441 414
67 68
18 167
108 255
115 319
672 188
301 406
406 774
537 87
231 63
59 412
129 117
29 31
816 6
330 107
233 557
265 441
67 68
3 860
406 63
116 166
180 181
3 4 5
181 285 279
931 239
67 68
64 3 5
453 142
484 557
289 163 71 434 85 218
331 557
211 159
32 24
108 63
136 438
126 87
115 334
282 412
97 212
233 178
746 75 222
380 398
32 122 83
49 76 77
810 286
129 821
88 423
97 253
88 423
93 22
3 413
656 281
662 511
29 22
15 391
363 45 366 507 63
3 5
282 175
184 420
41 444
3 572
434 373
964 245
59 116
857 431
265 267
97 171
89 286 303
49 76
456 116
499 15
64 90 4 60
326 327 328 11 307 21 22
609 266 267 268
197 821
250 435
808 133
323 46
46 270
490 7
301 174
330 475
186 405
105 322 378
252 439
67 68
67 68
130 115
166 136 137 170 171 337 754 338 252 116 438 439 117 339 340 124
64 59 83
41 28
129 821
833 3
185 419
301 406
250 148
180 263
46 47
474 250
164 394 106 494 83 84
132 133
322 395
166 134 136 137 362 337 338 117 28 31
361 214
67 68
434 181
38 87
860 686
180 382
175 287
73 107
21 22
245 237
101 405
18 227
897 162 107 301 45 406
3 4 413
306 212
715 94
687 23
291 573
289 161 234 210 244 533 84
170 117
281 233
3 7
420 15
49 319
252 439
14 119
18 19
860 686
211 108 159
409 59
24 439
3 5
3 7
129 166 52 281 31
124 62
105 395
369 53
189 534
336 593 323 335
64 521
201 778
234 829
106 83
108 171 116
71 433 50 434 51 181 373 218
97 212 132
435 420
138 93
289 122 59 253
184 130 366
212 55
456 124
108 339 116
171 166
257 356 357 170 107 46 47 368 29 115 372 341 406 309 125
184 435
435 534
483 341
376 170
75 342 310 312 216 317 223
1 147
216 18
728 465
739 212 55
528 319
955 50 51 88 155
161 108 495 83 84 87 122 63
281 821
386 381
306 212 412 133
81 161
561 85
105 19
452 453
210 237
827 3
346 215
67 68
162 570
48 49
362 444 334
177 178 382
260 261
728 465
171 116
412 413 286
22 23
369 53
122 405
67 68
456 977
130 250
58 306
330 91
216 590
3 4
380 158
129 777 168 52 821 197 198 199 200 201 202 203 204 205 206 207 208 594 95 96
81 138
3 212
21 93
241 237
184 22
414 215
124 439
93 22
456 412 982
97 418
232 233 441 62
169 281
359 526 499 500 214 408
64 4 138 846 282 413
117 439
369 53
80 63
175 287
161 134
708 20
369 53
304 370
67 68
544 130 184 402
76 254
282 7
412 517
129 347
83 187
175 287
88 108
860 813
569 451
96 821
405 143
180 181
744 518
656 184
296 388
123 180
132 133
262 368 656 471 152
288 70
233 53
93 22
142 87
52 94
289 84
67 68
175 287
179 158
19 222
170 253
315 86
193 3 4 5 413
495 101 87
306 5
283 367
145 493
74 75
116 166
171 549
281 130
171 435 549
114 115
75 167
244 237
123 124
212 662
21 22
90 4
17 425
380 182
425 75
17 425
243 159
1 2
174 406
953 510 959
330 109
247 431
296 388
208 184
75 342 310 312 216 317 223
521 813
212 412
76 77 334 48 49 51
65 327
344 129 821
64 253
250 142
264 49 246 319
184 366
107 43
161 210
205 95
67 68
321 182
89 303
67 68
41 26 27 39
860 686
196 413
49 76
369 53
262 6
848 206
196 860
297 378
481 82 639
264 115
441 130
264 291
514 174
67 68
233 142
59 212
429 46 141 47 273 274
339 639
108 5
302 14
616 18
283 107
424 246
129 821
434 50 51 85
163 72 50 51 85 218
74 75
81 175 287
490 7
296 284
161 369
363 45
208 202 96 197
26 27
140 165
755 294
161 682
291 63
341 134
339 116
171 471
8 20
281 207
412 982
378 182 62
88 129 821
328 22
169 130
129 821
130 715
194 3 5
901 754 979 116 438 861
306 55
233 821
488 497 452
482 55
908 263
380 158
426 402
302 174
827 3
521 138 59
353 202
304 305
739 212
161 134
336 593 335
88 146 107
185 550
307 70
106 367
105 322
195 5
49 334
88 18
410 327
155 364
173 494
129 130
213 22
465 166
521 138
481 668
217 270 447
754 861
369 538 233 53
76 77 334 48 49 51
67 68
53 198
3 972
67 68
696 228
24 36 29
87 511
67 68
35 55
282 59
129 52
363 28 29 166
424 304
3 4
171 116
115 108 334
285 6
482 810
107 188
18 75
860 413
18 315
376 664
67 68
897 301 372 406 125
41 76 254
184 281 130
17 107 188 366
3 972
267 566
108 253
161 185
171 116
193 4 5
369 53
180 382
170 6
330 92
180 158
106 821
345 179
8 20
17 425
378 62
207 295
21 93
248 8
284 309
412 413
272 132
548 340
18 74 331
64 4 59 860 253
548 334
136 76 438
561 85
122 235
97 611 90 620 304 57 58
508 244
97 212
21 22
285 150
60 413
323 46
41 27 39
378 395
321 62
9 142
339 36
720 398
233 15
6 7
336 335
369 53
339 340
3 4 413 7
459 255
122 547 428
64 175
334 303
848 114
419 300
67 68
708 20
424 264
264 115
29 173
129 130 257 42 107 45 366 494 82 435 213 185 442
170 171
301 406
282 7
833 3
141 270
346 347 215
369 302
618 141
170 116
861 439
505 142
108 63
97 418
72 434 50 51 85 88
74 75
180 157
3 5
84 495
184 130
233 53
97 611 90 620 304 57 58
170 340 166
451 276
372 101
219 197
955 50 51 88 155
184 279
136 41 76 438 254
115 319
129 594
65 358
184 202
1 147
147 53
294 375
24 116
115 166
368 262
376 330
170 115
321 395
548 39
330 475
301 174
250 435 63
114 115
321 182
412 55
362 334
48 49
184 199
161 82
64 4
108 181
482 132
192 346
108 116
482 739 810 699
97 362
413 103
317 222
73 164
149 150
354 405
3 5
58 412
194 196
250 107
13 87
212 108
368 63
147 53
193 3 4 5
17 82
593 335
281 291
308 207
570 13
22 23
59 116
339 116
67 68
135 599
24 29
216 222
138 108
233 563
297 398
67 68
67 68
170 339
57 699
273 270
174 406
83 87
448 140
59 7
116 137 252
12 325
6 7
48 49 51
848 114
433 434 373 181 218
289 163 72 434 85
312 216
482 139
161 191
330 67
386 388 296 297 381
318 86
67 68
330 91
184 199
8 20
59 212 133
193 3
64 4
107 189
160 159
170 439
977 334
306 412
50 85
169 130
185 191
488 333 700 701
97 482
354 355 101 938 126
59 253
930 165
897 301 406
64 435
115 339
318 19 86 219
12 957
67 68
52 206
424 264
185 510
76 254
3 5
162 130
237 159
71 72 367 433 434 85 218
13 142
521 7
129 777 802 168 52 821 197 198 199 200 201 202 203 204 205 206 207 208 594 95 96
134 558
41 172
264 115
41 27 30
153 255
171 471
514 174
458 66
496 171
3 860
82 63
64 4 5 175
514 174
378 182 62
16 449
901 136 331 817 754 116 438 252 861
18 222
272 133
360 214
90 59
108 63
257 250 107
451 543
233 53
252 439
67 68
107 45
192 343
140 47
76 254
288 537 299
529 490
98 324 301 103
69 22
372 63
130 494
833 194
369 53
67 68
200 400
88 51
117 439
547 613 234 111 146 85 122
425 106
508 244
301 406
292 134 168 233 207 400 401 402 403 180 308 53 404 285
418 166 134 136 137 170 362 368 337 338 115 117 28 29 31
282 3
217 270
29 30
58 59 412
107 43
50 51
101 102
857 161 407
210 211
860 686
22 327
257 115 366
434 71
318 86
272 412
180 157
337 338
11 357 639
88 485
211 133
458 402
193 3 195 196 827
17 154
901 136 817 754 116 438 252 861
99 63
451 421
139 287
130 459
115 548
778 483
46 462
3 103
24 27 29
185 510
412 133
358 330 376 91 92 479
14 479
357 143
67 68
302 446
338 116
153 85
61 182
45 375
141 7
841 458 563
200 197
250 363 45
49 51
441 66 276 130
451 45 366 435 29
394 182
193 3 4 5
158 62
184 199
380 396
59 412
114 115
378 62
98 324
122 106
330 357 358
833 3 5
306 212
296 297
67 68
83 187
8 570
56 212
587 3 5
67 68
181 167
272 133
371 39
64 256 356 170 330 47 304 82 211 372 115 212
897 301 711
368 471
259 411
322 395
27 39
306 212
315 86
532 582
161 181 279
71 367 433 434 218
465 212
67 68
274 323 141
424 77
65 301
553 132
224 283
50 85
521 138 60
5 686
36 439
550 269 222
49 41
67 68
409 413
17 338
106 213
306 490
130 715
720 377
301 406
421 14
132 133
396 182
260 261
27 39
169 516
302 174
3 4 7
122 253
560 161 154
104 151
234 237
483 135
67 68
419 70
145 255
212 55
286 303
88 553 519
264 115
266 13
441 276 414
380 158
336 274 323 141
1 269 18 310 216 317 222 223
315 108
430 7
210 212
49 434 50 51 85 88
522 135
409 413
425 100
210 813
232 285
456 252
98 405
98 101
306 55
34 444
296 394
116 117
425 357
18 75
380 158
96 821
3 413
721 87
83 116
368 76
264 334
3 195
810 286
482 59
84 14
50 51
192 123
281 15
161 82
509 510
64 3 195 196 5 282
90 60
304 90
59 284
3 196 5
3 413
266 20
192 284
64 686
82 495 319
12 23
329 475
344 215
3 193 195 827
284 84
212 412
409 686
322 948 62 183
59 3
641 372
369 53
754 171
3 5
9 10
322 395
8 431
165 425 175 47 17
475 92
860 813
289 434 163
184 366
184 129
107 45
435 244
41 26 27 39
353 343
289 106
88 49 51
76 254
291 823
265 267
612 279
130 459
901 136 817 754 116 438 439 252 861
330 47
449 447
49 76
29 38
48 49
456 124
129 821
170 171
48 49
180 158
21 22
107 190
57 59 60 55
64 846
561 475
67 68
34 29
171 117
380 158
75 222
321 182
142 567
435 420
21 22
22 23
120 754 471
860 991
18 311
19 219
376 358
266 13
161 149
410 429
120 25 41
105 395
82 639
169 427 173 281
544 425
1 582
195 196
848 114
3 4 413
833 3 5
339 117
521 413
170 166
265 359
29 30
76 254
170 639
410 91
860 686
3 196 5
328 417
861 438
296 718
230 199
698 415
821 919
289 163 433 434 181 373 153 218
67 68
171 486
180 158
449 41 120 25 30
177 215
504 62
330 115
13 574
281 63
11 22
3 195 196 5
67 68
193 3
146 148
395 182
116 166
209 482
80 446
289 72 50 51 434 85
724 924
641 115
496 420
377 380
317 310
145 493
75 222
81 82
452 453
434 50 51 85 88
841 87
283 367
72 434 50 51 85 88
115 212
18 75
170 171
848 206
642 107
179 215
122 83
680 81
216 223
848 926
475 92
223 87
208 129
829 301
323 46
474 82
165 270
3 5
500 502
216 435
93 23
434 181
67 68
272 133
441 499
48 49
821 86
83 334
244 239
117 30
409 282
76 254
64 3 4 5
32 428
860 887
122 428
168 207
304 97
40 49
1002 3 5
307 70
184 130
232 233
73 260
330 287
129 971 52 918
538 190
616 514
897 301 639
48 264
17 82
694 367
155 364
330 70
301 103
378 395
3 196 5
232 731
728 465
451 94
217 270 447
132 133
105 322 378
64 4
21 22
233 62
576 852
304 305
289 163 83 85 122
456 124
265 499
129 215
2 86
272 413
185 70
453 142
171 117
376 97 475
104 378 87
420 496 82 435 474
83 181 279
8 13
378 395 182
64 409
299 686
83 227
138 547
291 427
106 454
3 195 196 5
373 374
816 138
441 499
144 475
449 141
369 53
212 286
258 292
138 860
289 122 83 85
482 212
129 777 909 918 919 802 168 42 52 821 197 198 199 200 201 202 203 204 205 206 207 208 594 95 96
67 68
97 170
117 29
56 212 55
392 183
124 62
64 3 4 5 521 60
219 197
171 116
521 60
262 439
3 14
169 494
64 4 175
40 24
369 53
58 138
285 181
410 347
195 5
488 333 526 530 407 700
475 111
482 55
285 150
171 116
80 78
372 102
281 130
180 382
264 115
104 284
138 282
89 90
130 291 169 304 372 341
12 21
435 334
296 284 61
162 20
245 237
20 13
330 67
243 159
232 233 278 441 62
161 475
130 543
170 116
485 87
46 430
64 572
147 53
108 334
161 418 115 334
194 3
482 212 412
209 196
298 87
177 178
514 174
136 137 171 337 338 339 252 116 437 439 440 438 117 340 124
21 22
336 16
194 3
441 451
22 23
330 356
265 441 62
496 107
490 7
108 495
412 132
76 254
184 161
931 239
224 75
739 212
64 4
6 7
456 65
488 559
281 465
116 166
107 583
412 132
169 281
233 821
388 199
296 297 388
155 156
897 406
495 87
235 284
192 161
267 233 266 499
59 195
244 614
166 136 137 170 171 337 338 339 252 116 437 439 440 438 117 340 124
846 7
857 45
467 359
553 212
49 51
833 194 3 827
267 499
413 7
3 5
410 52
212 133 55
52 94
64 5 846
97 810 305 55 89 90 286
130 29
82 435
211 159
67 68
465 130
114 115 334
185 7
41 94
209 482
496 372
253 534
74 332
136 97
122 187 78
906 75 310 312 216 317 223
458 239
67 68
4 413
821 54
286 175
3 4
482 212
147 53
369 53
135 7
97 171
183 391
664 81
161 394
26 439
336 335
9 87
326 327 328 11 307 21 22
170 171
731 108
826 307
64 3 7 306 58 59
901 331 754 116 861
378 251
619 821
936 101 405
369 53
465 484
3 4
368 428
3 103
115 334
161 164 549
26 27
233 62
18 315
41 172
257 129 284 366
64 4 860
22 23
897 829
104 378
184 199
184 170 330
42 95
129 975
194 195
827 5
67 68
82 419
536 778
3 4
467 142
434 181
266 268
168 484
257 122 83
107 829 406
3 5
266 675
58 3
25 36 30
456 334
680 81
901 136 116 438 252 861
827 3
281 427
124 173
17 175
33 34 35 546 36 39 40 41 591 26 27 28 29 30 31
48 49
380 7
133 6
369 53
964 927
178 18
26 655
173 414
482 739 810
321 61
272 412 132
64 3 5
130 330
362 115
227 87
272 273
64 175
104 251
729 22
570 755 675
75 261
108 63
250 435 244
60 6
453 142
443 37
24 31
130 330
170 116
11 341
40 28
82 639
105 378 395
413 7
41 26 27 39
328 142
264 115
897 406
232 123
297 386
337 338
264 362
521 138
108 63
106 250
488 700 333 407
260 93
341 406
435 270
3 196
435 212
166 136 137 170 171 817 337 338 252 117 438 439 339 340 124 861
296 577
147 53
76 254
328 22
67 68
161 469
59 860
483 135
96 219
169 130 291
161 45
117 166
107 406
392 296
232 693
124 439
261 94
938 354 126
18 534
497 363
115 445
307 734
328 22
171 116
412 517
564 485
232 233 278 441 62
139 60
418 6
493 255
36 29
64 256 356 170 330 47 82 115 212
115 334
881 138
15 182 391
142 214
337 171
848 206
155 260 174 135
306 412
128 21 22
739 55
18 63
185 510
306 282
61 134
58 686
200 129
165 63
297 394 84
212 372
114 115 334
418 115
108 5
486 424 264 77 246 445
97 171
8 361
64 5
211 159
129 821
193 5
336 16 335
354 126
122 83
196 5
3 4
496 420
137 438
824 571
171 549
72 50 51 85
680 664
67 68
16 304
136 41 76 438 254
483 341
362 334
21 93 22
482 810
101 663
108 405
1 317
252 439
180 382
108 63
282 59 108 63
56 482 739 212
130 372
46 47
434 50 51 85 88
330 291
235 7
60 287
97 334
250 163
378 62
412 59 132
24 31
600 159
608 549
708 13
232 622
666 813
16 270
508 244
212 412
18 311
286 175
330 358
396 87
147 53
178 179
860 686
116 166
69 933
97 212
105 378
106 367 83 84 85
357 358
857 507
257 284 63
369 394 105
115 334
434 181
115 687
860 413
64 3 4 5 409 282
893 406
301 406
860 686
29 31
67 68
67 68
284 367
257 212
212 133
456 65
289 163 71 434 85
451 439
321 182
833 827
61 134 151
67 68
302 14
24 36
120 754
152 418
833 59
250 212
274 270
132 133
250 115
67 68
312 269
88 547
212 55
3 5
488 333
347 181
108 159
96 821
488 333
323 46
860 686
201 95
114 115
424 302
306 5
216 75 223
483 341
3 7
65 92
362 117
860 686
456 115
64 133
75 439
3 253
147 53
67 68
285 150
69 510
304 97
881 686
413 103
274 323
115 246
474 435
175 287
114 115
76 438
110 367
216 364
24 26 27 28 29 30 31 32 33 34 35 546 37 38 39 40 36 41 589 722 723
811 421
296 561
367 167
129 821
202 198
301 406
58 4 5
430 47
395 182
241 235 159
474 18
210 83 211
328 22
328 417
22 23
369 53
24 36
185 330
297 278
134 182
170 339
394 156
3 167
216 296
352 180
61 151
369 53
505 45
892 893
116 170 124
286 175
19 222
435 270
283 284
321 182
369 53
296 284
357 550 70 363 82 510
48 49 334
272 3
216 249
115 334
211 372
76 254
520 466
281 129
169 130
369 53
427 173
45 294
97 418
594 87
12 325
60 813
147 53
21 93
552 724
184 199
106 148
37 166
428 334
305 370
285 150
289 85
76 254
666 813
109 70
97 171
65 490
402 363
67 68
181 302
3 4
3 5
3 212
201 95
491 420
480 177 178 382
184 170
130 293 169 173 494 527 271 465 402
67 68
171 116
138 686
84 613
82 63
810 55
336 335
148 213
114 108 334
451 435
288 185
425 358
76 254
171 439
159 63
192 158
386 388 296 297 381
170 171
289 71 72 434 85 218
99 101
3 195 196 5
821 53
15 391
22 231
272 273
451 543
245 211 237
424 264
484 173
979 166
346 181
96 821
105 369 182 378 251
88 130
16 141
184 65
509 510
64 572 5
369 53
427 173
233 53
304 14
193 195 196 827
104 527
264 114 246 319
170 439
817 754 471 120 861
184 130
184 514
161 151
538 367
306 90
52 94
530 45
219 87
284 167
322 378
105 395
145 493
193 3 4 272 412
266 958
89 90 97 303
160 159
441 276 414
171 471
90 303
128 22
115 156
113 109
212 287
136 76 438
264 114 115
810 412
171 164
64 413
76 254
169 94
58 138
376 330 357 358
516 94
22 23
42 204
22 23
257 435 420
64 409 60
65 97
107 188 406
64 138 184
97 253
308 589 207
378 251
286 175
59 613
41 30
67 68
352 346 215
122 83
897 301 893 406
107 75
136 817 754 116 252 861
522 135
522 135
609 232 265 266 267 233 278 441
522 341
67 68
161 115
474 82
482 810 212 699 286
284 367
264 246
161 691
170 116
58 3
459 63
250 106 83
250 356
576 352 2 130 131 229 129 297 180 149 215 281 378 735
860 686
739 412
304 167
337 884
108 284
205 821
412 989
816 686
212 132
200 400
24 821
329 91
64 244 253
108 406
369 53
41 114
184 130
129 821
170 171
720 398
284 167
412 286
129 52 821 918
188 22
26 439
115 246
407 408 359 333 45 526 914 500 501 502 503 504 505 700 375
90 413
184 130
3 4
42 821 207
64 409
860 5
91 67
291 420
50 51
827 196
58 253
114 479
58 138
184 130 366
262 439
57 59 60
264 487
115 334
200 297 378
554 341
64 60
412 4
696 229
192 345
161 253 881
96 219
507 142
860 253
522 341
180 158
130 291 131 197 292 293 232 169 168 290 204 271 15 281 285
296 182
173 414
184 91
232 233 53 62
106 83
901 439
833 3
233 53
421 279
185 70
265 62
108 406
59 196
141 46
122 83
17 175
212 302
8 20
124 252
409 282
369 53
224 298 75 74 18 310 312 249 314 216 317 223
323 46
129 202
666 813
195 239
507 20
220 182
160 235
701 239
291 427
507 495
701 662
75 342 310 312 216 317 223
901 438
130 527
410 279
106 148
17 45 301 406
59 405
265 662
171 116
209 372
490 7
497 363
315 108
313 302
132 133
35 38
390 391
496 171
3 588
50 51
170 116
369 53
171 117
45 31
609 232 233 266 267 538
252 439
177 178 179
345 177 178 179
412 132
232 233
108 284 63
336 335
88 49 51
87 319
272 133
20 460 45
3 413
21 22
185 419
24 36
105 378
266 267
50 51
88 811
212 55
57 60
728 465
80 532
122 116
4 413
769 100
4 860
456 340
76 254
475 470
170 173
264 114 115
184 22
289 59 253
380 161 394 396
306 133
24 31 63
32 31
3 286
451 543
451 63
93 174
155 156
59 194 3 5
108 532 78
475 63
306 282
435 212
508 244
328 22
88 49 51
184 130 115
460 332
302 14
15 182 391
184 130
424 264
66 402
80 166
322 378
67 68
435 420
171 116
291 564
484 215
720 297
76 254
3 195
490 7
485 291 564 573
42 43
64 132 553 212 286
80 446
69 70
352 304 82 211 29
58 860
262 428 368 656 471 120 152
212 133
197 821
284 61
216 151
521 587 5
106 250
48 334
67 68
24 29
72 49 434 50 51 85 88
97 212 132
64 287
41 34
264 115
430 47
64 108 5 860
130 43
107 260 22
449 47
297 390
208 202
536 341
490 7
90 4
67 68
283 590
272 133
52 45
67 68
1 18 19 298 312 313 314 315 317 318 74 342 86 222 223 224 225 226 227 229
64 881 138
475 613
59 887
8 359
62 214 183
330 291
82 107
67 68
82 357
336 930 335
301 406
56 482
50 51
212 55
232 233
208 129
514 174
451 173 414
285 343
244 239
552 734
64 139
98 99
130 173
108 70
522 135
388 199
426 258
185 7
321 398
14 327
816 881
163 71 433 434 181 373 153 218
821 367
656 439
560 283 519
134 558
172 334
64 257 4 138 284
195 6
20 13
827 3
3 14
41 27
302 119
67 68
170 171
544 184
122 83
259 144 67 329 330 470 475 91 92 477 478 479 357 358 109 111 112 113 376
369 53
21 87
428 262
376 81
56 57 58 59 60
459 292
93 22
376 425 475 143
369 53
99 324
352 215
129 130
412 4
81 82 107
466 708
59 5
129 777 802 168 42 52 821 197 198 199 200 201 202 203 204 205 206 207 208 594 95 96 752
378 61
284 63
132 133
67 68
136 861 438
213 454
361 363 499
28 39
260 261
281 130
881 138 3
245 239
893 406
3 413
210 108
17 175
1 222
367 87
96 62
144 330
216 314
827 3
58 59
217 447
333 407
72 49 434 50 51 85
212 372
808 133
272 5
173 414
304 97
144 167
265 266 267 268
769 98
137 166
4 5
537 87
481 639
369 53
2 86
114 334 319
174 893 406
59 373
441 563
394 396
405 126
180 382
346 484
266 13
728 465
48 49
281 108
41 918
165 140 270 47 16 46 274 275 273 217
175 287
88 813
233 134
302 174
1 460
142 359
67 68
185 82
59 3
418 334
185 82 510 551
170 116
161 133
136 252
378 62
232 233 53 62
829 406
138 686
170 252
608 88
569 402
239 623
81 82
494 695
369 105
193 194 3 195 5 196
412 55
216 75 269 223
3 5
67 68
860 413
81 108
64 175 881 287
129 821
66 173
833 3
376 81 664
24 547
24 29
664 69
27 36
128 22
328 22
76 254
664 81
250 6
161 189
192 347
129 115
429 46
522 341
528 319
217 447
296 87
521 175
67 68
88 435
258 285
168 378
369 53
149 150
181 215
485 573
56 57
396 390
521 93
474 435
306 282
21 174
130 173 94
667 20
64 57
302 119
97 212
49 77
114 334
852 343
553 212 133
272 273
369 53
306 282
237 159
129 52
288 70
97 171
106 18
306 212
441 276 414
272 212
393 394
810 303 89 90 286
368 262
394 182
301 406
482 810
401 261
302 598
829 406
810 55
64 739
306 7
373 87 135
96 124 62
589 37
122 164 549 454
213 22
829 406
232 281
39 41 26 27 444
328 22
553 212
56 59
499 431
184 130 366
490 7
99 324
306 212
953 70
115 319
250 63
65 94
97 171
281 130
64 3 4 5
184 130
29 38
97 171
587 195
178 179
122 116 117
523 524
901 136 331 817 754 116 438 252 861
680 664
66 258
148 213
72 434 50 51 85 88
369 53
114 334
22 23
185 419
544 402
153 108
250 435
83 116
185 82 358
833 5
76 254
720 158
141 46
269 222
141 430
67 68
224 75
435 12
36 30 31
992 813
180 382
86 87
918 975
35 36 29
165 175
901 754 979 116 861
169 276
475 167
490 7
129 821
208 129
118 190
155 519
90 286
245 237
467 142
488 333
114 319
75 117
834 6
224 75
481 357
49 230
184 14
827 194 3
481 510
64 4
430 335
531 294
901 331 754 979 116 438 861
118 119
180 181
409 518
232 233 557 441 62
3 4
354 372
357 406
306 367
848 206
10 559
168 205
522 341
860 686
114 487 319
185 300
270 47
212 412
233 538
324 663
304 90
108 63
402 494
521 22
202 95
65 69
770 108
933 334
827 3
80 446 78 79
302 14
281 15
264 114 115
75 222
328 174
424 456
485 573 823
114 334
180 158
171 117
67 68
138 108
122 19
108 406 63
216 691
21 93
378 251
337 171
64 5
97 445
64 4 60
347 181 215
284 108 133
336 16
209 212
64 138 5
483 341
105 378
168 378
202 52
6 7
105 378
739 212 55
233 53
184 130
116 166
554 341 599
175 287
185 510
37 30
483 135
129 202
522 599
330 259
114 487
88 50 51
161 284
860 686
522 341
369 538 233 53
22 23
301 174
108 284
90 934
465 130
129 42
953 510
64 60
522 135
860 213
561 85
22 23
122 964
687 23
398 54
456 116
64 4 5
368 262
24 30
652 119
352 346
554 341
82 419
3 5
490 7
17 283
114 115
483 341
170 639
487 114 115 319
64 4 287 175
34 439
170 439
147 300
65 7
265 500
496 474 420
107 108 406
115 334
59 412
224 75
250 766
244 614
460 223
369 378
232 181
106 83
122 187
67 68
12 325
67 68
22 23
860 686
3 5
93 22
369 53
32 33 34 35 546 36 39 40 41 591 26 27 28 30 31
179 215
168 293
168 656
50 51 85
88 364
219 197
64 138 860
483 341
64 860 253
159 63
442 106
402 715 173
666 175
401 97
138 127
146 547
307 70
130 427 173
21 22
18 227 108 63
8 363
724 734
507 63
106 83
3 4 413
60 413
881 287
324 301
550 551
166 136 137 171 339 252 117 438 439 340 124
8 20
81 106
569 358
810 59
315 318
496 115
134 63
250 22
170 114
136 438
289 218
964 239
114 487
99 324
160 928 238 239 242 927
321 182
528 319
380 391
171 117
58 306
884 94
177 293
284 493
267 609 499 233
378 87
182 62
64 282 5 846
16 175
233 563
369 53
227 166 491
337 116
672 69 550 551 474 668 509 510
82 550
897 301 893 406
161 174
75 222
906 75 310 312 216 317 223
507 366
64 4
138 286
147 53
64 139
178 381
330 109
88 439
474 250
284 143
296 391
12 22
64 572
456 977 412
460 590
64 366 115 284 63
148 613
169 494
233 266
193 103
333 407
816 138
75 223
129 206
59 116
253 133
857 167
76 254
289 163 234 434 85
154 108
313 18
56 482 699 55
41 371
376 81
359 488 333 407 700
161 59 60 253
409 518
369 53
67 68
130 420
496 257
64 306
392 296
165 429
84 334
187 493
58 59
807 305 89 90 286
373 374
232 233
301 406
341 135
65 7
49 76
341 135
530 526
435 422
291 485
24 27
50 51
57 212
418 115
306 212
56 127
101 405
810 55
64 3
135 7
74 18
21 22
233 53
32 108 29
41 76 77 254
423 50 51 88 155
507 142
169 516
212 132
306 212 286
8 570
209 212
298 75 260 261
144 475
136 117
48 49
24 29
296 19
36 30
408 527
881 138 686
306 7
341 174
282 55
41 30
116 117
488 333
88 50
821 213
259 403
933 87
233 62
744 517
317 222
424 264
409 282
185 82
833 161 3 59
475 358
281 204
881 58 139 287
123 180
96 129
67 68
369 53
212 127
161 18 225
108 255
451 814
434 181
122 83
97 303 304 305 89 90 253
139 991
435 366
376 108
810 90 303
129 594 87
196 413
165 335
192 150
41 548
5 253
59 212
456 48
132 284
212 127
64 306
8 13
216 18
288 93
171 471
234 106
570 452
180 158
376 358
125 430
67 68
931 239
67 68
163 71 433 50 434 51 373 85 153 218
114 115
12 325
301 406
378 379 151
453 142
96 821
281 15
51 644
3 5
286 175
376 358
336 930
244 821
21 22
616 423
226 283
184 199
69 510
5 63
202 821
369 53
754 171
208 202
613 394 50 85 405
211 133
65 97
449 270
46 462
212 59 412
20 13
264 528 926 418 548 424 172 48 49 443 444 445 319 77 334 848 977 486 114 115 246
369 53
45 134
184 412
418 334
49 334
173 414
64 4
147 53
101 663
210 234
833 3
14 327
108 171 116
50 51
147 53
239 159
521 59
67 68
195 196
24 33
291 573
129 594
97 122
245 237
813 286
344 279
252 439
48 49
67 68
306 59 7
137 438
67 68
129 777 802 168 42 52 821 197 198 199 200 201 202 203 204 205 206 207 208 594 95 96 752
233 53
260 135 174 302 536 155
64 553 212 572 286
32 24
192 150
181 374
211 159
393 297
9 10
250 435
114 319
69 510
435 341
296 284 61
171 117
250 435
928 964
328 326
170 115
281 378
449 63
563 499
15 87
322 395
720 297
32 108
9 161
282 253 846
41 246
427 286
97 90
175 287
20 13
85 71
208 909
352 346
267 142
12 431
171 549
285 150
48 444
283 255
75 222
207 295
475 92
432 425 84 85
824 857
22 23
810 286
12 325
80 821
305 97
817 171
301 406
114 319
302 174
406 22
570 20
252 439
330 115 82 47
170 252
235 239
250 45
114 486
328 22
547 829
570 452
380 7
184 303
326 327 328 11 401 307 21 22
345 177 178 179
680 81
544 184
184 130
136 41 76 77 49 438 254
708 20
219 197
388 199
382 687
116 861 438
64 4
64 4
259 411
696 107
289 163 71 433 434 181 373 153 218
67 68
321 182
192 345
29 30
184 199
778 420
75 222
368 428 63
833 194
180 157
122 5
3 196
444 926
972 5
282 7
297 378
52 45
536 483
99 100
59 413
512 310
18 315
165 47
483 341
136 438
326 327 328 11 401 307 21 22
405 63
82 63
94 15
115 172 334
12 957
88 49 51
380 398
301 406
326 327 328 11 401 307 21 22
171 116
720 380
522 135
1 317
522 135
281 15
412 4
193 103
216 460
134 94
270 47
328 474
3 195
296 391
283 475
136 438
356 639
146 171
296 386 388 381
181 158
32 425
216 757
151 167
139 287
3 195
232 233
378 343
352 346 181
59 405
860 813
827 5
422 766
284 590
30 31
211 236
3 4
1 222
434 50 51 85 88
168 169 492
321 182
933 334
233 53
265 266
330 67
129 594 87
212 302
901 136 331 817 754 116 438 252 861
816 860
202 821
286 175
35 36
59 3
129 435
52 821
3 5
193 195
817 754
272 133
185 70
860 5
116 117
59 60
62 214 183
160 159
482 212
3 5
257 897 357 457 107 301 17 406 284 893
75 222
107 43
173 414
250 45
474 82
161 162
41 26 39
64 63
640 170 47 339 639
260 261 94
378 182 62
51 655
361 442
22 23
216 18
94 414
739 212 55
217 46
82 190
57 55
3 4 5
210 14
232 233
45 766
83 551
245 237
140 165
305 90
212 412
106 107
75 222
553 212 286
237 239
500 526
114 334
64 47
64 138
296 289
609 467
97 90 303
97 171
132 133
434 373 181 71
3 5
21 22
301 406
64 17
369 538 233 53
116 821
114 334
521 813
65 43
177 382
82 22
90 438
180 382
833 413
67 68
21 22
168 169
699 286
412 132
881 57
3 196 5
261 260 509 70
369 53
576 168
322 390 105 394 396 151 377 378 380 61
288 70
456 445
50 51
64 533 286
180 382
168 821
931 239
260 21
107 491
114 115 334
107 435
26 27
72 51 50 163
49 37
185 82
116 439
170 116
188 301
106 435
326 327 328 11 401 307 21 22
208 96
69 22
64 138
184 130
64 881 287
378 182
330 364
304 243
50 51
216 75
67 68
245 239
56 739 55
354 324
60 813
170 171
369 53
3 4
82 419
5 846
496 435
860 686
978 210
376 81
170 439
306 3 212
8 453
321 322 395 62
283 428
378 251
233 278
3 5
3 5
114 486
813 374
522 135
829 420 301
284 367
22 23
12 325
64 3 138 212 412 413 286
45 359
142 574
810 58
488 700 333 407
810 303
114 115
453 142
75 460
67 68
482 3
96 821
114 487 319
129 821
49 41
296 63
369 53
664 81
3 412
60 55
106 148 213
266 267
514 174
200 777
265 499
554 522 341 599
64 846 4 60
21 23
412 4
409 282
161 180
59 212
266 13
117 439
67 68
17 108
105 378 379
901 754 979 116 438 861
616 169
8 45
532 341
18 63
193 413
80 532
434 50 51 85 88
49 115
664 81
821 198
394 395
97 171
67 68
821 53
282 846
420 494
544 425
301 406
185 419
488 559
402 715
171 117
147 53
209 482
64 58
3 4 5
59 139
538 782
130 115
17 175
369 53
306 6
378 284
116 117
88 49 51
516 382
3 5
129 130 366
376 81
64 3 5
88 130
322 395
147 53
857 367
304 211
177 178 179
600 159
304 22
67 68
108 63
301 406
147 53
36 439
378 284
441 366
209 212
67 68
291 420
97 620 304 58 925
219 197
161 369
139 686
67 68
64 138
553 59 212
233 53
296 297 388
514 93
106 164
106 821
156 189
827 5
185 83
307 327
140 165
467 422
64 5
82 419
144 341
484 557
130 459
486 424 264 77 246 445
496 161
289 163 433 434 181 373 153 218
185 419
153 434 181 71
3 5
168 150
75 269
553 58
129 821
296 269
378 62
212 412
64 209
84 495
64 846
171 549
185 474
202 821
369 53
108 5
32 166
93 22
233 62
6 7
178 179
153 255
482 212
336 593 335
176 59
232 233
918 919
88 423
420 341
159 63
378 573
302 174
24 36
257 250 435
67 68
185 474
107 301 406
64 57
192 181
169 281
107 45
914 359
57 686
59 7
122 494
409 282
124 439
230 199
57 58
42 213
666 55
462 14
49 76 77
21 22
330 411
3 413
67 68
64 58 59
161 82
339 230
357 301 174 406 893
113 374
116 439
150 622
306 7
499 142 431
448 677 140 141 430 447
32 156
97 212
266 13
441 179 630
69 70
141 47
302 174
652 255
358 63
306 421
50 51
288 22
636 5
170 171
897 301 174 406 893
282 846
108 406
37 439
553 59 212 286
321 182
18 19
3 4 5
107 406
67 68
901 136 817 754 116 438 252 861
59 405
257 129 284 366
488 559
41 76
448 449 140 141 430 447
76 254
184 420
100 405
301 109
161 5
59 860 813
475 108
132 133
420 463
662 503
84 367
219 197
224 75
827 195 196
521 5
25 36
434 181
136 76 438
948 61
260 21
485 516 573 823
5 846
400 494
72 49 434 50 51 85 88
116 821
22 23
307 70
52 134
202 821
211 159
21 174
352 158
298 261 94
116 252
144 326
99 100
426 122
425 133
48 130
147 300
57 60
306 517
208 129
456 97
496 106
208 129 198
194 5
307 14
26 27
800 190
833 5
129 821
193 413
488 559
288 70
734 327
47 16 273 274 275
313 233
428 471
810 286
680 81 664
264 114
1 147
185 510
274 323 141
116 166
64 3
833 196
49 334
129 257 167 143 82 115 87 281 122 284 319
57 60
378 229
24 34
74 332
378 62
406 774
57 860
233 538
873 308 86 311 313 315 318
161 82
56 212
97 170
285 150
252 439
69 22
45 87
232 609 266 233
412 133
108 5
134 582 558 309 446
129 207
171 549
282 7
32 24
3 196 5
41 27 39
909 919
75 108
369 53
42 86
833 3 195 5 827
255 108 63
141 430
612 279
122 187
330 259 475
185 82
212 431
233 278
833 3
821 95
82 639
130 715 173
89 90 97 303
216 296 61
161 574
64 5 846
122 22
173 182
233 62
265 453
108 406
59 4 63
114 427
106 821
496 420
298 260 261
402 527
115 334
133 6
243 211 235
810 286
178 179
59 412
140 165
26 439
107 188
948 182
274 46
328 729
953 510
24 25
72 434 50 51 85 88
76 254
153 284
420 15
59 212
495 84 87
301 174
185 70
132 55
846 7
569 130
250 142
459 87
185 82
136 252 438
3 5
3 4
70 959
425 87
219 37
86 143
208 200
36 30
412 517
74 75 298 18 249
104 395
536 11
116 117
67 68
662 511
212 412
3 413
184 487
114 443
29 230
257 115 213 366
173 414
330 291
67 68
378 251
250 435
242 235 237
3 196
368 31
161 330
3 413
64 138
129 43
122 495 87
272 132
609 232 233 266 267
412 413
8 570
211 159
129 170
184 185 130 82
808 133
89 90
465 532 166
10 507
64 58
248 20
289 163 71 72 433 50 434 51 85 373 181 153 218
612 420
33 28
552 300
950 286
380 158
139 212
67 68
434 181
145 493
306 59
301 406
381 13 15
210 964
964 932
726 246
76 254
369 394 251
39 41 26 27 444
172 334
209 565
17 425
130 295
59 55
1 147
418 115 114
172 444 334 548
5 253
301 406
141 46 47
291 621
88 51
58 287
97 212
184 366
64 4 175 60 287
153 108
545 122
441 179
70 326
376 81
97 212
166 136 137 170 171 337 338 339 252 116 438 439 117 340 124 861
357 330 170 339 639
65 485
114 115
76 254
21 886
537 87
37 30 31
380 7
208 202
380 175
96 129 197 198 200 777 202 201 204 168 206 207 208 205 594 52 821 95
74 331 75 332 298 249
330 990
517 103
812 63
323 141 335 336 593 274
286 175
192 181
267 13
194 991
171 116
233 53
897 639
105 395
138 212
152 35
482 950
168 821
169 441
369 105
449 47
48 115
97 303
58 306
96 821
368 262
67 68
171 116
521 686
296 391
662 14
64 572
833 3 5
143 255
67 68
339 125 639
281 378
180 181
107 188
97 90
96 821
257 167 519 493 153 284 255
97 171
163 237
362 117
409 7
40 438
521 138
97 620
448 429
75 68
451 341
74 75
184 474 435
363 45
285 278
739 212
553 212
475 143
166 136 137 170 171 337 338 339 252 116 438 439 117 340 124
145 187
180 382
348 181
120 754 861
456 977 115
163 71 434 181 153 218
369 53
656 527
833 3
367 143
194 3
67 68
59 3
433 218
306 133
75 260 261
11 21 22 327
180 382
162 20
160 159
41 27 39
272 482
362 172 114 115 444 319
50 51
233 53
56 639
161 59 521
171 116
521 282 175
59 212 133
488 530
64 253 184
833 3
37 30
165 140 429 430 47
928 927
67 68
306 413
250 366
230 199
233 54
283 213
901 166 136 137 170 171 337 338 915 252 116 438 439 117 339 340 124 861
37 439
3 5
11 327
67 68
129 435
260 261
434 373 87 135
643 22
805 265 266 267 233 499
171 116
129 821
485 516 573 564
893 439
64 57 60
81 82
168 202 19 134
3 4
395 948
171 116
114 115
592 97
138 686
161 52
259 330 411
395 182
449 30 41
428 262
434 289 234
439 391
65 130
200 777
554 522 341 599
804 413
901 136 331 817 754 116 438 252 861
367 663
321 322
161 286
219 197
170 171
71 367 433 434 85 218
130 459
88 22
281 170 114
21 22
4 813
178 179
184 188
136 137
224 75
499 453
363 28 166
360 10
130 173
230 199
59 613
130 459
243 235
122 334
59 4
743 615
21 93
424 304
175 287
250 590
202 52
378 250
216 6
67 68
76 254
264 115 445
18 220
116 117
194 196
265 268
67 68
192 180
64 59 212
149 150
289 163 84
472 256
160 932 241 243 211 159
88 507
435 22
496 420
83 116
465 494
91 14
413 7
485 573
194 3
233 441
195 5
74 75
48 49 443
161 287
233 369 53 538 62
282 212
114 251
82 29
179 215
67 68
537 474
233 53
821 54
1 2
88 155
60 55
49 246
233 53
547 405
114 115
181 622
104 377
5 3 253
362 117
171 116
369 53
8 662
180 181
827 3
185 510
496 474 435 420
154 108
180 157
569 130
49 77
285 181
64 4
264 115 246 319
368 170 115 29
232 173
264 281
217 270
162 82
509 510
232 181
212 133
191 63
26 27 39
435 244
264 334
1 6
65 377
369 53
488 497 452
58 59
380 398
209 59
4 413
108 87 63
74 75
305 90
486 424 264 77 246 445
82 70
212 55
901 136 331 116 438 252 861
6 7
451 483
192 150
97 303
281 15
64 175
368 471
302 174
124 439
64 3 4 5 521 138
267 499
909 919
499 142
272 133
20 13
553 810
216 223
81 188
224 519
212 286
184 130
3 212 5
448 270
344 108 223
699 132
306 55
88 211
115 334
91 14
250 45
97 90
456 36
377 380 398
72 50 51 85
70 14
497 507
132 133
386 391
208 129
369 53
819 340
147 300
49 334
58 138
408 8
17 425
3 860
769 101
89 90
144 549
321 322 390 104 393 392 395 105 369 183 381 62
184 199
114 115
243 159
59 139
672 188
64 4
435 36
250 63
234 405
81 69
97 212
160 159
288 93
330 639
522 341
441 276 414
97 171
451 543
130 451
306 3 212
129 173
808 133
426 258
114 334
296 391
24 25 36
5 253
528 114 319
105 395
114 444
97 212
283 405
200 96
272 212 59 412
49 51
184 130
48 49
923 422 489 363 142 497 530 467 499 603
248 247
76 254
369 105
356 334
67 68
3 195
222 311
209 212
59 405
528 319
58 686
3 4 5
592 97
24 161 31
380 396
216 296
185 191
180 382
233 538
366 279
441 177 178 179 345
3 5
101 430
241 932
18 19
83 5
264 114 115 246 319
107 43
41 30
522 341 135
149 150
306 212
378 251
26 31
160 159
129 347 52
123 124
233 557
412 6
138 60
428 76
272 132
412 133
160 211
315 86
5 3 4 413
243 159
897 301 406
488 497 452
616 250
232 441
96 42 43 86 87 88 95
919 909 975
49 76 77
73 260 261
495 87
499 359
257 130 250 212
52 821
24 27
664 81
170 108 301 368 406 122 29
67 68
184 130 402
114 115
64 3
3 103
321 322 573 484 205 594 378 157 95 351
212 132
265 662
582 78
334 951
257 171
412 435 132
58 138
456 246
88 42 51 423
180 158
363 108
377 380 398
170 339
897 301 893 406
344 181
3 58 5 90 553 127 463 175 210 212 56 89 282 59 412 286 287
465 170
449 46
810 950
72 434 50 51 85 88
106 83 84 85 122 155
425 75
3 4
140 141
168 182 527
369 53
64 306
266 13
76 438
169 204
124 439
420 461
378 62
122 83
434 85
101 118
538 228
154 108
481 639
514 75
122 334
233 53
272 244
227 391 15 527 182
135 522 341 599
108 87 63
262 428 656 471 120 152
326 327 328 11 401 307 21 22
75 222
284 87
104 297
289 84
226 75
380 158
56 212
250 45
67 68
74 18
514 174
107 821
212 302
250 284
210 237
3 5
96 202
237 238
75 310
192 347
66 563
36 29
67 68
578 367
216 223
860 686
67 68
441 427
115 366
67 68
920 41 114
107 491
386 388 296 297 381
122 463
250 63
65 467
451 439
860 686
285 150
161 170
208 96
104 369 151
266 20 13
72 434 50 51 85 88
153 284
369 53
59 286
448 449 140 41
170 116 439
184 412
3 7
304 253
192 180
174 406
180 158
69 87
24 37
897 301 174 406 893
65 142 7
306 287
281 233
75 318
20 13
321 322 573 484 392 205 594 378 157 95 351
545 435
441 534
291 170 171 48 341 281
144 341
76 254
171 117
368 63
281 114
64 287
532 301
177 293
3 412
833 4
138 195
59 413
302 260 174 135
475 357
216 401
148 63
824 265
376 81 664
142 507 366
50 51
369 233 53
162 20
75 269
509 510
132 133
105 83
64 57 572
184 258
360 361
224 748 590 401 216 223
507 45
285 150
291 573
289 163 71 433 434 181 373 218
170 252
272 153
483 420
108 63
612 271
33 136 362 117 152
434 50 51 85 88
412 133
890 357 406
14 591
49 77
1001 15
272 59
184 82
161 234 235 236 210 243 244 213 533 84 405 245 122
424 264 115 982
304 253
169 130
449 217 270
377 380 398 297
108 510
69 70
412 684
15 182 391
272 409
3 253
41 76 77 49 754 438 254
339 639
65 202
154 63
376 358
563 7
3 5
833 3
107 460
395 182
56 212
402 527
82 22
816 138
21 22
326 327 328 11 401 307 21 22
360 361 530
521 175
456 319
67 68
82 357
483 341
266 20
421 495
97 171
306 212
435 270 534
261 260 509 70
260 509 510
272 212 132
482 212
212 302
188 301
376 81
409 306
272 412 133
76 438
49 76
38 87
289 163 72 433 50 434 51 85 373 181 218
67 68
192 7
3 413
296 398
170 252
291 823
3 860
884 166
298 261
56 482 212
138 860 686
338 116
3 103
289 163 72 50 434 51 85
288 21
441 499
378 284
231 63
67 68
328 22
289 253
272 133
569 130
49 76
108 116 63
22 23
44 45
25 954 965 41
409 306
64 139
272 273
289 163 71 234 434 85
91 470
22 23
114 115 246 444 319
810 286
810 5
82 435
171 116
265 267
88 42 86
65 297 182 378 380
430 447
897 639
3 7
6 7
48 926
257 162 153 519 107 364 237 366 212 281 250 284
161 821
5 14
75 260
48 49
519 63
326 327 328 11 307 21 22
235 236
354 372
65 142
107 188
174 135
354 435
352 346
8 570 452 453
589 37 30
378 205
378 182 62
672 70
67 68
146 107
22 23
281 52
497 452
285 302
241 237
857 142
427 87
64 3
426 427
108 134
16 447
170 116
170 451 341 439
115 319
497 530
67 68
257 130 291
474 435
184 199
232 233 557 53 62
668 7
64 3 4 5
75 310 223
301 406
108 63
312 216
161 378
171 117
81 185 69
908 263
192 263
48 49 51
259 63
645 7
301 406
14 319
749 406
179 414
336 593 335
114 115
48 49 334
65 291
168 204
376 81
184 130 494
330 92
716 21 22
810 686
145 255
49 51 76
170 117
121 66 381 102
24 27 252
56 739 212 55
264 246
141 430
434 71
394 59 253 122
195 804
50 51
212 412
250 363
144 414
495 87
474 435
833 3
418 115 114 362
122 83 284
85 613 405
232 181
24 31
1 310
129 821
233 487
50 51 85
161 93
289 71 433 434 181 373 153 218
88 507
410 91
64 138
184 435
553 212
216 718
129 95
5 286
424 264
165 47
118 119
451 420
3 7
158 398
98 99 324
67 68
171 549
369 538 233 53
330 358
108 319
166 136 137 170 171 337 338 339 252 116 117 439 340 124
152 122
881 138
424 115
662 503
428 471
64 972 4 413
116 166
282 59
528 319
270 47
82 108
553 132
153 115
115 212
425 101
481 357
104 161 151
106 367
161 286
953 510
829 301
592 97
341 135
354 355
75 261
272 132
560 283
97 132
96 94
169 204 281
306 686
136 438
155 364
573 823
184 250
114 557
915 117
97 212
608 250
521 972 813
130 451
162 570
185 419
152 35
129 36 52
424 90
283 143
603 12
82 108
171 439
490 211
410 66
130 94
212 662 519
10 559
116 117
364 22
245 237
739 212
129 821
108 116
488 333 526 407
232 233 557 15 54 278
376 81
49 76
188 301
171 117
107 188
418 115
264 334
486 264 115 445 319
301 174 893 406
184 130
64 846
291 485
555 341
170 252
212 662
76 254
881 686
61 151
160 159
56 57 59 60
856 300
499 431
16 270 335
282 950
116 117
144 475
737 154 108
16 140
64 57
58 686
421 542
531 294
345 177 178 179
58 138
338 116
135 367 283 434 84 373 87 122 59 284
304 64
108 63
441 179
59 423
21 93
3 5
283 367
255 108 63
216 75
233 53
16 934
3 4 5
357 358 330 144 376 479
3 196
24 166
72 218
107 223
505 45
272 133
147 53
132 133
352 179
210 12
216 75
72 289 163 85
488 559
481 75
216 75
41 76 77 49 254
208 821
8 361
3 5
428 262
161 196
521 93
318 227 444 86
140 47
508 244
18 315
194 827
122 83
76 254
257 130 107 45 366 435
212 55
286 175
64 409
810 212 950 55 56
811 302
283 59
129 821
291 334 366 494 435 116 20 406 246 117 857
3 4 413
125 639
72 50 51 85 88
130 459
212 287
341 135
410 109
18 317
18 19
173 182
897 406
213 70
50 51
587 212
24 29
12 431
409 59
448 449 140 141 447
866 60
165 429
458 402
456 262
552 300
179 215
9 142
418 108
67 68
305 97
434 373 181
3 5
306 55
570 571
75 223
232 181
24 25
193 3 4 103 412
65 22
245 237
548 334
94 495
67 68
165 175
950 7
48 49
449 141
96 124 62
964 244
234 237
147 53
118 119
339 639
180 157
130 451
302 14
185 510
130 715
171 166
432 81
88 423
304 64 184
58 59
192 380
3 4 413
4 413
116 439
180 263
64 212
48 49
120 817 471
343 215
224 283
22 23
106 87
833 827
616 169
96 229 182 281 378
97 117
216 75
282 59
810 739 212
188 301
522 135
376 81 664
326 327 328 11 307 21 22
49 76 77
130 459
481 495
120 77
901 331 754 979 116 438 861
237 239
1 147
680 81
200 400
594 821
64 804 5 860 253
98 102
301 406
259 23
306 7
301 406
395 182
475 613
184 107
48 49 334
170 639
3 212
122 83
130 22
833 3
216 88
260 21
232 233 53 278 441 62
82 639
185 300
3 5
339 116
386 388 296 297 381
291 573 823
193 5
193 412 5
394 182
75 222
129 821
857 161 45
811 223
452 453
569 527
50 51
1 317
441 178
113 109
177 178 179
97 90
108 87
288 81 82 69
410 30
216 223
202 284
532 933 78
64 175
6 7
860 813
209 364
378 182
394 395
171 116
146 107
833 3 5
49 339
299 300
6 7
211 964
594 821
434 181
1 2
507 45
354 126
286 303
286 175
237 6
160 17 211
376 81 664
3 103
147 53
22 23
486 264 424 172 334 48 49 246 443 444 445
101 102
83 84
474 435
212 950 133 286
282 846
304 97
451 276
122 83
272 193 412
184 910
227 166
114 443
326 14
451 543
129 206
201 594
82 357
3 5
257 212 133
537 87
642 83
133 286
827 7
21 22 23
953 510
209 59
390 391
122 253
64 3 4
97 620 304 58 925
48 49 51
185 419
125 909
171 439
250 18 222
210 122
185 7
376 108
446 78
860 686
914 957 214
45 359
108 5
58 60
272 132 133
184 130
118 119
234 829
405 126
194 5
521 138
909 919
130 115
170 116
16 335
211 639
97 90
424 445 486
306 212
115 255
64 4 175
482 846
194 827
307 70
107 188
114 172
250 107
250 107
408 527
185 419
3 587 139 435 409 413
281 534
363 28 166
116 439
305 97
372 405
369 53
243 235 211 159
330 259 475 63
307 327
728 465
114 251
108 356
234 59 405
64 3
429 270
250 435 63
178 460
26 27
34 439
45 31
260 510
192 350
64 57
128 22
212 372
522 135
170 171
369 53
210 243
3 5
160 159
3 4
64 175
46 462
216 435 821
536 174 135
1 179
252 439
901 136 137 915 166 170 171 817 438 439 337 338 339 340 861 124 754 116 117 252
456 262
421 70
67 68
116 334
130 821
402 131
474 82
88 425 143
161 234
288 93
425 270 84 88 283
99 100
369 53
22 327
192 263
5 3 108 533
212 55
3 5
240 374
376 81 664
291 573
448 270
490 7
552 300
174 519
107 213
65 250
171 439
72 49 434 50 51 85 88
177 293
104 296
475 92
67 68
130 494
9 12
64 175 881 287
233 53
412 4
309 134
418 362 334 114 319
64 306
101 126
108 159
258 402
29 37
152 428
67 92
413 7
552 664
482 212
52 119
71 433 50 434 51 181 373 218
12 325
88 50 51
118 119
184 130
272 244
451 543
522 135
122 59 253 106
363 45
901 979 116 438 861
860 686
424 264
18 75
212 364
142 499 422
58 138
45 639
136 338
538 53
406 22
58 282
155 364
130 291 131 197 292 293 232 169 168 290 204 207 271 15 281 285
108 284
3 5
67 68
24 495
32 37 24 29 30 31
64 860
243 159
212 55
132 133
662 503
3 4 5
264 114
184 330
209 212
91 92
857 45
359 407
957 934
474 7
21 22
65 245
106 107
180 181
107 406
96 821
322 395 182
212 372
427 487
666 4
313 86
609 805 233 266 267 499 62
729 22
210 211
296 19
5 846
192 181
59 244
184 70
24 25
495 143 84 87 602 283 284
179 215
485 87
52 31
369 53
64 57
59 3
248 701
153 493
74 331 75 332 298 249
129 52
60 55
964 159
142 7
145 493
380 390
281 15
156 148
77 445
97 212
64 409 138
108 63
302 174
130 459
36 29
356 63
425 465
172 334
272 273
101 430
810 860
97 212
232 233
72 49 50 51 85
739 212 133
860 5
395 380
184 188
59 212
363 87
424 264
698 646
424 319
441 276 414
250 181
209 286
48 49
124 173 62
58 860
233 53
116 29
67 68
49 76 77
233 15
233 538
45 134
441 819
130 115 134
138 14
483 341
456 334
97 90
888 93
155 364
3 4
353 343
5 196 253
499 923
829 301 406
12 431
378 215
106 213
410 307
104 87
374 167
301 159
184 330
376 664
107 406
474 175
41 114
357 339 341 639
212 309 431
129 198
170 252
144 330
490 7
285 302
893 406
18 310
216 75
133 143
108 63
180 398
52 45
69 367
322 395 182
180 157
285 150
324 405
20 13
108 301 406
260 261 94
172 334
59 60
67 68 109
289 507
114 246
114 115
396 165 175
233 53
250 106 435
435 413
216 460 223
810 108
228 223
160 159
108 63
395 182
451 483
426 402
255 63
234 686 57 59 60
3 4
926 334
301 406
892 406
104 296
122 491
141 335
451 87
97 925 303 305 89 90 253
353 346
302 598
179 158
441 276 414
410 507
412 6
18 315
28 29
136 41 428 77 76 49 438 254
424 264
72 50 51 85
302 14
474 94
50 85
829 406
601 130
289 234
35 29
3 108 5
3 196
216 590
152 36
301 406
272 65
58 686
347 292
216 223
105 378
264 114 115 319
75 310
424 486
143 167
369 53
140 165
514 174
41 76
3 413
252 439
3 196
424 264
41 444
720 122
65 439
390 327
266 267
49 51
857 122
129 821
860 813
88 49 51
67 68
434 289 234 163
490 7
116 117
369 105
46 47
70 14
1 251
181 279
553 212
65 270 6
36 439
265 20
48 49
699 55
116 252
46 323 270
296 297 388
168 281
115 427
667 20
43 821
161 115
194 3
410 327
296 378
686 7
697 298
458 402
146 107
233 266
570 567
173 94
439 87
130 427 173
930 165
12 325
26 27
544 292
441 179 276 414
50 51
26 166
259 475
3 196 5
369 538 233 53
67 68
330 109
369 53
827 59
369 394
272 58 212 412
250 435
369 53
573 351
96 821
529 7
122 106
662 503
178 179
931 239
43 821
405 421
64 4 138 175 287
322 163 104 297 393 296 277 472 314 284 61 62 216
522 135
488 453
209 306
283 663
116 166
138 282
90 286
237 239
256 161
184 487
285 150
298 260 261
829 301
449 46
75 310
50 85
256 435
233 53
829 301
152 30
953 510
67 68
356 301 406
114 251
114 319
12 325
409 4
367 143
739 212
174 63
376 81 664
108 116
24 29
739 60
656 439
67 68
67 68
135 108 367 283 84 373 87 122 59 284
269 317 223
369 538 233 53
412 133
474 461
256 107
3 5
208 202
13 958
666 5
130 134 173 184 94
305 90
72 50
67 68
180 382
6 7
569 291
4 413
138 108
412 3 4 193
369 53
141 430
3 7
269 223
441 276 414
193 3 4 5 413
116 334
412 3 4 193
158 7
3 4 5
169 527
529 7
162 20
499 507
594 908
50 51
8 13
196 5
521 138
161 282 253
409 282 860
114 115
4 860
482 412 413
261 70
161 933 167 108 143 367 495 83 595 373 374 87 694 84 122 283 602 284
166 246
434 50
64 860
312 17
328 22
140 141
301 406
170 116
378 182 62
116 252 861 439
108 5
369 53
330 259 108 475
162 453
378 284
107 22
553 83 212
169 173
76 254
363 45
302 14
296 297
200 175
321 617
108 63
8 247
369 53
483 341
330 475
81 175 287
173 94
129 821
48 49
378 182 62
138 686
210 244
666 813
194 3 5
243 159
363 142
67 68
1 317
3 6
160 159
105 378
412 309
173 182
265 441
25 28
145 493
139 287
435 420
67 68
728 465
499 142 15
483 341
67 68
341 406
122 405
848 334
309 134
330 259 475
272 412
81 69
177 293
216 1
938 354 126
432 84
147 53
181 263
212 133
175 287
194 827 804
488 333 407 700 701
262 428 656 471 120 152
296 390
59 534
59 282 83
378 62
312 75 216
901 331 754 979 116 438 861
12 325
169 130 459
57 59 60 55
83 356
200 259
577 177
326 327 328 11 307 21 22
116 117
754 471
41 172
499 142
8 857
367 143 85 475 122 283
330 92
328 22
344 181
184 82
315 86
74 757
881 58
769 98 355 100 101 102 354 641 324 99 619 405 125 126
554 341 135
88 364
449 447
282 7
209 138
107 279
554 522 341 599
313 219
244 508
170 171
67 68
6 7
456 115
409 282 6 287
363 45
171 549
833 3 5
412 133
827 587 5
420 212 132 286
435 420
274 323
48 15
67 68
202 821
7 405 59 860 253
209 212
390 487 104 395 527 15 222 19 179 404 54 86 313 538 381 62
129 108
666 860
291 564
108 933
97 418
18 220
589 30
304 287
184 199
160 243 159
64 161 572
20 63
482 810 212 699 286
231 367
32 37
130 459
184 115
330 357
808 133
115 284
114 115
114 172 319
330 475
115 334
833 3 5
291 427
24 25
281 129
369 233 53
96 219
3 5
530 700
74 75
116 117
67 68
212 412
281 117
107 188
123 124
194 3 5
395 182
184 83
50 85
953 510
67 68
5 63
96 821
179 215
488 333
232 233
173 414
259 411
24 29
108 134
179 158
272 133
114 115
64 138 212 286
61 151
326 327 328 11 401 307 21 22
49 230
369 53
522 341
89 253 303
82 83
256 250 435
264 143
266 13
177 178 179
409 282
728 465
283 284
3 4 413
108 357
336 16
284 167
171 116
180 158
448 449 140 141 430 429 447
860 686
212 133
227 86
82 421
211 159
26 37
330 357
192 131
35 55
412 4
122 83
160 63
376 81
22 87
67 68
64 846
212 55
33 546 26 28 30 31
49 51
181 263
96 124
490 7
3 194 195
379 151
369 53
497 452
378 182
274 46
48 49 334
216 223
41 26 27 39
75 460
166 136 137 170 171 337 338 339 252 116 117 439 340 124
289 163 71 433 434 181 373 218
456 340
59 860
256 106
147 53
45 63
116 31
97 212
88 43
810 303
313 227 254 63
441 451 276 459
192 347
76 254
93 22
81 17
396 158
96 821
115 412
244 821
168 281
64 5 521 138 282 59
20 453
297 83
22 23
226 18
512 65
884 340
449 140
49 76 77
97 59
3 14
34 439
179 215
115 334
30 31
67 92
824 20
266 499
394 534
808 133
170 252
336 323
145 493
64 195
209 739
144 475
114 319
13 87
76 254
234 242 146 244 533
394 213
334 487
434 50 51 85 88
177 382
301 103
129 130 166 134 170 368 115 341 29
304 184
3 413
115 246
97 212
16 270
56 55
613 405
195 239
296 398
209 132
808 133
552 724
482 306
372 22
88 50 51
130 173
260 21
357 70
50 51
181 263
212 132
321 322
16 46 47
81 82
821 199
306 253
861 439
208 96
107 279
304 301 406
184 199
496 170
82 357
700 407
144 420
515 92
519 167 143 367 283 284
212 118
33 418
41 114
60 413
481 21
897 639
224 561
901 136 331 817 754 116 438 252 861
953 510
67 68
380 158
249 74 332
138 302
881 58 138 287
3 4 5
284 309
321 386 322 104 105 395 369 182 378 251 62
456 439
184 130
57 59 60
92 478
185 510
252 861
166 136 137 170 171 337 338 339 252 116 438 439 117 340 124
283 22
76 254
97 262
267 12
248 247
49 334
233 53
147 53
50 51
170 166
296 396
24 108
232 657
3 860 253
376 81
272 3 5
289 161 234 235 146 245 85 122 59
107 189
140 447
420 496 82 435 474
321 62
96 821
281 52
482 3
953 510
195 196
242 235
652 302
532 166
425 446
441 179
334 319
67 68
41 26 27 39
212 127
496 642
52 821
118 119
170 451
97 170
378 366
9 294
41 30
380 390
67 68
434 50 51 85 88
510 254
304 213
64 3
363 142
500 142
12 567
490 7
52 821 918
301 406
101 405
90 60
304 303
224 227 19 222 223
594 956 821
180 181
142 574
66 258
413 7
441 414
264 246
52 821
409 7
67 68
75 222
176 138 686
285 6
22 23
361 372
115 246 63
380 183
366 223
475 470
194 3
136 170 166
50 644
444 821
328 6 7
656 428
211 159
36 262 170 330 368 81 115 341 22 376 25 29 319
67 68
833 3
65 645 6 490 529
860 686
76 254
59 413
580 270
82 357
67 68
46 462
508 244
32 33 34 35 546 36 39 40 41 28 591 26 27 444 29 30 31
884 28
64 3
19 86 219
184 130
171 471
24 29
232 233 62
170 439
326 327 328 401 307 21 22
65 301
3 413
96 129 197 198 199 200 201 42 203 204 202 206 207 208 168 205 52 95
93 23
602 334
266 142
67 68
161 82
368 428
122 83 84 85
306 212
483 341
412 133
304 130
594 95
260 261 73 75 174 401
3 196
250 63
592 97
45 366
194 3
106 821
833 3
528 114
258 181
250 431
147 53
483 135 522 555 341
289 434
39 41 48 49 821 444
700 333 407
129 777 909 918 919 802 168 42 52 821 197 198 199 200 201 202 203 204 205 206 207 208 594 95 96
133 63
259 108
135 554 522 341 599
153 493
448 449 930 934 140 430 335 336 593
208 821
18 19
65 645 7 490 529
306 7
171 549
212 133
107 22
495 311
304 175
138 139 881 58 287
158 351
83 63
302 174
746 980
168 281
152 439
195 196 5
357 550
144 475
720 158
36 29
57 59
833 3
188 63
3 196
49 548
83 22
490 7
161 682 181
833 3
3 5
363 45 366
401 260 261
341 135
691 190
28 52
105 378
120 49 77
208 202 96 95
20 13
529 490
36 29
216 90
50 51
49 77
114 334
72 50 51 85
897 406
115 246
170 171
96 821
165 175
754 471
507 14
428 461
50 298
108 933
64 42
769 98 355 100 101 102 354 641 324 709 99 619 688 372 405 125 126
283 21
123 180 181
369 322
345 149
608 435
499 142
257 309
289 234
328 161
482 810
76 254
182 62
41 26 27 39
84 14
286 175
96 821
165 270
114 319
97 132
64 4
522 483
123 124
307 724
336 335
529 490
304 90
571 453
212 55
118 119
194 3
3 860
171 116
149 150
21 22
93 101
260 261
171 117
41 548
67 68
24 25 26 27 28 29 30 31 32 33 34 35 36 37 38 39 40 41 589 591
529 490
427 173
272 132 133
330 67
189 190
58 139 138 287
897 406
881 138
74 75
412 3 4 193
264 334
18 315
171 439
456 116
134 262 136 137 26 28 30 31 33 418 546 37 166 40 172 444 337 338 94 483 362 117
115 246
123 124
171 116
123 348
547 167 146 83 84 250
117 439
245 237
161 821
522 135
307 724
160 211
173 414
49 51
378 182 62
88 534
1 269
64 4 60
41 30
180 382
134 582
441 427
298 260 261 94
309 134
129 821
212 59 132
157 382
897 170 341 639
104 378
237 239
561 75
12 93
74 75
185 300
41 172
821 206
194 3
160 167
4 5
434 50 51 85 88
24 33 252
18 311
184 107
170 171
106 250
449 462
357 11 339 341 639
931 235
565 127
217 447
129 156
421 302
161 69
212 127
116 861
85 167
412 133
324 405
37 30
136 438
75 261
652 302
88 364
481 108
42 43
425 21
161 246 334
21 22
161 131
64 60
305 286
357 358 330 376 479
233 266
28 29
214 534
593 275
115 291
64 922 860
161 334
234 405 57 59 60
376 81
808 133
64 59 253
521 413
263 815
544 184
107 75
3 5
328 22
59 116
338 31
612 293
380 158
852 343
587 463
24 38
311 63
233 708
301 406
50 51 83 84 85
18 222
508 244
550 174
410 191
48 444
67 68
114 115
185 82
64 3 4 5
162 363 45 366 20
508 244
860 5
817 171
185 82
241 237
29 39
170 166
445 439
336 930 323 335
43 6
360 530
532 421
380 183
49 115 319
67 68
530 12
282 3 5
182 398
88 42
441 451 276 459
161 146
616 423
232 173
224 75
75 223
67 68
18 75
96 219
144 52
810 55
59 405
308 318 311
441 451
161 378
209 286
160 241
147 53
67 68
82 69 495
284 493
3 412
829 301
76 254
39 40 41 27 30
274 46
346 181
304 286
184 117
194 195
97 77
233 538
208 821
286 63
656 281 173
59 253
216 75
897 108 406
64 282 5 846
115 687
547 122 83
227 391 15 527 182
322 948 182
283 46
435 334
330 291
245 237 302
664 475
301 406
412 59 132
281 43
216 223
560 283
83 213
67 68
263 815
19 220
67 68
328 11 326
368 152 36 656
59 860 5
230 199
212 132
395 380
274 323
106 367
107 22
454 167
289 163 71 72 433 50 434 85 373 181 153 218
282 846
108 63
724 734
3 196
60 55
964 302
360 530
171 117
482 59
3 972
739 810 272 55 57 827
368 262 31
395 182
233 538
171 116
163 71 433 434 181 373 153 218
616 282
76 254
3 7
860 686
170 171
67 68
257 212 519
322 104 105 369 378
334 303
833 3 5
488 923
61 134 151
523 524
165 46
484 95
3 5
213 510
170 330
114 115
648 22
376 475 470
180 263
405 63
233 557
67 68
122 22
5 63
41 76 77 254
368 339
67 68
224 283
52 821
184 210
425 423
164 614 615 748 620 538
48 49
339 117
257 83 463
11 21
412 4
270 47
67 68
171 372
376 358
58 127
289 163
25 441
366 107 406
219 197
209 212
474 435
194 827
684 132
544 431
41 26 444 39
265 441
282 846
106 213
202 821
495 87
378 382
988 124
3 159
279 215
118 119
3 4 7
304 59
274 165 47
3 196 5
84 21
66 295
182 62
173 94
243 159
194 5
495 319
63 71
376 475
460 269
456 49
58 138
130 516
289 84
368 171 471
24 31
91 14
1 317
18 311
451 494
212 302
76 254
642 302
345 149
571 662
41 26 27 39
88 42 43 86
88 334
425 210
40 495
82 108
344 181
161 154
182 62
301 406
483 341 135
170 439
64 3 5 587 409
330 653
67 357 358 329 330 109 144 376 91 479
108 5
496 130
17 406
456 124
67 68
171 252
346 215
600 159
132 133
175 287
3 195
180 157
170 116
200 96
59 132
232 378
482 413
97 58
209 237
272 212
6 7
744 517
532 166
108 341
546 35 591 786 27 28
425 330 357
130 293
201 778
107 43
931 239
407 359 8 333 45 526 914 500 501 502 503 504 505 700 375
97 212
409 306
373 87
8 88 213
32 425
196 3 4
570 363 20
369 53
124 421
474 190
249 298 261
301 406
20 13
278 281 168 297 180 182 61 451 204 469 343 215 220 96 352 353 232 104 496 377 378 123
88 955
147 53
413 7
216 75 223
184 420
538 171
96 124 62
67 68
120 428
352 346
324 102
356 63
458 402
132 133
18 19
3 7
302 14
62 214
97 212
208 202
107 189
953 510
129 130
96 129 198 200 777 202 201 168 909 206 207 205 594 52 821 918 919 95
3 5
3 4
860 686
76 254
475 108
304 97
21 87
64 4 60
166 136 137 170 171 817 337 338 252 116 438 439 117 339 340 124
106 171
291 420
827 3
435 171
252 117
272 553 212
2 317
449 447
344 129
297 380
66 427
108 87
170 116
827 5
67 68
662 503
130 427
192 351
897 301
262 428 368 656 471 120 152
107 269
3 4
312 75
321 182
114 443
301 174
83 821
16 270
136 116
3 4 413
196 413
656 152
170 171
170 252
897 162 45 301 406
744 517
81 175 287
129 777 909 918 919 168 42 52 821 197 198 200 201 202 205 206 207 208 594 95 96
569 108 494
369 53
237 239
289 163 85
258 402
106 148
233 267
22 23
301 406
59 405
101 302
20 13
20 13
194 3
82 70
488 559
833 3
243 211
42 197
532 166
72 49 434 50 51 85 88
930 934 270
161 138
115 687
250 431
180 158
395 182
133 167
29 37 30
369 53
105 378
169 130
70 510
161 381
24 29
120 754 861 471
553 286
252 439
482 212
175 287
282 212
281 285
82 461
390 391
860 686
257 284
266 13
639 159
232 130
136 817 754 116 252 861
250 142
564 94
90 4
249 298 75 261
138 282
59 686
115 334
116 166
283 372
96 202
170 639
833 827
554 483
483 341
114 319
532 438
96 129 197 198 199 200 201 42 203 204 202 206 207 208 168 205 52 95
67 68
193 3 5
406 759
49 334
170 439
122 235
378 527
324 405
682 6
376 81 108
544 169 402 184
193 103
260 21
434 181
252 439
88 50
171 549
114 726
212 302
41 371
67 68
521 306
26 27
552 70
83 171
192 181
510 959
106 367
97 90
233 62
116 439
97 122
160 242 239
153 284
233 538
933 71 108 495 87
67 68
521 7
67 68
41 439
76 254
264 445
3 195
857 45
344 279
232 123
59 287
482 739
64 58
522 135
138 139
67 68
6 7
322 182
360 422
341 135
297 322 378 105
272 212
915 117
189 190
529 7
554 341 135
162 359
88 475
3 4 5
833 194
369 53
376 330
219 197
482 212
67 68
216 296
260 261
170 439
369 53
425 133
224 75
336 335
369 105
168 484
166 134 136 137 170 362 368 337 338 115 117 28 29 31
196 860
173 414
283 367
915 861
272 59
485 573
410 421
362 444
720 398
82 22
369 53
352 378
448 140
123 157
357 358 330 107 479 81 82 22 376 185 411 188 184 287
97 482 212 132
124 439
96 821
778 11
412 5
833 3
514 174
483 341
369 53
378 182
180 158
184 130
150 285 278
138 108 287
194 3 5
32 199
192 87
170 116
170 171
264 246
114 246
99 100
219 197
114 334
41 27
833 3
412 413
233 322
11 22
184 257
106 83
395 182
59 7
890 406
266 20
347 181
161 59
52 119
388 199
39 41 42 371 86
748 711
106 83
547 363
305 90
133 63
36 29
98 324
418 115
250 83
116 645 167
107 108 301 82 406
64 5
860 5
418 63
67 68
217 447
45 366
289 163 234 85 218
171 549
291 621
972 813 4 413
352 156
334 303
185 70
45 501
570 20
264 114
28 94
304 372
386 388 296 297 381
972 5
296 61
26 39
33 418
176 59
3 5
720 377
64 7
240 14
754 979 471 120 861
153 284
456 319
74 332
3 7
74 331 75 332 249
233 538
425 270
482 212
376 357
285 150
600 159
514 510
262 428 368 656 471 120 152
174 22
154 63
171 549
130 451
116 252
173 94
306 686
496 420
56 55
188 301
233 369 53 538 62
97 303 304 305 89 90 253
184 130
327 119
83 181
810 286
185 70
64 3
507 501
130 295
160 235
107 21
449 140 934 430
302 14
182 62
41 76
347 207
449 30 41
30 439
369 378
451 527
75 269
305 807
211 235
32 24
952 667
412 127 175
380 158
155 420
130 427 173
682 124
378 251
456 114
114 115
451 543
129 202
130 451
211 133
357 358
497 84
170 439
12 271
170 116
142 7
552 724
264 114 115 334
3 4
3 413
153 255
212 127
192 263
105 378
116 334
28 36
165 270
24 25 26 27 28 29 30 31 32 33 34 35 36 37 38 39 40 41 589 591
130 487
848 926
866 846
259 23
14 327
106 250 213
270 335
233 538
260 261 298 75 249
27 39
465 130
28 52
266 708
67 68
28 166
810 90
97 171
322 62
821 198
421 582
170 171
306 7
418 796
41 371
386 388 296 297 381
104 62
496 122 148
12 622
67 68
453 142
185 510
321 322
521 253
409 3
591 87
813 4 933
372 101
777 205
696 22
265 233
341 87
195 804
49 51
200 821
808 133
777 821
48 49
212 302
281 15
18 19
108 87
8 162 20
97 170
184 411
187 71
600 159
505 161
233 54
423 42 146 51 88 155
56 212
308 348
97 57
184 199
490 7
453 567
64 195
56 212 55
67 68
434 181
236 237
116 439
243 211
315 86
273 613
92 470
81 175 287
129 821
412 55
174 135
107 257 435 366
50 51
317 222
96 129 197 198 200 777 42 202 204 201 168 207 208 205 594 851 52 95
184 130
170 116
170 171 116
75 342 310 312 216 317 223
582 102
242 237
428 262
166 136 137 170 171 337 338 339 252 116 117 439 340 124
170 116
306 686
5 413
409 3
22 23
67 68
336 335
3 196
322 182
136 438
616 88
4 860
89 90 97 303
239 237 159
425 527
484 215
46 462
128 22
118 119
46 462
380 398
88 435
395 182
482 810 686 55 286
10 530
64 58 686 846 272 57 922 60
88 439
488 333
243 235
5 860 413
856 300
363 422
64 3 4 5
170 117
64 860
264 319
514 174
301 406
75 260 261
230 199
860 686
185 87
75 483
145 255
76 438
50 51
64 435
168 202
272 133
368 428
826 307
180 382
522 341
339 340
439 87
302 174
17 490
128 22
301 406
97 90
260 261
369 53
129 42
748 679
272 132
132 133
173 414
108 116
352 130 162 297 330 364 366 304 496 82 211 372 29
118 119
233 538
3 5
250 180
289 163
73 164
12 325
302 14
169 459
138 860
140 77
425 475
571 701
544 295
413 7
48 444
259 358
177 178 179
116 166
930 141
75 460 223
64 3 5 521 138
860 413
376 81 664
124 439
306 59
114 443
108 334
107 829
194 195
198 495
301 406
50 51
235 236
380 396
424 264
360 559
64 846
171 117
353 42
810 90
841 169
16 217
330 92
330 356
4 860
357 109
339 116
264 161 334
171 549
296 105
359 333 407
285 150
376 67
432 142
834 6
8 570
75 21
363 499
46 270
108 133
522 599
16 354
59 139
136 438
50 51
259 411
69 550
906 75 310 312 216 317 223
114 115 246 319
816 881
165 47
322 381
821 86
3 413
201 821
21 93
488 452
296 390
65 306
233 134 52 558
560 283
444 821
64 5 846
608 171
124 173
24 30
169 94
810 5
377 380
130 402
369 53
36 262 170 330 368 81 115 341 22 376 25 29 319
138 686
185 291
114 115
304 16
378 395 182
156 189
170 166
212 412
652 421 14
4 60
283 284
161 93
50 85
360 214
529 6
99 372
378 182
114 115
116 166
376 358 479
170 117 166
243 159
301 893
264 115
306 282
114 330
514 174
445 486
833 3
522 135
48 49 51
180 157
122 187
96 233
376 81 664
369 538 233 53
145 255
569 130
67 330 109 144 91 92 479
380 158 175
424 264
208 344
522 341
161 131 181
881 138
58 686
108 334
129 206
136 438
4 413
161 188
441 276 414
257 284
72 49 434 50 51 85 88
123 124
339 171
124 252
304 90
301 406
953 541
337 338
5 302
242 499
65 7
379 388
152 122
289 84
192 350
245 237
451 459
482 212
127 175
3 4 413
522 341
449 429 430 47 16 141 46 273 217
488 559
97 418
395 380
550 82 70
67 68
82 302
154 283
114 487
330 92
20 143
235 495
516 495
419 748
829 301
212 950
412 4
260 261
211 159
787 207
3 5
304 370
386 388
64 3
426 402
123 124
283 223
129 43
401 260 261
96 124 62
21 22
116 117
426 258
212 412 286
304 305
810 286
64 57
460 757
264 246
21 93
59 3
304 97
108 63
50 51
147 53
64 413
98 301
180 157
201 919
266 267
50 298
547 83 85 122 253 255
24 166
181 279
284 367
64 521 57
185 69
833 5 3 253
41 76
212 132
378 62
282 59
816 686
330 479
82 63
108 5
76 254
321 182
69 63
265 266
147 53
49 76 77
523 524
474 420
24 29 166
107 43
474 435
155 156
547 821
32 33 34 35 546 36 39 40 41 591 26 27 28 30 31
60 413
283 133
108 159
810 306
482 739 810 55 56 57 59
897 406
395 182
165 140 46 47 16 273 274 275 217
67 68
545 130
170 639
88 116
302 14
100 125
378 182
116 334
249 283
91 12
284 6
482 212
67 68
283 358
233 220
418 334 115 246 319
521 138 282
362 117
201 778
769 98 355 100 101 102 354 641 324 709 99 619 405 125 126
257 519 167 493 153 284
155 174
298 906
283 284
115 212
245 237
136 76 77 49 438 254
257 212 519
170 171
834 250
359 333 407
88 494
3 4 413
210 212
114 115
460 757
75 260 21
297 83 396
161 284
356 639
161 19
104 527
333 700 501 407
451 483
612 293
305 83
107 269
616 116
3 5
304 6
122 83 284
488 559
161 234 587 235 210
289 72 50 51 85
180 382
185 82 22
531 294
870 183
216 75
96 821
115 319
98 103
26 27
336 593 323 335
208 129 96 198
521 138
754 171
233 15
67 68
265 162
185 82
97 262
169 130
165 286
336 16 335
105 378
138 60
426 402
19 75
132 286
67 68
97 482 212
3 60
283 213
3 196 5
169 173
114 487
343 215
40 230
817 171
72 434 50 51 85
129 42
302 652 421 14
664 81
184 115
153 108
819 93
8 20
147 53
90 413
60 55
194 3 5
140 47
2 317
136 438
177 178 179
378 173
860 813
195 588
16 430
64 5
130 459 173
161 70
296 182 391
28 29
52 821
908 181 263
301 174 893 406
522 341
216 223
467 422
129 777 909 918 919 802 168 42 52 821 197 198 199 200 201 202 203 204 205 206 207 208 594 95 96
84 421
105 378
64 572 5
330 91
170 439
67 68
70 190
589 439
174 406
640 639
160 159
217 270 447
212 5
25 115
115 420
664 81
147 53
75 227
50 51
42 821
196 5
359 526 499 500 214 408
114 115
82 510
250 108
538 228
829 301
569 330 291 358
18 19
99 125
544 490 301 174 47 304 17 211 372 406 893
262 136 137 26 28 29 31 548 166 39 170 172 48 817 438 444 337 338 861 368 115
180 158
72 49 434 50 51 85 88
185 474
165 175
301 406
20 662 503
104 284
16 761
48 49
129 821
312 75
161 62
59 815
453 142
192 852
369 53
82 147
64 60
64 666
195 196
32 37
739 60
171 471
233 322
304 97
265 267
132 133
99 324
369 394
848 114
297 396
88 423
441 451
67 68
50 51
3 196
97 116
810 286
212 59 132 133
82 510
521 138 165
412 309
336 16 270
12 325
67 68
83 311
274 46
1 6
41 76 77 254
200 96
233 53
821 207
322 104 105 369 378
160 235
166 136 137 170 171 337 338 339 252 116 438 439 117 340 124
304 97
148 302
3 4
115 117
211 159
107 406
48 49
173 94
282 7
75 222
107 188
521 175
233 53
284 406
97 210
3 4 5
130 427 173
291 707
184 130 107
138 860
27 39
24 439
59 413
21 22
449 140 46 270 217
289 59 253
93 101
810 739
212 372
547 613 111 83 373 85 122
304 97
444 117
355 101
482 553 810 212 950 55 56 286
194 196
91 109
64 90 60
285 150
778 483
435 366
264 445
237 239
369 538 233 53
52 134
301 406
353 351
72 434 50 51 85
129 777 802 168 42 52 821 197 198 199 200 201 202 203 204 205 206 207 208 594 95 96
691 223
302 174
108 334
334 303
147 53
366 107 406
34 36
115 63
955 519
184 70
1 18
166 136 137 170 171 337 338 339 252 116 438 439 117 340 124
330 475
114 115
378 182 62
284 63
448 449 934 140 141 430 335 336 429 447
180 158
115 334
264 528 418 548 424 172 48 49 443 444 445 319 77 334 486 362 114 115 246
819 340
281 130
264 115
426 494
30 31
330 479
195 196
64 138 572
123 124
67 68
459 87
41 439
97 212
322 182
275 47
424 115
537 87
129 821
64 130 4 357 134 358 304 114 82 30 184 411 29 94 287
212 55
171 471
64 4
210 155
810 5
97 303 305 89 90
306 212
72 434 50 51 85
264 319
76 254
28 918
908 263
860 686
451 276 414
212 372
212 412
833 194
251 175
118 119
272 244
483 135 554 522 341 599
418 548 486 264 424 362 172 77 48 49 114 115 246 443 444 445 319
264 334
64 3
212 55
122 116
123 124
369 53
26 39
212 127 55
494 167
418 319
48 49
344 181
449 270
65 142
3 4 5
326 22
194 195
171 549
291 358
98 324
76 438
104 378
250 461
217 447
264 977
72 49 50 51 85
108 533
173 414
484 215
97 212
881 138
492 454
107 188
360 10 530
153 63
60 813
68 87
67 68
57 55
593 323
130 173
161 138
1 222
315 308 227 311
136 438
372 133
901 136 331 116 438 252 861
354 355
83 84 85 87 122
505 9
97 212
360 361
19 75
857 363
72 434 50 51 85
3 5
134 446
116 166
69 510
282 933
289 163 433 434 181 373 218
435 549
49 114
369 53
210 964
163 433 50 434 51 181 373 85 153 218
128 21
58 813
74 260
32 283
376 81 161 664
114 362
260 261 298 75 312
116 143
64 3
323 335
529 6
321 182
159 63
147 53
193 4 810 60 413
465 484
368 439
609 266 441
508 244
289 163
376 81 231
483 341
130 372
141 270
282 7
12 142
285 150
18 310
114 115
214 183
401 260
667 142
265 267
114 115
204 197
4 5
129 166 52 281 31
64 4
96 202
3 4
434 50 51 85 88
608 696
35 55
360 10 530
69 510
552 300
392 321 322
666 5
273 270
171 471
460 188
161 405
136 338
129 821
451 414
434 181
97 620 304 58 925
55 7
833 3 5
114 487
18 220
200 400
474 7
75 260 261
216 435
115 334
321 322
289 234
434 181
128 21 22
353 343
107 188
67 68
170 116
67 68
474 435
129 821
49 50 51 85 88
442 250 148
138 287
185 82
107 301
202 487
610 31
265 662
64 212
149 150
8 45
521 138 60
97 101
166 134 136 137 170 362 368 337 338 115 117 28 29 31
89 90 286
232 527
56 132
233 285
114 115
179 181
171 116
901 754 979 116 438 861
3 196 5
233 53
212 412
192 683
10 650 142 526 530 408 805 422 467 603 609 359 360 488 363 497 499 500 501 505
130 427 173
386 388 381
369 53
672 304 330
456 262
833 3
302 14 119
260 261
833 194
3 196
306 212
233 53
456 114
76 77 334 48 49 51 444
696 460
554 341
76 254
161 108 84 63
648 22
569 330
114 982
173 414
64 63
114 115 334
209 212
459 292
330 284 47
136 438
282 59
122 181
522 341
200 208
272 58
122 83
59 413
250 107 406 63
129 777 909 918 919 802 168 42 52 821 197 198 199 200 201 202 203 204 205 206 207 208 594 95 96
193 194 3 195 833 5 196 827
64 3 4 5 846 282 60
352 346
41 172
435 461
264 439
177 178 179
107 188
412 132
282 3
810 699
64 138 4 572
186 354
29 30
897 639
235 237
603 363
138 686
175 287
59 244
144 330
424 264
460 269
857 63
170 171
720 158
645 6
147 300
521 846
289 161 167 72 367 84 85
448 449 430 447
248 531 247
114 443
138 287
283 143
114 115
482 212
97 212
200 175
216 75 223
97 212
418 548 486 264 424 362 77 334 528 49 48 115 246 443 444 445 319
56 132
67 68
165 175
40 410
184 435
553 59 212
200 204
302 119
265 267
552 300
182 62
283 132
115 319
190 711
285 215
3 4
69 22
285 150
184 130
491 421
296 391
369 53
93 23
131 263 278 150 279 285 158 179 180 192 208 343 344 215 345 347 348 346 350 351 352 353 349 232 123
96 129
296 377 284
96 124 62
336 125
209 212
808 133
289 163 433 434 181 373 153 218
24 31
69 70
184 161 130
829 107 301 406
212 55
52 558
108 406
130 213
64 521 139
26 362
296 284
483 341
549 279
233 205
64 4 5 175
147 53
67 68
488 700 333 407
3 4 413
352 180
914 701
816 93
363 45
105 378
328 22
35 29
129 821
860 686
18 75
360 530
304 64 286 287
18 311
212 412
152 428
108 5
388 199
99 100 125 405
67 68
487 279
80 483
953 510
64 122
749 63
93 22
114 115
24 25
486 424 264 246 445 319
810 303 305 89 90 286
67 68
41 418
322 484
53 198
41 26 27 39
96 821
170 116
59 255
156 174
306 282
301 406
107 188
130 173
3 196
129 435
59 7
897 301 893 406
378 62
64 161
249 75
194 5
130 910
59 212
50 298
64 212
292 182
594 341
495 663
594 821
3 5
667 453
427 87
97 132
136 116 252
474 451 420
171 116
177 179
97 171
49 76 77
449 270
97 102
739 212
184 330
937 547
821 86
116 117
545 130
521 138 93
291 7
409 282
4 813
67 68
424 264 982
48 49
158 398
680 81 376
107 406
146 547
296 284
497 452
49 334
64 833
195 7
5 3 4 413
435 22
129 821
41 591
418 115
6 7
21 22
600 159
264 319
550 668 509 510
108 63
64 209
394 62
1 147
64 130 184
488 333
412 133
104 378
922 931
114 115 334
64 306
18 655
346 181
88 49 51
1 147
106 213
170 116
395 182
67 68
483 522 554 341 599
212 133
909 919
336 593
170 117
412 4
285 6
313 63
88 156
197 821
81 330
298 261
289 163 72 50 51 85
56 55
308 589 207
336 335
46 839
27 39
827 3 5
291 564
560 167
409 138 282
130 494
394 534
83 228
667 20
444 926
483 135
116 166
184 199
4 5 324
252 63
289 253
537 87
59 686
569 527
49 76
26 439
964 143
49 334
449 429 430 47 16 141 46 273 217
322 395
108 255
296 107
104 369 105
192 181
498 171
50 85
347 295
97 212
816 138
124 62
65 158
196 7
345 177 178 179
3 5
536 729
64 129 4 138 237 47 304 211 372 212
288 81
235 964
108 406
224 2 228 298 75 74 18 310 342 312 249 314 216 223
64 3 4 5 282
185 419
267 609 266 499
235 239
834 63
171 116
608 171 549
301 406
233 62
65 230
138 686
97 212
116 166
132 133
115 156
514 174
3 4
142 294
216 43
138 211
301 174
49 51
180 382
288 93
22 23
82 419
233 53
129 134
272 133
58 138
216 6
376 81
232 257 173
114 334
304 130
291 564
116 166
972 5
441 265 179 233
171 116
64 57
181 215
212 127
8 142
161 18 469
946 410
434 50 373 181
544 184
284 63
397 398 183 377 380 158
897 301
104 296
233 538
4 813
497 467
129 357 406
322 395
363 45
283 367
59 7
616 59
435 372
272 132
75 43
300 711
180 150
76 254
21 22
57 686
88 283
813 933
76 254
192 858
129 821
160 159
664 81
282 7
778 483
491 372
306 196
48 117
67 68
245 244 237
213 510
11 341
369 53
129 130 173
185 70
357 358
512 421
161 243
296 297
48 49 334
901 331 754 979 116 438 861
507 431
429 46 47 274 275
118 119
435 284
117 166
58 860
470 479
857 250 45
553 122
115 334
18 75
505 45
283 301
83 131 181
281 285
160 159
116 439
301 174
860 686
448 813 429 462 141 46 210 274
931 239
412 133
778 174
96 62
352 179
521 138
180 157
129 821
821 446
64 409
200 400
64 3
233 398 369 53 538 158
76 254
3 196
339 116
811 223
266 20
60 813
3 253
129 821
48 49
17 425
412 4
114 115
378 948
274 323
108 116
212 55
264 334
284 309
833 3
96 821
424 264 114 246 319
116 117
289 434 84 85
171 108
129 363 366
378 492
2 330 107 204 366 496 378
321 322
475 358
212 132
861 439
673 142
202 558
74 331 332
474 30
148 749 63
19 798
656 173
184 130
434 181
972 413
105 395
441 62
313 86
378 62
233 538
326 328 11 401 307 21 22
337 338
136 438
114 339
377 183
594 206
313 378
412 133
273 47
344 279
188 21
306 3 5
507 431
381 13 15
189 519
412 133
482 59
67 68
234 83
89 90
566 431
28 29
96 821
179 414
80 78 79
257 108 250 283 284
483 135
152 171 428
96 821
181 263
441 177 178 179
281 451 427 494
49 77
220 182
67 68
304 305
184 130
378 151
233 134 558
138 686
67 68
284 87
304 284
130 459
64 210
107 406
217 270
257 130
459 63
169 84
193 3
105 378
161 115
517 518
816 521
357 70
136 438
130 451
285 150
498 341
200 168
58 212
29 31
289 163 234 434 218
418 115
265 266
170 116
185 82
138 686
496 106
96 202
64 161
306 132
59 412
909 919
69 70
412 6 7
377 182
173 63
46 47
346 343
59 116
483 135
418 77
569 291
833 3
161 237
59 3 5
18 75
748 84
224 178
67 68
338 302
441 178
66 841 458 427 563
185 82 300
85 405
306 287
130 435
522 341
64 5 846
82 510
901 331 754 979 116 438 861
209 127
409 686
36 14
369 53
280 108
96 129
233 62
212 412
233 53
272 412
50 85
109 81 82 185 510
372 405
170 639
114 334
482 59
456 124
515 259 67 358 329 109 144 112 113 475 376 91 92 478 479
162 20
897 639
412 4
65 97
3 588
465 130
354 101 405
578 334
363 467
666 59
67 68
20 13
362 246
328 22
297 378 63
170 252
105 62
24 28
210 964
356 63
210 542
83 116
250 330
129 821
3 5
362 117
67 68
97 90
550 222
554 135
96 821
448 449 934 140 141 430 335 336 429 447
388 199
188 223
377 263
97 303
1001 919
330 291
435 270 534
608 549
114 982
306 7
50 85
810 827
67 68
3 413
369 53
41 26 27 39
321 182
928 238 927
554 483
810 55
369 233 53
115 172
88 485
324 405
425 100
33 31
378 182 62
105 378
96 821
88 405
21 22
306 212
105 378
3 7
83 459
362 172
363 467 142
58 3
296 19
99 324
184 330
185 510
122 463
115 172
537 602
115 334
173 87
153 356
249 74 298
265 266 267 268
330 475
64 253 175
114 115
58 139 138
860 413
170 116
64 3 4 409 413
449 141
56 55
3 4
481 21
313 18
122 191
5 413
64 138
401 260
857 431
827 7
239 237 159
550 222
378 251
177 178 179
720 158
391 104 105 396 378
420 341
33 252
259 411
107 435
490 7
881 138
24 36 29
129 821
4 103
64 212
171 549
305 97
233 53
77 445
59 860
369 378
114 115 319
3 14
12 22
1 147
3 5
50 51
88 291
441 499
41 26 27 39
233 53
616 18
185 191
194 3 5
286 175
356 63
97 171
115 486
52 821
196 5
67 68
4 813
25 31
153 255
129 777 802 168 42 52 821 197 198 199 200 201 202 203 204 205 206 207 208 594 95 96
130 36
41 76
451 108
209 212
75 261
317 310
184 199
67 68
200 400
49 51
118 614 615
821 86
3 4 5
291 494
212 412
933 71
833 3
75 222
216 75
386 388 296 297 381
97 212
330 191
122 83
340 117
171 549
114 319
353 682
202 95
108 63
276 494
352 96
302 14
230 199
162 364
17 425
129 821
496 284
28 52
201 441
369 53
334 246
301 406
185 190
6 7
212 127
41 26 27 39
424 77
208 96
216 129
482 739
272 412
378 62
977 334
130 494
500 526
421 495
8 570
27 252
953 510
833 196
184 330
499 142
265 441
12 325
176 59
59 405
104 369
96 129 197 200 201 168 207 208 52 94
3 991
272 519
195 6
616 148
522 341 135
435 171
652 255
272 273
161 146 406
3 4
301 639
162 20
553 212 286
363 87
106 435 36
169 130
134 558
418 115
48 114
64 4
456 116
220 173 182
170 116
233 538
306 212 55
748 510
122 253
67 68
67 68
881 138
330 639
108 159
49 51
24 161
194 827
97 212
3 860 5
210 925
754 915 861 471
394 395
74 331 298 18 249
554 522 341 599
80 420
488 10
537 87
52 119
115 319
130 291 131 197 292 293 232 169 168 290 204 271 15 281 285
150 285 278
369 53
147 53
265 499
66 499
114 115
769 98 355 100 101 102 354 641 324 709 99 619 405 125
585 291
901 136 331 116 438 252 861
105 322 378
64 4 175
74 298
216 269
330 91
21 93
315 222
97 212
378 343
708 20
30 439
188 551
35 55
72 434
185 87
122 164
424 264
26 27
76 254
64 4 184
96 168 777 202 203 204 205 206 207 208 594 95
652 255
88 155
171 116
282 7
833 3 413
52 582
46 430
212 59 132
3 4
441 179 276 414
64 282
122 22
3 699
114 115
680 81 664
272 133
306 7
211 22
424 445
55 7
11 326
49 334
52 110
211 159
138 253
50 85
216 6
315 86
257 535
373 87
266 556
16 141
116 334
312 216
211 159
24 36
48 49
41 371
97 212
114 444
34 439
164 614 615 748 620 538
136 410
338 116
26 31
181 494
3 7
101 405 63
156 47
285 150
816 686
283 255
165 63
216 314 296
639 159
465 494
88 49 51
162 453
41 76 77 49 754
341 135
122 133
48 334
402 563
420 250 107 45 15 496 114 435 372 115 474 29
281 215
360 530
97 212 132
918 95
32 339
700 333 407
146 106
170 107
266 13
289 163 71 433 434 181 373 218
931 239
409 282
24 31
96 219
91 470
116 117
474 341
301 406 63
283 663
170 116
224 75
62 214 183
96 821
330 259 475 63
64 5
212 132
289 163 433 434 181 373 153 218
434 50
336 335
106 83
49 77
65 7
281 129
75 68
129 821
288 82
569 130
680 81
3 4 5
217 270
266 20
36 439
59 412
412 132
369 53
264 418
122 187
161 829
40 36
466 15
37 31
516 485
67 68
1 222
430 447
306 7
281 293
860 686
206 15
124 62
827 196
339 639
441 499
272 133
184 130
146 107
329 109
394 270 18 148 405 22 24 32 164 428 181 821 964 454 334 78 341 857 475 860 494 116 122 253
122 422 650
162 364
306 7
505 87
233 369 53 538 62
328 326
80 420
509 510
184 115
521 93
359 567
194 59
425 17 291
519 260 174 135
283 143
284 389
301 406
170 116
448 691
18 148 154 672 296 170 174 46 47 175 703 454 327 78 356 108 368 116 250
32 29
140 47
483 135
600 159
57 60 55
18 315 222
22 23
40 24 368 262
107 43
216 75
107 188
306 55
330 29
330 475
160 210
97 90
306 212
168 166
430 447
482 212
67 68
184 130
361 570
88 42 51 423
171 471
354 355
813 413
171 116
548 340
97 170
49 434 50 51 85 88
140 47
75 317
6 903
259 63
448 800
148 213
483 341
76 254
338 339
249 310
233 53
48 49
285 150
497 452
376 81
184 199
146 107
217 447
264 83 334
544 425
116 117
136 137 171 337 338 339 252 116 438 439 117 340 124
250 22
97 212
320 210
289 234
96 124
609 266 267
67 68
821 53
64 860
378 182
87 511
21 174
67 68
115 319
59 83
22 6
274 429
330 475
257 122 83 284
3 827 195 196
96 61
181 158
301 406
196 7
315 86
639 159
173 494
451 459
554 522 341 599
108 406
483 341
289 433 434 181 373 218
116 117
810 14
94 167
216 296
282 846
521 93
376 81 664
494 295
97 303 305 89 90 253
369 53
115 334
88 146
107 188
179 215
481 639
184 545
52 821
881 138
106 367
304 64 4 175
302 14
360 530
177 178 179
272 133
185 63
213 70
6 319
451 814
161 172
104 742 151
41 918
401 107 22
85 71
388 390
1 317
67 68
298 261
160 90
97 212
56 212
482 212
192 279
64 60
20 13
173 94
50 85
418 334
369 53
194 3
813 4 413
409 517
52 45
21 93
352 215
3 212
171 549
448 447
148 84
129 42
964 927
363 45 507
281 122 83
553 212 286
848 548
432 51
18 19
67 68
64 409
259 411
185 300
97 171
24 27
115 291
569 358
101 126
129 821
64 922
288 21
89 150
291 420
401 223
552 300
106 347
357 358
260 21
266 499
122 18
184 199
37 589 26 29 30 31
115 319
130 29
28 29
108 358
170 107
810 303
162 667
306 412
709 405
108 284
363 45
180 263
180 181
108 933
107 435
21 22
857 363
829 301
401 260
217 462 447
488 497 452
97 262
257 130 458 363 715 45 366 527 402
302 174
87 327
304 370
505 507 45 407
64 212
232 278
67 68
170 116
75 308
857 507
105 378
74 75
59 287
257 339
219 197
45 662
156 189
554 135
609 805 265 266 267 233 499 62
523 494
192 347
380 183
67 68
64 282 5 846
301 406
296 182
168 232
3 5
306 518
338 116
248 214
136 252
821 86
675 20
59 860
133 63
857 45
69 70
283 171
369 53
129 347
315 222
171 549
67 68
328 22
488 559
264 246
124 421
64 4
170 427 114 339 115 319
259 411
252 439
116 117
369 53
67 68
499 431
134 558
195 588
284 87
354 355
65 529 490 645
18 19
521 813
456 339
362 115
313 63
833 3
41 246
488 559
212 519
286 175
264 114
321 182
45 213
174 135
272 810
97 90
369 53
488 700 333 359
810 303
245 237
82 357
333 501 407 700 701
105 378
217 430
367 143
460 590
104 61
125 639
3 860
302 14
668 70
59 367
123 124
52 134
808 133
169 130 451 527
522 483
394 270 18 148 533 405 24 154 164 42 43 428 174 181 442 213 475 234 106 494 116 250 253
75 261
48 49 334
195 5
3 587 139 435 409 413 286
482 3 739 5 810 212 56 412
22 23
810 108
36 6
456 445
129 166
212 63
475 92
129 87
170 420
227 86
274 46
140 430
76 254
178 19
257 107 284 366
833 5
860 813
656 152
106 148
587 5
252 439
64 4 175
481 668
909 919
860 813
24 29
41 76 77 49 254
507 294
955 108
153 255
17 406
906 75 310 312 216 317 223
594 52
64 4
284 63
234 59 405
216 310
327 307 499 724 539
132 605
816 686
860 253
360 214
32 83
460 190
175 159
177 178 179
97 212
98 324
3 212
114 115
185 474
49 444
456 334
346 181
964 927
334 303
881 4
96 821
488 333
281 427
401 22
114 115
34 39 40 41 120 25 27
185 474
67 68
50 85
270 47
22 23
114 479
194 3
32 428
107 189
194 3
51 644
475 92
201 778
249 298 261 94
114 319
72 434 50 51 85
289 163 234 85 253
166 136 170 171 337 754 339 252 117 438 439 340 124
369 53
731 6
22 7
180 158
465 484
24 591
223 143
322 62
1 460
519 174 135
507 366
171 428
21 22 231
77 334
465 42
441 276 414
930 335
964 405
184 130
138 253
3 5
67 68
3 5
174 406
408 250
441 459 276
395 182
672 82
97 303
336 335
3 195
123 124
857 142
200 122
184 129 202
24 108
305 303
369 53
184 134
553 306
177 178 179
67 68
247 431
161 810
104 391
283 133
202 487
65 529 490 7
147 53
130 427 173
283 475
274 323 141
104 378
3 860
64 860
931 237
591 439
260 21 22 87
64 3
67 68
59 373
64 306
129 594
3 5
122 519
829 301
24 31
495 87
93 23
30 31
425 106
353 682
334 303
272 132 133
108 63
67 68
432 250 167
130 309
19 311
184 253
171 117
130 427
194 3
96 129
65 490
25 41
404 527
475 477
161 334
224 87
442 507
154 108
739 212
449 447
136 817 116 252 861
67 68
170 406
202 487
107 829
67 515 109 144 91 92 479
69 70
115 246
289 163 71 433 434 181 373 218
166 170 368 115 29
170 117
378 62
83 84
233 484
64 63
346 181
125 639
483 341
105 322
114 334
3 4
129 777 909 918 919 168 52 821 197 198 199 200 201 202 204 205 206 207 208 594 95 96 752
512 652 421 255
278 281 168 297 180 182 61 451 204 469 343 215 220 96 352 353 232 104 496 377 378 123
441 534
89 90
250 330 63
708 20
129 821
171 471
185 419
639 47
153 434
129 170
64 138 4
185 250
224 87
162 570
378 62
250 212
115 246
59 195 5
505 766
330 357 639
369 53
140 141
412 4
107 188
181 87
64 237 47 304 211 372 435 212 250
108 87
340 166
161 45
43 191
116 117
322 104 105 369 378
374 167
495 63
846 7
49 77
6 7
59 413
67 68
192 150
192 852
3 14
41 26 27 39
325 267 12 556 755
656 428
106 61
56 58
114 319
302 14
322 378
105 395
67 68
130 291 293 134 281 487 169 427 173 271 465 569 94
97 212
302 14
386 388 296 297 381
64 3
288 82
185 70
8 360
97 116
3 5
282 59
50 51
329 330
131 181
808 133
224 107
284 749 63
720 398
106 107
369 53
372 405
252 439
901 817 754 471 120 861
116 439
81 82
64 60
516 485 564 823 573
130 115
739 212
130 293
139 287
787 207
212 412
449 141 46 47
857 45
860 686
166 439
22 23
451 543
64 4 5 521 138
193 413
321 182
810 303 305 89 90 286
217 270
467 499
104 378 151
369 53
395 380
827 196
857 547
881 58 138
3 5
901 136 331 817 754 116 438 252 861
265 233 179 276 441 414
116 117
96 219
75 342 310 312 216 317 223
369 322
50 85
114 115
608 250
306 517
107 257 435 366
123 180
386 381
451 459
58 138
3 5
285 150
146 519
257 213
130 276
154 108
177 178 179 487
356 639
122 284
593 140
339 439
252 439
59 196 5
185 7
302 174
354 372
330 475
89 90 97 303
376 358
75 342 310 312 216 317 223
412 133
497 499
138 686
243 211 235
18 315
289 218 85 71
82 357
401 310
483 341
784 655
394 386
522 135
98 324
957 934
108 63
129 202
291 131 516 293 232 169 168 233 204 205 207 15 285
130 494
138 253
147 53
378 251
17 490
810 90
216 317
171 116
153 148
122 85
75 222
61 343
232 233
120 49 77
114 319
376 81
49 51
273 274 323
59 253
170 116
848 206
483 341
499 142
597 367
140 270
115 319
211 159
114 115
184 188
152 428
553 412
257 122
97 90
88 439
514 174
664 81
291 420 573 823
49 51
988 116
360 214
233 205
285 181
140 270
3 5
107 886
22 23
3 413
291 7
833 195
322 395
3 196
189 22
184 230
161 356
548 262 39 28 848 337 817 338 48 438 26 27 444 861 31
170 171 116
108 406
510 14
451 459
212 127
490 7
116 439
668 70
80 15
270 47
116 117
233 53
233 369 53 538 62
243 211
509 213
4 813
265 441
212 133
336 335
22 519
569 330
88 435
147 53
322 395 62
238 927
430 47
107 468
129 821
64 60 5 846
171 116
860 686
67 68
301 406
97 170
4 237
163 85
67 68
897 639
521 93
216 378 151
827 194 3
260 261
770 356 301 406 63
25 31
364 22
64 3 4 5 409
810 55
441 201 66 499
136 116 861
1 2 317
304 425
266 20
274 323
192 852
330 475
64 138
108 334
113 109
168 15
193 3 4 412
114 115
241 211
51 644
75 222 227
19 219
821 413
107 227
460 757
931 239
130 451
289 161 234 236 146 210 244 122 59
71 72 367 433 434 85 218
104 369 105
82 421 302
729 21
435 405
363 45 366
778 11
80 7
171 439
21 22
394 398
257 4 304 435 413
21 22
334 487
339 116
964 932
114 108 334
41 371
216 223
52 94
1 251
451 420
117 166
514 174
4 813
948 182
283 358
5 991
130 427
145 187
114 115
171 471
67 109
72 49 434 50 51 85 88
5 4 413 860
107 188
483 135
212 412 59 132
529 490
356 639
357 550
554 87
380 7
67 68
289 71
369 53
816 138
507 14
13 142
65 6 7
3 4 5
122 83
810 3 5
209 212
168 207
257 284 366
209 156
155 156
499 431
359 333 407
819 93
81 82 69
451 516
848 41
483 341
72 289 163 85
412 517
184 130 166
281 207
19 421
175 286 287
170 115
82 108
5 63
259 470
140 430 270
208 96
154 63
250 461
312 75
897 301 639
161 86
147 300
178 382
272 3
308 348
281 343
763 517 518
252 439
100 63
264 528 926 418 548 424 172 48 49 443 444 445 319 77 334 848 977 486 362 114 115 246
67 68
161 821
208 96
538 461
270 47
378 182
378 62
129 36 166 368 29 31
306 133
41 27 39
129 347
852 853 606
347 292
412 517
67 68
97 87
160 243 238 159
378 173
18 148 154 672 296 170 42 46 47 174 175 181 703 454 327 78 341 356 107 108 368 116 250 507
41 39
140 270
334 486
275 270
363 142
3 517
107 188
97 92
129 347
171 117
59 3
130 451
148 213
490 7
297 527
472 473
83 358
97 253
237 133
58 850
344 181
166 136 137 170 171 337 338 339 252 116 437 439 440 438 117 340 124
57 4
64 211 572
377 182
82 639
369 53
441 459
265 233 276 441 414
115 334
667 20
347 158
288 93
19 75 222
306 7
258 451
138 287
472 256
67 68
250 366
482 59 286
48 444
114 115
265 662
8 250
59 286
64 3 5 521 282
272 132
585 291
146 107
233 369 53 538 62
212 302
32 33 34 35 546 36 39 40 41 591 26 27 28 30 31
441 265 179 233
64 195
152 87
81 82
521 138 3
76 254
301 406
296 19
181 279
496 115 352
192 123
24 29
304 16
339 639
490 6
46 839
216 6
175 287
412 4
648 22
460 107 188
810 55
816 881
97 212 132
142 431
522 341
58 413
456 319
170 439
483 341
901 331 754 979 116 438 861
129 821
456 170
161 201 821
67 470
42 602
209 133
3 860
265 179 276 441 414
122 175
421 652 302 14 119
164 213
482 212
114 319
550 70
302 270
306 3
192 150
2 147
482 212
586 494
652 428
166 439
234 613
291 420
307 70
345 149
378 62
507 431
136 41 76 77 438 254
412 127
213 493
108 405
212 302
266 13
8 570
609 805 265 266 267 233 499 62
65 490 645
115 334
48 49 444 334
354 102
20 13
185 474
115 47
306 212
257 897 107 108 749 174 301 17 406 893
212 12
41 26 27 39
211 159
67 68
213 166
180 398
212 302
115 134
729 22
369 378
448 499
48 49
107 146 435
50 51
938 354 126
9 359
168 378
833 5
289 84 85
49 76 77
170 901
154 63
180 158
48 49 444
490 274 14
107 75
435 420
155 174
67 68
64 57 138
184 367
186 53
22 23
2 378
75 342 310 312 216 317 223
297 322
168 281
306 686
3 5
56 212 108 63
212 286
317 222
3 860
64 666
188 301
128 749 496 148 378
616 423
114 319
161 284
418 63
18 423
217 447
146 547
306 212
16 270 335
171 471
368 29
369 53
233 285
122 211
813 413
144 330
521 60
512 421
482 3 212
64 4
425 613 197
98 99
96 42 43 52 86 88 95
66 402
488 700 333 407
465 166
196 6
96 821
642 302
185 69
164 84
833 132
860 686
232 285 622
251 396
140 430
59 253
3 4 413
810 59 212 286
495 87
281 122
296 394
675 20
306 212
97 339
424 6
528 114
284 406
1 2
115 334
233 207
435 461 366
360 497
21 22
666 860
170 439
460 549
728 465
404 527
544 130 184 402
195 239
496 115
369 53
116 166
213 166
106 148
65 43
89 90
424 264
192 602
499 12
352 297 204 180 343 378
232 173
296 322
3 103
224 561
210 274
171 116
24 25 26 27 28 29 30 31 32 33 34 35 36 37 38 39 40 41 591
266 20
841 563
20 662
544 292 169 107 204 173 527 569 184 281
17 425
364 29
441 499
48 49
259 411
526 87 511
161 897 174 406
296 460 269
114 334
306 55
192 279
88 42 43 87
67 68
70 510
344 279
193 3 195 196 827
357 639
145 255
336 16
264 445
810 59 55
3 103
52 119
96 95
406 22
264 115
266 142
180 382
200 168
64 211
67 68
48 49
982 926
824 214
412 132
114 319
332 261
82 639
166 136 137 170 171 337 338 339 252 116 438 439 117 340 124 861
122 270
951 167
3 4 5
67 68
171 213
180 279
64 58
392 183
380 182
64 4
641 125 639
133 286
176 175
353 852
89 97
76 254
272 133
368 170 29 114
424 456
449 217 270
78 167
155 364
52 821
171 6
161 185
93 22
107 406
16 46 430 47
184 130
129 594 975
954 33 546 998 39 41 589 591 26 27 28
129 821
178 179
482 212
149 150
288 93
192 350
21 93
210 964
264 977 115
257 366 107 406
810 286
336 335
227 222
192 908
368 428
449 34 39 40 41 120 27 252
24 29
272 412
521 138
648 22
64 59 5
19 222
116 117
40 35
467 422
74 18
291 485
16 217
297 378
69 70
368 428
196 7
553 212
250 356
202 558
4 237
378 251
106 213
332 20
188 63
122 613
172 117
369 378 105
46 462
67 68
49 51
897 406
337 261
52 94
147 53
409 413
281 451
42 52
100 405
165 175
810 303 89 90 286
368 439
64 4 60
250 435
403 263
114 319
708 958
409 58
369 53
233 53
224 332
114 319
161 174 406
901 331 754 979 116 438 861
48 39
210 84
132 5
540 79
931 239
272 132
521 93
223 143
696 223
49 76 77 254
260 261
114 444
26 31
857 13
232 233 62
216 460 269
394 386
376 479
67 68
28 94
67 68
328 821
88 49 51
170 117
64 846
857 9
170 171
289 163 71 72 433 434 181 85 153 218
116 166
266 13
521 138
60 413
184 130
114 444
168 573
9 63
368 29
88 49 51
449 140
59 196
67 109
88 50
129 198
170 439
64 3 4
312 185
93 101
129 821
884 117
3 4
224 178
419 300
49 76 77
116 124
233 487
860 63
123 124
96 129
394 322
22 23
547 964
129 166 31
272 133
177 178
330 212
509 510
3 413
130 143
359 488 333 526 407 700
83 187
533 287
553 212 253
401 21 22
34 35 546 36 39 40 41 26 27 28 29 30 31
482 699 412
272 133
371 86
330 291
210 421
707 564
233 62
821 207
16 449
130 451
97 132
49 334
106 83
132 133
265 662
108 533
147 53
76 254
330 91
482 139
553 59 212 286
265 441 233
97 212 132
555 483
3 196
105 389
402 435
3 196
184 130
212 302
346 215
141 47
322 395
274 323
171 116
64 244
93 23
16 47
59 367
301 406
368 152
122 22
57 810
3 4 5
376 81 108
184 130
193 133
129 52
67 68
131 263 278 150 279 285 179 180 192 215 344 345 343 347 348 346 350 351 352 353 349 232 123
98 324
3 195
12 22
116 334
97 253
212 412
50 51 85
264 982
64 846
171 549
236 237
521 60
140 165
318 227 86
217 447
514 174
41 27 76
897 301 893 406
115 246 687
813 367
448 691
296 19
136 438
227 460
474 30
304 286
64 409 138
60 413
216 42 435
306 686
456 114
114 246
138 413
281 114 115
193 3 4 5 413
289 85
67 68
122 22
122 59 253
130 459
35 55
341 213
130 459
266 142
171 117
130 295
165 286
257 475
122 59
171 549
115 246
162 8 13 20 662 667
96 821
166 31
964 238
124 173 62
827 3
211 159
123 181
5 4 413
114 486
41 30
3 413
170 171 339 116 117
296 284
129 122 821
418 362
96 124 62
64 282 5 846
48 49
170 639
435 422
83 357
769 125
91 12
296 398
67 68
232 233
75 261
437 439
827 195
211 159
449 76 41
129 558
67 68
67 68
104 527
456 114
482 306
18 19
366 107 406
291 166
86 87
194 3
184 130
27 591
108 933
739 412
272 212 412
106 83
488 333
161 180 181
3 4
860 686
161 322
195 6
105 395 182 378 251
67 68
122 262
114 319
50 51
124 439
369 53
96 821
106 435
184 545 130 29
48 49
364 189
109 358
265 267
378 205
52 119
138 572
3 804
175 287
170 31
608 171 549
171 471
475 358
1 6
347 295
109 191
76 254
369 398
272 553 212 412
161 82
508 244
108 63
74 75
487 114 115 319
212 302
810 286
216 75
58 59
377 380 398
482 3 739
409 282
123 124
250 367
334 319
32 143
154 63
495 191
286 55
888 886
709 405
264 445
195 5
45 366
202 487
569 426
149 150
514 174
58 138
372 101
261 509
860 686
3 195
901 136 817 754 116 438 252 861
211 159
569 66
107 301 406
3 253
3 4
283 284
67 68
233 53
211 159
656 420
129 87
233 322
498 341
105 395
418 115 246 319
321 161
106 435
41 30
129 82 115 366
266 62
265 501
866 413
322 484
5 326 361 972 974
48 49
3 4 5
57 306
483 341
161 334
448 800
412 7
8 570
108 5
1 222
146 547
180 382
339 340
237 239
857 13
306 212
265 441
289 163 72 50 51 85
441 414
233 53
640 639
136 817 754 116 252 861
216 75
161 339
180 382
241 211
123 124
177 178 179 382
291 15
253 933
216 401
578 167
451 543
336 323 335
83 459
108 933
264 528 418 548 424 172 48 49 443 444 445 319 77 334 848 486 362 114 115 246
424 264 445 246
71 433 50 434 51 181 373 85 153 218
58 59
897 301 174 406 893
122 22
284 167
616 148
6 7
88 130
13 639
570 452 453
138 739 212 286
272 132
441 498
334 319
453 142
257 356
188 301
216 315
145 255
116 340
401 21
306 55
88 372
98 324
270 47
322 378
161 166
368 425
441 227
10 453
184 199
514 174
427 87
178 460
453 142
161 181 215
67 330 109 144 91 92 479
216 6
337 338
96 129 197 198 200 201 42 202 204 168 206 207 208 205 52 95
41 30
117 166
3 5
210 12
3 4 5
48 49
129 206
107 188 406
451 516 169 459 173 276 441
428 262
88 156
184 17
591 87
265 441
129 15
376 81
170 171 116
46 47
64 58
74 331 75 332 298
169 459 292 516
302 174
3 5
88 129 821
378 95
98 99
184 130
82 108
22 23
165 175
138 686
509 510
116 117
460 757
174 301 406
680 664
194 3 5
265 662
296 388
122 211
609 805 265 266 267 233 62
96 129 202
499 13
369 53
282 59
108 255
144 475
475 367
64 7
24 25 26 27 28 29 30 31 32 33 34 35 36 37 38 39 40 41 589 591
266 13
442 63
64 409 138 521
161 163
216 75 460 223
169 516
60 413
3 7
138 686
160 932
401 260
184 257
171 116
196 7
185 419
242 211
829 406
115 319
43 20
74 75
810 212 950 55 56
169 451
3 4
496 372
173 62
507 142
175 287
97 611 620 304 57 58
43 821
161 59 5
224 223
372 324
184 130
322 395
360 214
395 182
257 284
117 461
408 45
123 124
361 570
136 338
232 285 278
64 813
819 93
152 35
296 297 381
49 51
285 150
180 382
301 103
552 734
232 798
369 53
608 256
169 130
5 846
833 194 3 195 196 827
129 257 82 83 115 122 284
3 7
106 84
274 140 430 47
165 175
330 109
369 53
216 222
211 159
114 115
212 662
285 158
369 53
32 37
829 301 406
284 63
108 5
345 149
431 463 212 309 507
3 5
201 202
354 87
938 354 126
356 639
305 810
82 70
64 213
80 582
833 194 196 5 59
352 115 156
59 286
16 821
171 471
592 161
428 471
145 547
184 199
138 860
209 212
97 428
194 3
32 143
256 64 170 330 47 115 372 212
488 422 559
18 19
734 327
561 923
233 502
115 334
83 187
107 133
154 63
410 307
122 138
465 166
296 369 435
304 184
64 4
115 334
153 85
170 116
129 821
153 255
160 90
41 371
107 406
210 274
264 427
691 367
24 31
160 167
209 364
22 23
142 534
409 282
129 43
52 94
307 724 734
80 283
21 22
185 82
593 270
161 70
196 517
184 22
334 303
233 369 53 538 62
124 173 62
146 213
64 138 282
369 53
425 47
424 264 115 982
744 518
8 250
6 7
129 527
58 138
122 748
122 212
64 90 4 60
3 195
193 3 4 5
13 15
67 68
58 90
122 83
451 6
484 215
185 510
354 936 16 593 126
107 406
8 6
66 291
89 90 97
860 253
296 321
250 59
107 22
730 85 181
324 126
211 159
833 3
114 115
482 212 306
377 263
544 184
155 260 174 135
418 115
116 252
289 85
184 130
321 182
326 327 328 11 307 21 22
52 821
37 30
857 213
291 707
67 68
289 85
120 754 861 901
115 334
250 435
435 420
672 481 224 357 550 358 75 144 81 21 22 376 222 510
91 14
122 463
341 135
833 103
67 68
64 59 302
96 821
451 459
952 958
41 94
249 298 260 261
624 130
352 346
188 22
829 301
224 216
378 180
323 141
283 59
933 254
212 132
96 219
808 133
180 157
122 106
428 471
195 196
40 35
301 406
507 45
50 85
165 46
496 257
75 222
61 382
257 122
201 821
65 550
424 264
210 234
4 413
860 686
286 175
96 821
170 330 496 115 212
317 222
216 223
4 413
107 188 406
339 340
64 4 60
380 396
58 138
521 282
64 846
298 75 261
1 317
456 30
147 188
281 52
242 239
139 287
192 263
161 148
490 7
130 291
66 534
59 139
118 119
181 150
499 431
28 94
26 439
530 500
686 7
76 254
288 70
201 778
83 54 494
76 254
88 156
50 85
412 413
107 188 190
427 459
505 431
12 622
739 212
409 413
528 114
114 334
282 719
81 82
146 106
30 439
418 115
75 222
168 207
224 118
161 146 107
376 81 664
64 4
232 233
177 382
96 821
442 13
48 319
482 212
75 21
64 282 5 846
76 254
434 181
65 158
16 761
306 212
544 431
75 222 310
212 302
166 136 137 170 171 337 338 339 252 116 438 439 117 340 124
3 4 5
114 115
57 4
369 53
369 53
3 5
233 53
138 372
233 53
193 833 3 195 196 827
171 549
209 156
171 117
233 54
572 5 63
106 83
6 7
94 494
306 212
778 483
914 530
338 116
97 132
8 570
232 609 266 233
3 196
116 117
386 388
97 90
369 53
59 212
8 20
354 101
304 64 4
378 62
61 151
88 662
212 662
253 813
272 810
108 255
239 87
352 2 765 378
32 255
163 71 433 434 181 373 153 218
19 798
369 53
171 549
146 463
123 124
449 46
860 686
259 330 108 475 63
129 202
64 3 4 5
132 133
482 739 132 810 272 212 56 58 59 412
857 250 45
107 156
138 139
360 467
108 20
380 182
97 171
75 86
161 558
424 264
129 735
108 334
700 333 407
64 59
59 3 4 5
114 444
931 237
739 212
97 171
482 306
537 602
192 529
517 518
41 76 77 49 254
499 431
124 439
265 13
341 174
56 1005
115 334
99 125
274 930 323 335
50 51
67 68
482 3 739 5 810 212 56 412
108 405
3 5
514 174
250 494
74 331 75 332 298 18 249
21 22
67 68
304 425
16 46
389 296 105 182 378 379 61
107 188
321 322 395 62
216 718
210 234
76 254
216 269
233 538
3 196
180 157
170 29
50 51
73 164
829 301
817 171
378 149
138 572
754 915
964 244
155 364
76 254
441 276 414
233 359
129 95
65 821
210 122
739 212
315 86
82 357
195 5
604 415
306 7
283 84
192 852
291 7
765 31
115 487
200 400
326 328 11 21 22
425 234 108 84 155 63
171 439
141 335
14 119
380 398
185 300
59 132
217 270 447
59 3 4 5
67 68
160 159
56 3
216 6
147 53
608 250
829 406
3 195 5
64 409 138
91 109
376 757
376 108
521 138
482 739 59 810 686 55 56 57 58 699 60
84 87
4 5
507 14
181 622
897 174
170 116
107 108
306 7
816 860
860 813
144 475
185 315
107 284
174 22
265 267
435 244
211 372
133 6
114 52
553 286
89 305
129 821
232 281
97 212
241 210
18 75
301 406
553 59 212
639 159
434 289 234 71
116 117
213 70
161 146
97 116
434 50 51 85
363 142
664 81
346 181
301 406
523 524
363 821
48 114 115 926
46 462
224 75
857 108
206 87
13 87
285 181
257 6 490 216 250
57 59 60
41 76 77 49 438 254
138 165
667 662
136 438
177 178
168 291
52 582
105 378
170 116
3 4
74 332
83 187
304 97
88 146
75 342 310 312 216 317 223
177 293
88 50
194 413
289 163 71 433 434 181 373 153 218
64 572
282 55
208 202 96
369 53
136 817 754 116 252 861
219 197
181 622
394 322
553 59
264 115
358 590
291 494
161 284
67 68
3 413
369 53
114 319
273 270
175 287
720 158
67 68
569 330
592 97
9 13
67 68
114 115
184 130
339 38
161 454
125 126
301 127
24 252
284 367
41 30
97 286
609 232 233 266 267 499 441
816 138
248 662
114 115 246 487
148 213
65 6
122 748 541
212 55
355 98 99 324
378 61
108 430
115 334
64 306
901 136 817 754 116 438 252 861
97 611 90 304 57 58 60
369 322 378 105
67 68
3 108 5
522 135
382 151
130 279
67 68
59 196
881 686
65 58
594 483
306 3
701 662
233 538
193 3 4 5
122 138
17 406
232 181
336 140
129 821
188 406
373 174 135
48 49 76 334
82 63
107 406
64 138 175
378 395
97 611 90 620 304 57 58
8 13
36 38
388 199
304 97
449 429 430 46 16 274
378 182 62
227 86
59 739
465 494
170 166
412 518
301 406
6 7
289 434
257 133
216 296
107 406
449 41
116 861 438
122 428
363 45
441 414
81 175 287
185 82 419
260 261
20 13
101 126
386 388 296 297 381
296 297 388
74 332
315 406
3 103
170 116
43 21
211 159
14 119
129 821 207
108 255
500 62
132 133
233 62
505 45
108 5
30 439
232 177
12 359
827 7
156 134
107 22
212 55
483 341
219 197
89 90
15 182 391
409 138
122 363
188 406
67 68
449 165
184 130
250 212
61 134 151
107 460 75 188 223
64 5 253
88 154
739 212
284 63
550 474 628 190
652 302
272 133
257 107 406
361 372
176 175
180 158
424 264
257 532
341 135
19 853
64 5 846
273 47
169 130
96 219
180 182
264 115
496 106 250 366
144 52
378 180
28 36
64 193 3 195 4 5 56 282
136 24
964 927
116 117
64 3 196 4 5 521 138 409 282 572 413 287
260 261
130 461
67 68
3 195
289 163 71 72 433 434 373 85 218
101 405
171 116
522 483 341 135
326 327 11 401 307 21 22
517 518
272 133
3 4 413
396 175
105 395
296 297 388
617 603
496 22
184 130
64 3 4 5
67 68
281 129
122 83 284
123 180
171 471
369 53
154 63
210 237
322 182
122 372
3 5
97 57
64 175
953 70
666 59
547 45
184 366
64 5
36 30
380 158
860 813
395 182
233 538
757 615
418 362
656 152
185 70
41 76 77 754 438
192 181
306 287
174 167
185 82 419
48 49
860 686
378 484
161 22
50 51
145 187
833 3
194 59
182 62
459 276
219 6
37 439
148 255
412 4
302 14
138 860 5
301 406
395 487
521 138 60
522 483
130 420 435 184 250
286 175
132 133
170 212
46 429 430 47
265 266
64 3 5
248 662
412 982
376 470
257 451 435 281
569 291
368 428
744 517
217 447
97 90
401 261
272 132
29 30
3 4 413
739 212 286
3 5 7
3 5
99 100
988 412
29 30
257 284 366
101 663
177 179
418 548 486 264 424 362 172 77 528 49 114 48 115 246 443 444 445 319
185 419
897 174
130 279
441 499
359 488 333 407 700 701
283 475
587 5
82 510
362 117
884 166
322 948 182
64 4 175
89 90
99 405
138 139 287
285 150
96 129
108 284
441 276 414
724 734
505 87
12 23
122 45
412 518
24 29
810 90
169 130 293 487
161 170
459 7
132 133
339 246 319
67 68
64 209
232 233
156 189 534
860 686
140 141
369 53
181 150
179 276
336 16
87 191
451 276
424 445
45 359
6 7
48 49
530 526
160 17 211
67 68
184 82
267 12
326 327 328 11 307 21 22
3 413
296 398
3 196
482 3 5 810 212 59
812 341
64 60 5 846
40 36
242 211
208 96
426 5
412 133
67 68
619 405
448 140
216 401
177 178 179
211 159
107 45
3 413
177 178
165 175
482 55 56 57 58 59 60
3 4
553 59
116 117
235 159
108 428
130 516
3 5
8 20
125 215
380 161 394 396
173 414
242 235 237
129 821
97 445
301 893 174
49 76
212 55
306 7
264 334
67 68
90 60
338 339
171 471
378 491
104 61
160 964
187 71
243 159
224 178
289 434 163 85
113 109
302 652 421 14
67 68
41 27 30 39
160 159
272 739 212
18 315
28 45 52
635 636
416 604 606 415
171 549
216 129 221
108 63
252 439
177 179
185 7
59 212
37 30
641 639
459 63
67 68
107 406
488 422
171 471
860 686
296 388
227 86
368 425
281 285
301 406
115 821
3 5
897 301 174 406 893
958 214
64 474
56 6 7
99 405
17 107
130 451
202 821
105 378
170 122
106 43 148 213 250
810 827
130 37
928 964 927
33 439
376 283
42 43
821 421
897 301 639
75 86
48 49 334
337 170 338
184 130
216 435
108 319
285 150
185 82
369 322
388 199
424 77
52 119
521 60
154 411 63
451 527
109 479
249 331
257 133
64 3
536 778
230 199
282 846
108 406
1 147
841 427 87
233 538
483 135
50 298
64 5 846
474 435
210 495
363 142
67 68
930 335
297 2 378
59 212
505 511
146 107
274 46
3 196 5
897 301
372 125
147 53
529 6
368 428
341 135
245 237
85 405
467 972 5
401 260
245 237
2 317
64 90 4 60
52 94
386 381
91 475
136 252
185 748
3 4
67 68
274 270
435 422
321 182
97 171
272 65
3 5
281 15
3 253
107 189
32 124 262
123 124
600 159
170 116
114 115
122 148
363 45
194 3
48 49
289 434 85
188 156
169 821
204 207
284 519
64 161
1 205 582
161 118
170 302
216 75
24 252
281 15
372 100
243 235
72 434 218 163
317 222
122 213
138 299
441 276 414
276 494
821 199
46 47
720 380
347 215
130 271
233 53
170 116
444 39
369 53
8 162
537 87
113 109
204 821
253 175
3 5
142 7
138 93
288 70
67 68
315 421
666 59
321 350
97 90
76 254
64 59
297 386 381
41 901 439
116 117
41 246
114 486
272 210 925 846
212 215
396 158
169 459
427 286
161 153
97 212
5 3 4 413
82 330
749 165
369 53
569 66
442 250 106
334 246
424 264 246
147 300
4 237
116 117
194 3
497 452
232 281
897 107 301 406 893
136 438
49 334
334 143
570 958
439 7
744 517
612 271
418 115 362
388 199
58 138
65 6
321 869
9 214
97 171
67 68
3 195
282 7
336 323 335
171 471
376 81 664
498 549
212 412
98 405
83 84 367
106 442 146 83 250
901 331 754 979 116 438 861
130 173
378 215
21 22
266 20
107 20 45
427 319
301 174
96 821
194 5
371 726
72 85
161 749
281 84
297 394
490 7
28 94
171 117
64 287 175
428 471
67 68
19 421
864 58
400 527
244 236
67 68
48 114
376 81
59 413
459 63
64 175
59 253
252 439
96 197
259 411
232 181
451 276
617 534
334 319
16 165
928 927
58 138
336 335
357 358 329 91 109 144 376 475 92
3 5
487 279
16 217 47
64 860
508 244
321 617
84 20
160 242 239
52 821
953 510
194 3
482 212
369 53
192 347
435 155
208 344
145 187
40 115
106 148
200 777
274 323
132 133 108 212 153
48 41 444 39
608 171
554 483
291 707
296 297
49 51
156 519
434 373 181
266 267
59 860
97 171
17 425
129 821
24 25
314 18
369 53
49 334
369 105
810 3
67 68
283 284 143
161 441
122 181
54 183
456 334
130 204
312 75 310
312 191
233 53
174 893 406
58 60
451 276
561 75 460
148 367
322 395
490 306
88 107 108
138 302
104 296 391
170 439
51 85
428 87
552 300
67 68
192 180
306 686
451 543
163 72 433 434 181 373 85 153 218
209 156
18 220
305 90
132 133 553 212 286
90 303
412 133
260 401 21 22 216
378 765
174 135
64 3 5 846 282
76 438
232 233
409 517
827 3
3 196
108 301 406
82 357 639
241 211
88 534
232 378
487 279
328 729
594 87
161 19 174
339 116
145 187
376 81
304 97
96 95
821 86
321 182
224 178
155 270
180 382
67 68
136 41 76 77 438 254
41 76 30
521 3
274 141
105 378
427 94
857 250
155 156
107 188
170 117
3 4
108 405
744 517
3 5
76 254
522 135
465 130
88 813
141 429
314 18
130 283
136 438
243 211
612 271
302 14
75 269
482 55
24 41
483 341
210 122
982 334
330 115
816 521
860 686
96 821
22 23
232 181
283 598
217 270
25 35
64 3 4 5
115 412
25 27 41
330 22
106 43
488 700 333
897 711
122 181
97 303
64 533
378 62
184 63
64 810 286
20 13
173 182
105 378
174 23
18 19
152 143
129 777 909 918 919 802 168 42 52 821 197 198 199 200 201 202 203 204 205 206 207 208 594 95 96
412 132
860 686
289 72 50 51 434 85
341 79
89 90 97
264 170 116
301 406
811 598
227 86
141 46
552 107
90 108
171 116
170 29
608 129 435
115 284
1 147
184 821
59 55
67 68
20 13
456 246
136 438
67 68
48 548
113 358
369 538 233 53
744 103
36 439
161 164
154 63
35 55
33 34 35 546 36 39 40 41 591 26 27 28 30 31
536 11
96 821
82 70
162 667
509 70
547 116
107 63
354 101 126
860 413
483 341
522 135
76 254
16 165
107 301 406
490 406
67 68
897 301 406
48 49
3 5
484 158
499 15
434 50 51 85 88
172 334
448 499
61 151
613 111 85 122 253
255 108 63
296 108
304 97
181 350
368 29
116 252
89 97
553 810
481 639
96 821
174 22
482 412
237 239
129 821
861 438
493 255
88 821
254 63
474 341
368 29
169 495
505 45
170 171
833 194 827 860
114 334
265 441
165 140 270 47 16 46 274 275 273 217
256 107
369 53
465 557
58 286
171 549
357 639
216 18
346 484
881 253
289 234
378 215
88 49 51
362 115
369 538 233 53
32 36
217 255
448 449 934 140 141 430 447
59 133
396 182
64 175
114 115
130 715
67 68
3 5
171 428
353 42
216 296
301 406
232 441
42 86
212 132
369 322 378 105
88 305
48 49
210 238
144 109
72 50 51 83 85 122
64 59 55
130 291
130 459
901 136 116 438 252 861
64 237 270 47 304 211 372
155 821
41 27
482 237 212 59 63
8 20
328 22
67 68
354 87
108 434 373 87 63
49 41
21 22
64 4
439 7
115 334
378 547
45 301
418 246
377 380 297
195 5
371 548
216 315
3 195 196
115 156
281 116
75 87
104 527
361 162 20
56 7
639 159
161 167
881 138
594 95
21 22
82 70
67 68
369 15
65 142
964 927
106 83
170 117
810 286
233 538
3 5
257 213
64 57
369 53
49 334
274 429
6 7
46 140 430 270
448 46
134 558
56 55
162 570
284 493
530 503
216 75
181 63
3 4 5
336 335
216 561 223
212 286
8 247
368 334
154 63
421 652 14 302 625 410
64 130 184
60 813
552 304
272 273
190 191
96 219
64 413
64 4
212 662
67 68
909 919
116 230
488 559
108 154 356
114 487
148 367
481 639
3 5
258 285
83 284
901 136 817 754 116 438 252 861
224 216
827 3
67 68
105 395
184 81 185
257 133
307 327
301 406
558 582
82 420
424 77
193 3 4 412
152 362
42 43
3 196
32 24
482 374
114 443
195 5
33 474
232 278
427 87
184 696
49 76
444 30
377 263
528 115
117 166
207 295
153 63
82 495
372 102
24 25
955 50 51 88 155
401 412
234 245
456 115
272 244
99 126
96 821
810 90
884 166
372 405
490 3 7
50 51
24 29
169 586
5 3 4 413
326 327 328 11 174 307 341 21 22
330 22
330 91
285 6
663 63
543 527
232 427
664 81
441 179 276 414
170 439
124 439
537 87
3 413
3 5
777 821
114 115 319
260 261
474 94
672 419 550 711 680 510 551 107 81 82 664 185 474 668 509 190
106 250
821 933
423 42 146 51 88 155
296 297
521 93
67 68
369 53
212 132
242 239 623
108 5
824 522
159 63
36 29 30 31
253 59 860 405
112 109
129 63
171 116
3 212
97 326
213 22
313 19 15
18 315
113 67 109 110
160 159
67 68
24 25 26 27 28 29 30 31 32 33 34 35 36 37 38 39 40 41 589 591
170 439
829 301
304 620
217 580 270
720 398
258 451
49 77
18 534 311
171 471
336 16 270
354 405
163 71 433 50 434 51 85 373 181 153 218
8 570
64 4 60
376 108
88 209
283 284
58 686
939 612
305 253
175 287
32 33 34 35 546 36 39 40 41 591 26 27 28 30 31
239 159
212 213
499 142
708 958
306 133
337 338
108 63
116 246
105 395
141 7
89 90
906 75 310 312 216 317 223
161 301
326 327 328 11 307 21 22
161 43
48 49
136 137
160 159 928 964 235 238 241 243 927
435 461
184 487
59 60
451 414
3 196 5
195 196
3 196
483 341
833 194 3 195 804 5 588 827 991
216 460
130 459
104 742 151
344 181
211 159
360 361
155 270
160 159
170 171 116
147 300
82 363
474 419
106 367 83 84 85 122
264 115 246
64 521 138 282
113 109
185 70
106 107
97 117
56 58
64 211 212
250 662
67 109
128 21 22
301 893 406
65 6 7
88 164
174 406
347 292
3 4 413
139 60
648 83
170 116
198 87
96 129 197 198 199 200 201 42 203 204 202 206 207 208 168 205 52 95
495 87
376 81
106 107
96 202
265 441 276 414
67 68
232 233
147 53
424 77
97 338
395 182
354 126
202 821
280 6
434 71
66 102
67 68
272 133
96 202 94
184 94
16 46
427 246
170 116
88 494
57 810 739 60
67 68
369 53
49 334
166 170 368 115 29
424 304
36 591 87
369 53
64 257 4 519 860 304 272 284 253
177 178 179
418 548 486 264 424 172 334 48 114 115 246 444 445 319
3 4 7
521 3 5
66 295
114 334
507 431
21 119
107 188
289 71
45 134
284 143
96 821
104 381 398
146 171
140 47
122 643 164
833 194 3 195 5 827
233 53
404 222
322 378
106 83
483 341
123 124
124 439
168 258
14 479
420 303
708 701
901 136 817 754 116 438 252 861
496 107
490 7
181 215
208 202 96 909
257 213
410 327
284 167
3 5
3 5
232 192
75 260
202 821
88 148
306 7
212 133
129 202 821 207
216 284
93 22
184 250
196 413
212 132
315 86
282 59
122 69
827 3
123 151
232 169
301 406
860 686
296 398
412 7
208 129
88 413
170 439
301 406
48 49
72 50 51 85 88
769 99
97 170
39 41 48 49 821 86 444
115 319
269 222
860 686
412 6
380 7
107 550
329 479
409 7
412 132
441 276 414
130 341
359 488 333 407 700
173 414
234 244
15 182 391
26 39
281 130
860 5
115 334
153 396
184 257 130
24 31
184 412
243 159
241 210
288 70
554 341
306 7
138 572
860 991
195 196
57 58
382 151
196 4
833 521
130 451
554 483
210 59
235 237
41 30
64 5
390 391
115 334
193 3
369 395
104 378
424 264
62 321 214 183
829 301
20 13
97 212
517 518
71 434 50 51 181 373 218
363 45
212 412
550 510
916 39
827 7
80 117
688 101
3 4 5
89 303
482 699
296 105 395 182 378
82 21
363 63
456 170
113 109
297 61
213 454
547 356
488 700 333 407
256 122
94 261 509 70
108 406
171 549
155 156
860 686
906 75 310 312 216 317 223
76 77
334 319
159 63
40 117
272 133
449 34 40 41 120 25 30
357 358 330 107 479 81 82 376 185 411 188 184 287
272 212
35 29
96 594
881 138
452 453
600 209
82 70
252 173
170 117
65 490 7
83 148
459 516
161 250
354 102
301 406
170 116
185 419
99 324
50 613
201 778
58 7
116 861
49 334
88 146 43 106
85 255
833 3 5
456 48
180 158
88 405
105 378
369 53
613 829 341
96 821
129 347
350 263
212 133
115 319
64 3 4 5 521 138
130 366
378 284
232 233
84 63
354 126
264 115
901 331 754 438 861
41 114
170 171 116
282 212
435 420
275 430
136 438
418 166 40 170 368 115 340 117 438 120 28 29
86 311
416 415
130 173
130 173
315 435
67 68
143 283 167
67 68
499 93
65 142
829 301
833 3
41 901
193 3 4 5
192 179
289 163 234 434 85 218
482 212
930 165
66 427
289 163 296 297 372 284
171 549
3 4
64 212 286
69 70
321 351
115 334
64 412 133
171 116
881 686
808 133
96 219
306 950
816 138
64 3 4 5 413
129 821
465 83
64 521 846
304 130 184
202 52
64 161 59
195 7
180 279
76 254
339 116
369 53
376 470
394 309
264 528 926 418 548 424 172 48 49 443 444 445 319 77 334 848 486 362 114 115 246
216 401
432 373
194 7
363 499
482 59
116 439
435 412
116 124
30 439
114 115 172 319
59 212
249 74 18 332
368 439
67 68
8 113
26 589
147 53
161 154
444 39
105 322 378
560 283
52 821
988 124
161 363
301 406
305 90
48 49
122 860 253
216 691
514 174
328 22
57 59 60
201 778
362 115
492 549
194 3 5
550 70
98 405
834 250
115 334
147 53
3 413
339 117
188 22
64 59 253
36 439
115 172
505 467
180 181
482 412
171 117
171 117
188 22
424 486
301 406
148 14
24 25 26 27 28 29 30 31 32 33 34 35 36 37 38 39 40 41 589 591
97 212
114 115
345 177 178 179
24 495
76 254
368 425
136 817 754 116 438 252 861
97 611 90 620 304 57 58
145 255
363 422
88 364
107 691
184 330
18 86
881 58
136 6
680 81
101 405
356 301
170 171
744 517
64 3 5
435 366
616 405
180 181
266 13
169 130
28 36
24 418
322 378
74 331 75 332 298 18 249
81 113
85 71
18 519
76 254
80 446 582
495 87
281 15
64 4
57 59
6 7
778 11
124 173 62
257 130 134 406 279 170 301 46 47 457 82 341 222 356 107 491 366 368 372
107 886 22
392 321
305 253
487 279
41 548
185 82 419 63
16 14
369 53
224 88
709 405
354 405
810 55
264 982
227 86 87
18 367
301 893 406
459 414
141 7
88 547
3 5
165 335
12 325
196 413
233 53
108 542
296 391
59 5
857 45
169 173
208 129
114 115
234 237
146 107
369 398
289 71 433 50 434 51 181 373 218
490 7
521 813
115 319
65 158
330 107
64 4 60
129 821
67 68
530 363
109 478
233 557
170 63
402 83 494
338 339
212 412
130 169 173 271 279 569
708 701
252 439
881 58
368 262
180 343
247 431
353 343
257 153 108 284
281 122
97 90
434 373 181
341 135
105 378
67 68
97 116
130 459
96 821
104 296 216 284 61
97 445
66 326
9 87
286 175
250 354 435
209 156
517 518
427 173
505 913
64 3
234 55 57 58 59
64 90 60
56 87
404 527
242 239
42 86
424 264
123 124
3 5
8 162
482 212
67 68
720 398
177 180 382
208 129 96
212 55
433 218 367
368 246
108 334
72 434 50 51 85
499 142
108 63
521 686
67 68
184 170
64 244 253
521 7
152 24
250 212
412 3 4
132 810 122 59 860 253
505 431
739 212
32 83
105 378
330 91
833 3 5
82 70
177 178 179
301 406
65 7
378 182
553 209
49 76 77
233 266
91 92
99 405
369 53
273 711
16 761
257 106
301 109
11 22
330 479
154 63
752 129
74 18 332 298
259 411
59 212 739
202 95
56 639 640 159
282 59
376 92
170 116
497 363
3 195 5
115 334
347 207
664 81
547 143 111 145 367 83 84 85 122
554 522 341 599
372 405
51 85
356 639
209 482
488 333
171 116
409 5 60 413
106 83
418 114
301 406
49 51
184 130
243 235
456 124
26 31
41 76 77 254
296 386 388 381
482 739 810 139 272 55 56 57 58 827 60
116 334
123 124
101 430
170 439
422 14
107 190
67 68
97 171
283 84
901 439
458 66
938 354 126
28 94 52
69 70
88 49 434 51
472 473
49 334
456 246
163 71 433 50 434 181 373 218
118 119
170 114
153 493
29 166
281 293
881 59
257 284
498 812 78
147 53
213 494
285 134
444 86
339 639
97 620 304 58 925
810 303 89 90 286
72 50 51 85 88
369 53
138 282
393 87
341 63
336 429
115 334
160 161
138 686
357 639
116 117
810 90
449 273
67 68
42 86
380 398
369 53
458 402
139 413
739 212
46 270
424 264
18 19
304 22
369 378 105
272 412
138 175
395 390
215 204 343 378 61
97 171
49 85
449 270
754 428 471
20 453
130 715
115 334
479 63
65 441
281 130
243 211
59 815
233 53
296 388
901 979 116 438 861
953 70
424 264
284 222
951 167
248 247
114 334
282 7
860 686
12 142
259 403
306 6
76 254
328 22
322 395
329 109
547 821
412 482 699 810
67 68
59 212 286
108 356
810 412
185 82 330
326 327 328 11 401 307 21 22
376 357
810 303
212 412 287
474 551
108 22
67 68
147 53
21 22
161 181
175 287
154 108
420 253
88 49 51
309 134
304 64 4
50 51
261 326 70 174 509
216 6
212 412
170 589
549 293 104 395 492 527 369 313 378
64 3 5
22 223
372 102
130 115
272 133
418 115 108 114
282 7
83 284
521 93
60 413
42 86
4 413
129 821
396 380 158
315 220
115 134
264 528 920 926 418 548 424 172 48 49 443 444 445 319 77 334 848 977 486 362 114 115 246
441 451
212 412
185 474
166 136 137 170 337 338 339 252 116 438 439 117 340 124
41 27
296 297
217 447
499 739
122 83
490 7
70 14
260 21
21 22
460 269 561 216 223
362 115
49 51 76
354 355 126
114 427
441 177 178 179 345
96 821
231 63
139 686
177 130
282 846
217 447
488 452
519 423
257 549
97 132
108 63
354 405
265 266 267
127 287
60 846
22 23
378 251
59 3
65 7
897 893
376 81
212 412
50 51
21 69
720 633
234 213 122 146
315 302
860 7
283 189
82 115
66 427
180 157
219 197
304 372
61 151
643 491 107 301 366 496 17 82 406 284
136 41 76 77 438 254
441 66
76 254
76 254
964 302
852 343
65 94
306 7
130 291
136 76 438
216 156
96 821
2 550
97 7
74 298
266 13
211 159
376 81
216 6
38 87
21 22
484 215
67 68
338 116
146 106
808 133
893 174
18 219
361 236
29 30
147 53
134 558
12 325
213 454
67 68
953 510
115 372
195 196
67 68
702 463
74 331 75 332 298 18 249
127 7
405 63
829 301
441 227
129 83
129 777 168 52 821 197 198 199 200 201 202 203 204 205 206 207 208 594 95 96 752
264 334
352 351
60 846
184 130
97 212 132
451 439
115 83
170 439
64 4
720 158
954 27
114 115
587 196 5
104 105
301 406
195 5
120 428
161 150
306 212
67 68
170 171
3 5
171 116
184 330
83 84
953 510
955 519
465 130
549 406
465 166
184 130
281 15
208 129 96
67 68
594 95
170 116
424 334
64 282
64 161
474 532
96 129
352 350 192 232 346 150 279 345 215 123 158
369 538 233 53
424 264 77 486
739 55
302 174
67 68
569 358
12 22
378 182
175 287
488 700 333 407
345 149
353 346
259 475
264 115
296 369
312 216
233 538
425 82 357
184 474
174 135
810 108
482 412
881 138
210 59
353 348
161 138
897 301 893 406 829
75 188 269 223
48 49 444
96 219
132 133
212 412
154 302
778 174
369 394
130 54
586 494
257 59 212
75 460 223
589 37 30
307 69
8 570
56 55
448 800
114 334
22 23
105 378
65 421 6 8 142
394 181
88 129 821
813 413
3 5
185 122
304 236
925 846
49 334
49 115 486
289 84
6 30
161 143 432 51 218 283
170 439
260 261
378 395 182
521 306
161 264 334 114 115
449 141
376 82
289 234
161 330 475
173 182
352 180
97 212
459 276
67 68
161 821
283 143
441 276
515 259 357 358 67 109 111 144 112 475 376 91 92 478 479
291 564
369 53
259 435
196 60
138 813
339 639
67 68
24 33
184 155
3 4
538 53
120 428 262
194 827
281 129
304 130 64 184
328 22
28 36
353 343
482 212
233 53
625 302
257 250
66 427
337 338
376 664
233 441
369 378
394 395
233 369 53 538 62
64 90
260 261
680 664
21 93 22
50 85
72 163
289 163 71 434 85
483 341
570 250
483 341
369 233 53
212 412
24 37
283 284
122 357
104 296 309 284 61
369 53
67 68
50 85
52 119
85 143
284 373
330 357
138 127
97 482 212 132
122 83
3 5
28 439
233 53
412 132
330 188
857 667
544 66 258 836 871 715 427 622 431 402 563 665
202 821
56 212
301 406
11 357 639
388 199
281 291
250 22
208 129 202 821
739 212
250 108
376 475 470
64 860 253
281 465
64 846 4 60
212 127
82 70
108 255
931 239
284 61
217 141
170 171 116
64 409 138
368 246
496 420
18 86
200 2 400 343
64 553 306 212 572 286
3 7
528 114 319
41 76
282 7
147 148
139 287
67 68
117 246
120 754 861 471
857 507
362 117
67 68
304 97
363 45
441 179
14 31
249 143
67 68
192 350
97 212
3 196
33 36
57 138
22 23
666 813
129 198
603 12
441 451
49 230
413 7
323 270
116 356
184 107
420 92
170 339 114
369 53
41 26 27 39
301 406
264 170 427 339 115 319
108 87
376 664
171 117
3 4
106 83
180 157
142 7
552 300
16 46
448 449 140 447
169 516
107 334 114 115 474
165 46
67 68
537 21
216 289 284 297
96 821
96 821
67 68
194 3
115 319
104 161 394
161 181
16 335
378 395
302 174
121 6
180 158
128 22
340 166
245 423
8 265
369 53
108 45 87 63 511
378 594
286 175
171 471
152 25
153 519
321 182
668 510
352 2 765 378
60 55
258 527
264 170 427 339 115 319
138 686
449 141 46 47 273
170 171
315 222
106 115
532 79 446 367
123 124
219 197
296 19
64 138
680 81
460 188
321 161
284 167
104 369 296 87
105 322
116 166
96 821
352 281 2 378
424 264
931 239
161 146
280 63
589 30
282 3 572 5
901 166
180 279
278 281 168 297 180 182 61 451 204 469 343 215 220 96 352 232 496 377 378 123
200 259
272 4
272 244
139 287
140 165
122 694
810 59
237 239
97 21
75 43
44 45
412 6
49 434 50 51 85 88
58 138
720 380
306 3
67 68
90 286
368 29
140 582
193 3 4 324
69 22
216 6
257 284 143
155 174
600 159
909 919
323 141
368 17
534 327
107 188 406
363 142
96 219
114 362
136 116
50 51
407 359 10 333 499 500 503 505 700
173 414
82 639
594 821
418 334
45 142
369 151
171 117
648 22
589 37 30
67 68
143 167
380 396
210 234
161 394 297
216 364
341 135
64 306
88 49 51
177 179
65 490 7
45 359
305 97
499 12
18 316
67 68
280 119
4 5
272 284
20 662
24 29
97 171
18 311
435 270
160 239
46 47
560 283
369 53
161 821
264 161
76 254
369 53
496 420
22 23
11 22
115 255
64 184
122 327
248 531 247
107 491 269 406 188
148 302
171 471
64 686
466 708
893 406
177 178 179
434 50 373 181
377 161
429 430
161 284 519
174 301 406
237 239
60 55
545 814
130 291
264 170 117 30
284 367
130 297 330 366 304 211 372 88 250 29
181 279
49 334
657 353
196 5
306 866
116 166
475 255
233 227
185 82
338 116
257 250 284
194 195
105 395 182 378 251
317 223
208 129
664 81
82 357
345 177 178 179
282 7
49 76
132 810 122 860 253
289 234
376 144
64 3 5
116 166
140 47
74 331 298 18 249
373 374
264 246
497 142
833 3
451 87
5 3 413
5 3 108 533
184 130
848 206
483 341
59 253
429 46 430 16 47
283 519
53 222
310 223
8 673
609 500
171 116
233 61
297 122
200 777
901 331 817 754 116 439 252 861
321 395
24 116
64 4 5 138 666 59
76 254
122 187
138 686
300 711
680 664
931 237
545 454 106 271 432 337 434 113 85 373 119 58 444 319
810 253
67 68
22 215
425 83
600 159
305 810
482 412
67 68
833 3
57 60
46 47
233 266
285 150
80 582
285 150
378 284
484 557
992 813
130 173
64 59
181 263
64 972
412 283 132
88 49 51
386 388 296 297 381
115 334
36 38
98 324 301 103
65 6 7
603 701
321 380
369 53
369 53
59 4
41 410
115 108
306 6
521 138
192 380
369 87
48 117
97 7
282 253
171 116
142 503
401 261
810 90
116 117
16 449
121 233
291 823
36 439
897 406
897 406 143
93 22
827 196
59 3
282 212
46 47
3 196
475 358
99 405
97 362
129 95
65 213
185 69
893 406
194 3
269 310
85 71
108 63
29 166
82 550
67 68
161 188
321 182
184 130 366
372 405
59 212
184 130
283 59
41 76 438 254
161 167 495 84 87 602
180 382
48 49
212 302
700 333 407
265 266 268
496 107
435 372
344 279
418 334
168 281
200 343
3 4
106 59 212 286
97 418
482 212
860 686
928 927
161 164
296 182
83 84
848 206
200 96
145 493
409 97
418 115
65 142
107 357 406
441 66
9 526
289 234
242 238
305 90
544 184
260 21 22
177 179
720 377 380
481 551
41 76
833 3
16 46
50 85
41 34
3 5
352 346
697 18
49 334
378 62
257 130 366
810 587 5
130 543
64 129 130 170 107 363 45 366 330 304 114 82 115 22 281 29
304 305
585 291
488 530
827 7
3 5
175 287
116 166
536 778
449 39 40 41 120 25 27
64 59 253 286
289 72 50 51 434 85
4 5
269 495
425 358
83 455
521 282
265 441
81 951
129 777 909 918 919 802 168 42 52 821 197 198 199 200 201 202 203 204 205 206 207 208 594 95 96
50 85
257 420 107 435 250
45 325
116 117
83 187
67 68
281 389
6 7
90 303
72 49 434 50 51 85 88
909 95
490 211
285 278
97 212
90 92
132 133
24 25 26 27 28 29 30 31 32 33 34 35 36 37 38 39 40 41 591
860 686
179 215
130 459
708 20
138 108
114 319
96 202
34 548 39 41 48 49 371
22 23
848 114
160 159
860 686
656 420
282 3
848 206
116 117
61 134 151
554 483
499 15
171 549
122 309
425 356
171 116
67 68
401 22
180 158
58 138
217 46 47
74 332
82 419
97 246
129 821
165 141
130 459
141 447
778 420
675 431
833 196
272 412 132 718
192 181
122 495 87
122 547 111
146 428
64 195
116 166
25 262
104 395
395 182
412 133
3 4 413
97 171
284 213
49 334
24 25 36
720 377 380
270 47
117 439
114 319
169 293
36 29
130 459
28 94
330 479
245 237
61 382
259 411
598 63
456 114
285 150
18 310
93 22
897 406
234 213
75 260 261
152 418
486 424 264 77 246 982 445
50 51
230 199
45 20 13 366
412 132
368 213
76 254
8 250
827 3
185 679
435 420
256 296
405 46
232 281
184 130
129 363
521 138
130 212
301 406
160 159
16 46
124 173 62
107 211
188 21
132 133
345 201
550 222
283 164
124 173 62
105 395
456 977 412
216 223
18 219
212 519
48 49
344 821
177 612
280 63
860 5
97 418
106 83 84 85 122
97 212
67 68
250 115
101 302
192 351
3 139
282 7
41 371
132 133
107 188
138 860
232 233 557 441 62
106 250
257 284
362 115
49 76
522 135
306 55
453 142
90 435
304 83
301 406
170 439
418 548 486 264 424 172 334 48 114 115 246 444 445 319
195 5
211 159
171 117
257 519
75 342 310 312 216 317 223
3 5
115 108 334
529 7
267 499
291 7
67 68
266 675
272 519
115 246
41 26 27 39
192 181
115 334
273 813
514 174
336 449
260 261 70 298 75 401 312 249 509 94
75 310
264 246
180 158
3 4 5
83 491
67 68
972 5
330 479
664 69
64 138 304 16 210 211 372 212 184 89 286 287
409 4
569 426
451 439
860 686
96 821
285 150
52 821
339 116
266 267
495 367 87
56 55
136 41 76 77 49 438 254
739 212
192 852
810 55
171 311
192 150
65 25
170 338
64 59
284 493
522 483 135
99 933
357 550
13 421
514 174
97 212 132
38 230
67 68
418 334
232 233
302 14
3 196
114 115
519 63
257 250 420
26 31
116 166
369 842
486 424 264 77 246 445
64 5 846
12 526
107 406
160 161 964
52 119
64 4 572 175
97 611 90 620 304 57 58
67 68
66 427
67 68
281 114
59 60
570 452 453
116 117
65 306
252 63
116 117
3 5
648 144 402 19 662 30 166 304 307 569 210 82 212 222 231 491 749 237 369 243 246 122
106 82
425 821
250 142
18 227
553 59 212 286
17 406
298 906
209 196
170 339 639
289 218
67 68
218 367
180 382
160 234 235 236 237 238 239 240 241 210 211 244 243 242 245
552 70
3 7
444 86
180 158
260 93
74 75
29 439
474 7
522 341
369 378
369 53
97 117
16 275
208 14
184 88
369 53
62 382
64 3 4 5 60
232 233
496 378
161 293 487
41 27
3 4 5
115 334
561 460
264 77
821 86
164 167
330 639 47
334 319
528 319
20 13
490 107 47 211 372 406
147 53
59 374
141 7
185 474
434 71
162 20
281 83 494
451 439
171 63
32 166
827 194 3 804
134 63
829 406
201 778
3 4 5
161 18 19 311
64 4
184 199
115 486
161 495
52 918
75 310
56 521
129 777 802 168 42 52 821 197 198 199 200 201 202 203 204 205 206 207 208 594 95 96 752
377 394
508 244
170 171
378 151
98 125
881 138
352 346
3 212
216 189 223
857 431
216 75
184 130
52 94
289 234
171 117
194 3
67 68
212 108
161 138
64 482 739 3 5 810 212 56 57 59 412
216 223
286 303
394 213
521 7
302 174
74 298
136 41 76 77 49 438 254
369 53
18 75
43 244
211 244
553 212 950
3 196 5
64 521
297 322
250 45
96 451
361 20
106 250 428 494 146 84 442
116 156
369 53
45 301 406
16 761
59 3 4 887
434 50 51 85
49 76 77
12 407
528 319
301 406
185 419
227 222
192 279
233 267
475 358
209 212
145 187
386 381
291 573
521 138 60
153 434
59 55
129 821
171 116
354 405
212 412
233 53
42 52
185 108
413 7
4 5 860
107 366
3 4
284 367
81 951
212 55
810 5
17 175
1 317
106 43 148 213 250
184 130
96 219
266 534
616 18
234 83
233 285
212 412 55
394 390
129 821
249 331
67 68
171 471
860 686
216 302
114 251
435 420
264 77 246
315 318
522 341
56 59
3 5
49 51
272 89 925
104 105
184 130
181 302
59 5
264 334
361 372
64 138 306 212 58 59 286
208 821
64 866
67 68
209 133
444 39
122 82
83 821
145 493
816 521
341 135
194 3
185 510
89 212 412 286
357 70
366 406
537 87
259 411
369 302
233 441
129 821
192 495
170 639
107 366
257 170 330 366 304 368 82 115 341 22 29
232 285
216 74
217 270
380 317
282 7
378 285
456 262
64 138 4 572
368 262
306 287
434 181
233 538
353 343
88 494
67 68
302 652 14 119
282 212
67 68
168 207
129 257 356 170 330 368 82 115 213 22 29
507 142
3 413
264 406
216 435
64 521
224 18
301 893 406
3 239
708 13
380 396
132 133
245 237
180 157
130 527
67 68
89 97
569 130
496 674
496 148 933
810 90
106 250 148
3 5
616 18
495 439
368 152 63
973 510
529 490
296 297 388
560 283
491 460
265 662
136 41 76 438 254
59 860
238 927
244 159
123 124
130 291
193 3 195 4 196
424 264
245 237
212 372 47
65 129
256 107 491 718 82 691 188
97 21
369 53
118 614 615
377 263
281 43
425 46
514 174
65 6 7
264 445
165 175
483 341
136 41 76 438 254
333 359
101 405
494 343
516 7
67 68
106 83
210 122
860 686
554 341
860 686
41 27
114 486
170 338
4 5
514 748
64 59
392 183
901 439
3 5
639 159
180 181
344 161
233 54
262 428 656 471 120 152
306 55
376 113
67 68
245 237
21 22
456 334
3 5
378 182 62
128 22
493 334
140 47
59 212
848 206
134 262 136 137 26 28 31 418 546 166 40 172 444 337 338 94 483 362 117
306 139
338 302
677 462 429
192 215
464 463
108 284
170 339
147 53
360 214
64 108 284
259 411
449 41
304 97
507 45
488 559
115 334
21 22
210 964
98 372 102
283 132 133
209 196
3 517
180 382
24 116
881 287
130 279
64 256 356 170 330 47 304 82 211 372 115 212
106 435
108 284
926 334
512 542
336 323
184 130
67 68
106 356
64 212
656 281
67 68
69 22
196 3 60
153 356 284
67 68
201 95
89 130
83 284
67 68
18 19
124 252
154 63
545 814
80 420
90 334
289 234
369 53
306 7
336 323
569 130
251 380
49 51
184 130
643 107 491 496 406
338 6
141 270
173 94
687 23
210 964
175 4 60 287
64 866
378 182 62
216 310
83 311
412 127
131 181
808 133
600 159
860 813
410 34
483 341
108 406
48 49
409 253
402 622
322 182
372 100
42 43
28 94
810 686 950 55 58 60 253
553 212
97 171
35 591
386 388 296 297 381
212 519
17 425
74 75
435 47
88 49 51
171 116
460 269
474 435
748 143
420 422 362 366 594 435 276 184 90
83 411
196 7
352 129 366 496 115
46 430 270
202 95
212 302
482 212
347 207
120 77
239 159
129 821
291 109
369 53
409 306
116 117
116 124
657 381
64 4 184
810 303
67 147
122 547
105 378
76 254
147 53
64 253
233 53
10 453 574
373 374 87
160 242 239
169 516
64 3 5 846 282 60
451 459
188 301
64 60
544 425
51 85
8 142
32 24 29
400 527
233 54
21 93
171 116
116 861 438
180 263
272 132 133
64 846
302 174 14
372 101
330 109
184 202
291 485
209 212
58 59 139
129 52
64 860
451 459
171 252
176 666
412 518
105 378
122 83
435 372
59 860
81 283 143
521 7
82 70
134 94
808 133
200 197 168
315 108
185 108
233 557
306 866
108 255
3 196
67 68
185 628
97 90
369 53
276 814
281 14
22 23
897 174 301 406
59 412
208 129
266 267
129 821
256 561 283 284 254
250 167
180 157
88 42
357 639
122 284
354 405
122 428
2 317
45 142
223 87
281 283
96 821
41 26 27 39
122 116
158 54
367 143
29 31
52 821
554 341
421 119
336 593 323 335
265 233 179 276 441 414
811 302
482 212
272 273
340 117
116 439
282 412
116 166
161 134
482 810 286
377 263
700 333
505 359
521 6
36 439
560 283
306 55
496 372
281 130
285 150
517 518
170 171 116
182 62
433 289
82 413
3 4 860
573 823
289 84
424 456
89 305
172 591
860 686
833 5
302 14
8 45
105 378
816 138
116 821
338 421
296 297 388
90 303
456 114
304 286
216 314
602 284
64 4
845 134
48 49
488 700 333 407
106 253
395 182
67 68
117 439
212 55
3 5
67 68
284 63
297 386 381
893 406
274 140
83 428
249 298 260 261
170 116
263 815
45 359
43 134
67 68
253 813
59 212 127
8 20
3 991
281 420
83 284
616 423
376 330 357 358
328 161
744 518
5 860 413
64 282
490 250 212
449 41
115 246
194 804 813 827 253
881 138
264 445
64 60
602 147
140 47
153 84
739 212 55
161 749
232 233 557 441 62
139 60
67 68
3 195 196 5
170 171
160 211 159
153 63
138 686
451 439
848 926
118 190
321 182
163 433 434 181 373 153 218
769 98 355 100 354 102 641 324 709 936 99 619 372 405 125 126
115 36
897 174
202 95
76 438
184 400
893 406
65 301
554 483
301 406
146 115
418 117
564 485
284 143
16 335
813 860 413
64 257
64 138 587 5
192 181
264 77
144 52
18 75
368 262
810 55
75 310
64 59 5
412 306 132
482 212
265 10
177 178
608 420
288 93
233 557
64 4 5
893 406
897 174 406
321 161 394
257 42 250
377 380 398
301 406
97 93
146 148
281 233
116 439
813 367
97 418
330 259
833 3
813 413
369 378 87
439 55
897 301 893 406
250 420
507 431
608 491
92 109
185 7
213 254
522 483 341 135
97 212
65 7
499 142
216 223
106 83
124 173 62
160 159
154 143
394 378
408 527
816 881 138
435 366
448 449 140 141 430 447
245 237
250 435 366
860 813
841 87
716 22
378 395
306 55
829 301
3 5
499 142
553 306
97 58
108 255
418 115 334
106 83
52 94
3 5
122 613
250 108 63
547 860
352 378
9 526
289 284
521 138 59 253
645 6
194 3 5
192 215
810 739
418 87
3 5
59 167
129 155 821
296 373 87
860 686
932 927
3 4
514 20
173 63
289 163 433 50 434 51 181 373 85 218
213 493
250 156
862 351
483 341
70 87
76 254
184 65
22 23
60 55
187 71
75 261
64 4 860
264 114 982
337 338
410 37
824 708
412 124
296 391
515 92
38 230
328 22
9 526
288 419 69 878 82 185 510
232 66
184 161
4 5
428 262
388 199
13 566
901 754 979 116 438 861
341 135
129 115
554 522 341 599
336 46
233 54
281 15
8 142
50 85
395 182
363 467
5 413
93 22
451 276
260 261
291 420
257 212 133
96 594
18 19
281 130
313 378
829 301
537 87
848 172 548
434 373 181 71
264 528 920 926 418 548 424 172 48 49 443 444 445 319 77 334 848 977 486 362 114 115 246
420 15
196 5
97 212
563 439
212 132
171 116
272 193
330 366
69 70
185 628
161 283
59 212
153 75
67 68
288 93
26 31
81 82
88 514
116 933
64 5 846
161 166
589 439
307 724
48 49
35 55
901 331 754 116 438 861
64 739
84 813
37 31
460 590
297 182
67 68
129 198
446 582
233 538
357 358 330 144 376 475 92 479
289 163
45 574
168 343
161 378
165 430
366 311
272 133
3 972
130 414
146 43
821 206
122 83 613 146
41 27 444 39
185 510
3 5
378 182
75 143
129 821 166
194 195
197 129 821
56 639
739 212
545 535
4 413
328 21 22
122 83 284
297 391
104 378
281 291
449 47
890 829
451 276
482 212
87 63
22 23
409 60 413
388 199
3 5
3 804
67 68
297 62
116 334
664 81
275 270
369 53
80 163
67 68
238 254
130 341
833 3 5
64 4
390 391
17 45
148 302
182 62
951 167
521 93
371 86
824 662
378 182 62
64 282
928 964 927
153 284
777 919
827 5
213 423
20 574
193 103
550 363 357 510
97 418
416 415
8 375
232 233
336 593 335
972 413
270 47
129 202
124 62
180 158
192 350
829 406
212 55
352 321
386 388 296 297 381
108 116
64 306
147 53
75 223
558 134 446
3 4
545 83
255 63
369 53
4 813
105 378
396 87
393 394
182 62
720 65
380 398
369 378
291 358
233 53
99 100
339 116
302 174
3 212
114 487
264 114 115
829 301
570 571
65 6
563 439
260 22
538 53
65 142
354 372
345 149
250 257 106 107
609 12
145 493
18 213
67 357 358 329 330 109 144 376 91 92 479
216 435
521 7
593 270
49 334
200 777
352 346
521 282
81 82
257 130 420 107 250 63
187 532
306 412
554 341
810 286
616 254
394 547
508 244
860 686
729 22
49 76
213 70
409 413
209 636
174 135
130 451
58 138
67 68
3 212
202 396
720 158
3 4 813
50 51
184 130
114 115
3 4 413
860 813
201 778
160 241 159
522 483
264 170 427 339 115 319
652 255
273 270
67 68
216 6
283 357
88 21
857 499
301 47
129 777 168 42 52 821 197 198 200 201 202 204 205 206 207 208 594 95 96
561 475
42 373 87
173 414
412 4
435 63
67 68
451 459
931 239
212 55
456 319
482 212
302 174
418 319
64 4 5 175 59
169 130
67 68
257 435
284 590
217 165
450 415
3 413
93 22
380 7
169 281
67 68
435 829
860 686
97 212
4 413
265 441
154 63
933 334
827 195 196
184 354
488 333
177 179
376 97 330 475
435 420
217 447
114 134
130 107
289 218 163 85
12 271
60 813
32 166
170 171
171 549
330 259 475 63
530 12
161 3 5 167 253
419 583
6 487
64 59 286
132 133
594 821
323 270
242 243
409 131 517 463
26 27
424 114
161 5
833 3
833 194
116 495
170 252
88 49 51
216 401
3 5
810 303 89 90 286
171 471
98 103
914 500
233 53
185 82
22 231
715 414
118 614 615
441 227
96 821
124 173 62
459 143
56 212 55
64 138
380 398
96 821
483 341
209 212
388 199
138 139 212 287
105 322 378
160 242 239
49 334
686 55
173 62
194 3 5
16 47
282 59
257 420 107 435 250
83 22
696 86
289 163 71 72 433 50 434 51 85 373 181 218
50 613
369 538 233 53
64 139
32 24 40 31
49 434 50 51 85 88
67 68
341 63
260 21
257 129
232 173
288 70
83 284
529 7
147 53
326 327 328 11 401 307 21 22
56 212
212 132 286
550 82 70
469 149
170 171
456 49
22 23
286 175
181 622
449 47
171 116
93 69 22
261 94
330 259
161 36 29
82 108 63
301 406
306 133
291 573
336 930 934 335
257 250 212 133
441 276 414
138 287
3 212 5
664 81
490 6
272 133
26 42 37 31
88 254
59 250 3
860 686
82 686
24 29
3 5
257 283
666 813
128 190
250 107
816 81
26 27 39
64 4
485 573
105 322 378
130 173
321 182
482 212
366 431
67 68
85 405
3 4 860
901 331 754 979 116 438 861
138 108
58 244
3 5
171 549
207 292 295
3 196
881 686
860 133
132 212 59 412 413
170 116
378 182
296 398
633 398
67 147
3 5
184 63
465 494
301 406
296 297
116 117
474 435
296 396 390 391
114 115
184 130
3 195
153 495
184 199
272 412
194 3
175 287
64 521
64 287
64 130 366 435 184
123 516
52 45
122 83
50 51 85
289 163 83 84 85 122
64 666
816 175
161 82
106 250 148
441 276 414
75 342 310 312 216 317 223
441 201 66 499
193 517 103 744 409 763 412
330 475
233 538 53
233 53
323 141
130 279
116 117
235 927
177 178 179 382
194 196
266 20
232 233 53 62
122 643
539 93
3 4
286 175
97 171
369 84
616 405
421 142
346 181
286 55
281 465
376 81
289 234
412 286
211 159
76 254
357 406
538 86
17 133
972 413
97 49
369 53
115 532
49 51
857 83
262 428 656 471 120 152
32 428
173 87
233 53
656 173
363 7
24 27
163 613 655 433 85 218
141 175
418 246
161 334
306 3 7
324 405
212 132 286
212 45
67 68
409 58
161 3 253
21 22
122 187
260 21
441 201 499
98 103
18 74 331 332
65 7
952 914 958
180 157
569 527
522 135
41 76 77 49 754
435 420
82 143
216 223
833 194
97 303 304 305 89 90 253
336 335
108 63
67 68
441 276 414
82 358
291 284
526 87
41 76 77 254
284 519
369 53
257 108
75 21
88 534
755 212
172 334
212 286
168 821
122 83
89 303
482 739 810 55 56 57 58 59 60
272 306
608 420
82 63
72 49 434 50 51 85 88
180 157
145 493
488 497 452
409 5
97 418
810 108
18 83
57 620
130 94
441 177 178 179 345 382
329 330
569 291 358
115 334
593 270
179 215
130 494
166 230
266 662
573 823
538 228
25 36
108 284
488 333
82 550
291 564
67 68
640 639
309 134
49 246
97 418
964 927
561 75
494 295
12 325
32 83
378 285 150
301 406
178 179
468 510
301 406
97 303
260 87
114 334
173 414
97 212
252 439
146 829
304 90
388 199
521 60
171 471
857 161 467
168 258
114 246
97 171
106 83
833 3 4 413
409 282 6 287
210 243
140 165
193 3 412
3 212
41 30
360 10
64 4 138 175 572
148 167
171 116
59 5 63
754 471
67 68
810 3 5
129 173
32 33 34 35 546 36 39 40 41 591 26 27 28 30 31
88 42 86
508 244
373 135
360 530
64 138
292 543
5 63
18 223
184 129
50 85
376 81 664
6 7
347 7
99 324
248 247
64 212
860 686
155 475
369 53
306 59
161 378
193 3 195 196 827
475 92 109
643 107 491 496 82 188 189
860 686
64 55
848 114
267 609 499 268
301 406
369 53
427 207
41 418
337 161 116
395 391
21 22
130 459
249 75
285 150
441 276 414
486 424 264 77 115 246 445
49 434 50 51 85 88
180 158
67 68
56 212
147 300
160 211 159
259 403
3 5
441 66
353 181
821 53
901 979 116 438 861
184 199
161 382
105 378
115 334
65 6
24 428
97 418
104 378
171 471
170 171
180 382
76 254
22 23
99 405
369 53
700 701
544 223
441 276 414
302 14
284 143
395 182
257 212
276 414
434 373 181
897 301
881 138
448 800
97 212
305 90
116 166
90 303
281 54
272 133
64 90
860 413
154 108
161 181
42 435
3 495
37 30
282 7
170 116 122
146 107
96 821
208 96
116 117
3 4
59 686
168 281
258 181
257 130 107 366 406
184 130
48 49
137 171
153 255
169 494
211 964 143
852 343
378 182
257 146
74 75
107 188
297 398
170 171
115 334
522 341
186 53
857 45
321 182
67 68
64 4
89 286
297 398
412 4
137 171
897 301 174 406 893
67 68
315 364
301 406
609 267
427 87
272 412
154 63
474 234 461
129 378
485 573 823
27 39
367 759
114 334
166 136 137 116 117 438 340 28
105 378 395
170 116
180 158
233 62
264 114
3 195 196 5
257 122
848 114
180 181
666 59
114 115 330
616 423
369 105
49 77
76 254
133 63
334 319
88 154
829 301 406
96 821
3 195
216 75
216 222
48 49
6 7
8 570
284 61
41 172
3 196
192 343
140 141
140 430
248 247
97 171
76 254
18 108
64 161 572
769 98 354 100 101 102 641 324 709 99 619 405 663 125
194 196
291 284
41 172
467 12
175 287
301 406
49 76
594 821
67 68
145 493
184 82
429 430
227 391 15 527 182
304 97 90
233 516
115 687
49 51
174 127
306 55
57 59
241 237
81 175 287
210 964
301 406
289 71 433 434 51 181 373 218
129 821
124 439
505 87
21 93
35 39 41 24 26
344 192
499 431
435 190
122 45
421 22
356 174 406
48 49
507 431
435 412
554 483
544 250
18 220
184 435
115 334
247 431
302 174
72 434 163 85
250 366
75 310
338 156
173 414
769 98 355 100 101 102 354 641 324 709 99 619 688 372 405 125 126
59 212 739
285 150
378 395
77 486
810 286
395 182
233 441 276 414
680 664
170 171 116
302 174
64 4
185 300
171 549
105 378
138 139
368 29
272 132
392 390
233 53
5 413
211 372
107 188
330 479
49 76
171 471
3 7
184 569 130 402
184 130 435 366
89 90
138 686
64 57 4 175
129 198
394 183
41 76 77 49 754 438 254
20 13
514 174
64 4 304 272 212 860 253
147 53
490 7
409 90
578 367
482 212
530 526
496 2 378
108 356 63
317 310
289 219
352 346
171 166
330 357
106 358
70 778 174
130 291
292 134 168 233 207 400 401 402 403 180 308 53 404 285
67 68
106 435
170 116
336 335
724 734
64 4 237 47 304 211 372 212
158 398
272 133
49 339
196 7
67 68
212 412
170 166
153 255
532 421
897 301 174 406 893
170 639
848 206
96 124 62
368 439
19 75
340 166
104 151
64 129 130 330 366 115 22 184
64 5
99 100
401 108
376 330 357 358
48 49
291 420
456 171
116 117
360 10
680 81
185 474
22 23
116 117
857 250
296 297 386 381
136 166
345 150
656 420
561 75
233 538
122 187
220 182
106 227
285 278
65 645
52 134
336 323
43 20
21 22
234 59
83 527
441 451
341 167
29 31
180 382
957 934
96 219
184 199
136 41 76 77 438 254
145 255
26 39
144 330
297 378 63
616 405
138 686
139 287
488 333
465 212
388 199
114 172
701 662
114 334
212 133
496 279
48 115
233 53
427 87
827 3
569 130
273 270
306 253
897 301 47 372 406 893
75 223
284 374 167
232 233
64 4 860
301 893
441 499
171 116
281 114
897 330 639 47
288 69 81 82 664
419 300
138 60
74 317
833 196
273 46
341 63
32 428
136 915
352 346
456 36
74 331 75 332 298 18 249
739 212
953 510
114 319
170 171
49 51
857 83 45
514 174
321 322 395 182 378 62
424 264
67 68
67 68
64 257 4 5 553 138 366 211 212 286
114 487
914 973
66 291
50 51
262 495
122 83
16 165
395 182
1 2
259 330 411
16 275
281 233
82 63
59 739
394 390
117 29
185 474 300
264 445
250 356
64 282
264 339
49 334
97 611 90 304 57 58
136 338
369 53
212 286
378 87
76 254
234 829
369 322 378 105
185 82
74 18
673 507
521 686
172 246
171 428
212 302
250 107
108 813
261 509 510
514 174
171 116
212 133
395 182
35 29
216 189
350 6
953 70
64 409 138
212 302
482 3 5
388 199
184 130
317 759
354 126
494 167
194 3
380 158
114 115
74 75
289 84
270 47
522 483
58 533
412 287
284 6
306 7
206 15
272 739 212
908 263
301 406
260 261
24 334
296 390
24 25 26 27 28 29 30 31 32 33 34 35 36 37 38 39 40 41 589 591
147 53
116 166
376 81 664
12 325
266 20
422 526
153 284
376 63
122 18
3 827 195
590 639
412 431
833 3
328 174
17 406
373 374
200 777
6 103
154 63
378 62
115 246
82 357
88 181
180 181
449 430
521 138
75 342 310 312 216 317 223
425 59
257 143
283 143
101 663
424 334
768 804
17 175
24 29
144 330
550 510
272 132
197 821
353 343
227 86
16 140 430 47
69 70
260 93
211 159
157 382
233 53
115 291
696 107
98 324
161 164
848 206
412 132
134 45 558
1 317
216 75
507 142
184 130
67 68
104 251
264 427
448 430
266 20
122 339
41 27 39
810 739 212
224 18
18 223
115 334
59 85
76 254
829 406
84 373
224 757
65 490 6 7
57 55
881 7
233 53
170 116
434 181
75 318
24 116 334
116 124
232 233
532 421
107 45 406
50 85
200 919
74 332
264 170 115 339 319
97 90 303
483 341
424 264
212 302
522 555
184 354 546 130
161 276
123 124
680 81
3 5
116 340
833 860
539 327
202 821
196 5
283 334
195 196
24 933
272 133
213 405
213 493
67 68
208 202
170 116
109 144 475 92 479
4 413
554 341
423 42 51 88 155
59 212
194 3
170 117
265 662
129 158
24 29
376 664
67 68
18 75
3 4
250 435
58 5
73 75 260
195 5
829 301 406
58 139
272 133
160 211 159
48 444
130 406
184 130
170 171
162 130
424 264
3 4
265 233 276 441 414
48 14
274 270
281 222
51 163
212 287
373 87
833 3
281 378
84 85
166 170 368 115 29
3 4
56 58
441 95
97 171
57 55
177 178 179
177 178 179
289 163 85
281 15
76 861 438
185 108
272 132
250 283
412 413
134 582
250 82
64 237 175 304 47 211 372 212
114 334
848 206
136 76 438
184 412
435 413
848 41
64 4
298 260 261 94
129 363
46 140 430 270
76 254
485 573 823
114 115
161 140
216 263
338 884
146 59
57 55
4 813
609 267
170 115
739 212
600 159
233 62
304 303
136 438
330 109
97 212
289 434 50 51 85
427 527
108 63
130 199
345 149
187 71
334 303
64 161 4 60
306 3
594 483
860 686
61 151
369 53
179 215
259 144 67 329 330 470 475 92 91 476 477 478 479 357 358 109 111 112 113 376
212 412 59 132
41 26 27 39
323 141 335 336 274
108 301
641 125
272 412
233 369 53 538 62
380 158
529 374
11 301 13 663
132 133
6 7
305 303
906 75 310 312 216 317 223
368 152 749
893 406
259 358
233 53
216 75
419 7
52 821
128 161
138 55
216 691
83 212
161 130
107 301 406
860 5
456 548
122 111
48 444
165 430 47 16 46 274 217
481 495
170 171
27 28
67 68
194 3 5
833 5
345 178
233 53
67 68
241 932
22 327
253 167
272 412 132
48 49
116 438
328 22
115 230
3 5
433 434 50 51 181 85 218
435 366
810 286
128 22
4 175
169 94
192 123
89 90
136 337 338
491 372
441 381
302 14
184 199
41 30
369 53
173 414
322 251
104 378 251
24 25 26 27 28 29 30 31 32 33 34 35 36 37 38 39 40 41 589 591
585 291
49 51
482 3 739 5 810 212 56
451 459
36 29
376 81 283 475
881 138 686
354 126
3 4
8 361 570 453
165 46
609 233 266 267 265
48 49
97 253
339 171
217 447
161 114 115
65 142
251 182
121 102
451 143
724 734
482 212
860 686
298 906
97 57
64 59 108 5
129 389 151
328 22
302 14
424 264 334 115 246
860 813
32 38
3 827 195
424 77
18 19
376 22
291 573
334 303
522 341
744 517
295 527
313 229
256 6
184 70
66 169 201 459 179 563 441
48 49
827 3
421 302
222 311
130 459
168 202
367 143
344 192
684 286
64 521
360 499
129 821
64 3 5 138 108 287
106 83
482 212
219 197
128 23
237 211 133
237 239
165 429
418 115
3 5
122 334
339 933
12 325
514 174
488 700 333 407
427 459
465 166
418 334 49 114 115 443 319
69 70
16 821
141 46
153 22
58 138
224 18
123 180
67 68
744 517
18 19
561 460
361 12
281 15
195 239
136 817 754 252 861
129 166
553 306
75 318
315 86
171 116
521 93
483 135 522 554 341
122 284
3 5
548 334
6 7
48 444
89 97
114 334
171 549
376 357
472 473
115 334
482 3 212
155 174
881 138
138 572
197 821
330 358
585 291
52 821
178 18
72 49 50 51 85 88
217 447
170 116
41 548
170 171
83 116
380 7
49 41
115 334
309 134
306 59
233 538
448 274 46 47
293 134
264 114
65 645 6 490 529
482 739 810 686 55 56 57 58
49 418 115
608 696
3 4 5
96 821
353 343
97 90
67 68
67 68
301 893
67 68
243 159
405 174
49 434 50 51 85 88
553 306
821 63
12 325
3 5
339 639
67 68
482 412
133 367
59 6
105 394
64 253
255 63
97 611 620 304 57 58
41 30
243 211
107 22
216 315
184 130 366
88 955
824 559
340 438
64 3 4
434 181 71
106 83
450 415
145 187
171 164
180 870
217 447
177 179
212 63
369 53
475 92
499 527
64 3
456 340
367 83 84 85 122
67 68
3 413
165 270
848 206
83 551
369 53
435 814
639 159
161 59 4
83 284
235 244
97 620
428 76
41 114
301 893
243 159
185 547
964 932
376 97
289 122 686 175 58 253
378 251
46 462
585 291
304 63
334 303
245 237
67 68
261 510
481 21
248 247
708 766
105 322 395
233 62
451 814
169 130
90 303
211 159
369 53
291 7
67 68
104 322
827 3 7
64 3 4 5
184 130 451
122 181
51 85
272 133
421 119
166 170 368 115 29
8 570
212 286
901 979 116 438 861
378 62
529 7
147 188
49 319
192 158
161 350
233 441
430 270
321 182
296 381
161 353
67 68
16 46
490 7
65 141
412 132
123 124
184 146 107 22
122 860
237 239
98 324 301 103
97 338
114 334
250 212
24 26
901 136 331 116 438 252 861
184 130
100 405
88 364
363 821
212 55
31 63
296 151
547 356
58 3 5
532 78
635 636
108 5
233 53
161 164 436
48 114
84 143
282 3 5
544 184
833 3
114 108
97 212
833 3
202 95
96 219
953 510
57 59 60
833 827
114 246
170 22
97 170
428 471
88 154
435 167
129 777 802 168 42 52 821 197 198 199 200 201 202 203 204 205 206 207 208 594 95 96
366 301 406
233 538
171 471
306 7
142 7
123 151
420 132
3 5
508 244
67 68
40 36
289 163 72 50 51 85
321 322 105 395 369 182 378 251 62
833 3
175 287
482 212
140 46
64 4
369 53
827 3
824 265 662
560 259
82 70
170 252
201 95
82 63
448 449 140 141 430 429 447
17 425
67 68
888 886
264 122 319
64 161
427 173
810 286
272 412
908 852
897 406
138 282
3 413
12 325
59 212
561 460
64 739
185 300 711
833 194 3 195 804 196 827
50 51
50 51
16 335
49 77
49 334
136 116 252 861
84 284
159 63
108 159
88 50 51
41 76 754 438 254
18 311
306 287
11 87
291 573
105 395
227 63
901 136 331 817 754 116 438 252 861
89 90
380 175
88 534
32 116
272 212
323 677
184 82 70
609 422 359 9 266 267 530 467 499 504 574
67 68
432 373
216 223
251 182
482 212 412
481 550
97 57
216 223
134 558
48 444
212 55
175 287
232 285
59 108
210 366
301 893 406
48 49 51
204 821
402 563
129 347
233 53 54
196 6
64 3 4 5
88 330
108 821
117 166
373 374
171 420
96 909
171 340
306 413
216 75
138 3
37 31
57 58
482 3 739
296 19
435 421
282 933
67 68
739 212
168 281
352 347 212 14
65 377
162 20
67 68
297 390
42 43
410 668
49 51
161 252
395 182
67 478
3 5
952 701 958
46 430 47
194 3
304 97
64 59
833 3
59 167
810 303
81 82
613 829 341
451 414
301 174
115 319
488 10
138 686
728 465
305 370
881 138
395 182
64 972 3 4
92 479
58 138
93 87
829 406
42 52
388 199
168 204
161 148 542
521 7
409 306
312 310
200 96
281 285
88 146
64 170 171 138 330 47 304 82 115 212 185
336 335
61 391
233 62
272 65
129 777 168 52 821 197 198 199 200 201 202 203 204 205 206 207 208 594 95 96
778 135
72 50 51 85
321 378 182
482 810
860 413
433 434 50 51 181 373 218
114 115
211 421
376 664
108 63
3 4 860
209 686
201 129
161 405
158 390
3 196
8 20
449 422
306 133
18 311
170 116
97 212
216 74 75
18 220
394 122
72 289 163 85
64 212
49 253
147 53
184 545
148 14
233 15
97 210
441 276 414
341 599
346 215
3 413
377 161
272 133
377 369
307 724
64 572
248 247
721 214
64 4
177 178 179 382
369 53
466 15
114 115
60 813
459 516
123 124
70 14
578 579
250 366
284 727
253 813
336 323
259 411
224 222
72 434 50 51 85
83 63
116 117
301 406
412 133
672 509 419 550 711 680 70 81 664 185 474 668 189 190
18 220
219 87
897 406
141 430 7
118 620 614 615
124 173 62
88 534
272 244
272 65
194 3
291 823
2 227 229 75 19 469 222 223
341 406
192 345
330 107
20 13
482 5
901 439
184 286
592 97
377 380 398
33 166
50 51
306 413
38 31
233 538
600 159
67 68
810 55
330 91
59 212
264 115 246
49 418
122 212
283 133
897 301 406
368 152
219 269
8 20
914 957
283 284
153 71
418 115
369 53
821 213
369 105
212 133
487 279
378 182 62
233 62
130 107 366 491
144 63
487 319
249 18
467 422
330 43
185 419
3 5
101 118
3 212 5
140 934
59 3
708 20
233 538
64 409
81 82 107
282 59
405 102
195 196
699 286
322 395 182
19 308
89 305 90
107 301 406
441 66
250 213
418 115
67 68
474 299
64 4 60
6 7
48 49
185 510
860 813
115 334
456 171
67 68
74 75
857 662
212 482 739 810
130 117
465 117
571 453
550 510
394 398
19 222
130 435
301 174
140 47
281 233
301 893
170 171
67 68
297 108
897 639
666 5
108 116 166
339 116
50 85
232 233
64 3 286
281 494
216 6
272 306
897 301 406
625 302
576 232
306 212
291 823
17 175
250 463
309 134
96 42
3 4
97 170
465 484
508 244
296 309
16 217
52 119
474 435
209 212
136 817 252 861
97 482 212
64 138 282
190 191
145 493
64 5
465 166
827 3 5
860 686
330 109
378 251
18 547 222
412 4
394 322
304 370
24 25 26 27 28 29 30 31 32 33 34 35 36 37 38 39 40 41 589 591
106 367 83 84 85 87 122
6 7
441 276 414
281 465
108 87
146 301
3 195
64 3 5 587 409
122 159
146 107 188
496 406
312 75
50 51
177 178 179
363 20
265 233 179 276 441 414
496 171
848 206
356 108 368 821 479
4 813
306 7
193 412
114 115 334
130 115
16 447
64 129 130 330 107 363 366 304 82 115 372 22 184 29 286 287
302 59 286
208 96
41 26 27 39
52 582
168 233
395 380
421 302
418 444
425 446
388 199
41 439
212 253
74 332
267 805
18 310
301 406
97 418 334 114 319
553 306
21 886 22
266 13
82 421
833 194
451 420
185 82
418 117
819 260
76 254
52 821
337 338
362 117
82 70
114 115
301 406 63
124 62
181 279
57 810
21 93
680 81
829 301
83 235
67 68
246 63
260 261
482 7
107 250 43 435
328 22
180 382
594 573
18 227
67 68
580 165 270 47 217 447
48 49
115 284
42 197
456 97
170 116
195 196
82 108 63
170 171
281 233
82 108
315 108
64 60
930 335
210 234 235 239
72 71
146 547
1 18
120 817 754 861
307 70
30 439
459 6
507 366
161 146
1 18
122 130
182 62
848 172 334 548
108 63
107 406
99 324
97 171
281 233
64 58 572
609 265 266 267 268
448 447 47
81 474
449 40 41 76 25
67 68
908 852
250 82
161 201 821
74 331
292 207
554 483 341
66 402
64 253
334 303
232 622
409 5
364 509
301 174
586 494
696 223
136 41 76 77 49 438
424 264 114 115 982
293 951
26 439
216 6
56 739 60 55
50 51
177 215
451 483
114 115
50 51
8 407
96 821
65 310
97 132
107 406
59 7
3 7
115 334
3 7
208 129
161 188
441 276 414
163 433 50 434 51 181 373 85 153 218
122 22
22 327
860 686
418 264 362 334 115 444 445 319
301 63
728 465
810 60 55
418 548
105 395
18 318
64 4 46 304 272 211 253
285 158
48 371
4 813
821 207
645 7
451 439
288 93
264 115 486
3 413
108 405
409 517
264 528 920 926 418 548 424 172 48 49 443 444 445 319 77 334 848 977 486 362 114 115 246
171 549
90 286
938 354 126
328 22
274 46
139 287
264 427 114 115 319
64 195 133
114 334
264 334
170 116
17 175
456 97
3 5
522 341
312 216
369 538 233 53
69 510
41 26 27 39
341 135
82 686
224 216
425 148
202 42
67 68
161 401
129 347
141 46
82 70
522 135
108 301 406
296 391
273 323
113 109
64 356 170 330 47 115 212
211 159
451 483
323 141
154 108
427 173
138 108 5 287
9 951
302 598
269 757
250 366
264 115
130 279
124 173 62
64 4
67 68
161 281
67 68
266 675
441 459
264 246
317 310
235 239
122 964
32 29
24 29
161 18
67 357 358 329 330 109 144 376 91 92 479
48 117
304 130
124 252
824 675
188 190
64 58 572 138
609 232 233 266 441
521 686
133 286
341 893 406
174 22
420 303
97 212
212 287
187 71
97 339
24 36 29
169 516
259 1004
20 13
184 212
378 251
448 800
81 867
67 68
396 158
58 138
664 81
82 138
371 86
160 159
617 603
75 68
6 7
24 31
65 125
83 84
964 237
193 3 4 412
380 398
380 396
181 263
101 102
29 439
3 5
252 439
158 351
21 22
20 662
754 76
233 285
448 47
59 405
369 53
130 549
715 94
250 213
441 494
2 549
193 3 195 196 827
369 538 233 53
114 487
483 15
250 108
181 279
56 59
238 63
96 378
161 283 167
301 893 406
354 405
58 282
184 202
67 92
485 87
82 108
296 297
315 406
744 517
234 83 122
216 651
180 182
89 150
96 202
250 22
435 63
505 294
24 30
341 174
754 861
101 118
64 212 133
699 286
12 325
357 639
412 3 4
593 335
116 252 861 439
330 92
97 166
129 108
570 452
435 155
87 191
129 42
212 662
897 11 639
360 530
249 298 260 261
301 174
376 81 664
860 813
353 181
130 451
860 413
561 460
85 71
82 357
141 47
201 778
264 528 920 926 418 548 424 172 48 49 443 444 445 319 77 334 848 977 486 362 114 115 246
810 286
341 599
11 341
163 71 433 50 434 51 181 85 218
115 334
285 7
522 341
67 68
138 686
57 5
928 932
117 166
67 68
338 6
129 821
164 653
816 287
220 61
441 276 414
429 46 430 47 274 217
345 149
363 142
897 301 125 406
104 527
273 618
115 246
105 322 378
18 220
603 363
301 174
11 22
114 330
264 246
59 255
514 174
114 334
12 325
378 182
216 296
613 213
18 155
897 357 406
485 291 573
317 222
187 255
210 84
363 13
376 81
857 534
129 465
313 378
212 286
141 46
425 31
141 47
549 79
512 343
122 83 84 85
341 174
391 63
67 68
496 107
16 270
373 374
129 821
212 372
41 246
107 65 43 6
243 211
180 382
67 68
42 821
35 29
144 330 475
96 821
170 439
289 163 72 434 85
369 53
394 390
30 439
96 129 197 198 200 777 42 201 204 168 205 207 208 594 851 52 95
96 821
369 53
281 122 494 130
26 27 39
317 223
488 700 333 407
64 161 253
41 34
264 427
173 63
106 93
412 4
129 52 821
184 130
209 482
16 761
323 46
259 475
6 7
136 438
421 302
122 83 284
302 174
251 182
115 47
522 341
168 285
372 100
106 250 148 213
64 59 3
171 549
76 254
171 117
212 412
901 136 331 817 754 116 438 252 861
435 270
185 419
52 821
58 282
301 406
58 138
291 573
108 405
115 687
824 453
364 532
145 493
161 138
185 82 510
137 252
707 524
122 148
419 300
3 5
264 334
283 143
108 5
74 107
153 85
90 303
109 478
161 116
256 164 552 107 366 82 435 472 190
64 3 7
341 135
25 610
388 199
930 934 430
282 59 719
323 677
218 122
460 332
810 286
25 36 30
289 284
529 6
291 485 564 823 573
94 206
378 62
769 125
272 212
486 87
4 413
234 237
405 102
434 50 51 85 88
171 311
625 22
296 19
114 115
114 334
285 150
171 116
192 346
59 212
109 110
67 68
152 30
680 81
96 201 777 909 594 918 95
114 319
218 367
366 107 406
372 175
115 319
107 406
232 656
420 496 474 435 250
141 270
67 68
176 175
441 276 414
483 341
857 431
193 3
857 367
345 181
75 260
656 471
339 116
141 46 47
64 4
108 301
388 199
144 479
668 70
485 14
421 302 14 625 119
410 22
48 49
537 21
32 33 34 35 546 36 39 40 41 591 26 27 28 30 31
170 171
107 22
168 197
82 357 639
249 298 260 261
483 341
160 211
97 212
70 167
97 132
130 115 29
441 459
19 308
136 444
904 263
216 296
202 821
69 22
272 273
59 139
67 68
122 75
143 283 284 161 933 167 694 63 83 595 84 87 602 108 367 495 753 373 374 122
233 54
810 55 56 57 59 60 253
130 291
739 212 55
281 378
289 163 71 433 434 181 373 218
96 821
81 82
161 52
369 53
901 14
88 534
395 380
307 92
97 90
264 334
250 45
34 546 36 41 26 30
64 4 175
720 377 398
219 197
50 85
848 206
122 891
184 412
897 301 174 406 893
49 334
64 90 4 60
58 138
67 68
857 83
67 68
459 494
410 421 14
418 117
200 343
451 483
488 700 333 407
16 270
3 133
3 412
232 291
284 367
17 406
509 70
97 132
107 301 63
3 5
171 549
210 964
59 860 253
272 286
282 846
376 113 109
158 351
171 117
129 63
430 270
96 821
290 66 458 426 622
142 662
73 260
49 319
373 374
97 418
108 134
118 119
418 115
48 444
35 55
322 62
109 110
21 22
441 451
435 341
144 330
306 7
170 171
330 259 108 475
195 5
169 167
97 171
98 99 324
434 50 51 85 88
497 452
170 439
212 662
739 55
59 7
3 5
170 171
114 319
46 47
120 428
171 439
377 182
114 115
338 339
113 109
3 413
216 6
67 68
21 22
232 265 266 233 441
833 5
67 68
17 45
185 7
328 22
130 459
170 171 116
249 613
138 14
59 412
233 53
269 422
88 334
139 253
265 267
45 31
18 19
507 45
833 3
328 22
482 306
22 23
195 5
106 250
132 127
861 438
808 133
59 3 5
67 68
409 6 7
195 5
810 699
922 931
233 62
739 212
451 814
3 5
434 181
184 153
161 82
82 550
451 459
121 378
171 117
67 68
130 459
5 3 253
3 413
67 68
296 284
3 5
272 273
357 358
97 171
585 291
857 367
537 87
435 188
257 519 493 84 153
75 318
60 813
168 341
297 394
171 549
130 170 435 115 821 341 181
233 538
97 212 409 412 286
412 132
18 315
104 369 105
194 3 5
288 93
233 62
29 37
537 87
388 199
860 686
488 497 452
233 53
97 611 620 304 57 58
421 279
129 206
19 134
107 406
180 382
82 357
184 82
161 148
20 662
180 389
184 130
115 372
451 439
98 372
285 181
819 93
28 36
39 40 41 27 30
171 549
430 447
352 192
603 183
177 180 382
482 412
216 6
134 558
720 394
3 5
25 29
412 7
64 3 4 5 138 409 282 572 287
184 130
67 68
97 212
263 284 63
79 63
720 394
80 220
482 412 55
9 10
376 475
930 323 141 335 336 274
227 63
64 138 860 253
8 363
8 824
122 116 166
233 322
130 291
360 214
376 108
357 70
130 341
115 319
106 435
115 334
171 117
369 53
76 77 334 48 49 51
3 5
52 558
24 29
241 238
232 285
99 324
108 284
161 821
67 68
76 254
424 264
153 434
446 63
265 162
369 53
289 163 71 433 434 181 373 218
482 810
136 76 77 438
346 181
58 413
12 22
232 233 557 441 62
769 98
4 813
257 356 366
289 234 176 306 146 213 59 253
291 427
129 777 909 918 919 802 168 42 52 821 197 198 199 200 201 202 203 204 205 206 207 208 594 95 96
168 204
334 303
213 22
168 278
284 406
67 68
50 51 85
232 233
66 102 15 178 179 441 381
64 4 60
307 724
810 827
88 975
458 402
46 63
301 406
297 378
354 126
461 334
928 964 927
67 68
395 182
29 166
931 239
3 412
67 68
64 860
48 49
49 334
80 582
24 36
170 166
435 270
49 334
272 132
64 306
2 18 228 255
260 21
184 122 402
813 413
212 412
67 68
171 471
307 724
285 279
65 306
56 59
105 378
115 47
67 68
272 133
67 68
171 117
140 447
482 212
49 77
264 281
138 860
369 53
107 22
376 92
64 3
212 286
67 68
75 260
115 246
554 483
21 22
483 341
96 197
412 4
175 287
108 153 356
250 63
200 65
192 181
330 639
243 211
235 964 927
664 461
272 212
289 434
213 175
201 95
105 322 378
307 327
96 909
481 122
346 181
3 4 413
161 167
64 212
22 23
897 639
147 53
64 58
264 982
490 6
184 109
104 369
412 413
193 3 4 412
129 821
272 273
821 31
281 43
56 482 212
3 196 5
65 6 7
58 60
160 211 159
609 805 265 266 267 233 62
69 510
88 485
122 860
453 142
96 821
901 166 170 171 817 337 754 116 338 438 439 915 117 339 340 124 861
140 47
376 81 664
427 173
808 133
522 483
272 65
185 419
233 54
369 84
180 157
185 474
166 170 368 115 29
105 395
72 49 50 51 85
363 142
75 222
64 287
496 107
93 22
59 6
161 301
285 150
97 620 304 58 925
369 53
108 87
252 439
281 215
264 445
59 435
488 530
897 301 893 174
115 246
97 212
171 116
115 334
210 14
3 4
160 243 159
67 68
98 324 301 103
116 439
17 490
529 7
108 334
233 53
193 3 4 412
328 22
608 171 549
881 138
168 343
170 439
145 493
65 7
82 108
616 461
67 68
104 527
820 141
194 5
22 23
88 49 51
75 86
244 821
171 117
479 63
8 500
59 413
64 138
306 253
74 75
739 55 56 57 59 60
122 45
160 211
570 755
264 334
83 367
234 211
135 7
259 422
177 178 179
65 6 7
169 130 279
67 68
369 322
174 22
330 67
200 96
33 362
108 133 63
212 133
124 173
6 7
44 325
372 893 406 47
170 171
212 412
65 15
145 255
65 319
115 334
22 327
97 171
893 406
49 51
60 846
266 675
187 255
497 452
810 286
59 195
82 300
484 215
234 237
118 190
260 261 70 298 75 509
184 354
272 133
418 63
172 334
64 175
461 749
833 3
283 143
412 6
67 68
147 53
114 115
810 286
50 51 83 85 122
88 24
412 212 132
230 199
88 439
306 686
233 369 54 313 538
106 435 534
739 60
305 286
184 153
161 540
928 964 927
272 412
122 235
185 82
449 30 41
180 157
642 283
901 439
142 431
134 558
88 434 51 85
378 182
265 267
75 310
39 41 26 27 444
434 181
282 7
897 301
64 3 5 846 282 60
161 3 253
106 613
233 538
67 68
833 194 3 195 196 827
65 301
45 366
96 821
362 108
3 196 5
64 4 5
228 269
147 53
435 461
83 446 78
67 68
194 195
289 433 434 181 373 218
96 821
49 51
208 129
409 138 5
441 276 414
185 410
485 573
260 261
24 31
208 129
345 149
211 133
56 810 212
441 276 414
12 325
362 28
48 49
554 522 341 599
373 135
321 378
129 918
153 367
284 406
104 378
104 394
129 130
138 4
289 163 71 433 50 434 51 181 373 218
136 116 252 861
369 322
202 558
173 62
3 4
24 29
171 117
170 117
170 252
964 932
378 182
18 75
90 253
257 519 167 493 153 284
499 15
88 49 51
369 538 233 53
118 119
50 51
97 620 304 58 925
185 188
129 821
138 5
234 829
72 49 434 50 51 85 88
160 241 243
860 686
810 55
4 413
171 471
96 821
24 29
65 6
148 860
521 409
211 406
170 171
216 296 163 284
170 116
161 150
41 172
154 63
163 860
64 846
3 5
172 246
169 130
170 171
236 237
306 212
322 182
262 31
522 135
1 317
376 330 357 358
163 71 433 50 434 51 181 85 153 218
250 363
32 255
453 142
330 358
264 334
216 74 75
482 132 810 212 58 59 412
3 4
901 331 754 979 116 438 861
302 174
132 133
75 269
301 103
347 343
130 271
76 254
424 483
376 475 358
257 250 435 420
32 38
306 55
257 153 284
184 130
304 184
359 488 333 407 700
285 181
475 933
114 115
249 74 298 261
233 53
224 88
216 188 223
239 623
76 861 438
570 453
273 47
129 291 330 47 496 115 372 212 607
97 611 90 620 304 57 58 60
106 83
283 143
171 117
424 264
260 93
233 538
90 846
212 133
177 293
289 234 59
130 459
547 821
169 130
114 487
64 420
180 158
88 146
107 406
108 159
475 14
84 284
208 42
378 182 62
377 182
161 171
36 439
264 115 246
48 49
458 63
67 68
691 190
97 90
144 91
52 821
341 599
848 206
340 341
145 493
250 420
353 852
372 405
160 235 236 237 238 239 240 241 210 211 244 243 242 245
481 70
108 5
272 133
13 15
833 194 59 827
289 433 434 181 373 218
165 175
97 212 132
46 47
195 196
16 449
244 821
326 327 11 401 307 21 22
893 406
3 860 253
328 11 326
378 62
570 363
522 341
59 139
3 196 5
161 482 59
64 482 212 306
75 318
315 86
161 264 334 114 115
285 150
667 567
282 7
233 285
441 276 414
115 334
257 549
122 138
81 82
418 548 486 264 424 172 77 334 848 49 114 48 246 443 444 445 319
67 68
59 5
52 821
48 444 39
336 335
248 12
35 55
11 639
114 115
20 13
21 23
208 95
202 95
67 68
833 588
574 167
88 425 283
357 358 330 144 376 479
67 68
507 63
97 212
953 510
297 386
289 434 163 85
860 686
861 439
185 474
8 13
56 639
281 43
358 14
650 467
409 4
161 82
280 63
36 439
616 270
132 286
369 53
154 63
328 22
67 109 110 113 475
233 538
82 510
178 382
170 171
42 86
330 420
82 357
448 800
90 303
307 70
739 212
304 212
75 367
76 254
58 212
330 990
377 19
8 914
72 49 434 50 51 85 88
76 254
522 135
129 107 366 435 372 212 281
81 283 143
418 334
97 303 304 305 89 90 253
233 53
232 233 62
130 276
106 250
507 45
22 23
301 406
52 821
356 284
427 134
418 115 246 319
367 83 84 85 122
170 116
133 63
130 341
377 19
369 147 53
184 94
328 22
59 7
244 245
353 852
67 68
25 610
195 588
64 5
362 548
897 406
170 338
298 906
114 115
932 159
441 276 414
360 10 530
233 266
609 805 265 266 267 499
482 3 5 810 212 56
401 12
101 405
20 13
441 179
219 341
140 270
352 192 181 215 346 347
67 68
180 181
136 41 76 77 49 438 254
233 53
80 63
362 262
682 343
281 54
116 428
263 180 149 150 123 348 349 350
195 5
369 53
273 310
64 846
12 325
873 62
448 449 429 336 593 447
369 53
441 276 414
281 130
232 233
282 6
181 422
212 286
216 6
3 4 5
522 483 341 135
116 439
914 951
235 655
530 142
264 445 334
402 427
98 103
361 499
232 233
76 254
284 167
170 171
3 195
114 339 319
330 357
22 23
80 166
175 287
106 59
496 372
272 133
49 77
259 403
208 173
67 68
363 142
409 306
441 494
360 45
545 435
216 435
153 85
165 140 46 47 16 273 274 275 217
37 30
209 212
49 76
409 3 5
174 135
418 114
330 107
88 49 51
609 805 233 266 267 499 62
67 68
328 22
326 327 328 11 401 307 21 22
356 167
75 68
470 479
378 395
341 135
64 3
321 182
129 821
301 406
424 115 246
346 158
67 68
376 81 664
201 777 95
24 29
212 59 412
109 110
3 412
282 59
116 117
570 45
138 93
306 60
170 117
21 22
338 116
170 171
64 881 287
21 22
170 439
104 105
833 194
456 114
50 85
1 147
522 483
67 68
243 235
59 3
456 116
83 85
128 22
24 29
115 334
893 406
192 158
75 310
146 107
860 686
306 686
75 261
76 254
496 129 156 47
281 130
352 192 290 131 622 180 181 150 215 346 279 343
352 88
289 161 547 234 146 533 122 253
107 188
136 41 76 77 49 254
154 63
138 108
171 116
18 19
211 421
185 509
76 254
324 405
59 212 286
153 75
496 378
67 68
376 330
281 465
61 134 151
108 284
3 5
97 212 132
115 172
16 47
656 420
208 96
585 273
409 4
14 119
857 45
296 388
545 435
16 335
171 549
169 281
434 289 234
344 181
441 179
18 63
336 270
264 115 319
224 74 75
130 134 232 169 173 144 821 54 343
165 47
21 22
138 421
281 292
64 5
128 22
301 893 406
114 115
201 778
108 964
256 313
324 126
67 68
282 334
108 933 255
136 76 438
69 509
600 159
108 63
808 133
17 339
169 459
352 96
46 47
97 482 212 132
326 327 328 11 401 307 21 22
835 108 454
216 75
860 686
289 163 234 434 85
52 821
488 497 452
306 133
113 109
64 482
250 45
500 526
281 116
64 60
483 135
75 255
109 191
67 68
15 207
298 18
412 3 4
171 116
115 166
50 51 85
233 53
434 51 50 83 85
369 53
160 435
810 139
96 821
6 7
129 821
96 821
58 60 413
50 51
657 177 178 179
233 538
82 357
52 134
170 166
56 55
58 287
216 401
521 60
202 95
59 3
339 117
76 373
96 197
833 3 5
700 142
193 324
499 142
93 22
449 447
448 800
107 190
56 212
91 63
496 378
664 81
860 413
561 13
52 134
115 213
170 439
59 212
931 239
216 6
65 821
304 184
216 223
97 171
89 90
431 463 212 309 507
13 431
50 51 85
74 75
810 5
328 22
46 47 16 273 275 217
482 810
146 547
64 3
209 286
187 493
22 327
434 373 181 71
418 548 362 172 848 49 114 48 246 443 444 319
264 115
180 382
363 45
496 474 435 420
97 212 132
860 686
337 338
266 268
41 26 27 39
170 439
97 212
449 447
18 318
330 107
848 173
161 36
166 136 137 170 171 337 338 339 252 116 437 439 440 438 117 340 124
272 132
67 68
114 246
363 12
171 549
306 991
64 175 881 57 922 60 287
301 174
901 979 116 438 861
216 561
66 14
291 823
107 188
424 264
827 7
72 434 50 51 85 88
368 428
190 191
285 278
272 132
120 334
394 106
821 423
243 159
180 157
378 62
813 413
114 334
372 125
412 116
129 31
104 369
354 102
192 181
67 68
122 22
283 356 284 143
48 49
472 171
30 31
64 3
97 116
126 102
75 223
291 564
122 22
67 68
323 46
169 527
166 170 368 115 29
284 143
106 315
570 675
412 4
448 449 140 141 430 429 447
699 286
88 146 51 423
56 212 55
3 413
744 518
171 549
827 7
64 881
407 500 503
301 102
82 108 63
640 639
424 304
274 84
171 116
283 143
4 413
26 27 39
136 76 116 438 252
340 341
561 460 21
816 138
829 301
85 511
8 265 13
919 201 918 95
425 749 368 211 275 281
184 130
50 51
43 821
117 246
134 94
232 173
1 2 18 317 222
816 138
3 413
608 257 435
212 286
49 77
259 475 63
217 447
96 14
49 76 77
46 47
829 406
377 380 398
18 75
444 334
97 212
184 545
224 269
18 315
307 327
390 183
386 388 296 297 381
59 7
810 286
232 75
189 367
59 108
153 148
343 215
20 268 13
161 401
244 239
98 324
306 686 7
209 196
67 68
97 171
284 495
99 126
122 22
272 133
125 639
296 394
412 7
115 334
449 47
953 510
264 362 117 246 319
410 326
170 29
264 77
171 549
739 212
322 484
448 63
89 303
395 398
196 5
145 255
833 3 827
336 16
56 58
114 319
664 81
292 295
184 88
52 918
160 234 235 236 237 238 239 240 241 210 211 244 243 242 245
563 427
147 53
76 254
454 63
129 198
816 58 138
233 53
217 46
233 538
129 180
56 127
144 475
264 445
88 49 51
98 324 301 103
97 482 212
171 108
104 394
24 25 26 27 28 29 30 31 32 33 34 35 36 37 38 39 40 41 591
250 45
266 20
171 116
144 63
184 169
64 3 4 5
232 61
69 70
75 342 310 312 216 317 223
97 252
266 268
136 76 77 49 438 254
508 244
129 166 594 52 821 31
522 483 135
140 270
259 475
56 739
130 459
129 821
170 117
46 270
373 374
420 653
209 821
48 87
18 227
56 60
36 591 87
897 406
720 158
67 68
129 821
107 460 75 188 223
909 95
41 246
64 130 4 304 184 58 59
185 510
185 69
108 255
171 549
52 45
108 255
609 805 265 266 267 233 62
64 282 3
401 21
918 206
427 319
508 244
432 161
216 129 435
209 286
64 60
441 66
178 75
184 199
18 310
65 303
201 95
129 777 168 52 821 197 198 199 200 201 202 203 204 205 206 207 208 594 95 96
122 211
460 269
296 297
860 686
312 223
57 59 60
216 224 75 223
451 276
914 957 934
71 433 50 434 51 181 373 218
652 302
255 108 63
88 59
236 237
122 490
302 174
30 439
16 47
281 421
369 538 233 53
530 467
272 212
754 471
553 521 138 533 55 58 286
281 122
52 166
202 487
352 180
194 5
232 538
65 490
233 134
248 662
377 380 7
26 39
67 68
326 327 328 11 307 21 22
48 49
496 378
522 483
483 341
344 161
439 87
124 439
451 439
93 22
89 90
8 267
24 129
3 4 413
144 326
472 256
90 302
64 175
147 53
376 81 108
97 90 303
289 163 72 434 85
216 215
265 442
409 138
561 75
720 158
29 166
545 435
42 52
21 22
957 934
317 223
516 527 276 790 414 169 427 173 177 178 563 179 441 66 201 841 459 480 494 124
58 7
600 159
507 366
330 91
180 382
114 246
810 90
96 129
388 199
60 887
827 196
459 292
115 291
56 161
41 246
821 423
283 590
234 237
302 14
352 123
132 133
608 260 107 75 460 21 406 22 86 538 316 317 223
20 13
680 81
698 415
130 115
282 302
354 355
186 354
161 234
233 369 53 538 62
8 570
161 108 284 84
10 499
106 250
264 115
90 60
42 43
901 136 116 438 252 861
378 491
67 68
158 351
435 63
301 406
163 433 50 434 51 181 373 85 153 218
291 485
6 7
897 406
418 548 486 264 424 362 77 334 528 49 114 48 115 246 443 444 445 319
146 107
233 53
499 93
83 47
59 212 286
833 3
156 471
301 406
363 422
363 142
284 63
281 129
67 68
88 49 51
184 330
548 486 264 77 334 48 49 246 443 444 445
208 215
129 378
64 59
4 5
296 284 61
171 117
682 343
449 430
24 29 933
460 269
67 68
930 165
451 459
114 334
322 395
64 3 4 5
499 268
65 250
170 340
65 141
412 413
264 170 117
233 53
778 11
173 414
394 163
12 325
130 451
208 129 96
209 55
272 133
45 366
105 395
306 59
498 341
116 63
62 391
3 5
531 539 499
75 691
656 36 152
161 188
301 103
210 964 244
664 81
522 341
122 396
58 138
76 254
464 463
64 184
339 171
184 130
129 22
114 115
232 281
264 334 246
514 174
245 237
173 94
73 164
82 163
201 179
449 429 430 47 16 141 274 46 273 217
160 210
41 172
172 246
168 573
17 116
192 158 150
67 68
67 68
45 359
609 233 266 267 265 441
177 178 179
139 287
48 49
106 84
296 297 388
72 434 50 83 51 85 122
122 59
420 653
114 362
67 68
147 53
50 51
368 170 115 29
193 412 5 324
283 255
129 52
132 133
129 347 52
24 252
232 233
84 87
322 395 62 378
345 149
613 51 341
171 166
338 166
450 415
46 270
297 388
321 182
152 428
129 29
67 68
148 461
140 462
616 475
64 409 59 212
321 378
210 59
212 239
848 172 548
304 64 184
857 250 45
306 212
424 264
64 56 212
76 254
179 414 215
67 68
138 3 4 413
266 20
810 303
101 6
412 286
656 471
407 408 359 45 501 502 503 504 505 506 507
265 13
451 420
841 87
64 60 5 846
827 3
212 286
18 315
36 29
392 321
171 116
201 66
680 664
105 395
639 159
132 133
67 68
420 301
451 414
297 182
147 53
82 70
552 724
449 217 270
553 482
114 487
297 394
216 75
3 5
49 51
22 23
108 5
20 662
136 438
161 430 447
412 212 132
901 136 817 754 116 438 252 861
52 94
88 59
265 441
129 821
315 86
16 270
105 322 378
21 22
91 109
317 310
380 7
91 475
356 639
494 527
289 163 71 72 433 434 50 85 181 153 218
369 53
194 195
138 330
376 81
257 212 286
146 59
115 257 83
212 412
409 97
56 55
282 3 253
42 86
88 439
50 51
36 30
4 175
114 443
17 425
61 151
46 47
422 360 361 10 467 214 952
482 212 306
93 22
318 313 86
827 194 59 196
201 821
224 613
302 14
296 388
378 251 182
380 7
104 296
451 229
170 116
108 284
860 686
264 246
106 148
67 68
188 63
155 174
211 143
104 391
330 364
130 427 173
177 178 179
257 519 493 84 153 284
369 53
104 105 369 151 378
680 664
482 212
425 435
96 197
424 264 114 115 982
860 686
833 3
122 211
392 873 908 183 378 157
64 7
244 239
76 254
283 59 143
474 20
121 19
48 117
283 143
233 53
134 262 136 137 26 28 29 31 418 546 166 40 170 172 444 337 338 94 483 362 368 115 117
195 5
441 276 414
909 823
301 174
200 777
664 81
67 68
368 29
20 367
664 81
233 53
105 395
107 279
216 310
21 22
827 7
18 19
441 451
377 263
451 483
160 159
483 341
207 295
171 471
255 108 63
558 134 309 582
64 409 138
217 447
376 358
424 264 334 115 445
83 21
59 499 412
821 53
64 90 4 846
233 557
216 412
3 860
22 231
171 134
662 511
18 227
72 49 434 51 85
146 148
229 219 19 311 313 315 220 765
264 334
9 467
213 166
185 419
12 325
357 358
306 5
321 182
394 388
8 499
284 493
37 31
434 181
67 68
76 254
96 821
656 302
609 266
56 810
572 5 63
481 330
3 413
265 233
69 510
129 347
553 286
114 115 319
64 3
517 518
282 175
192 347
105 322 182 378
897 893
412 517
262 471
352 351
48 114 115
339 246
147 300
952 958
432 5
445 486
505 247 766 431
359 488 333 407 700
2 53
129 166
264 63
488 559
74 75
22 23
3 196
337 339
488 559
291 494
556 12
250 474 435 420
901 331 754 979 116 438 861
377 378
59 3
448 449 323 140 141 430 447
59 3
434 181
810 303 89 90 286
224 75
212 412
923 341
810 59
8 500
302 14
114 251
4 5
531 534
608 696
193 413
163 71 433 434 181 373 218
171 116
232 281
3 4 413 60
59 212
456 486
257 83
33 34 35 546 36 39 40 41 591 26 27 28 29 30 31
97 90
296 19
300 509
827 3
287 7
430 447
442 367
336 270
125 405
67 68
521 138
232 233 557 53 441 62
59 60 253 860
122 396
75 342 310 312 216 317 223
64 161
509 510
409 518
449 270
233 62
106 213
373 135
21 22
59 286
173 94
369 53
184 130
217 270 47
152 30
66 427
377 380
696 22
612 12
330 67
49 41
421 14
67 68
88 485
901 136 116 438 252 861
82 108
495 511
369 53
166 136 137 170 171 337 338 339 252 116 438 439 117 340 124 861
857 122 20
421 14
341 135
219 197
418 36 487 114 115 30 319
32 152
97 212
130 494
233 53
170 439
170 116
107 583
301 119
235 238
435 366
170 171
827 195
369 322
264 170
201 821
345 150
130 459
196 7
9 10
67 68
3 5
185 82 330
289 84
827 194 59 5
731 212
884 166
306 412
29 439
345 179
178 179 630 441 540 62
64 4 5
171 117
495 87
75 342 310 312 216 317 223
160 159
97 171
435 461
113 109
108 405
232 207
21 22
130 250 284
1 251
141 46
833 3
50 85
64 3
64 129 130 330 366 115 22 184
106 43
17 425
67 68
185 474
69 22
378 62
269 223
193 3 4 412
171 428
804 5
458 402
769 98 324 405
354 372 126
435 534
338 302
508 244
265 534
105 378
184 130
159 63
184 17
165 430
41 27 76
160 242
521 3 413
105 395
336 930
81 283
107 21
94 414
536 483
265 13
67 68
216 401
107 491
32 230
348 263
827 3 5
180 157
475 92
24 122 31
429 46
224 75
442 234
106 22
83 284
50 51
810 686
73 260
131 181
177 178 179
441 534
931 159
104 378 251
84 374
67 68
499 142
114 334
369 233 53
180 158
816 138
27 39
353 343
201 95
396 175
170 171
3 196 5
418 319
184 130
451 435
145 255
96 129 197 198 199 200 201 42 203 204 202 206 207 208 168 205 52 95
179 215
170 171 116
376 425
563 427
201 821
301 406
170 116 31
339 116
827 3
184 130
49 334
129 12
133 286
97 810 305 55 89 90 286
180 382
833 3
188 189 63
82 70
129 52
259 475
67 68
3 5
88 22
281 130
291 420
3 5
209 821
860 686
76 254
532 341
107 188
330 479
441 276 414
544 431
519 107 284 153 188
11 21 22 327
56 57
474 7
108 284 406
64 58
67 68
115 246
50 51
202 197
123 124
369 53
510 63
212 286
185 510
441 276 414
481 357
833 3 253
282 412
67 68
64 58 5
140 47
306 7
130 372
532 438
136 817 754 116 252 861
97 90
42 213
3 5
272 4
168 182
769 98 354 100 101 102 641 324 709 99 619 405 663 125
923 341
241 210
282 59
409 3 4
122 211
84 821
64 846
482 412 55
260 261 298 75 249
521 60
64 4
521 60
168 352
306 7
346 181
386 396
171 116 166
378 62
834 366
216 435
177 178
369 53
88 51
122 83
194 3
65 377
264 334
444 39
328 22
210 237
173 94
59 55
378 62
138 253
232 233 278
213 22
41 76 48 49 51 444
368 656
82 510
495 87
58 138 287
195 196 5
129 257 357 166 264 170 235 82 211 116 821 339 115 52 281 122 31 319
296 398
266 571
152 410
273 47
232 1001 538 233
901 331 754 116 861
729 307
82 510
24 821
306 412
11 341
244 239
161 469
235 159
265 441
369 53
69 22
209 565
640 639 47
184 367
97 212
233 538
91 63
321 182
376 664
64 4 60
64 5
376 81
3 5
272 413
89 90
378 284
67 68
314 269
301 893 406
17 425
59 195
665 695
49 76
116 334
284 143
49 334
450 415
264 114 115
43 643
817 171
881 686
432 18
368 22
132 133
642 283
116 117
185 419
38 87
64 58
328 22
166 136 137 170 171 337 338 339 252 116 438 439 117 340 124 861
680 81 664
88 155 174
829 301 406
138 686
24 29
59 87
45 766
296 297
41 76 77 754 438 254
138 108
177 179
369 87
136 76 438
424 264
306 412
18 19
451 814
372 102
64 59 3 196
50 51
93 22
76 254
72 50 51 85
211 159
208 96
56 306
449 141
522 135
616 519
857 250 45
532 166
123 124
848 114
272 413
252 439
521 60
138 108
496 17
262 495
106 171
170 30
28 31
115 334
114 115 334
41 548
339 171
260 21
514 628
369 53
131 263 908 278 150 279 157 285 682 179 180 181 192 852 343 344 215 346 347 349 350 351 352 232 123
67 68
169 173
141 335
490 7
262 439
289 234 163
129 366
64 57
860 686
345 149
282 3
123 348
257 250
521 686
449 46
306 517
3 196
307 174
478 470
129 43
491 460
585 330 291
3 588
113 109
3 7
322 395 182 378 251
418 166 136 40 362 340 117 438 120 28
302 174
64 4 572
3 860
3 196
509 510
96 821
208 96
288 22
194 3 5
64 130 4 304 184 287
105 395
20 63
428 471
266 267
345 177 178 179
441 276 414
490 7
64 175
897 406
483 341
236 237
97 212
96 821
522 135
460 269
394 163
570 10
67 68
394 398
772 14
532 166
313 18
833 3
212 55
286 303
521 93
964 159
169 765
289 234
553 196
380 158
21 22
210 964
45 551
860 413
32 33 37 38 589 24 26 29 30 31
833 4
91 92
369 53
339 116
833 3
892 174 893 406
144 52
184 130 366
67 68
97 171
14 119
141 46
490 7
664 69
532 143
39 41 26 27 444
122 5
306 7
76 254
170 116
160 234 235 236 237 238 239 240 241 210 211 244 243 242 245
264 334
97 212
184 153
67 68
65 529 645 6
367 143
257 435
65 6
88 130
234 211
309 134
754 428 471
82 167
173 414
201 441
108 663
264 170
337 171
860 813
65 529
74 331
138 108
136 438
272 193
67 68
264 246
449 41
432 434
67 68
324 103
211 159
16 46
369 378
114 444
537 87
170 171
114 487
130 527
67 68
283 284
208 821
219 197
3 5
12 957
860 686
302 14
291 573
107 22
456 548
59 3
116 166
881 138 686
173 414
22 23
257 107 406
217 270
11 639
144 406
129 378
456 319
434 181
232 233
585 291
58 3
672 583
624 130
235 239
243 237
472 171 491
147 300
232 181
833 3
88 439
76 77 254
123 124
114 487
410 421
132 133
3 4 413
149 150
210 167
59 60
64 521 57
3 588
171 116
24 30
577 161
302 14
507 431
739 413
104 378 87
98 372
860 7
194 3 58
155 174
592 63
129 821
50 51
195 5
380 158
235 7
155 655
482 3 5 810 212
392 873 908 183 378 157
306 212
345 177 178 179
67 68
162 453 8 361 570 571
18 227
6 7
96 129 197 198 200 777 42 202 204 201 168 207 208 205 594 851 52 95
827 7
813 413
443 334
171 166
446 87
114 443
369 53
227 222
73 260
24 25 36
124 173 62
59 253
225 18
369 53
602 284 167
897 406
97 117
187 71
3 7
3 4
124 252
346 181
64 212
208 96
105 378
403 149
857 363
810 286
428 471
344 279
3 4
810 413
821 207
346 158
397 158
220 173 182
336 16
129 777 168 52 821 197 198 199 200 201 202 203 204 205 206 207 208 594 95 96
144 327
217 165 47
281 130
194 3
194 3 195 196 5 827
285 278
115 334
897 893
930 323 934 140 335 336 593
171 337 338 339 116 117 439 124
372 101
30 439
369 53
108 270
897 301 174 17 406 893
49 334
569 291
283 75
209 55
680 664
897 406
161 82
82 357
369 394
394 309
49 334
42 43
108 159
41 754 171
168 207
901 331 754 116 438 439 861
881 138 59
824 522
50 85
401 21
67 68
20 662
108 132 253
180 382
115 334
161 394 62
3 4 413 60
97 171
522 341
521 138 60
412 6
207 295
64 4
209 212
49 77
118 119
233 53
200 378
69 63
200 378
97 171
192 350
522 341
121 102
21 22
672 188
147 53
341 495
64 138 3 5
289 434
22 23
326 327 328 11 174 401 307 21
115 982
26 27 39
369 105
122 22
217 447
434 71
64 138 572
360 361
827 5
474 300
366 311
107 188
901 754 979 116 861
860 686
234 829
666 59
52 134
617 603
313 18
64 3 5
272 133
130 291 451 134 281 169 715 427 173 271 569
353 343
82 419
161 455
369 53
451 814
848 334
97 212
185 70
302 174
3 7
301 406
496 250
97 171
217 447
65 158
266 13
64 138
212 55
185 82
49 77
860 686
46 270
233 53
982 334
130 107 366 146 435 184
302 598
212 253
115 435
283 367
451 814
91 479
545 821
330 259 475 63
860 287
160 159
166 439
656 428
64 846
373 374
138 60
50 51
72 289 163 85
369 53
616 428
89 90
739 212
161 58
296 388
601 589
64 435
291 485
88 146
641 639
64 130
171 471
97 418
739 60
202 52 198
474 546
569 291
724 93
307 14
260 261
58 306
24 26 27 28 29 30 31 32 33 34 35 546 37 38 39 40 36 41 589 591 722 723
680 81
82 70
304 130
22 30
32 152
67 68
252 861
130 115
41 114
448 140 677
232 233
205 173
171 471
558 582
193 133
260 21
272 3 5
129 594
88 50 51 85
34 439
194 3
3 196 5
833 3
41 26 27 39
3 991
97 334 272 115 212 90 412
444 39
64 306
73 164
3 196 195 4 5
138 282
114 108
286 255
109 261 94
64 435
3 5
394 395
65 6
108 5
909 919
484 215
301 174
490 14
177 178 179
196 7
116 166
67 68
329 330 91
123 124
500 62
233 267
106 45 213
82 63
434 181
104 296
304 175
202 487
152 36
269 495
129 198
4 175
171 116
434 50 51 85
272 401
138 366
64 5 287
216 75 317 223
48 49
64 881
141 447
633 398
186 98
64 4
64 4
744 517
21 22
860 686
377 263
244 236
330 639
362 115
281 129
56 212 950
412 132
514 366
184 372
59 412
243 159
185 108
116 117
239 159
824 567
545 814
153 148
64 130
496 435 366
194 3 5
67 68
412 4
216 75
482 212
378 62
96 197 198 199 200 201 42 203 204 202 206 207 208 168 205 52 95
196 517 6 306 409 412
177 382
61 382
91 470
833 3
17 175
362 28 117 438
129 821
496 171
138 59
291 485
184 130
522 341
64 287
213 254
115 212
194 3
161 454
3 132
496 83
162 268
810 950
233 53
65 435
88 364
56 639
22 215
728 484
252 439
250 435
482 59
49 76
46 140 430 47
212 213
272 133
378 380
359 488 333 407 700
530 923
5 3 4 413
97 252
483 135
42 43
646 415
202 487
301 893
59 412
3 4
90 286
88 821
266 13
67 68
64 7
988 412
363 87
76 254
412 3 4
168 378
16 275 46
336 16 275 335
155 364
914 957 934
482 3 739 5 810 212 56
114 334
116 166
428 471
394 613 405
12 957
99 324
739 212 55
129 821
171 117
378 62
357 250 366 82 83 122
121 95
108 20
179 158
633 398
522 135
181 279
64 846 4 60
256 250
67 68
306 490
67 68
409 4
377 394
163 71 433 50 434 51 85 373 181 153 218
136 338
522 483 135
430 47
85 405
65 413
198 87
153 613
810 303
305 90
124 439
352 343
273 270
200 204
341 135
115 334
171 549
88 51
362 172
147 53
41 28
129 821
901 136 331 116 438 252 861
73 164
390 104 296 396 251 378 379
841 563
495 87
122 191
341 135
451 814
930 934 335
75 310 223
376 81 664
395 182
257 82 366
409 517
272 273
115 319
106 435
482 3
439 7
372 519
212 132
140 141
104 395
25 33
281 15
483 341
170 116
88 50 51 85
155 519
129 821
339 340
369 53
209 5
144 475
724 734
3 195
161 394
522 483
180 62
430 270
76 254
212 55
708 20
412 3 4
345 177 178 179
418 30
57 55
283 164
29 38
131 263 908 278 150 279 157 285 682 179 180 181 192 852 343 344 215 346 347 349 350 352 232 622 123
269 317
48 49
64 57
680 81 82
72 434 50 51 88
307 327
76 254
66 427
827 5
394 386
216 310
207 295
106 213
41 39
65 490
178 332
82 357
333 359
307 724 826 924 734
101 613 405 85 663 88 413
105 390
141 47
1 317
475 108 358
3 195 587 139 435 409 413
265 662
498 341
136 817 754 116 252 861
441 276
8 431
232 233
107 406
171 117
897 301 174 406 893
338 166
122 83
240 374
164 412
3 5
101 102
97 132
122 69
304 211 212 739
640 641 125 639
171 116
485 291 564 573
2 378
642 302
210 59
369 53
161 13
522 341
116 821
262 428 656 471 152
412 3 4
304 106
104 378 87
281 420
322 395
196 4
420 496 474 435 250
296 398
288 82 21 22
196 5
664 81
808 133
322 378
2 107 727 317 190
482 412 413
185 300
648 22
180 382
359 526 499 500 214 408
456 97
108 533
857 547
424 264
410 29
130 115
810 59
122 211
3 103
212 55
49 334
289 161 234 236 146 435 244 533 84 245
106 22
252 117
441 451
88 129 821
217 270
175 287
114 334
897 639
378 62
80 582
122 132
652 302
184 153
305 97
209 212
116 117
264 115 246 63
3 196
585 291
357 358 376 92 479
129 821
860 63
237 239
441 276 414
8 570
201 778
680 376
130 821
136 817 754 116 252 861
97 171
326 327 328 11 401 307 21 22
211 372
827 195
336 98
122 519
58 59
499 359
459 173
154 143
508 244
112 113 109 110
4 813 860
456 334
369 53
30 439
32 954 34 33 36 965 38 39 40 41 591 24 25 26 28 30 31
2 317
88 860
114 115
168 821 207
115 83 334
353 343
49 334
394 213
266 20
130 173 94
3 195 196
310 223
377 394
297 386
272 306
288 21
48 548
170 309
216 74
65 166
85 405
522 599
301 406
330 475
609 805 232 265 266 267 233 53 441
159 129 235 82 83 211 116 115 281 31 319
154 63
250 43
897 639
97 90
538 367
184 330 6 479
810 303
64 860
171 549
22 23
522 341
115 212
648 22
3 196
75 21
242 243 159
931 239
52 582
72 49 50 51 85 88
108 838
136 252
212 412
380 398
499 142
259 411
553 132
483 341
180 158
285 181
67 68
345 177 178 179
897 406
8 570
664 81
97 171
860 686
192 6
64 138 4 5
171 549
369 53
507 142
212 287
338 884
115 427
508 244
915 37
59 212
305 90
322 395
289 163 253
208 96
428 213
170 116
184 199
488 10
192 380
401 97
20 13
810 55
1001 293
58 212
361 372
184 366
250 420
215 131 180 181 279 346
484 158
67 68
88 129 821
107 188 406
116 428
174 301 406
49 51
592 97
369 53
152 36 656
138 686
93 22
312 269
83 84 85 87 122 155
154 63
553 212
58 3 7
286 287
322 414 207 178 179 276 441 62
821 750
184 130
291 485
88 155
184 7
212 55
509 510
550 551 213 668 509 510
322 182
122 83
379 151
107 301 17 406 893
482 212
512 65 421 6 7
39 41 120 27 30
528 115
48 117
378 469
334 303
260 22
427 87
116 439
115 933 334
168 42
441 150
257 284
104 105 378
528 115
117 439
474 435 420
64 4 237 47 304 211 372 212
75 223
341 135
82 115
330 358
909 95
48 49
339 116
418 166 134 136 137 362 172 337 338 117 28 31
6 7
83 87
339 212
59 63
285 150
106 148 213
521 413
212 55
954 700 846
130 134
75 342 310 312 216 317 223
138 572
144 475
114 115
130 291
154 156
74 75 460
104 87
106 435 270 534
339 116
285 150
441 439
19 222
957 934
490 7
931 239
20 13
409 827
369 53
75 63
359 333 407
177 178 179
285 150
522 135
860 5
354 355
20 13
434 163
130 451
162 452 453 8 361 567 570 571
285 278
281 114
328 821
171 319
116 117
122 83 284
901 136 116 438 252 861
248 531 247
272 413
594 205 95 351
130 406
216 269 222
41 114
130 115
666 413
357 639
170 438
245 237
281 54
107 188
4 813
369 53
82 419
129 173
59 212 133
544 184
130 134
195 699
89 810
36 29
171 117
170 171 117
106 148
337 116
407 408 359 44 45 526 500 501 502 503 504 505 507 700 375
130 516
8 567
76 254
369 322 378 105
518 7
482 413
376 81 664
50 85
3 7
211 159
49 334
165 270
285 150
453 142
358 6
11 83
360 505
418 115
122 212
88 519
116 117
48 130
192 279
648 22
177 178 179
118 119
233 61
816 686
861 438
129 106
49 334
36 29 31
67 68
438 166
778 87
212 412
41 114
66 563
21 22
6 7
237 239
272 133
307 70
301 47 211 372 406
24 589
97 92
474 106
170 171
3 4 60
210 122
412 253
409 7
200 204
65 7
301 174 893 406
212 420
250 435
82 510
146 107
230 199
136 41
125 663
3 103
272 132
369 53
344 279
74 75
59 196
482 3 739 5 810 212 56
486 424 264 77 246 445
456 115
192 380
466 787
171 549
499 431
860 686
395 182
161 667
210 43
26 39
739 212 55
161 3 59
75 260
138 253
52 134
210 122
75 222
330 479
64 138
452 453
285 150
264 246
550 174
8 9
181 263
154 63
285 278
88 244
115 548
368 428
544 122 184
59 367
252 439
977 319
75 342 310 312 216 317 223
116 334
833 3
8 431
178 19
67 68
67 68
3 5
82 108
67 68
289 50 85
833 194 3 195 804 5 827
140 820
5 253
376 81
412 133
180 158
488 452
276 173
210 212
192 215
91 475
289 163 71 234 434 85
160 243
87 823
202 199
472 422
28 36
168 378
67 68
296 104 105 369 182 378
125 909
210 964
132 423
233 557
159 63
309 134
266 13
22 23
132 133
129 777 168 52 821 197 198 199 200 201 202 203 204 205 206 207 208 594 95 96
177 414
130 115
394 83
188 406
212 412 287
284 374
496 171
609 805 233 266 267 501
116 117
496 107
96 198
171 471
613 51 85 405 122
65 199
856 300
901 754 979 116 861
16 47
827 3 5
522 135
5 413
156 47
122 83 284 82
260 261 74 75 298 342 249
64 3 4 5 521
170 116
356 284
67 68
233 54
456 340
291 485
368 29
369 378
474 435
64 138
67 68
168 281
115 246
346 158
97 6 7
57 922
132 253
173 182
369 53
29 37 30
860 686
250 435
212 372
330 475
175 287
140 47
218 85
827 3
33 36
108 5
185 82
232 207
107 491
146 107
64 138 175 855 380 286 287
339 116
460 269
486 424 264 77 977 246 445
216 75
18 75
145 187
50 51 85
395 182
250 63
135 434 84 373 87 284
259 1004
554 341
286 175
291 823
60 413
490 7
89 303
116 861 438
288 93
315 222
3 196 5
184 130
424 264
301 406
180 382
83 372
114 319
104 394
274 429
129 821
16 449
344 279
27 41 371 30
185 300
136 41 76 77 49 438 254
289 71
250 435
418 334
860 686
369 53
914 359
497 363 142
257 213
233 538
128 21
96 124 62
129 594
339 171
93 101
304 305
20 13
130 293
242 239
129 108 821 270
202 821
67 68
42 86
96 202 219
64 195 3 5 521 138 139 409 686 57 282 860 253 287
163 390
336 335
467 407
639 159
672 69 550 551 680 81 664 668 509
522 341
64 409
185 191
148 213
810 3
304 305
152 428
600 159
169 291
108 334
824 10
26 39
20 45 366
147 300
67 68
933 87
106 83
129 134 94 79
337 338
113 109
3 196
22 23
244 237
897 357 639
184 435
585 291
306 212
69 510
304 57
587 5
334 246
32 83
24 428
161 69
67 68
364 22
185 330
130 291 451 281 271 569
378 749
378 459
58 138
330 358
114 334
474 499
210 234
8 162
441 276 414
168 232
897 406
138 60
481 357
224 227 134 74 75 298 401 310 184 249
89 90 97
288 22
553 212 133 286
326 327 328 11 401 307 21 22
328 326
99 126
482 739 810 55 56 57 58 59 60
24 29
272 133
184 161
483 341
181 343
353 215
185 82
91 470
216 222
521 58 138
3 196
563 499
901 136 331 817 754 116 438 252 861
283 133
242 159
185 7
152 471
522 555
201 95
130 131 173 279 344 569
321 322 105 395 182 378 251 62
369 378
301 127
369 105
216 821
75 188 223
164 143
3 5
115 334
306 6
161 210
80 582
233 266
696 223
70 191
41 76 754 438 254
330 639
395 182
107 108 304 305 406 90 893
20 45
322 378
306 412
129 777 168 52 821 197 198 199 200 201 202 203 204 205 206 207 208 594 95 96
569 494
212 55
787 53
161 165
110 63
166 439
115 334
475 108 358
129 197
3 212
816 138
161 116 166
234 236
485 573
302 14
600 159
224 18
435 270
175 287
321 182
3 5
272 133
129 821 63
65 441 6
134 582
357 70
281 341
69 510
369 53
3 195
460 223
435 412
185 82 510
64 138 237 211 244
141 429
114 319
210 59
284 84
390 487 104 395 527 15 222 19 179 404 54 86 313 538 381 62
171 471
357 639
114 115
860 813
24 334
122 187
490 7
138 413
184 302
161 58
3 4 860
49 51
97 212
897 893
121 18
114 115
338 339
96 821
272 860
107 188
578 284
483 341
272 244
453 142
409 306
122 309
129 284
500 45
369 322
184 130
3 14
97 212
96 129 197 198 199 200 201 42 203 204 202 206 207 208 168 205 52 95
115 319
29 439
194 3 5
184 89
161 115
322 395
860 686
22 327
170 171
20 662
257 250 213
297 378 379
169 130
20 13
656 262
90 302
272 133
538 171
115 246 319
22 23
483 341
147 53
553 212
273 564
289 163 72 433 434 50 51 85 181 153 218
17 425
890 406
29 166
264 115 334
813 143
291 564
120 754 979 861
91 475
17 291
288 93
283 255
82 147
553 282 212
402 622
519 63
64 282 3
330 22
848 114
122 187
64 4
136 41 76 77 49 254
96 219
200 207
64 5 175 572 63
233 53
83 284
88 146
18 19
64 4 175
441 276 414
198 14
134 558
252 439
3 5
423 106 146 213 253
48 49 51
32 33 34 35 546 36 39 40 41 591 26 27 28 30 31
114 115
264 334
114 115
81 82
130 715
128 22
220 173
171 117
322 381
64 257 250 212
291 564
201 205 95
341 135
22 23
257 446 519
116 117
117 166
185 70
522 174 135
42 86
201 95
282 59
129 347
104 369 378 105
76 254
130 279
260 135 155 174 539
272 244
474 419
369 53
104 322
67 68
449 335
591 471
309 134
241 210
250 428
456 982
272 412 133
82 63
460 164
915 116
353 852
115 334
21 22
114 108 334
378 182
861 439
446 78
336 335
29 31
233 538
289 163 434 84 85
444 39
216 401
754 428 471
749 47
378 251
289 234 59 210
153 255
146 107
74 18
483 341
67 68
184 545
255 108 63
739 55
330 259
522 341
369 53
538 53
161 162
696 107
114 115
114 115
216 314
952 958
210 108
401 21
46 47
162 266 20 13
37 14
482 212
216 18
217 140
321 386 322 104 105 395 369 182 378 251 62
296 297 390 391
4 860
266 20
827 195
358 6
418 486
60 813
170 439
490 7
161 29
833 3
82 510
810 55
212 412
96 129 821 207
357 358 330 376 479
20 13
561 75
82 495
82 107
98 103
833 3
147 53
260 22
41 30
50 51
964 237
420 341
59 253
306 287
338 302
334 22
495 108 87
936 769
272 244
97 212 132
3 4 5 860 413
272 193 412
80 63
59 3
36 262 30
475 63
409 7
64 60 846
88 42 86
161 893 174
3 196
264 115
179 215
202 95
163 72 433 434 181 373 85 153 218
330 259 108 475
180 157
130 427 173
177 179
108 63
458 402
64 846 4 60
76 254
3 196
286 175
168 123
217 47
361 372
96 129 197 198 200 201 42 168 204 205 207 208 52 95
3 7
177 418
305 425
212 372
67 68
36 439
474 20
394 386
259 411
19 134
181 263
8 423
328 6 7
296 386
80 420
88 51
67 109
130 279
369 53
377 842 398
296 398
107 43 222
412 212 132
67 68
64 846
483 341
3 4 5
420 102
554 341
460 718
410 279
116 117
41 27 76 39
347 6 7
474 26
41 901
67 68
3 7
64 138
49 334
530 363
519 174 135
114 443
395 182
523 524
192 181
18 148 154 672 296 170 174 46 47 175 703 454 327 78 356 108 368 116 250
129 821
82 551
59 813
257 250 435
441 178 179
129 594
24 29
3 4
185 70
81 82
41 246
224 19
67 68
537 87
64 57
403 149
336 930
304 63
418 246
208 96
67 68
3 413
116 117
22 327
153 493
88 519
83 167
194 196
306 7
185 82 534
82 357
307 70
177 178 179
67 68
257 106 435 366
185 419
153 434
107 188
135 7
14 215
138 4
64 3 5
49 76
441 535
67 68
368 122
339 116
216 6
893 406
212 59 412
819 340
123 124
49 77
352 378 204
195 5
301 461
372 22
81 82
171 439
129 594 87
64 59
306 412
944 296
60 846
378 182
281 130
10 530
181 279
848 173
857 431
395 182
388 381
578 579
401 174
283 133
451 814
132 210 212 59 412
409 282
901 439
64 4 175
75 222
297 398
301 406
304 364
603 363
548 340
396 390
552 724
67 68
48 49
108 301 406 63
334 319
289 84
857 45
82 87
141 430
24 27
64 60
418 548 486 264 424 362 172 77 528 49 114 48 115 246 443 444 445 319
352 232 202 281
362 334
210 175
170 252
170 338
237 159
109 358
324 125
282 7
281 15
810 807
64 175
145 493
301 406
31 63
67 68
296 297
129 158
212 412
17 490
109 110
569 66
860 813
65 731 6
24 36
161 174 22
394 395
114 115
439 391
170 116
550 70
357 70
259 403
185 419
412 286
24 36
640 211 639 159
122 284
897 301 406
181 71
833 3
46 47
848 41
72 434 50 51 85 88
537 87
429 430
3 5
88 155
561 85
24 28
243 159
369 53
64 138 286
322 62
83 148
250 213
282 7
609 650 467
833 3
296 386
67 68
171 6
97 132
272 133
161 154
322 182
474 31
210 253
289 218
89 90
106 250 148
129 202
48 49
3 5
328 22
334 319
41 76 77 49 254
177 382
154 63
88 51 50 155
108 87
409 90
857 161 363
138 686
28 36
114 115
345 149
200 821
257 250 212 133
708 20
553 59 212
74 331 332 298 18 249
405 655
49 230
233 53
432 373
368 330
281 378
195 699
41 246
232 233
118 119
67 68
97 212
808 193
744 517
848 206
147 188
129 821
451 420
154 108
114 334
161 196
729 22
67 68
517 518
90 63
848 206
185 419
6 7
158 398
369 378 105
977 114
170 171
173 182
170 116
448 449 140 141 430 447
243 211
448 449 140 141 430 429 447
305 90
915 116
367 143
282 212
134 558
80 582
499 142
284 143
313 18
21 189
185 70
456 246
64 139
302 174
281 43
372 101
250 108
105 394
130 459
769 98 355 100 101 102 354 641 324 99 619 405 125 126
88 423
328 22
233 53
114 115
507 431
115 171
48 49
259 63
60 413
67 68
116 340
490 406
824 662
860 686
52 109 110
93 22
425 283
109 94
122 490
6 7
4 63
185 419
66 427
531 366
49 76 77
88 964
410 327
369 53
49 334
58 412
3 196
12 325
356 47
211 159
321 182
301 406
955 108 454 542
302 295
155 156
82 22
171 549
114 951
130 451
3 4 5
192 150
322 395
41 918
170 171 116
72 434 50 51 85
299 550
3 103
860 813 59 60 253
363 422
194 3
169 441
664 81
456 116
483 341
373 63
289 163 433 434 181 373 153 218
363 6
964 927
200 175
340 439
76 254
134 494
64 161
409 306
901 136 137 166 170 171 817 438 439 337 338 339 340 861 124 754 116 117 252
50 51
608 256
302 174
160 211 159
107 43
284 309
107 188
315 22
424 264
439 87
178 179
272 133
154 108
829 301
210 84
122 547
810 303
499 460
435 133
138 3
861 438
170 461
108 63
749 63
174 406
41 27
180 157
58 138
41 172
394 395
914 45
482 3
180 158
163 433 50 434 51 181 373 85 153 218
262 428 656 471 120 152
431 463 212 309 412
114 115
185 7
171 117
97 418
323 270
354 99 100 709
301 406
361 214
224 367
488 559
137 97
82 108
563 427
901 331 754 979 116 861
193 413
173 94
120 77
344 192
88 146 107
258 402
881 686
136 137 171 337 338 339 252 116 438 439 117 340 124
378 182
38 24 30
59 860
130 459
196 518
114 487
32 166
407 179 333 499
166 170 368 115 29
453 142
3 196 5
59 212
285 150
96 219
81 82
120 754 471
108 964 159
264 246
211 235
161 431
281 130
64 572
114 115
67 68
136 438
163 174 406
138 813
451 212
69 22
18 75
185 82
104 322
12 93
829 406
163 71 433 434 181 373 153 218
192 215
41 26 27 39
833 827
129 63
341 174
216 6
76 438
3 7
168 258
176 666 59
304 287
59 14
317 222
212 132
448 449 140 141 447
90 303
303 439
953 510
302 14
257 153 356
881 138
264 246
76 861 438
59 860
609 233 266 267 441
10 507
587 3
328 174 22
362 117
394 322
136 252
928 932 927
539 93
330 475 63
233 179
65 666
739 212
817 171 117
3 195
777 42
167 215
3 196
41 39
64 5
409 306
122 374
521 413
67 68
185 174
827 194 3
130 173
130 63
521 5
729 22
184 82
8 20
216 75
435 171
138 302
304 846
514 227 174 463
72 298 50 51 85
160 238 239 243 159
272 59
257 212 133
216 296
421 302
281 129 134
181 263
136 252
202 95
283 367
82 63
232 233
67 68
302 14
243 159
201 777
61 134
409 3 4
434 181
64 211
60 813
378 182
304 545 130 184
326 327 328 11 401 307 21 22
160 159
378 62
410 119
648 22
827 3
841 87
75 223
69 22
301 406
67 68
569 494
249 298 260 261
394 62
493 511
90 303
42 95
64 3 4 5 90 60
260 261
378 285
123 124
115 29
201 777 909 594 918 919 95
880 243
467 499
488 700 333 407
282 55
170 252
467 422
96 219
166 136 137 170 171 337 338 915 252 116 438 439 117 339 340 124 861
901 331 754 979 116 438 439 861
216 310
495 87
306 212
237 133
82 83
59 234 394 106 143 367 283 84 85 475
537 474
483 135
212 309 431
281 222
16 217
554 483
107 406
147 53
552 22
129 108
18 19
405 63
266 662
85 405
369 53
138 7
120 49 77
521 282 7
106 83
304 305
138 282
3 5
161 148
354 355
64 4 813
212 55
194 3
184 130
380 175
97 132
64 60 5 846
211 235
74 331 75 332 18 249
181 622
120 754 471
129 198
434 181
123 124
378 182 62
3 5
252 439
20 13
93 101
67 68
362 982
74 75
331 557
233 557
517 103
20 13 662
824 662
82 70
821 207
337 338
106 83
321 182
616 405
536 555
171 116
281 291
255 63
120 77
114 439
179 215
185 70
284 495
321 322
48 49
532 255
107 43
906 75 310 312 216 317 223
664 81
810 90
114 443
97 212
233 53
281 170
140 430 270
24 84
813 413
234 213
174 406
272 950
160 211
108 933
691 190
109 479
827 3
136 97
58 4
122 964 159
52 821
208 129
824 453
266 268
516 169 527 400 404
3 860
451 292
130 459
16 217 140 141
64 138
402 131
30 439
18 406
178 179
21 22
216 18
45 407
129 197
284 309
160 239 242 243 159
361 570
833 3 4
881 58 138
80 134
122 83
210 211
376 81 231
521 253
170 171
67 68
158 398
848 41
114 115 319
330 475
121 18
3 195 196
833 3
185 70
181 263
329 479
41 26 27 39
3 7
953 510
306 282
829 406
401 260
107 463
412 413
272 184
827 3
312 75 310
212 127
108 63
232 233
441 276 414
97 212 132
289 59 253
418 486 424 264 362 172 334 246 444 445
283 213
97 170 116
901 331 754 979 116 861
161 540
185 300
3 4
444 86
824 20
931 239
52 821
284 63
49 319
129 173
170 339 639
369 378
401 11 260 510
114 334
378 182 62
420 532
497 507
212 950
394 395
816 195
930 165
192 181
170 116
833 3
821 199
321 182
3 7
161 21
272 132
107 188 21 22
369 53
174 406
362 117
26 39
301 406
49 77
41 371
283 143
138 139
369 53
233 62
259 411
67 68
72 49 434 50 51 85 88
24 87 31
412 3 4
170 166
369 53
808 133
395 380
306 3
664 81
346 158
192 158
330 475
368 428
321 182
70 778 11 174 509
456 264
22 23
3 413
180 157
104 378
67 68
369 53
522 341
41 30
270 447
833 3
6 7
187 71
122 237
532 341
18 387
426 402
18 219
330 479
185 300
964 159
130 451
52 821
441 66
233 53
67 68
386 388 381
424 264
129 777 909 918 919 168 52 821 197 198 199 200 201 202 204 205 206 207 208 594 95 96 752
130 134
67 68
1 147
696 223
522 483 135
495 511
65 821 6
170 124
283 143
129 777 802 168 42 52 821 197 198 199 200 201 202 203 204 205 206 207 208 594 95 96 752
259 411
21 22
362 28 166 262
282 212 412
171 117
666 813
136 76
488 530
132 133 553 272 306 212 412 286
24 97
52 45
908 852
827 7
3 212
857 708
184 420
3 7
544 293
57 234 59 405
585 291
194 5
262 428 656 471 120 152
173 94
569 130
369 53
96 821
59 334
233 285
4 5 860
165 47
409 518
185 474
161 134
499 142
369 53
401 260
616 244
866 60
82 510
67 68
116 861 438
153 468
4 5
306 59
507 239
147 53
4 60
749 406
20 13
67 68
608 545
12 21
366 107 284 406
860 686
153 493
369 53
160 159
686 405 55 58 59
283 358
330 475
106 148
161 454
108 494
296 19
482 55 57 58 60
349 181
15 391
424 982
272 212
376 81
67 68
69 550
115 341
376 81 664
64 59
897 406
65 7
62 214
519 272 55 412 253
114 334
65 490 6 7
126 167
860 813
171 117
5 413
105 378
306 55
321 182
116 340
88 213
827 196
901 166 136 137 170 171 337 338 915 252 116 438 439 117 339 340 124 861
13 87 511
394 309
224 19
108 63
192 350
305 55
296 394
691 302
108 159
977 115
281 204 207
118 119
329 92
301 406
177 179
97 132
18 315
378 83
498 420
58 59
97 90
97 90
322 395
369 53
88 334
754 979 861 901
378 182
41 534
64 3 5
744 518
130 459
233 227
340 117 166
424 456
307 724
301 406
180 158
296 398
931 964
281 108
155 156
829 406
104 105 322
97 132
46 63
296 398
521 5
360 530
45 407
521 138
453 567
184 545
172 334
130 169 459 494 790
129 777 802 168 42 52 821 197 198 199 200 201 202 203 204 205 206 207 208 594 95 96
64 846 130 184
1 2 222
381 102
456 252
128 190
170 171
37 166
495 87
67 68
153 356
328 401
89 90
16 141
260 21
264 114
65 90
209 306
185 191
608 171
381 102
67 68
343 727
217 447
499 239
244 253
114 115
99 324
170 439
454 63
52 119
67 68
483 341
508 244
194 3
376 81
67 68
744 517
435 422
264 334
992 521
306 59
161 170 116
21 231
138 287
15 391
483 341
272 133
108 255
378 182 62
266 13
388 199
901 136 817 754 116 438 439 252 861
283 255
194 827
334 486
74 298
171 117
177 179
336 593 335
233 369 53 538 62
376 115
301 174
169 291
138 139 212 287
481 82 639
201 95
213 463
212 132
72 50 51 85
412 132 133
18 86
96 202
339 639
9 142
29 166
108 63
3 5
503 333 45 500 501 502 407 505
39 41 26 27 444
301 406
19 222
284 366
346 215
171 549
347 295
317 223
250 108
205 95
129 63
490 7
58 4
67 68
104 395
296 297
194 5
739 212
114 486
3 108 5
289 163 234 434 85
65 418
821 198
21 93 22
21 22
67 68
434 71
24 29
386 388 296 297 381
434 373 181
184 199
64 57
8 857
377 158 381 398
106 83
369 53
51 85
64 57
96 821
456 319
388 199
97 90
265 233
177 178 179
242 235 237
307 510
438 166
195 196
34 40 41 120 30
67 68
528 114
817 171
195 196
301 406
328 22
362 115
83 237
105 378
216 435
824 20
514 174
138 60
235 159
253 7
192 158
696 316
289 71 434 373 181
449 273 47
211 235
67 68
108 284
272 412
297 394
116 117
451 439
28 29
89 90
180 157
8 363
130 279
41 418
170 116
488 333 407 700 701
114 334
160 964 239 244 159
57 810
754 471
561 460
116 124
860 686
425 250
161 46
21 93 22
24 31
161 269
19 75
306 212
901 331 754 979 438 861
262 428 656 471 152
74 75
521 306 7
75 550
608 43
233 538
205 281 516 573
181 263
424 456
67 68
682 351
88 49 51
21 22
209 636
648 22
56 810 212 55
291 573
9 142
105 322
122 18
52 918
582 812 78 558 80 498 532 540 446
211 63
264 114 319
217 677 270 429
439 7
88 49 51
210 237
330 170 107 82 188
129 777 909 918 919 168 52 821 197 198 199 200 201 202 204 205 206 207 208 594 95 96 752
122 212
216 43
264 528 920 926 418 548 424 172 48 49 443 444 445 319 77 334 848 486 362 114 115 246
41 26 27 39
281 130
58 138
816 138
170 439
22 23
360 914 214 952 958
184 130
171 117
306 413
296 388
3 7
48 49
344 181
3 4 5
306 282
97 92
209 3
166 246
233 369 53 538 62
3 196
301 406
301 406
306 412
418 548 264 424 362 172 528 848 114 115 246 445 926 319
338 166
307 70
378 62
115 107
808 133
369 53
82 70
130 134 114 115 184 29 30
66 499
301 406
530 422
330 358
301 406
233 612
65 7
138 108
65 490 6 7
846 686
369 53
388 199
281 295
283 85
139 287
275 46
378 251
18 315
69 421
96 821
66 291
860 686
41 114
810 55
66 402
405 167
376 357
65 377 398
369 53
120 49 77
313 227 63
67 68
97 90
259 67 357 358 109 144 475 376 91 92 479
82 510
75 223
412 517
20 662
379 388
200 96
456 116
154 108
289 163 71 72 433 50 434 51 85 373 181 218
284 87
36 439
390 487 104 395 527 15 222 19 179 404 54 86 313 538 381 62
108 5
301 406
3 860 253
64 372
170 116
378 395 182
380 7
418 424 264 362 114 115 246 445 319
860 7
561 460
484 215
59 212
821 53
233 53
304 184
52 119
146 107
64 4 175
184 435
331 557
88 191
682 181
82 108 63
158 398
344 192
161 154
64 521 57
264 115
409 518
496 107
301 406
330 92
171 117
171 117
59 405
22 6
108 5
65 6 7
171 420
16 63
521 138
21 93 22
233 538
64 4
164 84
64 5
353 215
216 435
860 686
301 127
309 134
378 182
147 53
262 428 656 471 120 152
48 114
306 699
420 79
206 87
184 330
666 59 813
554 135
159 63
297 386
145 493
22 23
354 372 101
5 3 413
537 21
98 324 301 103
58 686
400 130
50 85
21 69
602 142
521 3 5
435 860
296 284 61
140 447
281 15
177 293
20 13
495 87
98 324
179 215
322 378
336 593
373 174 135
184 6
146 122
545 7
283 367
29 30
161 114
420 29
19 75
171 428
378 61
281 129
739 212
56 58
58 253
3 5
67 68
48 49
497 452
48 49
67 68
324 405
67 68
360 467
161 82
32 428
185 70
171 439
380 158
483 341
289 218 163
336 593 335
600 159
72 367 433 434 85 218
195 239
122 83
570 675
313 227 254 63
82 300
169 516 293
317 222
128 23
208 129 96
234 57 282 59 60
105 378
405 63
284 519
64 257 490 107 366 47 211 212 406
211 159
67 68
59 860
108 727
64 287
106 148
64 3 4
67 68
483 341
108 133
296 284
376 664
306 212
56 212
96 821
64 138
514 174
656 173
152 87
129 202
93 22
264 528 920 926 418 548 424 172 48 49 443 444 445 319 77 334 848 486 362 114 115 246
171 116
67 68
932 159
162 13
37 31
212 55
124 439
18 220
124 252
449 430
699 55
306 212 412
672 82
521 306
432 161
108 301 406
451 124
180 382
514 519
180 181
328 22
131 285
953 510
81 175 287
180 157
289 71
582 22
169 451
116 534
616 519
421 119
267 526
130 803
860 686
50 51
3 5
376 67
116 124
233 369 53 538 62
28 45 94 52
200 129 42 168
344 161 181
708 526 500 603 701
369 378
89 90
136 438
602 85
441 451
369 378 251 105
97 212
59 5 63
322 62
611 90 620 304 57 58
341 135
302 598
296 297
97 116
84 495
140 47
16 175
897 301 893 406
252 439
67 68
369 53
514 93
272 212
897 301
229 343
435 130 821 181
3 4 5
305 90
953 510
409 306
91 12
881 138
538 15
22 23
59 175
146 107
3 4
563 66 427 402
363 45 366 507 63
285 181
227 63
857 363 108
816 860
336 449
810 90 303
304 212
49 41
58 287
951 167
209 59
122 94
4 5
274 46
284 61
424 264
212 127
232 233 53 441 62
233 53
48 42
76 254
252 439
130 372
163 405
97 246
369 53
64 129 3 5 42 175 287
58 686
362 172
356 213
45 406
212 132
116 439
257 366
860 413
810 412 286 55
138 3 5
233 53
265 441
561 85
184 474 435
232 233
96 821
369 53
301 103
585 291
860 5
107 161 43
245 237
67 68
369 53
124 252
140 47
744 517
75 269 223
897 301 174 406 893
656 281
312 216
232 646
307 724
564 573
420 301
81 82
338 116
184 115
418 115
161 172
103 6 7
141 46
304 620
3 5
296 284
76 254
161 153
184 129
918 95
5 7
242 243
380 7
160 441
720 380
522 341
430 447
177 179
52 94
67 68
880 243
177 179
170 171
369 53
451 212
358 22
115 334
395 182
108 933
1 19
16 126
32 33 34 35 546 36 39 40 41 28 591 26 27 444 29 30 31
369 53
136 438
101 143
412 132
808 133
345 177 178 179
378 61
16 46
155 174
857 708
67 68
89 303
75 222
164 213
860 686
554 483
272 132 133
139 287
67 68
395 382
897 301 893 406
395 182
778 11
114 115 319
98 99
50 298
672 357 358 109 113 376
667 12
174 22
264 114
107 188
4 813
212 412 287
120 49 77
482 212
65 6 7
246 63
161 394 251
3 196 5
155 174
89 90 303
72 50 51 83 84 85 122
521 57
39 439
13 87
13 142
159 63
75 342 310 312 216 317 223
58 813
49 106
49 51
950 7
229 18 342 317 318
49 76 77
514 174
3 5
451 276
184 63
59 405
64 237 47 304 211 372 212
212 63
522 483
931 237
490 7
36 30
233 134
833 3
810 3
378 547
153 284
177 178 179
257 250 107
328 22
272 193 412
64 297 130 82
200 400 343
300 711
132 133
860 686
139 87
304 161 370
232 173
21 93
322 395
272 133
545 130
64 306
184 199
499 15
97 171
114 334
237 239
3 5
487 114 115 319
680 14
482 212
488 333 407 700 701
428 262
212 55
435 372 406
208 161
120 49 77
3 4 860
171 439
410 198
369 105
49 76 77
88 129 821
425 291
29 166
304 90
369 53
932 159
553 132
192 350
264 115
523 524
45 527
67 68
321 322
289 72 50 51 85
317 310
197 821
482 810
123 124
80 134
160 241 243 159
74 75 332 298 18 249
585 564
881 860
482 59
107 188 301 143
264 439
74 359
266 20
418 495
380 182
48 49 334
376 81
532 439
83 148
444 821
129 777 909 918 919 802 168 42 52 821 197 198 199 200 201 202 203 204 205 206 207 208 594 95 96
67 68
106 83
140 270
282 6
180 382
448 800
259 475
211 159
483 341
810 303 89 90 286
64 60
734 327
147 53
85 405
964 237
22 231
171 116
170 171
456 848
67 68
352 181
829 301
67 68
114 115
108 301
82 22
322 395
24 29
21 22
192 150
369 53
212 302
281 43
439 7
350 150
184 545
208 129
352 192
369 53
451 276 459
49 77
42 86
58 412
97 171
265 267
291 87
297 281
933 270 47
334 319
67 68
185 510
177 179
394 122
49 76
114 115
69 70
22 23
22 23
363 108
50 85
296 297 398 377 380
98 324 301 103
161 165
833 3
121 18
484 215
130 494
3 991
573 823
482 306
171 116
97 171
897 82 356 357
140 430 47
3 4 860
170 171
96 821
194 5
380 175
4 324
609 441
166 134 136 137 170 362 368 337 338 115 117 28 29 31
97 170
129 821
547 613 72 234 146 83 85 122
265 233 276 441 414
158 398
69 70
170 116
306 55
88 423
138 59
64 138 572
212 286
302 174 135
435 244
130 459
282 7
64 366 211 212 59
48 49
158 183
59 413
324 405
83 235
50 51 85
97 620
324 405
656 420
184 293
212 132
833 3 5 59
67 68
48 114
138 253
216 314
170 117
28 52
512 285
96 821
833 194 922 827 860
83 491
67 68
928 964 927
901 754 979 116 438 861
250 534
500 142
82 357
115 334
361 214
281 15
233 538
201 129
114 115
96 821
50 85
369 53
41 114
75 269 223
180 382
284 167
544 431
330 115
129 821
289 163 84 85
435 372
216 75 188 223
248 247
304 305
140 47
833 3
64 90 4 60
425 405
92 12
26 39
369 53
170 124
184 427
544 425
860 686
122 85
122 253
262 428 656 471 120 152
58 306
96 129 197 198 199 200 201 42 203 204 202 206 207 208 168 205 52 95
273 187
178 179
160 161 159
114 334
246 319
124 439
284 61
367 255
265 441
467 556
378 491
209 212
166 136 137 170 171 337 338 339 252 116 438 439 117 340 124
161 821
529 490
88 49 51
5 63
680 81
449 39 40 41 120 27 30
129 594 975
114 246
185 191
20 662
97 418
82 63
56 810
108 933 255
65 142
243 239
326 510
284 167
328 22
161 170
38 230
367 143
67 68
41 26 27 39
496 161 148
129 534
18 75
184 130
8 361
860 686
105 395
305 810 286 55
302 94
108 63
561 43
88 423
64 5
289 163
569 130
811 181
50 51
185 419
196 413
833 3
289 20
65 158
550 70
810 686
3 804
213 181
171 116
265 441
296 297
181 150
67 68
306 59
181 215
3 195
41 76 49
96 197 198 199 200 201 42 203 204 202 206 207 208 168 205 52 95
97 171
166 136 137 170 171 337 338 339 252 116 438 439 117 340 124 861
48 49
3 14
132 133
107 45
260 261
345 177 178 179
522 483
216 223
193 3 4 412
230 30
1 317
163 469
833 3
233 53
401 260 261
3 413
3 196
282 846
170 116
67 470
456 97
273 141
424 486
409 4
171 117
49 493
410 172
60 6
352 346 215
212 55
67 68
158 215
65 233
3 196
155 364
140 447
233 53
184 170
67 68
9 500
64 7
424 264
330 291
130 494
59 474 435 212
106 148
281 285
98 324 301 103
194 3 5
129 347
418 486 264 424 172 77 334 48 49 114 115 246 444 445 319
499 142
376 664
434 181
97 212
490 7
184 115 286
67 68
321 182
161 394 62
115 156
406 774
337 116 117 340
97 212
21 93
64 4 60
24 33
833 3 5
330 109
138 108
817 754
857 250 45
272 133
184 63
378 182
378 62
160 964
16 140 141
3 175
266 13
931 239
425 291
48 49
75 260 261
341 135
360 530
114 362
116 143
369 53
76 254
369 53
96 821
97 171 212
328 22
444 39
259 403
75 318
96 197 198 199 200 201 42 203 204 202 206 207 208 168 205 52 95
336 593 335
376 97
3 4
48 49
184 130
169 516
418 77
328 129
255 108 63
162 20
341 135
439 7
76 254
170 171
224 219
90 303
184 153
184 319
856 156
266 13
83 85
232 233 15 53 62
177 178
42 43
307 327
458 527
42 52
522 341 135
216 75 223
475 92 109
208 108
394 270 18 405 24 164 428 174 181 821 442 59 334 78 475 234 494 115 116
211 639
522 341
283 143
264 246 319
418 548 486 264 424 172 77 334 848 49 114 48 115 246 443 444 445 319
87 191
113 67 109 110
252 439
21 22
67 68
184 130
80 48
369 53
96 821
460 757
41 76 254
171 252
24 38
64 282 59 212
195 5
154 106
608 171 549
212 55
362 35
122 83
237 239
495 87
334 246
89 807
35 55
64 409 282 59
76 254
209 3
17 425
3 196
246 319
744 518
784 83
289 106 122 59 253
200 435
141 46
281 285
147 53
116 117
302 174
286 175
84 495
242 500
114 339 246
113 109
409 59
180 263
50 51 85
147 53
3 7
368 17
283 510
554 341 135
216 223
64 810 286
171 116
76 254
496 22
262 428 656 471 120 152
3 4
184 130
97 212
192 158
74 75 298 312 249
378 61
409 517
200 204
369 53
114 334
157 181
369 53
304 910
129 821
419 300
18 220
217 447
833 3
75 167
435 413
458 494
170 639
64 5
881 686
340 166
130 715
184 366
161 116 117
50 51
301 406
97 810 305 55 89 90 286
530 422
184 130
514 510
46 270
217 580 270
555 483
96 821
18 19
301 639
20 63
3 5
145 187
29 406
378 182 62
394 386
35 29
97 253
233 134
252 439
129 821
64 138 304 16 210 211 372 212 89 286 287
65 92
200 207
35 55
6 7
39 41 26 27 444
161 86
369 322 378 105
161 285
301 406
257 212 133
128 190
257 133
513 161
301 406
3 103
827 3
284 454
449 40 41 76 27 30
757 615
136 438
133 167
212 950
13 421
184 479
377 380 398
281 15
138 686
129 52 821 366
496 171
160 242 239
49 51 76
104 105
306 7
827 413
210 59
376 97
59 132
171 471
161 131 181
75 691
64 4
666 686
585 291
171 116
9 45
101 430
328 174 22
16 270
49 41
175 286 287
155 364
347 295
369 53
171 116
330 67
897 174
114 444 319
593 430
881 58
26 39
49 77
395 380
369 53
108 63
169 427
810 3
115 687
3 4 5
115 156
187 255
6 7
115 334
66 390 487 104 395 527 15 222 19 179 466 404 86 313 538 381 62
217 447
171 116
381 391
1 317
291 564
115 334
286 287
321 182
328 174
483 341
881 58
322 182
908 263
546 37
210 212
14 22
444 821
129 52
65 239
421 119
29 30
857 367
739 212 55
115 156
136 116
235 927
209 196
153 116
308 348
376 357
378 182
334 143
157 343
380 158
386 390 391 104 297 296 392 396 105 251 369 183 378 379 381
757 119
388 199
202 821
369 233
124 173 62
200 400
544 184
560 259
177 178 179
485 573 823
833 827
964 238 159
72 218
301 63
708 958
675 142
67 68
67 68
134 143
289 434 71
107 189
181 382
72 50 51 85
50 51
265 441 276 414
20 13
171 471
115 341
378 182
161 307
488 559
147 53
376 244
67 68
358 329 91 112 144 113 376 475 92 479
245 237
813 413
301 406
82 357
161 171
144 479
97 212 5
553 212 286
550 70
322 395
424 264
409 4
83 85
114 115 246 319
181 622
529 374
232 233 557 53
184 115
499 142
64 253
547 821
857 63
178 19
378 61
24 29
390 54
3 5
272 133
232 281
3 813
291 7
48 49
482 739 810 139 272 55 56 57 58 827 60
161 334
284 167
444 117
161 691
699 14
170 339
108 134
3 4
352 343
192 180
813 860 413
451 439
441 276 414
434 181
109 94
32 230
170 589
452 488 10 333 559
62 391
460 269
65 142
91 108
97 210
278 281 168 297 180 182 61 451 204 469 343 215 220 96 352 353 232 104 496 377 378 123
232 285
369 53
402 543
662 503
48 49
208 202
124 173 62
418 115
394 181
395 182
22 327
24 26
296 151
232 207
24 29
474 420 45
122 84
216 129 6
136 41 76 77 438
97 262
67 68
395 62
328 174
175 286 287
116 340
172 6
390 391 392 297 296 396 183
248 247
301 406
18 75
115 284 63
250 213
33 546 39 41 589 591 26 27 28
232 233 441 62
8 857 250 45
140 47
192 180
161 285
585 291
48 39
482 413
180 157
490 7
97 212
24 37
360 530
177 382
580 429
171 471
114 172
328 22
212 412
76 254
475 109
122 547
497 499
553 212
82 550
291 420
184 199
180 158
289 163 71 433 434 181 373 218
130 406
217 447
171 116
378 182 62
57 60
609 233 266 267 265 441
64 212
3 196
860 686
22 23
5 63
171 549
106 181
500 247
873 708
553 413
369 53
115 334
36 30
138 686
83 227
115 319
92 358
59 255
321 182
170 988
608 257 366 435 412
321 182
122 373 374
482 132
257 420
41 28
154 108
522 174 135
41 252
130 250 212
48 371
129 821
369 233 53
577 330
309 439
124 117
448 800
177 516
138 860 686
24 25 36
482 810 686 55 286
64 272
330 11
89 150
305 421
52 31
192 263
161 82
64 58
108 255
114 115 334 319
170 250 364
301 174 893 406
291 87
500 526
334 303
449 27 76 41
639 47
82 63
67 68
130 173
302 174
175 287
161 134
409 306
412 470
418 115
196 5
281 122 52
281 420
179 158
564 485
285 278
184 199
250 420
233 220
173 414
138 686
153 22
860 686
448 270
171 116
59 212
173 414
129 821
18 108
928 964 927
378 182
64 175
490 7
435 155
380 7
136 438
827 3 196 5
257 212 519
475 479
91 92
93 686
171 116
96 943
129 52
114 334
336 593 323 335
609 467 556
212 662
136 861 438
3 103
409 282
860 686
441 276 414
83 821
5 413
585 291
281 435
196 5
107 188
97 611
24 338
184 188
114 115
82 22
4 413
301 406
161 37
114 487
150 285 278
22 23
857 507
307 724 734
138 108
88 84
212 412
418 548 486 264 424 362 77 334 528 49 114 48 115 246 443 444 445 319
8 20
192 149
3 572
283 255
587 195
97 58
130 43
64 3 4 5 138 159
50 51
171 116
418 410
724 734
585 291
363 166
129 821
64 572
192 351
380 158
3 412
283 284
184 199
378 343
301 406
75 260
26 27 39
22 23
14 22
860 813
260 261
130 173
432 50 51 85
90 303
165 47
76 334 48 49 51
59 43
64 4 60
91 14
22 23
499 431
409 3
118 119
522 483
155 423
376 329
49 77
250 29
49 41
16 449
833 3
321 395
307 327
301 893 406
230 199
483 341
64 409 4
64 282 5 846
85 405
409 253
37 30
208 96
435 468
298 906
369 53
360 467
67 68
84 284
145 547
138 108
17 490
306 7
324 405
724 734
860 413
114 115
610 31
377 263
17 425
369 53 398
302 503
35 55
13 574
67 68
570 958
12 93
48 49
330 91
212 55
288 70
130 749
821 423
680 376
122 83 84 106
64 90
250 284
67 68
369 53
330 639
6 7
360 214
3 5
296 297
67 68
169 130
837 359 488 333 526 501 407 700
1 2 317
810 303
3 5
72 289 163 85
122 284 82
129 221
284 167
3 196
202 821
603 500
860 686
301 127
64 257 83 534 122
198 14
76 861 438
897 108 406 63
897 301 893
207 295
138 287
20 662
296 297 388
237 239
272 59 212 739
552 300
227 301
136 76 438
3 5
64 165 175
378 182
57 59 60
233 53
114 334
97 439
301 406
76 254
446 78 79
6 7
123 124
114 251
129 250
167 495 84 87 602
250 212
260 261
301 127
4 860
171 116
639 159
211 108 893 406
522 135
424 77
177 178 179
64 881 287 175
406 774
760 122 727
107 43
26 14
334 246
272 212
569 130
369 53
219 197
6 7
409 282
75 22
3 5
483 219
571 20
65 439
170 252
64 282
281 291
120 754 861 471
483 341
193 3 4 412
833 3 5
1 179
200 42 198
48 49 334
352 158
250 435
721 12
412 55
585 291
158 150
107 406 250 284 63
184 130
266 62
302 174
171 117
323 795
282 212
482 950
691 190
330 291
41 26 27 39
356 284
64 282 3 5
202 52
291 527
59 5
354 405
460 223
608 171
160 238 239 242 243 159
250 45
114 115
267 13
134 166
264 246
521 636
395 182
24 25
114 334
369 53
130 29
64 3
257 435 549
301 639
219 197
67 68
306 195
821 206
744 517
306 7
301 406
104 378 251
212 55
161 380
553 286
412 132 133
97 58
262 428 656 471 120 152
250 212
322 62
114 319
192 215
76 254
616 547
116 117
67 68
570 452
499 142
281 484 14 273
808 133
76 254
97 212
285 181
369 53
107 491
180 157
298 906
933 311
372 100
357 639
421 22
194 827
195 196 5
130 402
74 18
88 237
608 420
170 252
50 51
76 254
401 22
242 235
58 59
67 68
11 22
75 310 312 317 223
5 881 306 213 122 860 253
64 59 255
64 47
304 370
24 36
233 485
720 158
328 22
241 237
500 45
97 620 304 58 925
154 164 334 254
184 199
200 777
212 132
449 270
168 202
833 194 827
8 12
522 63
108 284
160 90
64 195
4 5
334 319
378 151
304 22
171 116
368 170 171 37
860 7
212 302
160 932
186 53
76 254
262 428 656 471 120 152
138 60
245 237 239
185 330
827 3
306 3
18 83
96 821
65 306 212
184 130
153 255
101 102
729 22
26 39
291 573
813 413
493 255
216 74 75
512 421 302
97 418
272 58 212 412
24 25
395 54 15
425 116
281 202
513 156
48 117
317 222
408 527
185 108
208 202 96
664 81
435 420
211 235 237 239
116 117
67 68
169 291
328 21
130 543
166 170 368 115 29
80 134
98 324 301 103
376 81 664
64 108
178 179
76 254
281 15
194 3
328 22
600 159
376 81
330 291
82 686
369 53
441 451
860 686
505 45
344 279
38 87
456 40
249 74 75
589 30
184 199
160 302
265 442
185 82
238 63
106 435
232 458
458 402
8 570
435 22
257 259 330 108 366 153 475
57 306
67 68
606 415
369 441
115 319
496 170
16 270
424 486
96 129
496 279
82 22
371 548
67 68
219 197
75 269
564 485
74 75
130 451
108 63
116 428
146 435
192 215
147 53
171 117
217 270
243 133
3 60
194 827
482 412
130 366
3 196
130 293
409 282
827 3
99 405
194 827
107 435
24 25 36 29
48 49
435 475
129 821
138 686
9 13 359
386 381
29 37
296 297 388
465 130
232 233
448 449 41 141 430 447
174 406
265 441
901 136 331 817 754 116 438 439 252 861
496 106 366
616 829
75 87
560 283
433 218 367
296 386 378
45 359
395 183
74 75
652 421
369 53
88 129
64 553 138 306 212 58 412 286
494 527
50 85
534 30
185 7
330 475
65 821
212 412
12 134
306 7
97 843 212
283 63
195 5
352 421
3 195 5
219 197
91 14
113 109
104 353 220 61
475 357
161 162
56 59
193 3
3 195
185 510
219 197
593 270
641 354 99 100 101 405 125
83 284
522 135
330 479
212 519
227 873 178 19 308 18 86 311 697 538 315 318
306 282
354 355 126
115 334
224 18
97 418
301 406
394 396
901 136 331 817 754 116 438 439 252 861
64 59
33 439
3 5
177 293
589 37 30
91 109
243 159
341 134
514 174
33 31
328 474
281 117
64 138 47 304 211 372 212
15 391
739 212
115 334
482 212
129 202
819 93
897 406
243 235
972 4 813
643 22
288 185
88 155
720 377
130 309
257 519 493 84 284
301 406
640 211 639 159
59 196
412 133
378 182 62
72 434 50 51 85
171 117
161 129
901 439
272 950
326 327 11 307 21 22
21 22
296 297
252 439
155 174
64 572
897 639
115 334
281 451
171 116
364 29
64 846
24 954
93 679
140 270
272 133
301 893 406
5 3 413
212 127
326 327 328 11 307 21 22
180 398
24 161
171 549
65 166
346 181
378 573
322 378
116 117
34 35 546 36 39 40 41 26 27 28 30 31
169 130
58 413
28 94
41 26 27 39
378 62
115 212
49 115
67 68
282 7
483 341
438 166
233 538
147 53
169 63
89 97
504 266
166 439
168 527
3 195
24 29
553 212
526 407
67 330 91 92 479
873 378
24 31
171 471
209 212
129 821
4 413
482 212
284 519
265 499
657 123
212 132
827 3 5
544 130 109 402 184
170 171
170 252
185 82
265 662
731 108
194 5
259 357 358 144 376 475 479
64 59
283 367
90 934
18 227
369 538
901 817 754 915 861
460 757
66 326
61 151
28 39
252 439
380 182
142 6
250 420
83 84
88 154
180 157
97 303
330 92
281 43
304 130 184
153 93
257 130 519 153 284 29 162 297 304 330 82 211 352 107 364 366 496 372 250
98 99
50 85
50 298
169 292
289 163 83 84 85 122
212 412
217 447
130 715
554 341
75 260
80 134
75 318
296 322
104 379
170 6
3 4
589 30
897 406
291 485
600 133
173 94
67 68
42 86
5 3 435
195 196
465 532 166
64 57
33 28
275 335
345 177 178 179
24 25 26 27 28 29 30 31 32 33 34 35 36 37 38 39 40 41 589 591
64 302
6 135
330 475
829 406
171 117
138 287
243 237
184 130
547 341
321 182
192 131
170 117
306 212
257 284 366
616 547
207 295
286 175
897 711
680 81
97 253
67 68
376 330 479
2 227 229 75 19 222 223
380 158
569 130
129 821
131 278 150 279 157 158 290 682 180 181 192 343 344 345 346 347 349 350 351 353 232 622
114 334
114 487
227 86
28 30
852 181
897 125 406
405 102
827 3
101 405
147 53
424 264 114 115 982
250 428
35 55
708 359 233 467 500 603 701 766
283 191
232 15
224 118 119
264 114 115
281 130
67 68
641 98 354 100 101 102 324 710 99 619 405 663 186 125
4 813
170 171
848 926
808 133
241 58
360 214
17 284
105 378
396 87
34 29
252 439
547 122 83
180 157
64 195 60
369 441
64 3 4 5 521 60
98 324 301 103
138 108
291 485
116 170 124
116 438
395 62
357 358 330 107 479 81 82 376 185 411 184 287
72 434 50 51 85 88
143 167
920 114
59 108
810 686
328 946
18 311
881 138 686
267 566
40 24 27
175 287
8 13
21 22
217 580 270
16 165
153 85
129 821
104 297 296
352 115 156
667 20
194 5
75 222
250 116
496 161
302 174
28 31
216 88
324 405
26 27
170 171 116
362 115
57 60
56 58
59 7
16 335
931 237
3 195 196
8 45
41 444
175 287
603 499
48 115
160 238 239 210 243 242 159
83 148
860 686
250 372
181 150
3 212
71 433 434 51 181 373 218
5 253
284 373
522 483
441 276 414
208 129 184
3 5
41 76 77 49 754 438 254
302 14
301 174
881 138
194 413
766 87
435 334
97 482 212
475 63
336 335
720 158
140 430
260 261
233 557
824 662
378 182 62
612 271
272 412
246 319
173 414
18 19
499 142
233 53
908 263
116 439
219 197
833 194 3 196 5 827 59
192 347
219 197
185 108
305 90
306 7
339 116
97 171
59 3
672 419 550 711 680 510 138 107 551 81 82 21 664 185 474 668 509 190
128 22
369 53
82 330
459 87
419 300
484 215
97 171
69 70
98 324
67 68
829 301
380 183
64 59
667 20 13 662
412 4
3 5
483 341
161 897
34 35 36 40 24 28 30
82 107
137 362
3 196
829 301
306 7
233 53
67 68
1 317
261 94
6 431
860 686
482 212
301 125 639
3 196
180 382
148 213
134 558
5 846
696 165
48 49 371
42 94
522 135
74 359
616 670
106 83
114 319
496 17
169 516
336 16 270
395 182 251
104 233
324 405
75 223
860 7
180 181
108 5
396 909
906 75 310 312 216 317 223
354 99 100 405
48 548
880 243
449 141
161 82
418 334
428 933
58 3
508 244
76 254
52 119
65 225
269 310
106 250 84
24 29
723 29
104 378
115 334
281 292
3 5
6 303
91 14
324 405
104 105
44 333 407
682 181
162 452 453 8 361 567 570 571
388 199
488 559
434 181
42 86
301 639
64 5 587 108 63
96 821
116 166
330 67
266 267
50 51
378 61
418 30
116 117
96 821
107 118
306 132
922 931
688 101
202 821
83 494
378 527
347 158
239 588 623
544 425
24 36 29
2 330 107 496 378
363 142
296 284 61
441 276 414
901 439
283 367
466 810 708 62
107 188 301 406
136 76 77 49 438 254
184 130
235 244
3 5
170 171
982 319
857 45 933
861 438
209 286
216 129
413 7
81 481 82
330 411
3 4 413
64 59
107 22
13 87
59 108
161 821
376 244
41 114
108 63
330 357 358
456 334
42 86
174 406
412 284
456 116
26 439
424 486
88 49 434 51
769 98
336 16 270
46 462
881 686
83 52
41 26 27 39
282 14
202 909
52 821
1 2
364 4 175
550 70
265 142
216 223
860 813
122 373
211 159
108 5
394 534
521 55
448 447
130 427 173
346 181
197 207
188 301
312 269
143 63
129 777 802 168 52 821 197 198 199 200 201 202 203 204 205 206 207 208 594 95 96 752
67 68
258 181
194 827
336 125
6 7
952 958
136 817 754 116 252 861
666 3
766 431
554 522 341 599
65 380
171 471
3 5
497 460
21 93
291 358
75 691
456 982 334 319
18 315
104 527
115 246
170 116
931 237
284 749 63
192 150
3 4 860
87 191
129 173
59 108
123 124
65 451
194 5
536 11
180 151
82 357
250 435
495 284 87
490 7
360 467
184 487
184 130
408 526
861 901
363 166
739 212
210 211
739 212
1 460
260 21 22
208 96
64 306
412 4
341 439
639 159
64 4 521 846 409
67 68
124 173 62
192 346
122 83
664 81
3 413
18 19
210 964
75 222
483 341
138 860
909 206
195 5
59 412
51 163
146 160 289 547 210 211 234 235 236 237 238 239 240 241 242 243 244 245 122
554 522 341
212 132 133 286
152 35 36
82 330
860 813
136 438
341 655
184 420
197 205
376 113 109 358
192 150
136 438
180 158
680 81 664 461
500 503
3 4
67 68
475 92
211 159
114 251
322 182
170 338
124 439
3 195 196 5
272 133
357 358 330 144 479
833 3
553 810
129 52
161 459
696 317
74 75 332 18 249
75 255
184 130
18 311
27 39
10 559
116 813
202 95
144 52
57 59 60
201 918
67 68
488 559
326 510
171 213
459 276
593 335
304 303
97 171
920 444
170 116
74 75
97 132
285 207
17 425
266 13
130 173
334 63
51 50 83 85
190 583
334 319
848 206
97 611 90 620 304 57 58
388 199
522 483
507 212 431
3 163
169 130 279
17 165
233 538
424 456
339 252
482 739 810 55 56 59 60
129 918
105 378
369 53
184 388 199
114 115
924 327
833 3
161 731 148
302 14
45 325
778 341
170 171
285 150
4 60
122 187
72 49 434 50 51 85 88
281 129
300 591
260 261 298 75 249
388 199
259 411
24 117
274 323 141
45 142
592 97
282 846
3 4 413
932 927
59 212
101 405
306 55
860 686
67 68
61 151
185 7
3 5
553 132
227 391 15 527 182
67 68
208 130 173
441 494
46 462
157 181
897 406
284 143
185 70
435 420 366
138 860 686
114 115
639 159
147 317
59 846
897 406
8 452
369 322
64 666 3
474 212
274 46
147 188
180 61
184 130
233 53
64 90 60
857 507
259 411
129 821
97 418
11 340
108 87 63
136 438
8 162
64 256 356 170 330 171 47 82 115 212
64 881 287 175
833 5
428 471
116 252
428 471
429 430
430 7
147 53
82 115
65 97
491 460
507 239
161 180
281 291
108 250 356 63
67 68
485 291 564 573
233 53
64 4 413 60
14 95
378 251
897 893
369 53
129 821
165 175
666 213
548 134
291 494
64 3 5
278 207
377 7
302 14
284 406
3 4 5
578 758
115 982
171 134
136 438
3 413
482 3 739 5 810 212 56
116 166
232 293 61
185 82
49 334
96 198
369 53
49 434 50 51 85 88
184 130
377 389
107 43
672 107 460 269
448 449 140 141 430 429 447
354 405
834 366
96 821
364 29
283 372
129 821
412 59 132 739
429 165 47
150 285 278
881 138
72 49 51 85 88
640 639
266 62
456 445
154 63
778 555
680 14
147 53
257 420 421 107 435 250
96 198
21 93
425 106
334 303
233 53
48 49
367 31
460 269
212 133
148 84
107 108 406 250 63
345 177 178 179
3 195 196 5
88 49 51
304 97
250 259 330
17 171
106 250 148
170 301
64 282 5 846
356 167
115 334
33 34 546 36 39 40 41 591 120 26 27 28 30
50 51
609 267
184 130 366
168 352
739 413
163 542
160 211 159
245 210 237
125 639
260 261
257 107 108 301 406
301 406
285 150
388 381
281 130
122 428
185 82
32 108
29 230
145 493
101 663
192 150
345 177 178 179
36 29
729 401
233 322
217 165
107 188
58 3
3 5
219 197
841 6
3 139
105 378
472 473
171 549
973 510 959
184 420
124 252
460 468
522 483 135
395 182
192 181
377 378
378 182 62
67 68
297 390
418 334
147 53
580 429
212 519
48 334
250 406
322 378
322 395
97 611 90 620 304 57 58
908 263
114 334
668 510
282 59
64 5 846
269 460 757
448 449 323 141 46 274
26 39
482 739
283 85
116 22
281 130
181 279
67 68
194 3
216 757
589 37
193 3 4 412
67 68
61 382
75 310
724 734
161 475 357
405 302
264 406
265 441
528 319
330 92
3 5
104 378 87
744 517
395 380
833 194 3 195 196 827
550 70
296 388
41 334 49 114 116 443
609 267
67 68
49 418
289 234 253
560 519
363 357
395 182
141 430
512 192
64 521 57
116 148
57 810
369 53
41 26 27 39
129 777 909 918 919 802 168 42 52 821 197 198 199 200 201 202 203 204 205 206 207 208 594 95 96
170 116
537 87
233 53
824 522
948 182
67 68
810 55
117 171 549
170 116
3 5
107 188
12 294
424 77
298 261
170 171
314 74
81 474
330 212
224 269
129 821
67 68
257 490
88 534
243 211
189 223
114 334
208 202 96
48 114
260 519 135 174 536 155
106 347
326 327 11 401 307 21 22
108 405
184 65
97 212
8 570
817 954
49 334
64 5 846
212 132
441 201 499
190 455
817 171
49 334
380 158
250 83
3 196
48 42
4 60
507 366
216 223
666 860 813
608 171
301 406
122 213
283 211
289 163 72 50 83 434 51 84 85 122
474 435
58 138
97 171
860 686
589 37
522 483
161 210
587 108 5
171 134
241 210
609 232 265 266 267 233 53 441
75 269
291 573
951 167
212 287
304 372
161 547 613 167 250 106 108 143 83 84 116 374 534 122 63
475 143
208 129
64 129 130 330 115 184
281 130
315 86
380 396
141 430 47
312 269
810 303
368 170 115 29
482 3 5 810 212
67 68
139 212 287
108 63
306 518
744 517
25 30 41
232 233
49 76
272 412 212 132
208 96
12 93
281 233
352 353 682 346 181 279 344 215 347 343
321 182
211 236
211 159
323 46
363 519
184 281 130
130 435
74 75
180 157
180 157
118 119
107 301 406
418 548 486 172 334 48 848 49 443 444
3 813 4 413
115 534
257 284
185 82
169 130
232 233 53 441 62
170 439
160 211 159
418 115
88 364
32 24
1 317
521 60
184 22
192 150
67 68
116 166
235 237 239
824 359
56 55
897 301 174 406 893
810 303 89 90 286
3 5
306 55
64 130 4 184
122 148
396 380 158
769 102
571 662
97 212
180 157
81 122
64 3 5
64 833 3 5 587
257 284
56 60
395 182
500 503
321 182
144 475
142 214
64 372
330 115
395 182
185 283
273 46
209 482
178 18
82 357 70
21 22 231
302 598
299 107
233 538
20 13
369 53
105 378
170 901
204 549
59 132
65 490 7
65 6
69 63
250 435
512 285
64 138 4 5
456 252
313 227 254 63
193 3
536 11
130 427
28 45 94 52
430 270
860 686
481 87
108 63
166 199
163 334
616 145
378 182
18 213
264 115
302 174
266 62
108 63
88 167
433 50 434 51 181 373 85 153 218
233 42
108 250 356 63
330 109
322 380
344 14
233 557
226 190
24 26
810 55
236 237
3 4
104 395
46 449 430 335
114 251
448 800
330 357 358
97 418
180 158
441 179
65 529 6 7
3 4
914 923 957 934
242 239
97 117 262
64 287 175
138 253
250 45
255 63
29 31
41 30
233 369 53 538 62
75 261
313 18
378 62
170 166
553 306
908 852
171 471
483 341
75 261
264 445
922 931
108 63
184 17
208 129
20 13
291 485
156 286
177 179
544 184
107 188 190
184 130
196 7
49 334
49 644
821 909
108 284 63
409 413
89 807
3 5
537 185
67 68
48 49
180 343
116 439
180 181
162 453
964 143
195 196
330 358
930 580 335 336 593
857 45
552 300
108 63
194 827
166 136 137 170 171 337 338 339 252 116 438 439 117 340 124
860 686
210 156
270 255
161 130
322 62
296 394
553 282
22 23
41 27 39
281 134
482 212
827 196
115 487
330 259
431 463 212 309 507
952 142
20 13
242 243
841 87
128 22
744 517
65 129
58 59
74 331
97 171
827 3
195 196
216 219
32 439
328 22
41 26 27 39
70 778 405 174
171 116 14
117 166
3 5
59 5
848 206
339 486
369 53
494 423
45 142
26 11
177 178 179
65 451
116 117
401 261
172 6
244 374
274 141
321 161
296 19
372 405
505 247 766 431
353 343
76 254
253 287
496 209
4 324
161 253
108 334
544 130 419 109 402 184
65 490 7
5 991
3 4
97 212
280 63
67 68
380 7
128 22
58 244
75 318
67 68
237 239
67 68
639 47
296 289
376 81 664
98 324 103
330 358
80 63
105 395
129 116 173 334
171 471
97 620
122 175
18 75
304 184
130 459
170 339
281 285
165 47
315 108
860 5
302 286
3 195 253
136 817 116 439 252 861
487 271
380 158
337 338
456 116
98 324
160 243 159
64 3 5 846 60
306 412
123 124
274 46
739 212
283 227
369 53
20 325
257 213
33 34 35 546 36 39 40 41 591 26 27 28 30 31
34 35 546 36 39 40 41 26 27 28 30 31
82 63
64 90 4 60
72 50 51 85 88
192 123
284 367
284 167
45 366
217 108
322 547
67 68
64 3 4 5 90 60
161 378
145 255
233 538
833 827
282 59
129 166
171 549
304 64
407 321 33 484 680 172 205 526 591 500 534 95 664 603 573 62 351
28 39
138 686
58 686
744 517
778 11
67 68
178 547
264 115
83 133
330 639
213 551
120 49 77
701 662
67 68
160 90
482 810
1 284
656 150
953 510
97 90
217 270
132 133
328 11 326
369 53
104 124 173 62
284 61
315 229
75 222
59 212
490 7
64 572
306 287
67 68
174 135
163 71 433 434 181 373 153 218
153 493
1 460
116 117
168 198
160 964
321 182
88 51
16 335
26 31
64 5
122 181
239 159
67 68
428 262
24 29
115 363 45
306 7
89 90
122 547 253 146
64 3 521 138 409 282 60 413 286
59 813
739 212
177 179
108 334
97 212
212 133
495 87
104 378 87
553 212 133 286
193 833 3 195 196 827
304 97
129 821
388 199
56 58
209 156
195 5
307 724
114 443 246
97 212
128 190
860 686
434 71
88 49 51
810 55
61 134 151
652 302
171 116
180 157
170 171
593 335
418 115
521 138
6 7
82 63
132 133
115 341
347 158
609 142
307 327
696 212
161 59
264 77
328 22
74 75
302 174
453 142
194 3 5
841 441
170 340
117 439
28 166
373 87
739 212
49 483
201 129
116 334
360 214
36 439
301 406
82 70
720 377
24 36 29
418 439
173 414
3 196 5
500 526
48 114
169 292
134 94
439 7
281 170 171 117
304 305
474 250 420
282 7
165 46
490 7
161 185
901 331 817 754 116 252 861
193 4 412
264 115
255 108 63
152 29
529 490
160 243 244
134 130 107 366
403 263
409 413
304 412
821 207
321 182
84 454
138 686 881 58 860
739 212 287
906 75 310 312 216 317 223
216 75 189 223
132 133
428 262
81 82
153 133
173 182
344 821
482 139
609 214
459 516
192 350
881 686
249 74 332 298
108 101
171 116
259 475 63
369 53
560 283 519 167
129 198
884 166
460 757
496 171
553 212
131 181
106 148
744 518
369 53
281 130
180 382
234 159
97 90
67 68
829 301
3 5
170 116
281 233
289 163
241 374
250 372 405
113 109
96 219
281 117
724 734
344 129 43
57 58 60
107 161 43
76 334 48 49 51
362 334
66 201 233 563 276 441 414
538 53
200 129
451 435
3 7
250 107 63
88 42 51 423
59 699
369 53
778 11
380 398
264 83
860 813
448 430
106 18
291 564
386 388 296 297 381
368 29
82 108
160 234 235 236 237 238 239 240 241 210 211 244 243 242 245
50 51
336 335
76 254
412 133
427 93
48 444 39
115 334
192 167
485 564 573 823
266 13
88 435
233 53
339 639
395 182
948 182
114 926
642 334
64 282
180 158
184 130
435 244
326 510
134 494
170 116
171 471
129 130 271 527 20 22 279 281 29 169 304 184 569 64 451 330 465 211 352 107 363 366 115
75 223
609 805 265 266 267 233 499 62
129 130
48 49
217 270
458 66 233 293
129 821
66 283
833 3
171 428
173 414
17 284
106 250
657 263
419 357 550 363 82 185 510
243 159
136 438
291 573
36 63
4 175
401 260 261
616 670
937 573
28 45 94 52
369 53
67 68
656 38
138 212
553 374
237 239
656 302
212 286
50 51
827 3
507 14
37 439
227 63
20 45
363 142 431 15 499 281
216 223
90 303
97 611 90 620 304 57 58 60
74 75 298 18 249
281 129
282 7
340 166
72 434 50 51 85
368 152
114 319
250 213
30 439
427 87
75 261
312 216
488 559
67 68
369 147 53
848 49
194 827
108 284
757 615
51 85
57 59 60 55
32 33 34 35 546 965 36 39 40 41 591 26 27 28 30 31
281 116
67 68
74 75 298 18 249
265 233
881 138
160 234 235 236 237 238 239 240 241 210 211 244 243 242 245
369 53
323 141
217 140
41 76
321 182
821 487
108 373 87 63
289 163 71 433 434 181 373 153 218
212 533 286
734 327
4 813
219 197
3 195 5
140 462
441 177 178 179 345
129 347
57 810 686
441 451
56 521
827 3
266 13
289 163 234 434 85
97 170
37 30
323 270
296 61
104 61
881 686
209 156
5 3 4 413
120 754
147 300
338 116
265 266
702 463
245 237 239
250 84
301 174
554 135
291 358
224 1 314
507 501
160 159
24 25
197 821
184 129
212 286
833 860
816 138
212 412
409 517
377 380
52 821
347 295
65 3 6 7
418 334
354 405
406 519
801 534
232 233 441 62
22 23
304 184
83 821
321 182
380 7
208 96
682 279
368 428
76 861 438
161 307
448 800
65 6
964 244
153 187
6 30
59 3
409 3
161 148 231
138 686
41 27
181 263
553 286
116 117
18 315
57 59 60
208 96
274 430
560 519
96 129 197 198 200 777 42 202 204 201 168 207 208 205 594 851 52 95
482 739 810 686 55 56 57
147 53
149 150
88 439
115 116
64 409 138
17 425
107 886
56 212
396 182
46 270
281 15
232 179
369 53
8 570 453
435 181 494
155 174
72 434 50 51 85
180 343
147 53
90 846
908 157
257 108 153 284 63 255
196 7
67 68
64 3 5 138 409 287
860 413
491 460
217 270
242 239
82 107
901 136 116 438 252 861
144 19
336 335
193 413
490 7
281 459
380 396
232 233
30 439
83 69
200 821
433 50 434 51 181 373 153 218
3 5
41 26 27 39
64 138
120 754 861 901
167 108 83 84 373 87
435 420
210 175
474 7
652 302
341 135
434 435
32 255
264 114 115
41 918
64 58
394 62
241 159
122 284
171 439
272 132
130 271
264 487
326 14
369 53
744 518
130 170 42 435 116 341 439
488 333
232 233 54
147 53
21 22
291 823
273 141
297 398 720 377 380
107 406
59 3 5
318 314 227 86
64 60 5
475 92 479
449 447
369 53
251 167
395 182
52 918
352 322
130 487
64 212
105 322
232 285
45 325
160 159
893 406
180 157
361 372
132 533
810 90
521 413
3 7
682 351
170 22
338 14
48 114
21 22 327
514 174
514 174
180 158
353 682
67 68
129 130 166 363 45 366 115 821 184 281 29 31
448 800
3 195
160 211
166 136 137 170 171 817 337 338 252 116 438 439 117 339 340 124
64 306 3 58
701 662
66 108
395 390 487
861 901
129 821
105 378
64 3 4 5 175 287
1 317
129 95
616 18
170 116
52 821
932 927
115 334
130 406
425 283
306 3
897 301 639
376 664
9 13
289 59
178 18
321 182
67 68
193 4
289 71 72 434 373 218
12 325
65 7
554 135
432 50 51 85
64 846
300 711
96 821
194 5
64 3 4 5 409
184 130
238 927
70 307 174
20 13
720 398
88 439
441 276 414
547 213
988 901
373 374
441 381
569 66
505 972 5
810 413
59 3
435 420
217 63
343 215
56 55
118 119
449 273 46 47
297 390
352 257 181 149 215 347
108 933 255
67 68
74 75 298 18 249
460 269
184 130
547 148
376 81
41 27
192 7
58 3
553 212 286
893 46
401 260
514 75
296 388
3 4
380 7
860 686
67 68
52 821
395 487
161 250
210 244
296 291
30 439
26 39
458 239
76 254
155 260 174 519
161 166
177 178 179
49 334
64 409 282
412 4
4 813
428 262
226 75
538 53
249 1
369 53
219 197
857 20
49 76
26 439
171 116
285 181
224 2 227 229 75 19 222 223
368 749
67 68
146 167
209 482
89 303
352 96
136 41 76 77 49 438 254
220 182
59 7
580 447
357 639
217 580
200 378
184 138 330
3 196
115 334 246
88 146
2 317
96 821
368 170 29 114
39 41 120 27 30
322 395
304 372
388 199
161 59
212 421
250 106 83
412 284
3 412
96 821
449 485
88 394
192 350
115 334
210 159
81 300
485 87
49 548
197 205
6 7
211 159
468 86
141 270
216 18
107 75
123 124
153 367
168 821
139 127
526 766 87 511
530 363
451 814
145 187
116 334
83 494 459
495 87
75 342 310 312 216 317 223
312 260 261 94
1002 3 4
114 246
848 920
328 22
129 108
114 443
297 386
519 367
339 117
561 85
317 310
185 628
28 29 36 31
302 174
395 182
972 5 860
860 686
161 22
48 444
233 441 62
530 214
97 338
193 4
24 29
180 348
185 69
180 157
56 212 55
482 6
108 510
827 3
3 4
821 909
171 117
114 115
195 239
82 300
59 3
67 68
98 99
216 6
96 821
59 253
291 573
744 518
70 14
194 3
115 172
122 253
64 860
89 90 97 303
96 281
168 207
18 227
241 159
107 188
67 68
264 115
168 182 527
202 42
96 202
897 301 174 406 893
121 95
472 171
329 479
41 548
530 142
813 413
129 83
337 338
185 82
441 499
233 53
827 3 5
301 127
106 59
166 170 368 115 29
226 460
97 253
82 358
145 493
97 212
64 572
123 124
64 833 4 138 860
363 20
265 267
821 413
82 87
42 43
394 106
357 302
448 593
88 49 51
467 12 325
587 3 5
169 291
318 86
216 75
59 83
185 7
170 116
80 134
96 219
897 406
24 36 29
4 413
296 388
356 639
57 55
330 358
93 101
617 460
306 59
528 114 319
264 246
124 252
179 158
64 163
107 22
860 686
284 63
67 68
139 287
88 146 107
3 5
93 174
553 212
233 557
305 90
59 5
45 359
435 420
184 603
195 196
82 639
259 67 357 358 329 330 109 111 144 112 113 475 376 91 92 477 478 479
116 124
233 207
264 528 920 926 418 548 424 172 48 49 443 444 445 319 77 334 848 977 486 362 114 115 246
931 239
171 117
250 22
284 84
115 173
810 55
884 166
76 254
216 561
328 22
147 53
250 107
272 90
185 82
48 221
744 517
130 291 451 281 271 569
243 159
122 133
124 173 62
315 86
52 918
289 72 50 51 85
412 287
434 181
18 460
158 150
1 317
171 471
108 301
378 285
276 414
561 85
26 39
64 4 5 90 521 138 304 16 210 211 372 212 184 89 282 286 287
184 45
13 87
45 142
67 68
260 21
369 322
67 68
96 821
140 100
88 821
442 283
118 119
339 639
485 516 573 823
209 482
304 253 933
115 213
65 6
424 486
48 117
86 87
12 93
444 86
97 170
139 287
521 60
425 367
116 117
283 11
302 14
257 170 330 366 304 368 82 115 341 22 29
114 115
3 5
833 5
283 85
401 260 261
281 334
104 527
419 510 300 109 82 185 509 190
291 494
483 341
441 451
122 235
50 51
122 821
97 212
233 538
75 261
514 174
50 51
289 218
161 394 369
424 456
200 96
376 109
92 479
116 439
105 322 378
404 222
105 395
97 212 132
339 38
395 380
217 447
305 286
345 177 178 179
147 53
138 860
321 369
194 827
233 267
108 133
192 6
409 286
67 68
120 41 40
339 116
67 68
49 418
211 159
821 207
285 150
129 821
260 21
569 402 527
36 29
368 22
117 439
296 297 396 391
209 212
97 116
109 14
59 175
827 3
82 300
210 542
122 187 270
170 230 439
97 262
546 37
144 485
185 410
360 361
97 171
66 563
544 184
282 7
301 406
321 386 322 105 395 182 378 251 62
129 108
65 6 7
50 51 83 85 122
97 262
108 63
345 177 178 179
586 494
642 167
124 439
272 273
833 195 196 827
136 339
347 181
255 108 63
161 115
460 269
284 373
931 239
184 545
83 334
76 254
3 196 5
475 92
185 82
418 31
129 250
434 181
20 13
149 150
810 90 303
41 76 77 254
17 366 406 130
217 447
141 46
289 163 71 85 218
97 90
170 427 339 115 87 319
410 66
829 301 406
212 175
184 283
90 934
81 69
530 467
265 267
67 68
357 70
24 410
475 92
897 301 893 406
64 47
193 3
281 435
212 372
26 31
272 132
483 341
3 195 5
124 173 62
602 284
322 378
243 239
475 358
65 6
821 918
297 386
212 55
302 174
22 23
441 150
418 319
177 179
116 117
550 668 509 510
115 334
45 359
435 148
56 55
253 59 60 405
169 516
833 194 3 827 5 59 253
67 68
488 452 559
130 451
334 63
264 115 445
114 362
89 90
257 284
8 142
130 279
443 334
184 412
460 590
265 662
233 557
326 327 328 11 307 21 22
794 207
368 29
860 686
24 33 252
250 63
291 564
217 447
322 182
165 141 47
32 34 35 36 37 40 24 28 30 31
328 22
731 63
233 53
24 25 26 27 28 29 30 31 32 33 34 35 36 37 38 39 40 41 589 591
289 234
158 62
393 297
522 483
444 334
161 105
82 22
160 159
246 319
460 757
992 813
521 57
330 639
372 14
304 97
451 414
456 339
48 49 444
487 130 459 271
46 270
88 334
67 68
744 517
98 103
49 334
394 122
3 195 196 5
569 291
64 59
328 22
3 7
257 315
48 114
114 319
97 132
21 22
3 5
64 409 212 412
378 182
173 94
3 4
57 55
28 94
378 180
123 124
93 69
24 36
74 75 332 298 18 249
75 318
282 59
108 253
465 484
107 188 284
96 821
302 119
120 49 77
67 68
13 574
116 117
346 181 122 279
352 129 47 496 115 156
698 415
109 110
490 7
860 686
817 171
88 428
901 136 817 754 116 438 252 861
200 527
169 459
292 543
443 334
67 68
412 284
881 58
134 558
378 395 182
193 4 412
161 234 236 239 241 146 243 244 242 245 59
442 250 106
170 116
324 7
328 11
616 423
160 932
296 378
739 212
266 20
522 341
448 140
67 68
285 150
77 319
318 367
488 559
58 55
475 63
224 75
8 500
58 59
451 483
499 142
554 483 341
262 428 656 471 120 152
4 5
80 134
509 510
609 232 265 266 267 233 441
536 14
376 81 664
91 67 330 479
321 382
744 103
161 542
211 133
291 7
48 49
521 7
106 29
336 761
208 96
4 237
41 94
466 810 708 190
166 230
120 77
272 412 133
155 174
369 226 87
341 135
421 119
64 4
170 439
147 53
345 149
48 49
3 4
171 116
88 107
821 207
179 215
108 5
201 441
49 77
57 55
600 159
21 22
829 301
115 319
8 375
498 78
171 549
141 7
368 262
42 94
475 358
69 70
129 130 250 63
210 244
444 39
100 405
270 47
169 130
250 356 63
114 479
3 827 195
138 299
42 86
857 45
115 284
106 43
46 462
301 406
368 29
296 297
366 107 406
48 49 51
908 263
354 122
496 17
448 677 140 141 430 335 336 429 447
395 948
3 4
378 182 62
369 53
124 439
107 188
171 471
3 195
184 210
897 301
67 68
521 165
65 6 7
130 494
67 68
401 260
194 3
488 700 333
185 419
416 415
378 251
282 3
233 15
209 212
224 216
362 108
185 70
88 405
456 262
881 306
281 233
616 270
174 406
8 45 366
161 454
82 63
49 77
860 813
180 382
3 4 103
256 367
106 148
130 291 292 451 271 465 569
272 412 133
20 662
216 435
289 71 72 85 181
401 260
115 52
435 534
75 460
200 95
755 556
272 306
64 3 4 5 60
667 20
452 453
64 846
306 7
289 163 71 234 434 85
456 49
216 561
147 53
425 465
810 286
165 47
120 49 77
65 7
301 46
356 639
250 133
13 574
301 125
611 236
434 71
115 319
301 406
65 7
130 366
184 130
441 178
3 195 196
67 68
64 57 58 60
67 68
938 354 101 126
64 4 5
3 4
561 223
424 982
602 813
200 208
192 181
395 182
369 53
52 821
441 451
304 184
488 422
482 212 55
339 117
412 4
707 524
409 4 413
122 83
107 223
441 499
67 68
65 116 6 7
160 964
306 212
128 22
202 821
442 63
369 53
296 297
108 5
46 47
289 234
212 55
66 130 516 169 841 715 427 459 527 177 178 563 179 276 94 441 414
289 163 72 433 50 434 51 85 373 181 153 218
168 207
194 3 5
184 130
184 130 82
41 172
62 233 557 54
67 68
15 527
322 378
533 212 133 286
354 355
108 63
171 471
36 29
213 405
21 93
808 272 133
302 174
442 250 106
618 141
130 923
860 686
3 5
13 15
97 116
161 115
427 63
3 5
24 29
212 412
12 359
166 136 137 170 171 337 338 339 252 116 438 439 117 340 124
169 459
909 823
639 47
67 68
104 284
97 212
281 114 115 319
237 239
328 22
497 142
321 182
330 259 108 475
410 34
48 49
554 135
64 209
64 521
161 131
3 413
264 49 230
64 4 5
297 191
306 7
648 22
369 302
212 55
281 130 279
296 297 388
64 47
923 341
932 927
304 184
708 20
67 68
88 18
59 85
67 68
96 821
212 287
185 419
67 68
138 253
434 373 181
83 860 5
75 332
42 181 494
106 164
108 334
296 297
80 418
130 803
160 243 159
177 178
507 431
67 68
282 212 412
180 263
184 199
3 860
32 31
194 5
180 343
104 547
58 138
318 367
6 7
41 94
153 255
272 133
45 333
98 372
80 15
24 481
666 5
64 3 5 138 287
3 5
281 108
881 138
107 188
474 435
488 700 333 407
424 334
331 439
41 76
413 7
306 7
482 212
16 335
45 375
114 334
412 133
505 410
41 76 77 49 754 438 254
546 37
833 3
75 86
297 386
142 511
352 180
26 39
282 846
123 124
378 62
116 117
212 286
490 7
412 132
484 215
82 357
258 451
202 42
35 55
505 675
500 45
810 5
97 611 620 304 57 58
666 59
29 30
284 319
181 343
827 3 5
330 22
369 53
682 215
369 53
72 434 50 51 85 88
450 415
493 255
608 696
380 158
168 204
115 334
104 233
18 19
530 467
184 821 6
170 338
451 459
188 63
609 232 265 266 267 233 278 441
483 341
140 141 16 210 542
56 194
82 639
97 212
130 459
207 215
388 199
369 538 233 53
301 406
369 378
234 367 83 84 85
376 90
67 68
195 239
264 528 418 548 424 172 48 49 443 444 445 319 77 334 486 362 114 115 246
64 130 184
116 166
96 124 62
161 131
291 494
284 63
130 199
50 85
378 182
64 4 5
168 378
378 380 398
233 53
356 167
171 471
232 233
208 96
412 132
3 7
58 3
184 129 821
75 223
147 300
115 334
212 302
89 807
155 364
378 157
8 214
482 212
334 303
232 173
257 284
302 174
395 487
841 14
284 87
32 33 34 35 546 36 39 40 41 591 26 27 28 30 31
3 196
488 497 452
413 7
264 170 427 339 115 319
4 413
97 116
88 326
444 14
67 68
893 406
64 572
372 324
274 430
209 212
161 22
810 303 89 90 286
67 68
170 439
152 749
488 559
171 116
149 150
291 573
171 117
209 212
218 367
84 373
129 211
82 357
120 77
185 510
283 143
64 4 175
36 29
444 548
3 195
448 140 677 430
272 55
80 582
369 53
346 158
401 260 21
212 133
200 96
334 246
122 22
59 286
105 378
97 303 304 305 89 90 59 253
67 68
388 199
358 479
168 204
218 85
57 234 59
362 117
448 140
223 167
282 860 253 287
193 194 3 195 833 5 196 827 59
181 279
322 395
209 3
11 21 22 327
422 87
88 439
359 488 333 407 700
368 439
170 116
123 124
580 335
257 108 153 284 63 255
67 68
170 439
163 433 434 181 373 153 218
424 334
114 115
42 821
354 355 126
412 3 4
777 131
97 439
833 3
48 418
67 68
114 362
448 441
194 59
824 453
301 174
117 439
429 46 141 47 274
763 517
115 334
474 122
75 261
301 406
50 51
97 212 132
362 117
131 232 622 782 278 285
160 243
227 391 15 527 182
283 255
496 474 435 420
131 181
554 522 341 599
272 132
460 223
509 70
67 68
250 284 406
640 159 160 320 588 210 211 234 235 236 237 238 239 241 242 243 244 245 638
860 686
64 3 4 5 846 60
52 134
64 175
169 427
170 829 406
860 813
97 83 253
964 236
531 534
105 378
860 813
24 33
35 36 29
336 140 335
107 583
145 493 255
386 388
250 83
550 551
34 36
145 493
267 530 531 12
496 22
369 53
67 68
465 494
529 7
357 358
817 754
154 108 63
250 213
304 184
3 4
162 20
64 3 4 5 413
196 60
232 177 178 179 345
49 434 51 85 88
108 159
107 188
16 141
60 55
361 214
369 53
499 44
465 83
496 129 156 47
833 413
594 52
48 49
860 686
3 5
3 7
948 182
50 51 85
114 334
301 406
500 142
155 156
171 117
74 75
614 615
328 11
162 571
18 315
24 25
485 573
59 132
147 300
148 302
180 382
161 82
824 857
282 212 412 58
22 231
97 132
20 13
860 813
425 291
88 507
177 179
134 63
8 366
35 29
857 453
257 122
170 122
897 301 893 406
284 63
301 174
322 395
547 964
96 65
330 479
130 459
192 350
72 50 51 83 85 122
401 93 22
170 116
95 295
291 823
570 452
496 171
441 414
529 6
425 510
22 23
170 171
307 724
46 301 406
184 82
177 178 179
17 175
80 63
369 53
56 212
296 19
108 63
129 206
474 115
282 7
281 233
210 243
88 250
184 107
338 884
125 639
8 162
490 7
67 68
168 975 821 918 919
306 5
490 7
321 182
50 51
257 284
425 284
58 5
590 639
909 823
272 133
170 116
857 213
86 311
352 180 622 279
636 286
21 22
56 306
107 495
22 23
192 180
357 70
338 116
322 104 105 369 378
306 287
64 4 60
67 68
96 821
264 445
259 357 358 329 109 144 475 376 91 92 479
20 13
897 406
291 573
26 27
58 3
180 157
680 81 664
161 893 174
356 639
306 212
435 405
185 410
272 59
339 340
114 362
326 327 328 11 307 21 22
739 212
424 77
177 179
195 699
76 254
384 385 386 387 389 390 391 395 396 398 151 296 297 182 61 104 105 369 379 629 377 378 251 380 381
304 64 184
40 41 918
593 335
174 22
48 49 51 334
992 860
116 124
64 4
256 84
185 487
301 127
161 82
833 3
283 143
171 117
402 622
184 282
253 813
135 599
266 20
186 53
65 6 7 396 398 377 380 158
64 4
260 261 70 298 249 509
8 20
75 223
827 196
860 253
97 170
609 232 265 266 267 233 278 441
537 84 373 87
161 167 108 143 367 495 753 83 595 373 374 87 694 602 122 283 284 63
106 83
241 210
3 636
64 846
394 395
75 367
424 264
171 549
272 133
233 53
282 59
97 418
656 150
122 83 253
305 212
281 115
323 335
50 51 298
97 108
170 116
104 369 378 105
83 284
232 622
67 68
116 124
282 846
138 287
260 261 94
354 405
264 334 977 114 115
163 182
122 366
376 106
451 276
826 307
816 195
474 250
412 132
441 177 178 179
427 173
306 7
827 3
138 7
8 6
1 75
210 212
124 439
272 132
147 53
64 161
321 322 105 395 369 182 378 251 62
49 76
255 63
369 53
18 220
404 527
369 538 233 53
56 59
177 179
301 406
139 287
208 129 108
120 49 77
1 2
106 43 148 213 250
266 214
130 715
49 51
304 305 90 97
115 212
3 196
108 63
18 315
173 94
18 315
827 3
81 509
67 68
161 82
82 550
284 167
174 301 406
187 255
301 406
67 68
116 166
497 452
116 117
107 188
107 406
174 327
194 3 5
296 284
369 53
451 483
323 46
196 7
212 364
424 122 334
72 50 51 85 88
153 148
96 62
394 322
313 18
216 75
116 246
233 53
211 159
192 529
451 420
209 156
264 528 418 548 424 172 48 49 443 444 445 319 77 334 726 486 362 114 115 246
88 327
517 518
75 222
67 68
72 434 50 51 85
699 286
209 482
699 286
857 45
420 461
67 68
14 22
3 4 5
213 174
369 105
1 317
116 213
67 68
289 122
20 453
169 173
507 45 366
817 171
175 287
132 133
64 3 5
428 63
435 420
56 127
233 538
41 918
369 53
833 3 5
421 14 279
341 47
64 58 138
56 7
441 276 414
451 63
67 68
524 837
361 214
284 366
64 4
16 761
14 287
376 81 664
257 366 83 122 284
169 451 494 459
451 439
58 55
321 322
296 297
67 68
860 686
266 267
860 413
255 108 63
561 85
312 296 269
359 526 499 500 214 408
299 686
122 83
496 378
48 444
184 435
662 503
159 63
508 86
96 197
160 159
488 497 452
170 116
412 132 133
744 517
552 724
184 199
155 174
48 49
909 919
32 34 36 37 38 40 24 25 28 29 30 31
160 211 159
482 306
284 143
341 14
981 14
291 823
601 130 459
114 726
410 52
184 130 427 402
616 522
179 215
209 212
184 130
97 482 212
3 195
257 108 153 284 63 255
216 691
115 548
41 246
424 77
282 7
185 419
169 130
491 460
59 253
833 3
291 573
192 279
138 287
41 262
75 310
107 188
769 98 99 100 709 102 101 354 324 405
266 267
59 132
266 268
952 266 958 214
729 97
448 165
21 22
170 171
281 52
148 213
448 140
64 881 287 175
446 255
451 276
833 3 5
116 166
63 71
59 60 739 55
41 76 77 49 754 438 254
353 181
241 210
451 173
499 422
696 229
829 301
376 330 357
860 686
250 142
369 53
505 45
30 487
472 256
484 158
720 842
860 686
50 51
61 151
193 413
243 211 235
11 406 22
67 68
142 7
6 7
64 170
20 63
554 483
425 572 5
208 821
160 159
212 132
499 93
345 378 149 150
233 538
22 23
3 4
58 3
442 474 45
129 197 202 821 122
481 22
264 116
108 406
260 261
547 155
105 378
250 439
114 115
65 406
115 334
529 7
435 420
369 53
32 31
69 70
272 133
212 950
106 435
537 87
122 372 405
174 22
521 60
74 75
209 212
48 49
260 261
147 227
368 161 428
106 250 148
283 143
49 444
272 212
233 220
170 252
860 686
118 119
122 282
553 212
114 246
59 3
352 297 204 180 378
448 430
496 161
132 133
186 53
281 285
243 159
816 521
170 116
829 301
114 495
177 418
416 415
3 4
197 87
161 58
284 167
194 827
482 412
107 188
65 301
304 64
107 188
266 13
721 267
272 133
18 219
185 300
67 68
64 5
163 71 433 434 181 373 153 218
210 964
64 5 287
64 5
138 108
144 485
161 285
264 246
897 108 301 406 893
181 63
249 75
217 447
113 109
58 138
363 556 45 366 20
59 7
739 212
165 140 46 430 47
233 54 15
324 103
171 471
282 59
260 21
171 549
116 302
48 114
19 134
81 130 82
521 138
122 428 143
521 138 60
336 335
64 175 881 57 922 60 287
180 215
498 341
115 5
296 297
273 14
3 5
639 47
49 77
136 137 171 337 338 339 252 116 438 439 117 340 124
237 159
366 107 406
22 23
424 115
686 7
361 650 442 755 730 250
96 821
260 261
881 138
810 686
1002 3
83 22
378 395
441 563
361 106
521 138
83 181
211 159
754 915 901
285 150
451 414
363 422
67 68
378 492
266 62
860 686
953 510
162 8 570 361
108 87
17 175
860 686
107 22
67 68
451 483
603 239
67 68
296 284
114 115
194 59 253
439 7
67 68
3 5 587 212 56
64 3
608 106
297 378 180
3 195
514 174
827 196
1 2 222
64 212
201 778
212 55
300 711
88 146
424 264
67 68
571 662
64 4
833 3 5
321 369
700 333 407
160 932
195 6
67 68
67 68
821 909
336 16
42 86
285 150
701 662
67 109
175 287
304 272
82 357
18 148 154 672 296 170 42 46 47 174 175 181 703 454 327 78 341 356 107 108 368 116 250 507
422 489 142 530 467 499
570 499
56 686
71 433 50 434 51 181 373 218
336 165 335
514 174
496 161
304 97
65 483
810 303 305 89 90 286
88 955
257 255
90 286
116 252
136 116
81 108
648 22
130 291 292 612 169 715 271 54 281 573
122 45
129 821
88 213
200 400
41 26 27 39
13 142
420 341
115 319
107 821
67 68
553 212 286
216 435
860 686
833 194 3 827
183 391
184 153 94
600 159
43 20
490 7
425 881
62 15
64 409 90 4
64 4
67 68
161 79
147 53
352 351
184 130 22
185 82
41 76 254
829 301
59 3
239 159
352 180
64 4
369 53
306 212
296 297
897 639
170 171 116
369 53
378 62
124 439
682 124
810 55
297 278
507 431
260 21
29 22
4 413
326 327 328 11 401 307 21 22
48 49
123 124
435 519 63
213 70
341 135
67 68
13 639
548 340
848 548 334
4 413
28 302
244 237
144 330
97 212
813 933
59 7
18 311
465 484
116 6
28 31
20 662
424 77
720 158
420 6
425 100
304 90
41 26 27 39
301 406
171 549
145 187
972 4
272 133
130 271
140 165
617 603
122 405
64 212
59 412
181 421
428 471
161 59 521
93 23
813 127
827 7
369 53
56 212
96 95
816 860
6 7
142 7
82 22
147 68
3 7
59 3 5 827
83 84 85
334 303
352 346 215
441 459
32 31
64 3 4 5 846 60
27 39
297 278
89 90 97
66 258
184 199
554 599
593 462
170 171
114 251
301 406
810 286
537 87
412 517
301 406
138 60
289 163 71 433 434 181 373 218
824 708
129 821
136 41 76 438 254
165 175
264 246
24 143
494 295
208 129 96
412 133
3 5
178 221
521 60
59 5
301 406
262 428 656 471 120 152
116 117
114 115 319
2 18 122
288 82
264 246
130 173
13 87
258 402
145 493
289 434 163 85
72 434 50 51 85
821 413
213 510
75 342 310 312 216 317 223
21 22
857 161 20
57 60
67 68
418 115
369 276
64 59 3
129 821
656 152 262 471
304 184
248 247
96 129
490 7
41 114
138 60
122 650
448 800
60 813
81 867
161 172
97 171
409 518
81 82
490 83
777 95
177 178 179
153 493
283 367
326 327 328 11 307 21 22
168 169
321 378
394 106 435 83 148 181 253
184 130
96 42 43 86 88 95
460 269
138 686
185 82
114 115
64 5
195 239
708 20
552 724
505 442
170 339
171 549
363 142 497 467 499 603
243 211
161 303
395 390
106 83 84 85 122
901 136 817 754 116 438 252 861
833 3
65 212 412
130 115
64 3 196
97 418
67 68
250 435
82 357
96 821
166 136 137 170 171 337 338 339 252 116 437 439 440 438 117 340 124
576 233
378 284
90 303
464 463
412 4
396 175
64 175
96 219
184 910
232 192
216 75
928 927
241 159
281 108
161 148
857 662
80 134
260 21
107 188 301 406
157 350
138 572
160 235 236 237 238 239 240 241 210 211 244 243 242 245
216 435
282 950
129 52
97 90 303
810 132
378 395
463 212 309 507 59
67 68
301 893 174
3 103
45 359
488 333 501
116 6
59 739
514 174
412 7
48 115
195 5
163 71 72 50 83 434 51 85 122
296 396
434 71
67 68
285 6
41 76 77 49 754 438 254
49 51
116 166
339 170 171 116
500 453
344 181
275 47
41 26 27 39
8 570
306 739
931 235
304 302
24 29
75 222
418 115
569 258
170 115
45 407 505 507 700
860 5
147 53
66 427
160 234 235 236 237 238 239 240 241 210 211 244 243 242 245
124 173 62
988 412
64 306 59 212
405 55 56 57 59
302 598
48 41
948 61 182
3 5
22 23
496 171
108 87
330 358
232 622
8 363
64 5
8 20
129 821
450 415
3 4 413
330 475
3 4
490 7
50 85
458 402
186 355
499 431
357 70
147 53
696 250
230 367
860 413
185 69
897 301 174 406 893
264 334
488 559
108 405
50 51
833 194 3 195 804 5 1002 827
193 3
129 821
521 93
133 302
374 167
177 178
363 422
378 182 62
448 499
522 341
306 287
341 135
28 31
522 135
284 143
67 68
67 68
97 124
96 821
744 518
152 425
213 22
344 192
272 412
21 22
281 114 115
334 319
301 639
346 181
407 408 359 44 45 500 501 502 503 504 505 506 507
170 116 117 166
50 51
82 551
75 223
3 14
368 428
146 253
105 378
24 252
17 341
881 287
298 261
177 179
48 114 548
648 22
434 50 51 85 88
136 861 438
304 89
106 83
357 70 550 363 82
244 133
291 573
418 114
395 182
282 846
136 76 438 254
143 255
507 63
192 263
272 212 133 286
491 461
953 510
283 75
13 87
3 5
490 83
97 418
405 102
184 487
312 679
171 117
3 196 5
171 116
901 136 170 116 438 252 861
522 483
46 462
101 405
289 163 71 433 434 181 373 218
194 3
301 406
64 250 4
155 156
161 130
514 174
264 115
174 519
32 428
414 494
43 20
459 63
3 4
83 84
289 283
166 136 137 170 171 337 338 339 252 116 438 439 117 340 124 861
909 206 848 914 923 700 957
185 82
161 964 241 159
288 70
475 92 109 111
212 302
74 331 75 332 298 18 249
571 20
448 449 140 141 430 429 447
20 662
91 109
289 163 72 434 85
250 108 63
6 303
165 47
640 170 639 47 211 339 159
5 846
262 428 368 656 471 120 152
347 22
547 159
64 108 4
490 7
211 159
234 211
901 136 817 754 116 438 252 861
64 3 4 5 846 60
441 150
244 133
114 319
306 212
289 163 71 234 434 85
412 517
89 97
928 964 927
354 355
495 87
184 130
3 5
41 30
41 26 27 39
373 374
24 26 38
339 639
129 821
106 250
522 483 135
451 459
441 276 414
301 406
209 931
373 374
306 59
330 259
441 414
106 613
304 90
72 50 51 85
138 108
817 171
212 286
114 439
441 201 66 499
169 293 487
138 93
282 59
67 68
59 60
396 158
135 367 434 373 87 122 283 284
211 133
260 261
4 5
177 179
893 406
233 61
145 493
369 53
41 76 77 438 254
173 182
3 195 5
48 49
328 11
330 479
413 7
338 116
114 334
434 50 88 85
59 3 5
67 68
163 433 434 181 373 153 218
67 68
83 284
59 286
841 87
420 653
857 662
250 435
130 715
36 30 439
608 394
312 185
857 499
521 3
46 462
259 411
114 115
510 959
9 359
373 495
421 191
130 451
488 559
589 30
117 439
71 434 50 51 373
232 345
130 459
52 821
303 239
616 146 148
330 22
113 109 358
249 298 261
41 27 39
544 184
288 81
284 493
50 51
424 177
180 157
289 163
833 194 3 195 196 827
3 860
284 143
216 75
8 857
188 301
181 263
664 81
339 639
235 245
18 19 108
378 62
4 175
124 173 62
499 431
46 462
166 136 137 170 171 817 337 338 252 116 438 439 117 339 340 124 861
64 3 4 5 409
547 291
224 219
200 83 204
3 7
56 739 55
881 686
296 394
129 347
65 178
322 378
449 165 430 16 286
4 860
177 215
282 846
452 453
162 20
248 662
81 82 330
105 378 395
720 377
808 133
496 161
138 286
177 178 179
810 412
98 99 324 103
696 107
281 130
180 382
482 212
297 378
827 7
270 47
265 662
212 412
422 489 142 530 467 499
209 739
170 116
75 261
19 367
170 171
106 148
292 494
315 108
909 918 919
89 90
184 29
165 175
493 511
522 341
434 71
284 519
666 59
260 22
251 395
368 425
272 133
401 260 261 70
285 6
230 199
4 413
27 252
21 119
409 282
8 6
18 317
192 181
82 358
36 52
345 149
202 95
769 98 355 100 101 102 354 641 324 709 99 619 372 405 663 125 126
521 138
88 49 51
161 334
174 22
257 130 107 366 494 435 20 857 250
116 6
16 270
76 254
24 37
514 174
114 115
496 170 2 372
322 378
456 848
412 518
71 433 50 434 51 181 373 218
216 310
64 60
64 138 572
187 475
425 47
122 83
97 90
185 300
59 588
67 68
561 85
170 252
283 367
59 4
232 285
569 330
101 663
192 852
184 199
296 297
18 19
49 51
82 357
212 133
306 212
378 62
64 161 59
160 159
124 252
245 237 239
3 413
129 31
67 68
306 287
116 428
257 284
211 159
522 341
666 413
465 484
708 20
3 196
507 45 366
49 76
409 517
485 573
3 7
609 232 233 266 267 499 538
369 378
302 174
22 23
184 199
171 116
106 435 420
281 54
144 481
739 212 55
857 250 45
347 292
296 105
105 378
201 95
122 116
138 108
114 115 246 319
59 253
46 270
253 495
560 161 154
88 507
813 413
427 87
118 119
129 173
270 335
451 459
441 177 178 179 345
82 138
481 639
499 206
218 405
288 801
184 155
328 142
369 53
123 180
516 485
424 334
490 7
18 19
76 262
662 503
4 5
45 359
266 142
104 369 378 105
435 366
285 150
20 13
155 655
116 161 252
3 5 7
816 138
147 53
88 49 51
589 30
345 177 178 179
380 158
250 107
609 265 266 267 268 499
369 53
409 5
48 49
132 133
97 212
5 63
65 490
396 380 158
107 188
89 305 286
3 5
509 70
84 284
297 182
20 13
123 61
266 20
901 817 754 915 861
5 3 253 138
394 182
64 3 4 5 175
136 41 76 77 438 254
115 166
860 686
212 133
507 45 366
4 60
98 101
376 330
4 5
4 413
174 406
194 3 5
528 115 319
17 490
380 182
810 59 58
97 212
547 59
83 821
64 60 5 846
369 53
67 68
64 14
699 286
114 982
133 406
88 181
301 406
49 76 77
459 494
3 587 139 435 409 413
302 14
114 443
296 297 388 390
306 212
180 382
160 821
48 49 114
739 212 55
434 50 51 85 88
195 196
93 101
184 757
418 334
757 167
127 55
59 212
416 415
860 686
3 163
64 4
67 68
330 14
420 334
521 138
4 175
3 4
80 446
233 557
281 341
107 22
170 171
64 4
56 212
13 639
509 70
289 163 85
547 291
107 406 250 284 63
233 15
169 516
49 334
466 708
21 231
88 50 51
67 68
266 214
521 686
3 5
901 166 136 137 170 171 337 338 915 252 116 438 439 117 339 340 124 861
8 13
82 83
216 59
339 116
171 549
41 26 27 39
406 774
115 334
434 71
810 303
441 276 414
75 261
346 215
170 171
33 418
64 161 4 59 60
16 270
301 174
301 406
97 418
18 317
37 166
372 286
369 322 378 105
514 174
680 81 664
465 166
64 521 138
80 420
64 138 282
29 38
282 7
59 286
848 334
49 114
67 68
33 252
76 254
394 398
243 159
561 75 460 223
328 22
67 68
664 81
153 108
301 406
488 700 333 407
107 188
402 563
413 405
217 270
507 431
393 369
257 366 435 472 190
680 81
101 108 405
483 341
576 352 2 130 131 129 297 180 149 215 281 378 735
824 265
161 418 334
284 519
537 87
289 163 71 434 85
547 491
161 167
322 182
108 159
547 475
516 485 564 823 573
105 378
394 396
165 47
569 427
184 130 301 406
321 180
3 196
299 302
505 530
130 293
122 211
83 85
106 243
64 4
972 813 4 413
97 171
108 405 358
67 92
336 323 141
262 428 656 471 120 152
67 68
184 130
74 318
37 31
124 62
65 490
353 343
88 860
250 223
609 267
272 699 55
117 166
105 182
3 5
161 378
114 115
146 435
67 68
224 216
273 310
514 510
129 42
108 284
284 61
173 182
369 53
6 7
881 58
341 135
116 428
249 298 260 261
96 219
153 108
810 212 412
233 53
178 95
499 500
122 11
369 53
827 3
306 412
904 263 815
147 53
136 362 117
171 439
553 59 212
180 382
122 181
67 68
456 334
499 431
233 53
472 256
88 49 51
232 609 266 233
26 546
130 279
405 126
108 5
243 211
488 559
160 241 159
138 686
482 212
553 196
18 315
9 526
129 158
34 36
257 366 107 406
270 47
197 821
59 3 5
64 5 846
371 548
165 175
170 439
482 3 7
50 85
192 263
516 14
168 232 169
521 138
76 254
216 129 435
234 240 241 210 146
589 439
938 354 101 126
90 286
88 514
281 15
50 51
67 68
88 485
376 81 664
3 4 413 60
302 598
369 53
153 87
216 401
59 212
24 41
141 430
116 117
64 116
97 338
409 5 413
123 124
208 96
3 212 5
56 412
37 31
810 950
161 394
49 76 77
860 686
428 262
82 339 639
65 12
444 14
41 30
594 821
401 261
362 115
264 246 319
369 53
369 53
192 852
284 6
378 182
330 11
161 59
272 412
141 430
72 49 434 50 51 85
161 276
390 392 297 296 396 183
22 23
104 369 378 105
46 462
118 614 615
495 87
72 51 85
260 21
696 228
424 264
425 338
296 297
3 196
521 93
50 85
246 63
291 485
168 821
3 7
124 439
25 27
216 18
181 263
18 75
115 319
101 405
664 81
376 115
108 405
192 852
860 686
24 25 26 27 28 29 30 31 32 33 34 35 36 37 38 39 40 41 591
589 30
424 264
827 3
306 412
21 22
301 406
722 230
444 39
18 315
434 50 51 85 88
82 357
210 235
216 18
306 412
449 429 430 47 16 141 46 273 217
388 199
82 107
64 572 286
201 778
32 37
51 644
378 379 151
89 807
245 237
162 20
116 117
232 233 53 278 441 62
304 305
936 101
376 81
48 444
96 219
115 548
17 425
67 68
3 5
18 219
272 132
931 237
334 303
59 5
184 130
345 149
195 196 5
170 339
324 405
369 53
860 5
64 58
212 287
88 857
122 212
185 70
65 90
369 233 53
3 7
217 447
668 510
3 196
326 328 11 401 307 21 22
233 53
48 49
122 83
212 132
429 46 430 16 47 217
24 495 87
870 398
395 182
12 622
161 82
114 115
67 68
80 129
160 159
65 125
901 136 331 817 754 116 438 252 861
184 92
522 135
483 341
90 60
179 215
64 175
104 395
421 302
165 429
256 283
48 49
233 53
827 5
212 412
848 920
195 5
57 60 55
184 257 435
67 68
3 5
171 471
216 43
16 286
769 98 354 100 101 102 641 324 99 619 405 663 125
171 117
3 5 7 306 59
18 75
778 174
76 254
588 5
514 510
67 68
301 406
129 821
378 293
521 138
8 20
82 510
169 516
260 22
67 68
866 60
296 284 61
168 484
181 279
372 213
451 459
816 521 138
160 964
381 102
106 181
394 213
2 297 527 378 251 61
67 68
2 451
52 119
255 108 63
185 82 190
52 198
289 234 163
160 238 239 210 243 242 159
166 31
136 438
430 47
158 150
359 9 10 526 500 407 700
64 4 60
172 334
507 142
212 133
4 5
474 435
98 324
56 59
3 5
50 85
122 547
161 284
146 534
378 182 62
289 434 85
207 295
212 132
171 116
82 70
64 572 253
184 130
435 406
16 275
18 19
3 5
129 821
64 138 47 304 211 372 212
823 351
330 199
18 220
482 108
3 860
129 821
699 132
192 150
184 354
376 244
64 282 59
4 413
378 151
26 439
283 164
233 557
168 134
235 237
720 377 380
67 68
67 68
120 49 77
339 116
67 68
360 467
972 413
322 182
304 90
810 303 89 90 286
72 289 163 85
161 282
205 821
3 4
106 250
283 143
901 331 754 116 861
115 319
50 85
897 301 406
65 6 7
482 212 412
184 330
233 53
170 171 116
136 97
560 283
378 180
474 94
266 267
682 124
88 494
554 341
412 133
122 59
282 302
264 170 427 339 319
424 445
281 52
515 92
810 3 5
184 412
18 310
330 259
76 254
180 382
66 563
329 330 561
107 188
323 141
64 4
124 439
169 130
833 194 3 195 196 827
185 474
171 117
3 991
810 286
3 5
330 475
67 68
212 412
300 591
91 475
425 106
278 281 168 297 180 182 61 451 204 469 343 215 220 96 352 353 232 104 496 377 378 123
100 6
346 215
234 55 57 58 59 60
192 161 181
328 821
412 3 4
161 810
120 428
22 23
91 92 109 478
195 5
528 319
67 68
212 55
212 108
931 964
149 150
303 439
264 115 445
274 46
301 406
321 382
499 142
424 264
827 3
144 485
192 350
897 301 174 406 893
194 827
453 567
67 68
106 250 148
289 163 71 72 434 50 83 85 51 84 122
371 415
291 302
901 754 915 979 471 120 861
161 341
104 105
982 334
184 130
306 7
412 3 4 193
193 518
67 68
499 527
376 108
116 124
97 212
67 68
250 367
127 639
416 415
395 182
185 419
301 893 406
376 81
337 261
59 55
107 406
115 108
2 107 190 378
108 358
49 334
62 759
34 39 40 41 120 25 27 30
369 322 378 105
105 322 378
376 108 63
496 250
3 4
810 286
32 37
192 158
97 418
860 686
169 612
250 590
122 212
357 639
301 406
80 483
257 356
105 378
75 223
18 108 469
170 171
708 701
147 53
418 548 486 264 424 362 172 77 528 49 114 48 115 246 443 444 445 319
257 133
219 341
12 301
699 286
211 159
69 510
312 75 310
64 3 5
74 75
44 45
188 301
160 211
174 519
64 409 138
441 177 178 179 345
656 281 173
250 366
76 861 438
289 434 163 85
97 171
361 214
65 142
170 116
755 212
224 283
64 356 170 330 47 304 211 372 115 212
424 264
75 318
211 143
881 138
136 338 438
193 324
148 14
174 534
210 244
475 951
49 51
134 558
435 12
17 175
739 212
264 330 115 246 319
166 170 368 115 29
212 59 412
161 394
129 821
321 322
177 179
217 165
467 422
59 412
283 235
192 150
160 211
59 253
232 622
67 68
496 284
67 68
41 76 77 49 438
296 297 390 391
266 267
129 821
487 279
435 420
97 212
378 182 62
262 428 656 471 120 152
107 301 174 406 893
377 380 398
810 59 212 286
405 63
64 521
50 85
330 259 366
11 22
202 95
439 7
88 59
639 159
656 281
12 22
233 53
169 347
424 264
27 252
330 259 108 475
306 686
41 76
482 412
93 101
848 114
640 639
262 428 368 656 471 120 152
754 262
297 83
352 346 192 215
66 563
96 219
64 4
146 829
305 90
67 68
141 7
50 51
50 51
356 63
227 86
193 412
212 14
64 58 7
302 260 174
5 3 4 813
67 68
352 2 297 378 61
378 62
337 171
130 451
20 63
73 260
114 334
833 3
250 107 108
860 813
66 427
57 59 60 55
22 23
552 300
152 428
330 259 475 63
171 439
21 22
101 405
283 367 143
24 39
195 239
302 174
114 115
89 97
376 357
49 76
114 246
106 107
169 130
435 270
129 821
378 151
6 7
76 254
211 301 406
145 255
522 341
412 132
481 639
83 84
288 93
160 238 239 242 243 159
315 318
243 211 235
185 257 107 420
824 20
528 6
160 242 239
115 334
169 459
242 243 159
553 521 138 55 58 59 286
284 493
390 377 395 398
272 133
281 130 295
448 447
435 420
106 367 83 84 85 250
281 285
207 204 821 919
428 262
503 375
67 68
402 563
160 235 236 237 238 239 240 241 210 211 244 243 242 245
460 757
456 486
67 68
97 212 132
380 158
82 357
50 51
496 156
108 63
152 428
833 413
82 190
291 109
49 334
241 159
326 327 328 11 401 307 21 22
210 211
266 214
284 61
48 117
154 63
82 70
496 171
115 108 334
210 565
3 7
129 610 134 42 394 428 334 174 78 18 115 116 181 341 24 475
71 433 50 434 51 181 373 218
288 70
136 76 77 49 438
171 117
67 68
18 315
841 233
22 23
113 358
83 550
64 170 330 47 496 115 212 372
394 380
67 68
827 3
64 3 4 5
177 178 179
65 170
529 490
129 594
434 181
67 68
744 517
97 171
185 108
52 94
64 810
129 130 166 134 170 368 115 341 29
368 428
516 414
21 22
20 13
666 860
141 430 270
18 75
3 827 195
222 223
154 63
346 179 215
106 655
171 116
52 821
260 22
380 317
3 4
64 846
83 22
41 26 27 39
339 639
107 491
154 108
195 5
378 622
64 138 282
441 66 499
175 287
369 322 378
265 453
144 470
116 124
170 171
88 49 434 51
561 75
64 3
369 53
139 87
482 7
67 68
36 63
67 109
106 164
930 335
21 93
57 55
114 487
67 68
184 130
341 549
49 334
334 319
456 412 982
352 378
67 92
243 211
49 51
369 538
49 319
83 213
48 49 334
219 197
8 162
20 13
570 13
3 196
412 3 4
343 351
159 63
96 821
3 5
283 589
96 198
409 282
507 108 821 334
173 63
554 341
340 438
336 274 323 141
257 418 366 115 284
49 418
80 63
372 405
321 182
209 212
216 296 61
3 5
507 45
233 53
88 146
1001 293
395 182
233 62
115 334
275 46
97 418
67 68
169 516
180 158
808 133
48 444
680 81
64 521 57
130 173
108 748
488 489 452 559
156 285
720 158
330 67
354 126
184 330 411
264 114 115
833 194
3 4
130 451
212 55
105 322 378
341 79
3 517
396 158
67 68
180 62
216 364
82 156
67 68
105 378
334 319
264 528 920 926 418 548 424 172 48 49 443 444 445 319 77 334 848 977 486 362 114 115 246
18 315
812 78
39 41 26 27 444
449 47
652 302
22 23
341 639
70 14
212 59 412
810 3 5
171 549
652 255
88 107
200 777
296 398
67 68
76 77 334 48 49 51
26 439
388 199
147 53
188 691 108
250 435
212 412 6
256 296 216
202 487
255 108 63
253 55
61 182
378 343
369 53
378 284
25 41
282 59
284 167
274 429
65 134
184 155
48 334
114 115 37
569 330
147 53
232 285
67 68
3 196
301 174
545 495
64 257 572
155 364
363 142
101 495
122 547
293 390 487 296 522 586 342 318
302 174
833 3
242 235
20 13
59 116
147 53
132 133
216 691
938 354 126
442 375
264 445
306 253 7
65 167
281 474 363 114
129 821
169 130
652 302
50 85
67 68
180 398
49 51
209 212
449 429 430 47 16 46 274 273
381 398
89 150
283 367
378 63
59 85 405
424 264
458 239
521 138 60
302 14
171 549
184 330
514 174
222 311
147 53
435 366
10 559
10 500
3 413
185 69
608 171
395 182
289 434 163 85
259 212
264 114 115
33 373
321 322 105 395 182 378 251 62
160 159
402 427
481 67 612 390 561 49 339 212 118 662 122 253
97 108
212 435 412 461
336 593 335
324 103
166 136 137 170 171 337 338 339 252 116 438 439 117 340 124
107 366
250 420
266 530
354 372
66 201 265 233 563 276 441 414
126 125 405
171 116
270 47
41 76 754 438 254
341 135
141 430
217 270
108 301
521 93
209 482
234 211
161 60
64 59
24 34
609 805 265 266 267 233 499 62
162 142
283 164
58 7
376 358
608 171 549
81 69
58 686
26 39
46 462
147 53
74 332
483 341
220 173
56 639 640 159
108 301 406
197 198
509 510
69 221
114 115
291 621
810 286
358 590
336 335
196 5
272 3 133
860 686
359 45 407
617 603
754 861
233 54
195 196
901 331 979 116 438 861
64 165 396 175 81 17 629 380 158
282 3
456 548
64 257 170 366 47 304 211 212 372 115 284
49 334
20 13
24 591
468 63
256 17
381 158
170 301 47 82 339 341 125 639
106 83
200 821
317 310
289 234
97 116
522 483
130 29
166 170 368 115 29
256 17
553 212 412
522 135
36 29
369 53
412 4
258 131 290 426 427 622 402 569
67 68
59 212 133 286
42 197
811 245
146 829
171 117
532 341
114 115
833 3 5
306 195
82 63
61 151
169 130
171 116
158 351
434 181
234 213
212 286 287
83 284
132 133
83 187
64 272
64 4
250 82
194 3
154 63
521 175
69 70
369 53
108 255
3 196
130 279
104 233
115 334
376 357
34 42 48 49 371 86
169 427 173 494 527 281 122 94
184 115
537 87
83 85
291 485
106 143
330 91 92
101 430
402 563
64 129 4 138 237 47 304 211 372 212
65 493
59 286
212 132
188 223
953 510
64 175
388 199
177 178 179
168 281
856 87 191
380 158
155 364
104 251
219 460
233 15
180 382
64 4
250 435
107 188
74 332
58 6
194 3
69 510
378 180
61 62
97 90
609 232 233 266 441
67 68
108 893 406
171 549
83 85
67 68
373 374
66 201 563 276 441 414
97 116
22 23
553 286
88 821
432 72
67 68
232 233
181 150
893 406
168 15
257 519 167 493 153 284
108 63
813 413
97 418
161 42
170 439
114 319
138 686
821 198
136 166
129 250
304 88
45 526
192 350
64 4 175 57 60 287
953 510
449 40 41 76 30
145 493
824 453
964 238
171 117
340 341
24 108
482 306
122 106
3 5
59 3
106 213
184 169
24 25 26 27 28 29 30 31 32 33 34 35 36 37 38 39 40 41 589 591
105 378
301 639
708 266 13 20 958
369 53
50 51
897 301 174 406 893
136 438
298 260 261 94
291 564
451 814
424 264 445 246
140 165
116 143
132 133 553 272 306 212 412 286
88 18
640 639
58 108 138
49 418
168 173
376 81 664
664 81
488 559
185 82
145 255
5 63
289 234
235 237
49 114 41
860 686
490 7
171 117
147 53
24 63
21 93
64 138 282 4
833 5
118 119
500 502
890 301
192 347
161 59
328 22
816 81
58 138
106 83 84 87 122
64 161 572
41 31
569 66 358
435 405
50 85
116 821
250 435
509 510
161 378
184 199
722 230
46 429 270
123 124
145 493
245 237
281 54
194 3 5
104 251
180 382
233 53
104 391
81 82
860 686
289 71 72 85 181
459 276
136 438
459 173
72 50 51 83 85 122
108 174
114 334
18 309
105 395
88 59
816 139
461 534
107 301
166 170 368 115 29
8 857
209 286
76 254
266 452
76 254
122 339
344 362 14
194 3
67 68
394 18
328 174
17 107 301 406
359 488 333 501 700
171 117
482 212 55
96 95
264 291
833 3
418 114
67 68
96 104 232 369 377 378 220
3 7
80 582
860 686
97 22
64 5
129 821
82 550
24 38
474 7
188 156
161 369 105
570 755 675
264 445
163 72 433 50 434 218
429 270
67 68
427 319
170 171
281 15
75 222
64 60
505 431
341 135
267 526
330 291
88 439
330 357
466 708
494 167
672 188
122 83
281 233
485 516 573 823
59 60 739 55
64 846 304 286 287
179 215
144 330
130 451 427 173 184
827 3
65 516
208 202 96
64 846
101 126
490 7
101 430
29 38
41 26 27 39
508 244
97 90
362 252
108 255
421 231
122 547
848 926
64 129 82 211 435 115
860 813
129 42
64 3 196 5 533
64 846 4 60
57 59 60
897 301 893 406
184 257
193 3 195 196 827
64 3 195 804 244 827 253
52 94
3 4
285 150
6 7
50 51
378 284
115 334
388 199
833 5
70 711
233 53
757 615
451 543
333 407
272 133
184 330 358
265 214
241 210
344 279
483 341
130 173
184 199
82 357
129 777 168 52 197 198 199 200 201 202 203 204 205 206 207 208 594 95 96
339 116
64 4 175
283 367
330 67
129 31
441 563
129 821
258 66 426 427 402
157 158
561 75 223
545 435
75 318
72 49 434 50 51 85
184 122
170 117
424 114
39 41 26 27 444
456 49
282 846
428 471
269 317
33 36
953 510
96 821
76 254
75 318
378 258
57 55
1 75
171 116
177 179
330 358
483 135 522 554 373
104 105 378
180 157
97 116
180 382
860 686
368 471
257 212 284
568 426
41 262
161 285 181
125 405
97 171
190 583
210 159
233 122
906 75 310 312 216 317 223
90 516
301 406
376 330
116 117
74 359
490 7
48 444
96 821
67 68
136 137 171 337 338 339 252 116 437 439 440 438 117 340 124
212 286
181 263
49 77
170 116
472 473
232 233
401 75
394 547
442 63
59 860 5
46 63
64 3
12 22
67 68
291 564
272 133
67 68
130 459
127 7
368 29
522 135
441 276 414
901 439
420 461
225 180 469 149 151 150 345
250 435
340 166
184 130
369 182
166 136 137 170 171 337 338 339 252 116 437 439 440 438 117 340 124
114 334
200 2 400 343
67 68
161 210
106 83
482 3 212 739
284 143
561 75
64 4 287 175
412 4
107 301 406
138 860
608 171
173 94
193 3 4 412
739 212
5 3 4 413
451 420
909 918
12 93
652 255
169 516
26 31
827 3 5
169 293
122 85
810 90 303
24 29
130 29
196 253 860
96 95
483 341 135
322 484
67 68
114 319
456 901
301 893
908 263
75 222
45 63
544 130 402
250 108 63
352 343
180 182
640 639
171 428
118 620 614 615
285 181
304 130
305 810
322 395
114 115
138 282
368 262
418 424 264 114 115 246 445 319
208 129
3 507
265 441
58 686
219 197
554 341
291 358
153 493
129 83
146 107
146 106
272 412
306 196
216 223
179 215
296 297 388
286 175
22 551
146 253
235 244
244 860
130 107 366
49 76
165 429
64 282
852 343
115 334
810 286
184 412
116 166
462 270
202 95
76 438
24 439
409 5
708 359
52 166
281 130
522 341 135
58 3
171 117
114 319
395 182
104 61
186 53
144 475 92 477
3 5
435 420
3 5
67 68
27 439
424 264
22 23
161 731
425 175
72 434 50 51 85
18 227
41 76 30
257 519 493 153 284
147 53
37 31
90 934
140 165
96 124 62
64 3 4 5
434 71
3 5
152 137
359 488 333 407 700
848 41
65 435
482 3
21 22
769 435 372
264 115 246
369 53
158 150
107 406
3 212
264 115
451 543
169 451
361 214
82 21 22
52 45
66 563
901 136 137 915 166 170 171 817 438 439 337 338 339 340 861 124 754 116 117 252
377 398
64 306
181 263
114 334
20 13
67 68
184 30
54 183
52 821
97 303
456 137
88 49 51
122 231
116 117
358 6
298 317
81 330
59 212
901 136 331 817 754 116 438 252 861
67 68
908 263
171 549
346 279
296 297 388
453 567
624 451 459
3 196
123 124
59 108
505 45
224 216
18 19
97 171
354 126
507 45
93 23
17 82 425
328 946
304 897 406
482 739
64 47 304 212 372
134 262 136 137 26 28 31 418 546 166 40 172 444 337 338 94 483 362 117
246 319
376 81
67 68
192 278 263
64 5
3 196
482 951
521 93
841 87
21 22
18 310
82 22
13 87
194 3
3 5
166 136 137 170 171 337 338 339 252 116 438 439 117 340 124
456 137
233 53
281 122
25 41
264 115
16 323
173 414
50 85
21 22
413 7
64 175
18 74 75 332
507 14
377 394
810 286
184 134
96 821
123 124
456 97
29 38
210 964
67 68
434 50 51 85 88
212 132
537 373 87
49 319
589 37
209 133
226 87
419 70
530 467
377 182
218 367
184 115
171 117
97 171
144 87
264 319
56 127
16 165 46
161 82
569 494
180 157
67 68
408 495
64 4 237 47 304 211 372 212
238 254
172 591
528 319
48 114
424 418
979 166
394 951
321 322
56 7
52 821
108 133
363 45
136 137
475 92
49 76
475 92
114 115
304 184
418 115
700 12
441 276 414
558 582
380 396
97 171
897 301 174 406 893
514 174
369 378
209 212
58 138
824 708
220 182
233 538
122 106
67 109
306 59
283 107
3 5
24 33
272 212 950
456 334
99 100
108 334
441 177 178 179
67 68
3 196 5
217 270
449 580
315 108
388 199
264 246
932 302
212 286
317 223
372 324
495 63
560 143
286 55
972 175
170 639
483 341
369 53
578 579
340 39
435 422
338 116
298 906
107 75
138 421
257 356
67 68
259 23
282 59
18 534
122 83 82
59 212
588 7
652 302
3 588
376 330
369 53
419 550
901 439
369 53
146 107
170 171
57 866
289 163 71 433 434 181 373 218
129 301 406
208 129
91 109
3 588 5
36 52
668 38
3 103
170 116
88 51
89 303
275 429 46 47
378 491
507 495
161 285
96 124 62
372 102
430 47
897 301 174 406 893
144 330
451 483
64 810 286
810 286
680 483
116 166
418 439
171 116
233 53
378 61
233 499
330 212
171 116
97 303
169 302
341 135
276 61
136 116 252
3 4 5
174 406
97 171
195 196
106 821
699 132
369 53
107 406
81 491
537 87
250 6
165 175
59 3
49 362
48 117
196 7
373 374
18 468
76 655 116 85 443 253
250 542
64 739
465 494
388 199
264 114 115 334
304 143
488 497 452
34 29
67 68
76 254
192 158
257 474
181 279
101 405
161 682
306 212
547 743
48 49
53 198
50 51
184 199
29 30
522 341 135
175 287
296 297
134 558
378 251
133 63
729 22
739 55
88 146
114 246 319
346 158
26 27
162 142
266 675
616 547
474 82
284 167
377 167
3 195 5
233 62
409 97
418 548 362 340
388 199
322 378
307 724
192 347
516 485 564 823 573
64 282
171 117
616 461
250 108
3 4 413
114 115
82 21
17 291
64 409
22 23
424 264
390 391
193 3 4 412
824 662
232 343
366 107 406
587 5
24 28
114 115 166
508 244
412 518
64 253
20 662
354 405 122
170 116
250 29
41 76
441 178
281 283
17 425
338 14
138 287
64 170 330 47 82 115 212
67 68
306 7
931 237 239
260 261 70 298 75 249 509
897 108
330 291
115 334
106 43 148 213 250
46 47
298 261
233 242 500
412 132
16 270
67 68
67 68
122 187
3 167
97 90
108 63
26 27
530 12
233 538
406 63
3 103
118 119
250 364
122 83 106
5 127 175 212 282 59 412 287
285 150
528 49
216 202
104 296
108 406
548 334
96 219
82 301 125 639
41 76 77 49 754 438 254
330 475
141 46
147 53
354 372
97 90
708 20
211 964
74 75
123 181
666 59
67 68
451 427
201 441
434 50 51 85 88
288 70
138 3 5
720 398
352 204 378 496 343 215 61
106 83
26 302
334 487
249 367
609 232 233 266 267 499 538
233 53
66 291
184 82
602 167
192 380
233 15
456 264
129 52
22 23
592 97
59 860 5
147 86 227
928 964
185 7
289 434 163
64 3 4 5
37 31
378 379 151
212 284
739 212
129 777 168 42 52 821 197 198 200 201 202 204 205 207 208 594 851 95 96
418 115
171 302
547 428 143 146 83 84 122 253
233 134
3 5
329 92
216 223
338 339
378 395 62
97 620
499 63
243 239
368 213
64 3 4 5 409
49 51
409 212
97 92
284 367
50 51
609 265 266 267 268 62
212 132
129 52
13 87
96 124 62
264 114 115
625 410
147 53
255 63
357 406
170 532
83 84 85 88 122 155
369 53
1 147
378 61
184 130
160 161
67 68
242 239
161 167
4 813
322 484
138 108
233 53
3 5
390 487 104 395 527 15 222 19 179 466 54 404 86 313 538 381 62
171 471
184 130 366
184 129
42 87
185 367
21 22
75 223
18 315
906 75 310 312 216 317 223
296 381
901 439
67 68
67 68
972 5
216 219
105 378
82 83
322 378
1 317
250 284 366
232 173
192 349
60 813
108 46
264 114 115
282 7
26 439
821 909
104 527
233 557
24 25 26 27 28 29 30 31 32 33 34 35 36 37 38 39 40 41 589 591
435 422
107 22
120 428
88 42 86
162 570
163 613 71 72 434 85 218
169 130
369 53
130 451
180 157
118 119
140 46
522 341
107 22
105 395
490 7
64 57
152 428
41 36
354 101
21 327
488 559
170 116
75 222
544 184
376 578
897 301 406
376 470
184 130 427 173
216 435 36 270
65 6 7
906 75 310 312 216 317 223
648 22
107 406
593 580 934
170 171
142 511
330 358
441 451 276 414
418 114
233 53
90 60
418 334
284 759
259 403
460 757
67 68
28 29 31
3 196
376 81 664 113
20 13
57 287
232 233
213 174
514 341
304 64 286 287
337 93
169 130 451 527
24 167
129 777 909 918 919 802 168 42 52 821 197 198 199 200 201 202 203 204 205 206 207 208 594 95 96
544 431
482 132 306
482 212 412
52 142
128 21 22
897 301 406
699 286
643 213
441 239
108 22
98 103
386 391
537 547
266 268
264 170 427 339 115 319
169 173
163 71 433 434 181 373 153 218
344 279
97 262
356 519
89 90
171 116
124 181
330 639 47
282 7
170 116
210 237
833 3
153 148
392 296
666 175
107 406 175
609 232 265 266 267 233 441
180 158
507 294
174 406
291 7
472 435
28 36
125 709
3 195 196
427 87
97 171
441 499
412 6
165 429
833 3
860 686
600 482
358 6
901 754 979 116 438 861
488 559
106 507
88 494
424 264
76 254
64 409 572
70 509 510
369 53
64 138
170 171
380 317
401 260
83 22
451 435
136 438
67 68
257 250 212
474 420
136 41
928 964
25 36
74 75
857 122
833 59
97 132
810 55
378 386
259 108
212 286
210 6
3 195
301 406
74 332
281 15
64 846
448 691
368 439
472 256
449 165 47
160 239
57 4 287
378 62
26 27
104 61
915 117
490 7
505 467
138 5
64 4 5 138 282 253
451 814
212 55
67 68
608 461
368 428
302 598
810 306
128 378
147 53
580 447
207 95
833 3
41 26 27 39
451 292
48 49
184 130
412 413
369 378 105
125 405
587 5
260 261 298 75 249
356 655
680 664
426 258
64 138
515 259 357 358 67 109 144 475 376 91 479
49 77
115 83
108 63
3 4
250 108
184 420
136 76
265 179 276 441 414
821 53
426 5
130 115
451 439
304 83
107 491
170 439
67 68
861 438
48 49
165 141
640 170 47 339 639
184 130
8 609
282 212 412
376 358
318 224 486 74 75 117 249 314 222
435 652
64 47
482 739
585 291
130 427
357 358 376 475 479
192 215
136 438
64 409 138
129 777 909 918 919 802 168 42 52 821 197 198 199 200 201 202 203 204 205 206 207 208 594 95 96
24 33 27 252
430 270
333 407
301 174
217 430
76 254
185 300
234 244
582 14
57 59 60 55
115 334
3 4 413
554 483
482 212
194 827
612 271
860 413
301 893 174
307 70
120 754 471
67 68
232 75 263
509 510
897 893
953 510
499 15
154 63
18 148
265 266 267 268
185 419
136 444
106 435
3 412
860 686
193 3
18 227
529 7
860 813
8 12
8 857
282 3 5
369 53
297 63
64 272 3 5
3 212 5
147 53
75 222
59 83
48 49
40 41 34
289 234 163
8 9
64 4
138 108
73 164
821 181
522 135
424 264
306 6
129 777 909 918 919 802 168 42 52 821 197 198 199 200 201 202 203 204 205 206 207 208 594 95 96
472 473
233 538
664 81
130 427 173
537 87
169 94
380 182
264 115
474 250 420
177 179
3 103
130 435
928 964 927
216 315
50 51
378 908
24 27
49 334
521 138 165
65 142
3 195 5
3 196
369 53
170 339
353 852
64 366
83 326
3 5
230 199
49 41
67 68
276 414
418 114
283 189
109 470
217 430
302 174
485 573 823
67 68
441 381
147 53
412 4
67 68
106 115
36 29
224 75
544 130 184 402
64 138
89 303
67 68
833 3
344 14
304 64 4
75 261
59 686
57 686
257 212
554 341
42 52
469 149
48 49
65 6
97 132
168 42
84 45
388 199
97 90
274 323
48 27
66 563
860 686
160 235 236 237 238 239 240 241 210 211 244 243 242 245
97 418
357 358
253 213
666 686
219 197
12 22
114 115 246 319
324 405
769 98
184 130
184 81
553 122
328 474
427 286
207 295
881 59
145 493
161 115 334
171 116
827 5
3 196 5
184 130 366
334 63
209 212
161 159
48 172 444
860 7
67 68
210 366
161 174
264 115
808 133
418 548 264 424 362 172 48 114 115 246 444 445 319
296 183 391
201 129
129 197 198 199 200 168 201 202 52 821
289 434 163
2 122
97 620
490 6
860 686
97 132
3 195
194 3 195 196 5 827
64 5
412 133
439 31
153 495 87
264 445 486
122 284
96 129
104 251
130 134 527 402 404 281 544 545 291 293 295 169 427 173 54 569 451 459 465 94 487
48 49 51 334
237 239
357 358
49 334
601 586 130
341 135
99 100
901 439
288 82 21
212 412 59 132
159 63
130 291
67 68
109 358
8 570
424 264
860 846
67 68
107 188
114 115
49 51
170 116
301 406
857 356
104 105
953 29
75 342 310 312 216 317 223
75 167
233 53
22 23
330 639
448 429 462 141 46 210 274
281 130
16 140
140 430
212 302
459 276
272 306
96 451
266 20
441 381
56 212
264 115 246
424 264
474 300
219 197
330 67 92
161 167
376 81
88 22
184 545
563 427
64 521 138
116 213
648 686
449 46 430 16 47
82 22
116 117
113 109
3 4
521 138
539 499
96 821
3 5
130 459
522 135
122 235
301 406
64 3 4 5 846 60
18 22
171 471
412 3 4 193
171 116
185 300
129 389
170 338
21 22
304 545 130 184
3 4
59 175
180 181
276 527
64 3 5 138 212 286
514 22
210 964
3 412 5
498 341
59 286
154 108
702 463
82 357
3 991
396 87
163 72 434 50 51 85
67 68
208 96
516 485
354 405
83 148
260 261 94
74 75
67 68
170 439
833 3
243 159
395 182
171 116
64 58 90
161 405
129 821
184 199
179 215
418 114
304 14
108 78
264 170 427 114 339 115 319
369 53
185 70
403 149
18 227
267 609 266 499
306 7
70 87
424 264
64 4
141 270
250 821
147 53
59 253
42 43
3 7
65 6 7
345 178 179
124 173 62
288 70 190
301 406
481 75
212 412 59 132
260 21
521 138
439 7
48 49
67 68
180 382
129 36
964 244
289 71 72 367 433 434 85 218
90 470
378 182 62
122 37
336 335
177 179
64 195
80 15
97 303
330 358
602 167
184 425
97 611 90 620 304 57 58
451 459
22 23
88 50 51
233 53
76 77
548 172 48 115 444
361 570
449 41
345 149
97 171
848 334
212 133
373 374
138 108
138 282
163 85
330 358
346 215
161 431
64 138 59 253
24 36
570 755
170 439
289 163 71 433 434 181 373 218
178 19
82 108
438 166
41 114
101 663
483 341
372 405
170 116
162 755 556
888 886
108 159
216 75 188 223
49 77
49 77
174 22
185 167
321 182
49 51
192 347
140 165
829 301
369 53
192 181
522 599
378 386
810 58
3 5
178 179
253 303
8 20
78 79
185 70
25 97
283 367
106 155
283 133
233 538
396 158
264 115
170 252
154 63
130 451 169 427 271 569 115 281
64 5 846
67 68
24 35
211 159
289 71 433 50 434 51 181 153 218
49 51
49 76 77
312 216
180 343
142 511
357 639
856 300
538 171
52 197
161 42 129
291 485
352 215
424 264
147 53
250 356
3 195
117 166
434 373 181
817 117
155 364
76 254
106 83
301 893 406
21 22
116 166
24 39
362 108
3 5
430 47
474 499 420 214
108 70
97 620
130 923
441 276 414
441 499
368 170 115 29
184 129 821
72 50 51 85
264 418
210 212
441 276 414
129 130 366 378
161 114 115 334
460 757
302 14
40 14
439 55
88 49 51
302 174 135
288 70
242 243 159
769 474 435 516
709 405
64 409 4 413
56 810
56 212
163 334
356 639
16 46
409 4
116 117
115 319
67 68
666 3
130 29
445 486
499 142
58 139
250 213
256 283
3 195 5
64 161 59
115 130 291 749
49 51 77 334
129 821
24 29
185 474
16 270
849 420 79
380 396
378 204
171 116
209 212
75 342 310 312 216 317 223
413 7
171 116
212 132
212 286
3 4
928 927
3 5
161 172
129 166 52 281 31
188 301 406
460 332
67 68
419 70
66 563
149 150
301 406
184 259
3 4 5
173 94
810 55
456 334
67 68
454 63
380 158
59 5
117 421
304 115
142 6
210 122
50 51
97 212 132
107 188
116 117
264 115
195 196
378 175
153 434 85 71
201 129
193 3
170 171
233 53
569 66
888 21
178 516
13 142
132 133
212 55
233 538
67 68
88 153
496 171
67 68
496 378
10 214
226 283
339 439
82 357
171 471
168 656
434 50 51 85 88
336 16 270
608 256
185 82
461 334
76 254
848 206
410 591
174 406
901 136 331 116 438 252 861
59 55
192 7
171 549
369 53
185 6
36 29
22 23
376 664
58 138
107 188 406
341 599
321 435
20 662
453 421
418 114
488 559
232 458
129 42
472 161
136 116 252
192 181
482 59
3 5
233 441
291 131 516 293 232 169 168 233 204 205 207 15 285
322 104 105 369 378
67 68
363 45
58 306
363 507
21 22
369 53
18 435
67 68
64 4 572
64 59 3 5
88 14
138 108
603 12
456 412
83 54
24 954
116 439
857 142
138 63
170 439
107 406
369 538 233 53
88 394
405 63
305 90
96 821
106 83
67 68
17 338
67 68
114 115
810 55
394 534
49 115
860 813
3 253
297 391
106 148
49 51
172 319
101 102
451 87
161 405
388 199
169 130 279
67 68
483 341
108 45
59 116
58 686
352 123
145 187
451 212
118 620 614 615
441 276 414
378 251
49 41
386 381
514 174
29 38
30 439
469 149
64 5
75 460
460 191
328 22
361 372
495 87
296 19
67 68
115 372
64 193 3 195 4 5 196 56 282
833 194 3 195 196 827
296 388
41 27 39
509 510
321 386 322 105 395 369 182 378 251 62
67 68
49 51
302 14
827 3
154 63
708 20
860 686
88 439
17 412 133
235 237
449 47
60 813
272 212
603 62 183
901 331 754 979 116 861
226 222
56 58
153 255
250 107
317 421
49 76
59 412
192 180
3 4
425 291
522 483 341 135
369 53
281 130
67 68
175 287
93 174
296 182 391
17 425
93 22
18 315
178 516
163 493
64 257 366 115 284 63
283 143
39 439
108 255
250 107 406
514 174
274 429 46
98 324
227 444
302 174
283 341
380 158
460 269
49 212
418 486 264 424 172 334 48 49 114 977 246 443 444 445 319
317 223
210 964
394 106 428 146 435
64 161 253
49 334
833 5
42 95
232 458
330 259
107 188 301 406
465 130
67 68
357 510
435 36
49 41
115 319
322 395
378 62
284 519
85 663
257 129
821 919
452 453
264 246
363 28 29 166
171 117
3 5
162 108
171 471
289 234
82 357
496 171
149 150
354 250
860 270
81 358
1 147
64 57
3 860
177 178 179
465 460
192 347
257 297 108 63 255
21 22
184 130
427 286
289 586 511 781 270 624 85 374 602 153 122 475 255
188 22
22 23
3 991
45 366 431
264 445
58 611
409 518
105 378
250 107
83 22
545 495
553 521 138 55 56 58 59 286
9 526
8 162
136 137
76 254
3 196 132 282 412
376 161
528 114 319
45 359
439 7
194 5
475 255
418 548 486 264 424 362 48 49 114 115 246 443 444 445 319
212 133
266 20
64 7
97 171
860 686
392 296
75 222
173 182
901 754 979 116 438 861
138 860
890 301
3 4 413
537 87
184 130 366 63
114 444
409 60
547 509
107 188
363 45
284 63
152 122
115 319
82 70
105 378
36 30
3 253
509 510
345 149
143 63
216 75 223
3 4
369 53
64 4 60
860 686
668 510
368 262 31
224 178
26 27
475 470
821 198
11 174
482 139
517 518
115 246
233 285
3 5
174 406
24 30
161 82
171 302
8 162
242 243
686 405 409 58 59 60 57
860 686
330 67
282 7
129 821
170 122
184 82
456 114 319
857 526
920 114
360 530 214
166 136 137 170 171 337 338 915 252 116 438 439 117 339 340 124 861
639 47
363 302
521 138 93
65 306
107 43
284 87
183 391
170 171 116
59 7
378 395
1 317
34 439
194 3 5
435 532
200 821
656 439
170 439
217 580 447
728 465
58 108 138
395 948
105 395
377 123
306 212
75 342 310 312 216 317 223
138 686
24 28
67 68
304 90
514 174
237 239
628 334
107 188
369 378 251
129 821
281 171 117
284 309
488 333
58 138
170 171 116
161 442
233 53
64 59 7
160 211 159
216 74 75
48 42
301 406
666 860 813
808 133
448 140 429 141 447
901 136 331 817 754 116 438 252 861
20 13
368 667
75 269
67 68
202 821
328 22
245 238
255 63
175 287
496 474 435 420
67 68
754 471
28 36
35 55
378 182 62
76 254
813 413
17 291
41 26 27 39
59 3 5
482 55
160 211 159
376 81 664
56 212
171 471
136 41 76 77 49 438
58 7
177 179
827 194 3 5
339 116
522 135
98 103
409 90
149 150
107 188
582 22
448 430
1001 233
185 108
931 927
65 645 6 7 490 529
75 367
98 324
401 261
13 639
154 63
609 266 267 268
185 300
893 301 309 406
185 510
24 252
41 76 254
298 260 261 94
282 212
264 114
107 188
291 495
65 142
833 3
312 216
264 114
435 420
212 412
75 461
132 133
495 84 87
237 239
475 358
232 207
918 975
105 378
72 49 434 50 51 85 88
104 61
41 27
114 115
212 284
330 357 639
696 223
136 861
114 115
425 330 357
104 284
142 7
600 159
972 413
434 71
435 45
22 327
363 45
36 30
114 115
4 413
114 134
307 327
67 68
262 428 368 656 471 120 152
833 194 3 827 59
3 991
184 130
453 214
394 106
72 434 50 51 85
64 211 212
52 29
26 31
553 90
69 70
409 306
64 60
41 252
155 270
16 761
507 431
361 12
107 188
180 157
260 93
130 291
52 821
154 933
497 269
21 93
80 220
106 284
434 187
56 55
43 189
353 682
444 86
570 453
890 301 406
177 179
64 59
570 675
138 572
67 68
64 132 138 212 59 286
369 53
1 2
330 291
28 52
170 116
819 93
49 334
416 415
860 686
485 573
24 33
833 193 194 3 5 196 827
152 262
141 46 47
104 158
363 142
107 420 366
720 380
490 83
69 70
178 179
810 59 55
369 53
360 214
24 36 29
544 281
306 212
109 110
82 70
212 302
272 553 212
181 63
522 135
522 555
490 7
330 91
868 341
21 22
301 406
330 357
273 463
377 378
184 199
224 178 221
107 406
18 227
264 114 115
129 43
755 556
553 519
21 22
749 63
108 598
369 378
592 161
82 330
6 7
124 252
115 83
282 412
107 406
76 254
67 68
284 309
123 124
424 264
485 564 573 823
124 421
312 226
248 12
284 63
82 63
67 68
209 156
50 51
49 76 77
122 22
46 462
24 29
202 558
833 3
294 556 755 20 662 505 511
357 639
407 359 333 45 500 501 503 408 505 506 507 700
41 27
72 49 434 50 51 85 88
185 300
3 5
67 109
66 295
376 81
201 777 918 95
97 330
441 178 179
269 222
662 503
388 199
170 439
281 285
129 173
108 829
408 45
352 192
180 158
3 195 5
453 142
264 439
402 543
232 233 538
106 250 148
104 296
161 167 108 143 367 495 753 83 595 373 374 87 694 602 122 283 284 63
234 236 241 210 146 244 533 243 242 245 122 829
101 495
481 358 330 81 376
216 691
860 253
57 234 59 405
401 261
456 334
65 6
242 239
860 686
640 639
680 81
168 821
57 139
64 3 5 521 282
322 395 62
248 507
410 28
427 319
449 140
138 282
656 428
897 301 174 406 893
130 487 264 427 115 319
75 260
129 821
641 46
67 68
315 435
301 639
154 108
50 85
522 367
3 4
829 301
553 59
67 68
28 29
59 412
171 471
74 75
11 326
453 142
165 175
114 115
285 150
178 179
138 860
212 132
170 171 116
65 182
544 184
317 310
160 159
810 108
304 370
21 174
451 87
306 7
136 817 116 252 861
451 173
467 755
58 306
67 68
237 239
373 374
64 4 175
548 340
3 103
289 434 163 85
194 3
388 486
341 166
272 133
162 457 363 301 45 406
378 182 62
56 739
412 413
42 52
22 327
64 5
49 334
37 589 26 29 30 31
456 334
239 159
193 133
276 543
143 255
129 975
233 815 147 53 54
250 148
50 51
169 427 173 281
116 861 438
64 4 572
129 198
306 412
65 612
20 662
67 68
170 171
266 20
827 3
202 122 83
264 170
106 227
285 278
412 4
3 7
5 413
122 250
444 39
297 398
185 419
485 823
118 119
83 187
48 49
49 443
328 250
180 382
474 26
497 452
409 306 253
64 287
421 286
180 382
129 130 170 45 368 435 115 29
130 372
184 130
602 284
301 893
67 68
241 210
412 7
185 510
139 287
755 662
576 207
600 159
4 813
48 49
369 53
444 39
210 12
32 97 124
152 87
233 538
1 735
93 174
380 158
82 358
97 171
720 377 398
418 115
272 412
482 739 810 55 56 57 59 60
138 108
169 167
57 59 60
50 85
124 439
609 12
243 159
860 686
3 412 5
500 503
3 196
388 199
169 94
45 13 639
138 299
857 122 363
272 253 133
357 358
549 406
59 212
208 96
13 63
175 287
3 5 1002 813 413
192 6
304 330
160 243 159
115 334 63
29 31
13 20 45
147 22
233 267
130 427 173
427 527
234 122
810 303
296 386
435 405
810 55
379 151
160 90
132 133
67 68
128 22
83 69
306 212
60 413
88 24
301 406
283 133
88 42
304 305
262 428 656 981 471 120 152
57 60
3 7
129 821
82 70
405 534
522 483
50 51
28 29
424 264
147 53
378 395
114 319
57 59 60 405
67 68
106 213
59 3
186 324
75 260 261
41 371
118 119
67 68
826 924
115 341
369 53
544 494
972 5
184 130
107 188 301 406
16 270
211 159
260 21
284 167
22 23
22 23
860 686
106 148
180 181
166 136 137 170 171 337 338 339 252 116 117 439 340 124
328 821
642 302
441 179
136 76 861 438
115 83
24 116
58 7
482 212
114 246
210 12
237 239
369 538 233 53
59 253
334 319
210 274
219 197
184 199
233 538
49 51
563 427
97 212
881 58 138
46 462
608 171 549
330 259 475
129 166 52 281 31
249 75
170 116
8 20
108 63
202 207
217 430
357 358
301 406
613 38 218 250 556 494 145 114 755 753 85 88 730 442
147 53
114 115
617 603
136 438
490 7
106 213
420 532
129 206
64 521
30 439
123 124
233 558
281 130 427
58 59
264 334
243 159
130 29
451 543
368 29
32 29
59 951
224 216
209 212
45 359
306 7
3 195 196
82 63
65 158
21 93
96 129 197 198 199 200 201 42 203 204 202 206 207 208 168 205 52 95
232 265 266 267 233 278
181 343
816 138
115 548
425 46
209 212
307 70
257 108
1 2 317 222
24 27
352 351
274 813
129 42 202 204 87
412 132
514 460 510
481 82 69 70
212 372
933 334
369 53
510 679
68 534
108 63
114 444
116 334
50 85
672 188
242 235 237
116 117
474 94
32 143
482 212 5
339 116
448 930 934 140 335 336 447
460 107 188
576 378
93 22
272 133
20 550
28 29
300 711
67 68
36 29
170 116
59 413
388 199
250 435
96 821
66 52
808 133
306 7
720 377
388 391
67 68
259 411
810 55
252 439
64 59
76 340
3 195
860 813
41 76 49 754 438 254
50 51
264 528 418 548 424 172 48 49 443 444 445 319 77 334 486 362 114 115 246
662 503
594 95
24 31
82 108
613 433 50 51 84 85 218
281 293
181 350
105 390
321 182
48 49
458 402
488 333
901 754 979 116 438 861
156 327
378 284
65 43
376 425
18 220
363 29 166
219 197
171 116
97 303
76 254
467 422
105 378
252 439
48 49 51 334
289 572
170 116
185 509 510
67 68
195 196
179 215
257 129 284 366
257 130 715 402
64 234 59
352 180
519 212 55 88 412
59 212
3 7
304 97
434 373 181
456 48
130 459
609 233 266 267 265 441
856 156
617 603
282 59
97 90
521 7
38 87
65 6
90 846
412 7
116 340
83 212
48 49
21 93
8 20
170 116
934 430
291 420
264 170 427 339 115 319
827 3
233 285
189 190
395 382
184 130 419
369 53
288 70
170 439
184 130
573 351
161 378
5 4 413
122 491 164
208 52 197 198
122 547
829 406
234 435
64 5 287
22 23
324 405
213 405
423 42 146 88 155
180 348
169 516
667 20
147 53
284 133
833 5
136 76 438
64 4 304 184 89
64 212
163 71 433 434 181 373 218
97 212
307 94
424 264 246
264 427
184 130
301 406
305 286
67 68
89 303
74 75
130 293
231 63
98 102
34 35 36 39 40 41 27 28 29
482 55
281 285
282 7
184 22
610 31
729 401
488 333
3 103
56 306
600 159
211 244 159
50 51
324 103
67 68
65 166
192 158
174 519
142 167
369 53
367 951
252 439
553 306
129 821
106 423
180 158
152 36
64 306
107 75
3 860
165 175
116 246
339 340
608 435
169 527
81 491
296 297
25 31
161 138
243 235
475 479
97 116
211 46
296 297
302 174
130 459
136 438
616 148
522 135
75 342 310 312 216 317 223
297 390
369 53
88 155
860 5
171 116
170 124
451 483
76 254
59 60
116 439
334 303
50 85
136 438
170 116
89 237 97
465 484
482 212
74 75 332 298 18 249
378 182 62
357 358
212 372
67 68
114 444
544 425
428 471
184 199
3 5
258 290 232 622 285
123 180
49 445
211 237 143
184 6
72 50 51 85 88
369 302
281 54
499 142
611 90 620 304 57 58 60
227 391 15 527 182
233 52
585 291
96 821
22 327
901 817 754 915 861
376 470
97 482
21 93
48 49
852 343
184 130
507 366
128 190
65 116
19 223
177 178 179
96 821
296 390
948 182
250 22
377 380 398
281 378
233 54
212 133
291 573
372 102
50 51
257 170
120 428
26 31
67 68
474 435
283 143
310 223
116 252
129 435
317 310
56 306
386 381
145 255
41 27 76
116 117
153 75
369 53
425 70
522 135
73 260
184 114
848 206
144 63
330 107
309 6
18 379
3 253
306 6
236 237
304 64
117 134
120 41
173 94
461 519
376 357
301 406
507 142
10 453
412 132
17 270
3 196
264 115
216 18
302 14
401 260
720 398
115 334
114 334
108 167
51 85
259 411
323 140
202 821
254 367
177 178 179
144 52
184 130
232 233 441 62
180 382
39 41 26 27 444
564 823
122 341
486 264 77 48 49 246
488 452
3 412
129 130 257 42 107 45 366 494 82 435 213 442
22 63
136 438
257 250 63
67 68
121 18
166 136 137 170 171 337 338 339 252 116 437 439 440 438 117 340 124
115 334
210 211
5 413
184 216
265 453
83 211
467 422
827 3
139 287
104 395
26 39
296 297
67 68
114 115
192 351
6 7
108 116
101 126
65 7
266 10
21 22
81 461
455 63
108 334
46 47
304 167
172 591
50 85
233 53
152 31
171 117
127 287
474 82
641 372
97 212 132
18 315
200 400
1 147
499 500
460 757
59 116
65 7
338 302
460 188
41 172
48 114
108 133
174 301 406
32 166
13 87
108 134
72 88 50 51
158 351
601 134
88 155
64 59 212
347 215
170 339
265 662
90 303
185 82
116 334
184 199
420 63
108 406
330 259 475 63
58 59
250 174
361 372
194 3
185 191
169 495
272 133
3 413
21 22
244 253
122 22
85 405
24 25 26 27 28 29 30 31 32 33 34 35 36 37 38 39 40 41 589 591
219 87
24 439
171 549
233 62
161 70
264 170 427 339 115 319
448 449 140 141 430 447
41 548
21 93 23
147 300
377 380 398
16 449
207 295
291 7
281 207
192 181
269 406
65 645 6 7 490 529
49 51
67 68
129 166 52 821 281
410 591
82 330
106 83
264 114
208 129 821
133 808 272 306 212 412 286
810 286
163 196
17 106
194 5
4 237
114 115
29 31
458 402
59 5
122 78
90 303
130 715
114 334
347 295
216 88
18 75
67 68
232 467
115 334
2 317
12 13
821 151
67 68
171 116
180 158
160 242 239
337 338
184 130
418 334
192 150
378 284
107 435
4 413
574 87
64 534
75 222
533 212 133
82 550
369 394
42 31
363 467
824 9
352 279 215
262 28 29 30 418 35 34 548 166 39 40 36 170 444 338 339 340 726 362 368 115 117
860 686
177 516
114 115
174 301 406
185 70
369 378
522 483 341
91 470
291 358
194 196
46 47
67 68
260 21
281 173
67 68
561 223
322 182
441 250
108 63
482 739
474 461
829 406
169 130
38 87
200 777
20 45
496 250
483 341 135
861 901
184 153
88 51 423
96 129 197 198 200 777 202 201 204 168 206 207 208 205 594 52 821 95
321 182
234 59
296 297 388
393 388
388 381
610 31
810 212
156 285
173 421
80 558
749 406
107 406
496 22
49 334
521 138 60
24 31
609 266 267
331 557
953 510
41 26 27 39
3 5
409 282
262 428 656 471 120 152
460 468
168 281
972 813
956 95
20 13
475 470
180 343
171 116
170 115
16 761
34 35 546 36 39 40 41 26 27 28 30 31
184 569 402 427
4 413
357 358 330 376 479
368 108 428
147 53
97 90
416 415
50 85
60 813
170 171
58 3
297 398
270 47
64 138
848 206
88 364
490 7
3 196 5
860 686
184 59
314 75 74 318
424 264
897 301
345 179
561 460
409 60
107 406
521 58 572
67 68
184 129
106 148
96 202
105 395
11 307 21 22
75 261
26 27
64 3 572 5
211 964
21 22
321 95
4 237
4 5
833 3
42 43
283 284
144 358
129 821
369 378 105
6 7
412 7
67 68
249 74 75
67 68
211 237 235
59 60
284 309
420 46
425 175
3 5
132 423
237 239
345 177
3 4 413
334 439
38 262
49 76 77
173 94
123 124
67 68
369 53
233 53
488 333
306 133
233 538
161 181 279
161 394
16 335
166 136 137 170 171 337 338 339 252 116 438 439 117 340 124
170 116
208 821
18 222
161 151
22 23
537 628 87 511
64 138
83 341
313 86
208 96
276 173
260 21
67 68
108 116
160 159
48 444
281 130 83 494
211 159
129 173
409 413
218 71
281 130
373 374
482 412 55
304 372
114 115 319
212 286
285 150
92 12
64 282 5 846
334 319
232 233
490 7
104 378
67 68
291 485
593 270
195 196
330 475
25 38
5 392 489 972 337
77 445
810 3
376 357
483 341
301 893 406
108 29
20 422
810 303
129 166 52 281 31
172 114 115 443 319
82 22
321 161 394
296 297
522 135
860 686
848 41
67 68
210 122
75 367
101 430
114 172
394 108
166 136 137 170 171 337 338 339 252 116 117 439 340 124
233 369 53 538 62
293 901 998 823 954
83 187
640 159 160 320 588 210 211 234 235 236 237 238 239 241 242 243 244 245 638
146 213
106 43 148 213 250
307 327
141 430
394 18
668 143
655 434 373 153 122
67 68
78 63
569 494
357 406
381 62
128 22 23
952 214
67 68
116 117
482 5
184 130
241 210
245 239
272 412 4
147 53
291 108
212 132
82 357
138 82 686
64 3
301 406
301 406
56 212
106 29
161 188
97 253
334 486
448 274 47
155 156
739 212 55
128 319
618 141
3 5
104 394
41 27
530 467
97 620 304 58 925
76 254
178 179
3 7
59 413
33 27
336 335
91 475
321 182
3 413
200 83 204
93 23
641 125 639
97 132
360 361
141 7
106 494 442 83 250
185 419
208 129
71 72 434 50 51 85
76 254
964 132
26 11
291 485
378 182
41 76
32 24 29 933
369 378 105
202 95
260 261 298 75 401 249 94
3 5
16 217
451 293
424 439
132 133
914 500
307 327
104 378 87
130 427 173
284 406
162 570
321 180
212 132
67 68
306 686
810 212
509 70
766 431
21 231
664 81
108 63
860 5
550 70
155 174
64 212
216 75
67 68
266 267
482 413
8 453
233 53
569 494
448 274
105 369 182 378 251
59 412 5
115 487
153 284
122 650
140 46
460 45
403 149
537 87
283 367
197 87
233 53
4 413
12 21
36 439
282 59
182 62
289 163
180 61
897 639
521 282
609 214
138 139 287
376 144
430 270
380 62
17 425
675 662
64 237 47 304 211 372 435 212 250
67 68
117 166
170 116
64 4 413
154 108
88 129 821
376 272 244
169 130
288 21
12 325
161 378
369 53
369 53
138 860
184 130
821 207
46 47
330 479
6 135
200 909
115 246 319
392 390
69 70
16 593 354
83 494
412 7
50 85
321 161 394
138 93
57 59 60
96 918
171 39
160 159
59 3
490 7
165 46
192 345
433 665 85 255
109 191
666 4
369 53
829 301
386 388 296 297 381
108 125
369 53
208 129 202
124 439
336 593 335
59 412
147 53
150 285 278
114 39
171 549 79
67 68
170 171
185 82 510
548 424 264 848 114 115 246 319
257 519 425 17 250
70 174
482 60
115 49 443
613 341
355 101
82 108
12 21
388 199
860 686
467 422
841 441
130 715
157 350
64 175
193 3 195 196 827
744 517
297 278
434 51
369 53
121 18
97 303
390 183
544 114
483 341
74 298 332 18 310 249
67 68
124 62
348 181
369 53
58 412 5 860
67 68
952 958
201 202
12 325
141 46
130 173
296 297 388
106 171
33 362
165 175
483 341
50 51
42 86
210 964
897 170 330 22 29
88 485
107 301 406
64 4
87 511
140 47
67 68
170 252
72 289 163 85
639 47
483 341
64 211 212 253
64 3 4 5
170 171 549
67 68
860 5
106 83
181 279
8 361
307 724
170 439
129 975
265 441
97 611
107 63
3 5
369 53
192 345
130 82
90 286
128 22
585 291
159 63
12 13
948 182
64 163
170 116
376 357
54 15
3 5
67 68
410 191
441 276 414
314 74
59 739
482 133
744 517
289 433 434 181 373 218
377 378
128 190
75 460 269 561 216 188 317 223
248 662
83 284
185 474
423 42 146 51 88 155
281 129
230 199
239 623
163 71 433 50 434 51 85 373 181 153 218
8 567
107 188
587 482 3 212
129 14
115 83 319
153 148
446 14
304 211
729 22
20 13
460 332
160 234 235 236 237 238 239 240 241 210 211 244 243 242 245
108 5
376 113 897 406
224 178
171 116
514 174
154 108
75 342 310 312 216 317 223
57 59
24 29
170 406
237 239
173 94
453 142
67 68
514 174
170 116
514 174
67 68
829 301
414 494
170 639
393 297
456 116
104 105
284 309
56 810 212 55
64 129 130 134 330 45 366 304 82 115 184 281 29
252 439
75 261
424 264
302 174
272 132
216 821
122 235
185 419
154 63
114 362
109 111
243 159
680 81 664
380 7
306 7
212 412
107 421
185 711
169 427
664 81
555 135
224 227 75 19 249 219 222
296 398
233 538
857 721
304 210
257 475
64 3 4
76 254
449 447
353 202
59 3
106 250 6
67 68
192 150
973 510
282 7
755 662
521 846
136 41
171 117
184 130
600 159
330 91
64 4
65 645 7 490 529
46 462
26 27
253 4 813
233 557
321 182
16 141
209 482
448 449
409 253
291 621
184 210
130 291 451 612 169 173 271 569 184 281
108 63
602 87
67 68
122 83 284
130 494
361 106
106 181
4 413
424 264 114 115 982
253 55
171 116
18 435
122 475 357
456 920
64 4
184 130
49 77
45 359
378 182 62
202 821
3 5
103 7
816 138 139
56 810
378 386
481 679
64 3 5 306 58
252 117
59 3
409 5
136 116 252
81 82
330 91
281 130
161 287
21 22
65 301
250 45
833 3
185 108
76 37
184 330 109
570 779
82 510
249 331
521 282 7
354 126
107 301 406
184 706 130
104 378
508 244
537 87
496 250
139 287
58 60
656 36 152
526 87
67 68
180 382
496 22
168 204
75 310
36 30
507 431
931 239
302 174
24 29
391 63
296 391
67 68
59 7
306 7
83 52
88 146 547
821 207
833 860
338 124
266 453
104 105 296
977 319
49 334
285 150
105 378 251
114 334
306 138
17 425
67 68
470 479
285 150
106 148
352 180
372 47
171 549
495 84 534 367
376 330 357 358
434 289 234 85
721 87 511
289 434
72 49 434 50 51 85 88
189 190
116 117
145 493
66 431
545 108
115 334
130 293
122 319
341 135
466 810 708
18 315
591 87
369 53
3 7
184 130
230 199
41 252
16 270 335
357 125 639
59 175
80 134
475 358
233 538
48 49
173 62
147 53
171 549
413 55
435 420
435 366
272 133
848 206
96 129 197 198 199 200 201 42 203 204 202 206 207 208 168 205 52 95
258 181
89 305
192 285
434 373 87 135
64 138 59
291 573
49 115 319
514 174
67 68
241 243 235
42 86
179 158
64 175
64 3 5
216 223
104 65
59 287
483 341
33 31
933 174 22
16 335
212 412
29 30
114 246
306 196
116 117
362 334
20 958
107 372 366
16 449
363 422
3 5
177 382
412 132
521 93
395 182
185 82
441 459
369 538 233 53
184 170
75 223
185 410
435 420
3 5
897 108 406
107 435 366
96 95
116 117
731 6
272 133
237 239
130 494
5 3 860 253
956 821
52 134
554 341
306 719
122 213
97 101
861 438
50 51 85
418 114
41 26 27 39
554 522 341
585 291
453 142
666 3 5
147 53
122 83
829 301
282 3
65 6 7
448 140 141 430
82 83
135 7
289 163 71 72 433 50 434 51 85 373 181 218
3 195 196 5
312 298
18 74 331 332
49 41
833 3
860 686
901 166 136 137 170 171 337 338 915 252 116 438 439 117 339 340 124 861
13 574
339 117
41 172
75 318
3 5
395 487
360 214
175 287
257 330 259
418 334
104 284
3 4
269 75 189 223
114 172
67 68
139 212
808 133
107 406
116 988 412 439
409 90
89 150
122 164 454
449 447
42 43 86 88 95
75 222
488 10
171 117
306 196
65 301
537 21
180 382
181 263
529 7
64 4
185 174
266 13
600 159
360 8
82 639
177 178 179
24 33
125 405
323 46
59 412
147 53
296 315
376 357
24 31
130 29
369 378
233 227
306 212
458 563
67 68
266 267
147 53
507 431
4 237
178 215
234 829
432 85
3 413
435 12
522 135
322 182 378
170 116
80 446 78 79
289 71 72 434 373 85
165 47
300 7
129 198 168 202 204 52 821
530 500
144 341
67 68
264 114 115
3 5
48 117
369 53
16 335
194 3
639 47
147 53
96 129 197 198 199 200 201 42 203 204 202 206 207 208 168 205 52 95
184 199
291 564
609 265 266 267 233 441 62
4 413
410 421
114 115
130 910
170 171 116
185 82
20 13
266 13
662 503
625 14
130 459
496 2
3 7
65 7
376 330 358
425 155 237
766 431
833 194 827
3 4 5
306 5
184 257 130 366
170 171
97 171
186 53
64 306 7
12 214
147 53
116 117
117 439
405 63
97 171
344 192
41 27 30 39
21 87
957 934
18 315
104 527
372 100
458 402
371 548
262 428 656 981 471 120 152
184 420
84 260
376 144
108 222
593 335
171 116
388 199
74 75
475 479
409 212
616 547
373 135
216 302
322 948 182
161 134
538 614
419 300
860 686
376 81 664
116 439
64 60 5 846
696 366
65 490 6 7
409 306
106 181
195 5
192 263
136 438
18 108
129 821
64 57
435 460
528 115
458 402
171 116
67 68
378 251
418 334 177 114 319
306 517
164 143
490 7
184 185 130 82
64 636
1 317
330 291
129 777 909 918 919 802 168 42 52 821 197 198 199 200 201 202 203 204 205 206 207 208 594 95 96
152 166
51 50 83 85
266 13
181 158
106 191
129 821
97 303
456 334
897 301
977 334
210 212
192 150
81 175 287
115 435
266 267
289 234
162 315
50 51
64 5
147 53
173 182
481 510
64 138 860
133 159
410 516
656 150
161 297
250 13
67 68
363 467
64 138
448 499
49 114
281 292
46 270
168 293
134 262 136 137 26 28 29 31 418 546 166 40 170 172 444 76 337 338 94 483 362 368 115 117
129 52
32 143
64 184
521 57
435 420
482 412
129 130
67 68
3 412
11 22 327
129 202
45 301
388 199
193 413
130 107
321 351
552 300
675 431
330 475
354 126
608 250
301 406
25 36
197 821
144 475
296 297 388
3 5
75 227
603 363
412 518
64 138
488 586 511 781 270 559 624 85 602 153 122 475 255
469 149
74 332
237 534
107 143
430 270
536 555
212 132
58 138
97 171
720 377
195 5
307 724
185 70
174 135
330 475
908 263
72 434 50 51 85 88
88 116
857 20
289 434
282 846
589 30
268 62
138 686
161 133
69 70
482 950
9 574
98 405
412 132
169 516
816 287
180 157
75 269
105 378
35 28
171 549
304 860
136 116
336 335
64 372 47
185 70
337 116
266 13
897 406
181 302
264 246
49 51
449 270
67 68
380 175
492 454
460 757
32 38
10 766
209 212
418 108
451 439
41 439
281 15
362 166
88 161 107
180 158
58 139
232 233 557 53 278
96 821
821 494
451 543
3 588
160 211 159
82 147
394 83
529 7
48 49
273 47
233 62
112 113 67 109
88 18
264 115
64 3
161 154
64 90 4
901 439
245 237
97 92
210 84
105 322 378
24 36
434 181
122 82
377 19
451 63
482 306
97 132
41 26 27 39
171 549
3 413
283 167
96 124 62
306 7
132 133
507 212 45 431
108 406
195 7
483 135
67 68
67 68
26 39
184 199
85 71
184 821
672 358
181 622
160 211 159
233 62
465 378
680 81 21 22 664 93
108 301 406
64 572
185 82 419
298 261
378 62
180 343
453 142
952 214
26 27
330 420
104 151
216 223
449 447
522 135
56 55
272 133
321 182
284 406
397 158
115 22 327
641 639
493 255
243 211
497 452
49 41
60 413
76 438
56 212 127
67 68
155 364
129 130
322 948
298 261
64 3
288 70
322 378
177 179
641 115
42 86
304 305
459 63
171 471
434 85
177 178 179
116 6
373 374
380 158
266 13
130 173
108 405 663
485 573
46 270
282 55
435 334
317 222
27 252
129 821
301 406
427 87
696 316
108 159
3 286
36 29
108 134
48 49
178 298
285 278
93 22
42 63
450 415
129 821
369 53
130 435 494
264 528 920 926 418 548 424 172 48 49 443 444 445 319 77 334 848 977 486 362 114 115 246
281 427
49 51
46 270
328 21
499 239
142 7
80 498
458 524
115 334
64 3
289 163
173 63
521 209
369 105
281 291
3 195 196 5
130 22
337 116 340
41 252
680 81
97 212
130 22
41 76 438 254
224 283
360 10
3 991
901 136 817 754 116 438 252 861
212 63
21 22
357 358 330 107 479 81 82 376 185 411 188 184 287
56 57
97 171
82 357
3 196
554 599
142 439
122 319
352 279
569 258
201 778
104 378 251
187 451
250 435
216 223
115 487
427 173
41 444
230 199
67 68
212 286
232 233
232 233 557 53 441 62
108 143 367 84 87 122 63
329 92
233 53
105 322 378
346 181
170 171
3 195 5
272 212
884 166
395 182
57 212
860 686
132 133
821 206
378 61
813 60 413
490 7
744 518
50 51
395 380
257 122 421
67 68
88 50 51
97 59
744 517
115 171
106 475
441 451
41 76 77 254
67 68
97 90
97 418
474 107
12 21
289 163 72 434 85
522 341
296 369 322
65 7
21 174
488 333 359
4 686
83 253
97 212
107 22
105 378
65 645 6
824 20
171 116
881 138
108 167
395 182
548 486 264 424 172 77 48 49 115 246 443 444 445 319
560 283 519
64 57
49 334
530 499
134 558
201 95
147 53
328 22
217 580 447
64 972 4 413
522 555
512 347
394 386
116 124
232 179 276 441 414
3 196
488 333
192 347
232 233 557 54 538
289 163 71 433 434 181 373 153 218
118 119
410 3
285 150
418 319
46 47
302 14
386 388 296 297 381
686 7
108 63
860 686
185 299
361 214
270 47
88 553
219 197
20 13
301 406
592 161
308 348
60 813
336 323 46
49 41
301 406
104 105
59 196
274 323
107 406
356 406
3 139
232 233
96 821
304 59
272 412 132
257 425 106 84 250
402 563
289 122 253
22 231
860 686
284 309
409 3
146 107
67 68
283 175
21 22
97 170 304 81 368 115 341 22 90 29
166 136 137 170 171 337 338 339 252 116 437 439 440 438 117 340 124
104 202
41 27 30 39
302 158
6 7
369 322
262 428 368 656 471 120 152
554 522 341 599
148 213
65 167
67 68
41 548
170 171
488 559
210 85
129 821
175 287
114 115
305 90
609 232 265 266 267 233 53 278 441
41 26 27 39
296 284
122 83
412 132
306 686
107 223
13 63
96 821
57 866
129 2
656 150
321 62
42 213
161 148
224 75
504 62
334 246
412 4
180 158
208 202
460 269
272 133
97 49
412 6
130 459
169 130
544 327
402 527
499 431
369 53
16 141
82 22
252 439
243 211
656 281 173
129 198
22 23
170 252
603 467
680 81
184 130
170 117
901 136 331 817 754 116 438 252 861
512 421
8 162
75 342 310 312 216 317 223
245 237
467 422
208 96
118 119
58 212
739 212
302 598
833 5
48 49
322 395
41 371
233 15
37 22
328 729
114 115
64 138 3 4
435 366
32 428
192 343
26 27
264 445
284 175
138 60
494 63
129 777 168 52 197 198 199 200 201 202 203 204 205 206 207 208 594 95 96
64 409
192 263
224 19
521 5
322 62
489 530 142
448 800
265 233
107 108
9 45 366
210 964 927
233 15
283 663
591 87
105 378
334 303
106 250 148
264 284
3 860 253
108 284
161 222
514 174
67 68
185 474
92 479
88 132
289 434 163 85
84 87
312 313 226
67 68
3 413
192 181
165 175
108 134
185 970 510
485 87
985 330 67
169 527
168 281
217 270 47
67 68
161 84
171 116
149 150
170 116
212 372
122 79
130 451
67 68
57 306
54 15
522 135
144 109
101 63
147 53
64 287
64 60
233 53
334 303
108 406
8 422
67 68
64 4 5 175
173 94
330 479
376 81
698 415
67 68
173 182
67 68
24 418 30
67 68
153 493
212 55
210 122
212 372
140 430
82 108 63
810 60 55
49 334
67 68
42 43 86 87
97 418
108 341
499 142 431
64 846
64 4 287 175
52 821
116 166
184 13
376 664
64 132 133 212 282 253
171 117
67 68
356 284 84
129 532 301 406
158 182
104 527
435 413
3 5
522 135
505 45
275 141
234 63
253 925
24 31
75 342 310 312 216 317 223
464 463
232 233
212 356
901 754 471 120 861
134 558
563 439
242 159
185 474
180 157
296 391
336 761
521 138
549 79
64 5
539 93
184 420
5 413
396 158
67 68
412 4
139 287
306 55
108 301
451 459
59 699
192 123
161 70
441 459 276 414
264 528 418 548 424 172 48 49 443 444 445 319 77 334 486 362 114 115 246
67 68
388 199
123 124
808 133
964 302
211 964 244
211 235
881 686
184 130 94
43 406
522 767
233 557
816 138
547 222
315 220 219
64 686
211 159
82 363
252 439
680 81
181 350
67 68
289 51 85 71
363 142 507
35 55
67 68
322 163 104 297 393 296 396 369 277 182 216 473 284 61 62
897 301 174 406 893
302 14
67 68
64 306
97 210
136 116 117
161 196
211 159
909 919
50 85
296 180
6 7
376 81
860 686
357 70
101 405
369 53
514 125
564 485
249 75
488 559
67 68
200 777
48 49
235 7
893 406
64 60
208 202
577 495
284 45
185 82 510
449 447
75 222
140 934
18 75
495 87
363 431
168 205
356 639
24 36
185 419
419 300
289 71
180 382
346 215
116 821
330 639
553 306
201 778
82 147
162 13
8 570
860 5
973 510
376 108
3 7
67 68
96 124 62
116 117
328 326
410 319
115 334
97 620
412 287
155 156
197 207
528 115
12 22
132 133
212 284
272 132
307 22
743 615
521 138
155 364
257 122 250 212
18 951
817 171
138 93
163 71 72 433 153 218
136 76 438
553 521 138 55 58 59 286
395 182
609 325 267 556 721 755
65 645 7 490 529
474 94
613 394 106 18 155 156
435 422
500 503
104 393 105
195 6
326 327 328 11 401 307 21 22
193 3 4 5
20 13
67 68
152 362
184 130
116 117
289 434
136 41 76 77 438 254
297 381
171 311
354 126
682 351
427 173
250 213
369 53
161 118 454
166 337 338 339 340 117
160 211 159
58 138
442 250
184 94
449 40 41 76 25 27 30
115 22
720 158
901 754 915 979 471 120 861
257 83
122 235
475 358
116 861 438
116 439
88 107
195 196
64 3 82 115 565 159
147 53
233 134
18 311
411 287
185 419
536 11
108 63
336 335
122 83
465 94
699 413
210 243
423 42 146 51 88 155
233 53
59 7
285 302
192 852
238 927
118 119
517 103
241 210
138 282
307 87
498 341
122 547
67 68
860 413
304 305
140 47
341 135
264 115
716 21 22
212 59 132
608 420
813 4 413 860
82 419
88 394
507 142
64 57
64 212
402 563
168 205
177 178
107 188
209 132
180 157
257 250 212 133
156 740
138 860
451 459
49 76 77
232 622
953 70
50 51
282 59
133 63
810 305 89 90 412 413 286
57 59
833 3 827
915 116
160 159
147 53
169 494
456 116
368 301
67 68
257 356
48 49
369 53
50 85
482 950
185 70
297 378
412 7
322 378
122 59 212
376 330
215 204 343 378 61
266 10
234 242
97 212
553 810 739 212
169 516
195 6
3 413
257 474 250
449 140 430 447
897 406
210 14
425 291
147 53
369 53
18 315
360 530
210 964
250 284
161 115
125 709
328 474
67 68
216 75
136 116
161 59
488 452
170 116
931 239
58 60
24 27
544 130 184 402
12 325
108 709
269 317 222
161 52
6 7
196 5
184 134
378 351
24 29
130 271
346 62
420 653
184 82
64 212
184 130 134
130 276
505 359
376 664
108 63
3 4 5
296 388 390 486
88 22
456 124
451 459
302 358
129 421
107 22
75 318
41 418
34 36
569 563
434 181 71
897 406
273 165
108 116
216 223
36 31
184 199
129 52
232 233
116 334
322 378
708 20
97 418
161 70
728 465
534 311
538 15
138 686
97 171
210 122
216 296
177 179
964 143
212 132
129 347 52
184 22
72 289 163 85
122 75
368 439
330 475
116 117
209 212
115 29
177 178 179
474 420
136 116 252 861
488 333
170 116
97 212
282 138 59 5
296 284
160 159
833 3
83 84
243 211
680 664
317 222
27 39
280 108
58 59 412
83 494
48 334
317 222
35 55
404 222
395 182
32 25
810 412
257 154 284
833 196
114 115
412 6
59 212
833 196
97 170
252 439
22 23
99 324
778 11
161 343
108 87
64 3
64 306
3 196
265 62
217 165 447
388 199
184 130 115
197 821
264 115 334 246
860 686
67 68
59 139
3 5
41 27 39
860 5
67 68
250 181
333 407
184 130
369 53
52 821
67 68
353 852
83 78
1 147
67 68
146 107
380 158
378 395
130 291
289 163 72 434 85
20 13
185 108
67 68
352 96 2 131 168 182 378 735
108 542
248 247
484 852
3 5
122 143
148 255
122 85
369 53
104 378 87
50 51
721 267 805 609
315 435
146 291
860 686
75 222
3 5
376 81
67 68
184 130 250 366
481 668
147 53
813 462
596 53
369 105
9 45
170 116
104 394
544 184
129 821
297 143
204 285
600 159
301 174
56 60
549 406
3 5
98 324
434 71
123 181
19 116
64 47
80 532
456 262
64 972 4 413
114 362
188 301
165 175 47 372 286
161 115 821
284 367
49 334
537 185
237 239
195 196
418 319
189 367
244 159
153 255
682 181
250 106 83
72 50 51 85 88
3 413
67 68
267 566
257 107 146 406 250
88 439
301 893
264 114 115
24 29
857 367
233 441
496 674
901 817 754 471 120 861
88 181
232 66
75 261
147 300
129 130
521 138
250 142
128 378
810 212 950 55 56
105 378
451 439
352 204 378 496 343 215 61
808 133
212 846
521 813
1 317
441 276
482 810
129 821 933
224 269
185 108
193 195
708 701
45 503
3 195 196
64 282 3 5
569 130 494
521 138
98 99
275 141
233 322
281 114
901 331 754 979 116 438 861
6 7
147 53
130 279
74 107
341 135
369 53
490 211
49 76 77
97 212
96 821
67 68
59 405
181 351
250 106 83 84
170 116
521 55
296 380
5 7
250 45
6 7
136 438
116 252
435 420
56 127
152 428
118 119
296 297 388
281 114
74 75
3 132 5 282 412 286 287 553 810 175 56 58 59 210 212 89 90 482 127
80 63
482 212 306
744 518
115 406
18 222
481 495
233 15
291 823
262 428 656 471 120 152
184 487
140 430 47
130 459
180 382
701 662
19 223
594 52
260 261
901 331 754 116 438 861
64 60 5 846
181 279
897 5
301 174
507 431
827 7
545 130 420 366 184
3 5
170 301 47 82 339 125 639
145 435
98 101
3 5
250 435
409 413
553 306
810 90
143 283 255
129 205
97 114
18 220
368 758
707 15
3 860 253
570 675
73 164 260
17 425
180 157
170 117
21 22
441 414
302 14
20 62
56 639
171 549
155 364
41 76 77 49 254
829 301 406
3 196
129 558
769 98 355 100 101 102 354 641 324 99 619 372 405 663 125 126
118 119
321 62
487 319
348 158
301 893 406
58 138
88 423
88 49 51
281 115
103 7
5 63
897 301 125 639
561 85
273 652
395 182
160 211
424 264
328 22
174 22
20 550
514 174
184 13
482 212
129 821
185 510
449 447
59 60
152 428
3 196
533 133
136 817 754 439 252 861
3 5
161 558
233 53
297 378
48 49
265 233 276 441 414
122 85
24 29
161 378
4 860
97 212
67 68
154 213
170 340
96 821
249 298 261
305 90
307 70
64 138
521 59 60
465 166
42 122
173 215
97 132
424 264
377 381 297
212 412
656 420
301 893 406
122 83 21
170 338
212 286
4 860 813 60 413
81 481
155 156
412 7
184 130
257 130 494 18 250 222
166 136 137 170 171 337 338 339 252 116 438 439 117 340 124 861
860 686
67 68
118 119
339 340
97 90
250 389
52 30
178 179
284 59 108 5
115 319
60 413
67 68
38 230
149 150
118 119
51 644
243 159
250 45
24 28
96 219
230 199
259 475
739 212
142 567
184 122
460 269
212 287
339 116
67 68
336 930 323 335
409 3
56 6 7
184 330
724 734
258 402
180 157
96 129 197 134 198 200 201 42 202 204 168 396 207 208 52 94 95
64 3 5 846 282
126 63
754 861
106 250 148
514 547 519 616 423 364 146 534 88 155 156
114 115
261 260 509 70
522 341
22 23
302 286
97 115
129 777 909 918 919 802 168 42 52 821 197 198 199 200 201 202 203 204 205 206 207 208 594 95 96
368 65
161 174
212 63
553 59 212
827 7
194 5
339 116
130 366
425 749
216 401
64 306 212
281 129
165 140 429 430 47 217
216 435
65 6
170 439
64 4
64 4 60
281 130
129 777 168 52 821 197 198 199 200 201 202 203 204 205 206 207 208 594 95 96
129 95
507 167
488 333
12 325
83 532 78
153 284
233 266
829 301
108 334
42 86
272 244
281 341
857 250
860 813
146 43
328 22
168 197
302 598
69 510
200 52
161 454
107 188
554 483
451 276
97 620 304 58 925
208 129
827 7
549 382
18 220
285 278
833 3
64 860
897 301 174 406 893
482 3
66 381 102
848 49
9 574
778 11
170 171
185 82
289 163 72 433 50 434 51 85 373 181 218
169 130
59 412
147 188
8 162
210 237
544 402
405 270
352 183
171 495
82 550
739 212
378 149
202 219
421 175
530 500
234 213
59 813
337 338
194 3
194 804 813 827 253
285 150
52 821
180 382
184 185
302 598
129 347
130 107
36 29 30 31
458 239
369 53
90 934
130 372
330 479
286 534
283 532
184 258
237 239
281 233
496 83
124 439
163 71 433 434 181 373 153 218
285 150
435 181
5 14
369 53
514 174 519
201 441
114 246
328 946
301 406
114 487
336 323 335 448
8 20
640 639
115 172
322 395
723 444 39
108 5
8 453
163 71 433 434 181 373 153 218
608 250
170 252
20 13
101 102
38 230
97 171
514 174
857 250 45
369 538 53
96 124 62
275 429
458 402
507 294
292 6
185 69
115 319
168 182 527
28 29
70 14
499 431
89 811
67 68
532 446 255
3 196 5
412 133
435 62
281 54
354 87
3 5
717 6
35 55
59 60
57 686
296 386 388
232 233 441 53
108 284
115 334
147 300
405 126
458 402
441 451
184 130
860 813
548 334
216 75
48 49 444
301 639
180 382
50 51 85
171 549
65 7
352 215
64 306
285 150
418 115
368 29
434 181
125 405
64 4
260 21
1 147
521 14
3 860
435 149
67 68
88 330
352 88
257 212 133 286
162 13
200 909
281 207
860 686
282 59
451 516 169 459 276 441 414
456 77
708 20
41 371
302 286
202 821
114 115
170 439
444 86
297 380
272 253 412 133
353 181
322 378
59 253
64 4 60
435 519
171 117
376 81 664
394 106 250 83 148 435 122
304 90
89 97
609 266
821 143
195 196
729 261
488 559
46 47
160 159
816 175
161 821
243 159
65 490
296 173
97 212 132
285 278
3 4 860
421 142
304 305
18 155
613 85
67 68
21 93 22
515 259 357 358 67 329 330 109 111 144 112 113 475 376 91 92 478 479
369 538 233 53
233 122
343 215
459 173
49 319
49 444
96 124 62
860 813
490 7
219 341
182 62
107 188
216 223
166 136 137 170 171 337 338 339 252 116 438 439 117 340 124
146 107
289 163 83 84 85
42 373 87
1 317
96 821
257 519 167 493 153 284
3 5
3 5
232 233
83 187
209 482
522 483
177 178 179
443 246
348 181
108 439
3 5
282 3
20 13
175 287
133 553 810 306 212 286
474 435
169 130
180 382
36 439
488 422
99 101
3 195
264 170
171 549
130 451
368 76
90 60
369 53
368 122 428
88 821
129 594
172 334
52 821
827 196 7
497 142
18 227
64 138
482 739 132 810 212 56 58 59 412
216 307
217 447
107 301 174 406 284
402 435
3 195 196 5
135 71 367 432 434 84 373 374 87
24 31
185 83
67 68
22 23
810 55
421 22
362 548
418 334
6 7
194 827 5
9 12
88 49 51
534 583
302 270
827 3
170 116
321 182
810 303 89 90 286
302 174
893 406
699 212
495 87
302 23
49 434 50 51 85 88
3 196
11 143
274 46
347 292
330 91
467 422
3 972
421 302
412 3 4 193
76 438
4 5
170 439
193 413
64 161 253
41 252
827 3 5
435 420
243 964
336 16 270
161 82
88 82
340 39
412 132
184 253
301 406
104 527
357 406
402 563
18 227
266 20
40 41 120 252 30
328 729
138 139
185 7
64 244 253
97 212 132
829 301
41 76 77 438 254
247 431
484 215
483 341
13 15
74 75
212 519
810 55
507 142
636 127
99 100
161 883 253
162 571
76 254
107 43
112 113 109
680 664
24 38
272 950
96 124 62
376 81
285 181
165 140 429 430 47
212 412
810 60
508 244
224 161
114 334
412 286
82 419
346 181
59 860
833 5
41 26 27 39
117 166
9 500
645 6 7
108 134
165 63
401 174
20 142
129 421
136 116
97 122
252 439
808 133
515 67 357 358 330 109 144 376 91 92 479
170 171
196 5
833 196
305 97
305 97
369 53
3 5
289 213
129 821
184 130
216 18
147 300
3 195
170 124
701 662
64 59
97 132
265 499
337 171
641 372
412 132
64 4
227 495
347 295
136 76 438
243 235
49 51
22 23
194 59 5
97 171
4 5
173 215
122 284
633 398
32 83
161 129
30 439
43 20
101 118
26 31
262 428 656 471 120 152
44 359
230 199
3 195
64 5 287
104 296 284 61
64 90
306 3
8 20
142 6
272 412
18 222
321 105
97 116
50 298
212 55
514 174
233 538
57 59 60
380 398
122 432 50 83 51 85 218
220 182
21 22
388 199
582 22
17 425
114 115
446 14
486 424 264 77 977 246 445
424 246
553 212
322 378
116 166
264 334
129 777 802 168 52 821 197 198 199 200 201 202 203 204 205 206 207 208 594 95 96
18 75
184 88
245 239
284 374
115 83 334 319
26 439
522 135
211 159
28 39
107 188
93 22
138 108
67 68
195 6
272 810 739 212
816 138
345 150
106 148 213
24 29
233 53
83 116 117
449 447
130 276
115 334
4 5
64 282
184 199
36 439
24 27
241 210
64 129 130 169 330 107 363 366 304 82 211 115 22 184 29
291 485
97 418
185 419
161 171
130 715
22 23
22 23
97 87
130 279
482 212
233 538
178 61
64 138
171 549
3 103
185 7
833 3 5
96 52 94
20 13
412 132
200 777
37 439
749 14
67 68
860 5 991
16 275
281 207
106 59 253
337 338
609 267
4 413
155 174
284 366
78 951
129 63
456 817
8 366
901 136 331 817 754 116 438 252 861
3 7
170 439
376 81 664
257 212
82 213
129 821
76 254
22 23
304 88
270 47
216 222
445 246
378 735
8 20
160 243
224 87
430 447
264 115 291
17 212
115 334 246
170 171
175 286 287
89 305
82 108
328 22
260 261
129 821
114 115 319
496 474 435 420
160 461
160 159
928 964
388 199
441 439
148 143
553 127
953 510
909 95
107 301
360 530
65 6 7 306 59
24 31
321 395
456 445
816 138
136 438
170 116
114 251
448 140 429 141 447
369 53
521 138
82 70
266 267
833 3
485 516 573 823
569 130
3 196 5
82 108 63
161 194
395 390 487
184 199
21 22
272 210
171 116
136 117
310 223
313 378
449 141
139 287
76 334 48 49 51
232 233
282 739 212
302 14
522 341
138 686
434 373 181 71
420 303
184 199
116 117
185 82 510
210 234
483 341
522 483 341
59 255
88 475
3 5
306 286 55
98 324
107 301 406
144 330
338 117
64 90 4 60
170 116
680 81 82 185
96 202
140 141 273 820 447
456 319
201 441
65 109
42 43
64 521 57
544 184
88 51
130 250
401 310
321 182
453 142
114 495
109 94
482 810
147 53
26 31
46 270
137 166
4 413
67 68
369 53
301 174
67 68
3 284
217 47
49 77
860 686
829 301
3 5
108 255
928 927
472 256
666 3
357 70
306 7
60 686
482 7
255 108 63
128 83
357 125 639
59 413
297 390
833 3
74 75
21 22
265 267
56 55
76 254
193 3 4 5
554 522 341 599
424 264
145 493
475 479
73 164 260
270 47
67 68
67 68
185 82
177 178
107 406
561 923
108 46
171 36 29
592 161
114 251
406 774
109 479
87 191
116 117
167 143 495 87 602 284
41 27 39
488 559
116 117
5 63
372 22
298 906
653 479
483 341
310 223
21 23
192 347
114 115
59 4 813 860
490 7
74 75
212 302
860 686
209 286
24 29
301 406
81 82
146 405 160 161 59 829 210 211 475 234 235 236 237 238 239 240 241 242 243 244 245 122
216 74 75
105 322
561 85
195 6 7
304 897
21 22
846 7
931 239
115 548
41 26 27 39
571 20
369 378
18 315
456 124
427 173
346 181
656 152
833 59
192 345
39 439
860 413
860 686
821 206
104 233
64 3
129 202
345 149
964 927
67 68
369 53
59 63
8 571
138 93
380 158
171 549
17 425
368 17
413 7
46 141 270
322 182
64 138
64 138
89 303
106 148
129 821
45 359
483 341
170 171 116
550 222
475 63
457 406
20 367
367 63
300 711
129 821
274 323 141
28 879
901 754 979 116 438 861
169 130
451 459
456 848
57 234 59 60
93 101
285 278
873 708 62 759
60 991
261 94
499 13
130 115
192 345
304 63
420 496 474 435 250
67 68
496 106
160 241 159
195 196
75 222
233 62
662 503
48 49
180 382
810 55
130 451
321 182
200 919
428 262
194 827
6 7
98 324
286 255
184 199
24 36 29
369 53
224 178
174 549 406
488 559
26 39
313 842
185 82 419
114 319
131 181
138 108
122 291
662 503
250 402
328 21 22
16 593
130 54
908 263
144 330
265 266
24 116
3 860 253
96 821
424 264 170 427 114 339 116 115 319
449 447
194 3
170 213
10 214
369 53
83 564
405 423
116 166
380 158
164 106 494 270 83 148 181 435 84
381 13 15
418 548 486 334 848 48 49 443 444
97 77
180 279
130 199
67 68
161 405
22 23
409 286
857 547
84 119
360 10 530
285 181
666 813
612 487
80 78
192 232
304 97
50 85
252 439
13 639
224 75
184 425
281 291
301 406
744 517
64 3 195 196 5
496 420
285 181
20 13
178 18
7 306 59 412 253
419 300
18 219
171 454
108 551
192 158
107 372
235 927
396 909
106 83
474 461 130
641 101
184 130
184 330
352 351
180 382
212 108
289 163 433 434 181 373 218
192 131
35 29
171 116
272 193 412
97 171
28 94
49 77
860 686
306 138
304 97
59 3
410 91
114 726
75 420
810 60
456 262
130 451
67 68
67 68
490 7
833 3
211 372
547 334
108 255
67 68
857 507
147 53
180 279
720 377
378 348
184 199
259 403
41 30
232 278
194 3
537 87
130 291
306 287
90 115
123 124
161 171
483 341
212 14
163 213
418 548 486 264 424 362 172 77 48 49 114 115 246 443 444 445 319
769 98 355 100 101 102 354 641 324 709 99 619 405 125 126
330 479
115 212
829 301
570 82
380 158
216 821
185 510
74 18 332
136 438
69 63
49 444 41
429 270
65 829
9 302
422 360 10 333 530
833 196
377 398
897 639
441 276 414
435 475
171 116
313 86
861 439
116 124
672 82
939 612
321 161
147 188
24 33
232 378
82 284
288 82
321 62
64 282 572
76 77 334 48 49 51
171 117
451 414
330 259 475
140 934 270 47
3 5
83 367
49 77
116 439
24 31
729 22
3 413
185 70
250 435
202 821
97 132
264 528 920 926 418 548 424 172 48 49 443 444 445 319 77 334 848 977 486 362 114 115 246
212 302
285 6
57 60
88 129 821
193 3 4
288 93
6 727
105 378
252 63
19 75
860 686
827 3
609 232 233 266 267 499 538
17 425
88 49 50 51
901 166 136 137 170 171 817 337 338 252 116 438 439 117 339 340 124 861
188 22
482 3 212 5
810 412 286 55
74 332
363 499
195 699
184 199
160 159
58 138
64 163
338 439
521 138
496 106
107 211 301 406
192 351
192 180
810 55
3 5
860 686
82 357
129 130 366
563 66 427
3 195 196 5
67 68
3 196
188 22
306 739
233 441
82 147
154 356 63
217 580 270
409 59
333 407
3 5
516 485
322 105 395 182 378
964 237
881 138
618 141
116 255
160 211
116 84
364 279
130 279
289 759
158 398
208 96
951 167
123 348
260 22
297 108
75 310
67 68
341 135
160 211 159
52 94
544 210
171 549
5 167
901 136 331 116 438 252 861
108 255
609 805 233 266 267 499 62
67 68
289 163
441 451
272 273
184 130 427 173
260 22
166 136 137 170 171 337 338 339 252 116 438 439 117 340 124
288 82
368 117
171 116
175 287
257 435 366
52 821
161 131 181
488 333
8 570
82 357
202 95
275 341
241 964
135 155 174 536 539
202 487
21 22
212 55
330 357 358
339 166
195 5
116 252
233 441
777 821
321 182
378 62
133 6
418 172
59 55
305 90
252 63
64 846
130 459
232 233
116 861 438
170 116
434 85
122 83
72 434 50 51 85 88
769 98 354 100 101 102 641 324 99 619 405 663 125
158 7
97 212
434 181
306 719
170 166
8 6
260 21
266 267
260 174
224 88
257 115 366
264 427
243 211
171 116
249 143
64 3 5
317 7
312 216
296 322
25 31
184 82
123 180 181
129 63
234 475
445 439
161 297
827 3
97 925
108 964
52 821
172 246
116 166
24 428
412 4
304 301
264 115
114 246
897 711
338 117 166
50 51
897 639
141 46
3 196 5
494 527
409 286
901 136 817 754 116 438 252 861
64 3 5
65 377 380 158
369 53
180 382
27 589
184 130
376 664
129 202
328 22
67 68
88 29
64 57
105 395
3 196
93 686
200 821
402 435
167 84 373 694 374 284
67 68
193 412
259 475
456 97
236 245
202 821
90 60
474 250
72 85 181 71
170 116
18 315
928 964 932 927
680 81
33 418
354 250
138 860
739 212
6 7
194 5
291 573
209 156
552 724
160 211 159
848 548
475 143
341 135
185 82
65 75
434 50 51 85 88
421 734
201 821
59 212
108 134
59 253 286
3 5
264 418
136 116 252 861
75 469
498 549
41 76 30
539 734
75 222
821 151
914 500
136 137 171 337 338 339 252 116 438 439 117 340 124
64 521 57
18 309
857 45
409 90 60
946 326
72 434 50 51 85 88
3 5
544 494
106 250
185 711
544 406
165 270
495 87
550 551 70 679 668
91 67
3 196 5
353 682
482 55 56 57 58 59 60
123 124
281 15
169 459
101 663
337 338
147 53
412 132
114 334
161 431
67 68
122 94
67 68
496 378
115 246 319
456 319
22 327
547 367 83 85 122 187 255
93 101
808 133
884 166
522 341
488 497 452
380 183
107 301 406
124 62
373 87
363 507 366 63
257 108 284
289 163 434 50 51 85
664 81
144 475
441 276 414
212 302
297 378
283 367 143
808 133
412 3 4 193
380 158
281 293
108 663
8 20
378 251
283 284 519
87 63
114 115
170 124
88 301
409 253
357 639
200 777
56 212
184 153
390 777 395 527 15 19 404 919 538 179 313 62 66 466 86 222 487 104 381
224 222
162 667 20 662
444 39
77 48 49 51 444
456 339
297 250 363
184 130
129 198
281 116
833 194 3 5 827
418 115
600 159
264 170 427 339 115 319
58 860
184 199
412 116
380 397
152 30
50 613
388 199
245 237
425 210
52 45
184 22
554 522 341 599
13 87
304 83
67 68
686 7
161 134
88 116
97 171
65 202
301 174
76 438
180 157
285 150
412 4
208 96
170 116
170 639
354 126
306 212
337 338
369 105
424 319
120 41 40
67 68
291 573
339 116
59 212 286
369 53
67 68
400 527
517 518
451 459
69 213
195 239
97 90
499 431
296 390
81 82
146 547 423
412 133
490 7
185 6
41 26 27 39
369 53
285 150
74 75
171 471
184 330 109
425 122 83
160 435
58 287
82 21 22
523 524
696 316
170 439
901 331 754 116 438 861
569 291 358
74 75
4 860
16 449
184 130
496 378
488 700 333 407
720 158
178 179 382
494 167
52 821
824 857
166 31
114 115
589 37 30
138 686
363 45
64 59
175 287
59 253
97 171
193 413
259 470
152 428
829 406
171 549
184 188
64 521 57
291 485
67 68
64 306
395 182
22 231
664 81
61 134 151
321 735
105 322 378
75 318
369 53
209 196
170 115
672 188
193 195
49 76 77
369 53
64 3 5 212 59
409 421
41 76 77 49 254
170 124
107 22
67 68
301 174
164 143
212 412
76 254
459 516
22 327
41 26 27 39
3 5
50 85
177 233
217 580
810 90
258 402
354 372
482 3 212 5
136 338
212 302
285 150
656 281
664 81
441 276 414
668 583
67 68
587 132
553 306
179 215
129 206
106 367
170 106
114 115
89 90
108 63
265 20
114 445
18 310
441 276 414
366 406
498 420
247 431
212 85
209 196
122 83 84 85
600 159
67 68
106 59
106 494
906 75 310 312 216 317 223
184 114
65 166
130 803
833 3
75 342 310 312 216 317 223
57 59
8 857
113 109
460 317
120 41
401 22
179 215
810 90
376 357
64 4
81 82
369 53
272 412 133
392 183
378 251
108 159
201 778
21 69
75 222
449 217 270 41
451 276
52 94
37 31
324 405
296 61
3 5
218 405
120 754 861
170 166
418 439
777 918
352 351
412 133
201 778
138 813
421 652 302 14 625
21 22
75 223
412 133
301 406
67 68
265 267
105 322 378
482 212
122 211 235 159
460 757
272 133
216 75
171 549
21 22
378 182 62
26 39
474 250
170 116
67 68
67 68
419 7
136 456
138 108
304 90
554 522 341
64 59
3 5
134 166
424 264
6 7
521 138
209 133
80 220
114 334
208 821
363 821
691 223
88 155
134 558
3 195
272 193
3 5
106 454
158 150
89 305
50 85
272 133
243 159
129 130 910 304 82 184
116 861 438
129 594
158 351
194 413
448 449 140 141 430 429 447
114 115
255 108 63
409 490
369 53
603 363
897 260 261 70 135 778 301 174 307 405
117 262
33 29
409 282
83 363
24 36 30
272 413
138 108
107 75
306 413 7
216 188
72 434 50 51 85
97 171
613 72 50 51 405 85
666 860
148 213
3 5
184 129
354 102
369 53
114 334
881 306
129 558
64 572
160 211 159
475 92
34 29
424 264
317 310
409 282
124 62
553 212
76 254
981 471
160 211 159
59 212
3 4
428 461
87 511
561 460
138 282
412 7
250 22
306 212
170 339 639
130 427 173
64 810 55 412 286
696 21
107 188
18 315
301 406
3 286
826 307
636 5
493 255
149 150
521 138
354 126
67 68
901 136 331 817 754 116 438 252 861
341 135
60 413
301 406
82 70
616 547
283 75
184 81
21 93
448 140 677 447
539 93
115 334
897 301
274 46
507 12
324 101
209 212
394 386
29 166
496 17
272 133
901 331 754 979 116 438 861
441 150
146 107
41 30
395 182
180 158
14 119
264 115
266 708
104 105
64 4
495 87
884 166
152 428
74 75
352 2 378
284 167
401 260 261
285 150
554 483 341
87 143
395 182
97 212
212 132 286
146 213
185 419
171 471
107 189
129 821
41 27 39
288 82
129 821
184 107
394 182
144 475
21 22
184 363
196 5
380 7
354 405
173 414
304 406
296 297
114 115
602 423
233 53
32 28
67 68
58 860
64 3
170 166
412 7
362 172
22 231
3 212
301 406
50 85
83 108 84 87
816 138
368 170 29 114
284 309
8 571
118 614 615
617 603
258 181
129 821
257 284 366
130 173
83 116
82 357
833 3 5
21 22
161 418
107 188
394 106 428 270 367 83 116 534 155
122 106 83 84 85 250
421 302
285 302
233 369 53 538 62
146 547
288 93
171 549
122 82
49 334
307 108
185 191
115 334
3 4
425 133
301 406
29 31
380 158
306 950 55
533 212 133
284 366
89 97
829 406
96 219
336 16
67 68
45 213
65 6
122 821
184 130
141 7
130 427 173
338 116
600 210
250 590
233 322
3 412
257 170 301 174 435 115 406 893
115 487
1 582
180 158
64 435
20 13
64 175
148 84
284 167
362 30
128 22
323 141
289 51 85 71
21 93
88 270
115 334
328 21
59 405
64 881 287 175
82 639
282 3
67 68
860 686
298 261 94
495 87
272 212
106 367 83 84 85 87
136 116 252
265 233
272 132
122 284
514 174
129 777 168 52 821 197 198 199 200 201 202 203 204 205 206 207 208 594 95 96
8 20
264 334
449 140 141 430 429 447
211 159
386 388 296 297 381
114 319
778 174 135
46 462
105 378
482 212
88 146
323 46
74 75
266 20
152 471
282 63
148 213
369 53
67 68
369 395
250 6
380 396
180 263
212 739 412
169 130
608 43
57 922
6 7
108 663
574 567
184 545
170 171
170 439
184 22
283 284 143
64 3
283 140
285 150
272 212
50 85
171 117
173 182
829 406
115 474 435 420
216 269
381 183
67 68
488 489 452 559
124 252
146 107
369 378
116 166
323 141
401 22
180 158
729 174
129 347
232 181
48 444
363 45
304 97
369 53
108 5
233 285
84 286
301 406
65 355
42 52
107 406
516 7
369 53
116 166
953 70
432 50 51 85
233 538
289 234 163
376 664
211 244
460 359
66 563
170 116
441 499
368 213
59 413
282 59
211 159
624 203
664 81
201 129
64 90 4 60
241 238
136 41 76 77 254
901 331 754 116 438 861
379 151
3 5
59 588
264 445
483 135
505 431
64 212
67 68
184 330
297 378
435 181
448 140
3 4 5
65 420
116 117
3 103
232 441
171 491
284 367
200 821
28 117
218 547 85
289 163 72 50 434 51 85
3 7
514 174
108 933
701 662
272 193 412
212 55
490 83
46 270
89 286
192 65
306 212
296 163
264 49 246 319
212 412
76 254
378 459
424 264
434 373
418 115
673 366
130 451
41 548
17 175
488 333
115 213
330 92
881 58
553 127
360 142
297 378
281 115 134
74 332
426 427
122 427
587 3 196 5
386 391
982 334
909 919
57 139
362 117
236 237
82 63
282 3
482 739
20 13
285 175
306 212
115 212
265 267
368 152
451 483
12 325
18 220
64 58
41 418
334 951
281 233 204 285
75 261
386 387 389 390 391 395 396 398 151 296 297 182 61 62 321 322 104 105 369 379 377 378 251 380 381
339 230
21 22
97 90 303
64 59
20 13
522 341
152 428 262
821 86
64 3
272 133
881 138
71 433 434 181 373 218
482 739 810 686 55 56 57 58 60
860 5
341 135
233 53
305 90
908 263
378 251
114 319
232 182
412 413
212 132
145 255
49 334
138 165
810 55
29 30
212 55
117 166
107 301 406
153 85
680 81
114 362
324 5
35 36
88 146 423
166 14
456 115
833 194 3 195 196 827
778 11
301 406
41 26 27 39
109 94
161 431
96 124 62
64 4
465 338
67 68
184 420
116 117
233 285
34 35
184 250
571 20
906 75 310 312 216 317 223
376 330 357 358
18 222
246 319
192 852
75 310
115 319
76 254
76 254
195 6
388 199
288 81
482 212
185 406
30 439
485 564 573 823
779 86
171 116
6 7
810 59
897 108
97 303 305 89 90 253
264 334 115 83 319
441 66
296 19
212 302
330 475
195 196
232 204
345 149
26 27
64 57
509 510
75 222
64 5 846
129 821
122 83
744 517
482 739 810 139 272 55 56 57 58 827 60
373 495
129 821
59 413
265 662
13 87
353 682
507 12
85 253
115 445
160 243 159
380 158
118 119
168 169
257 212 133
901 754 979 116 438 861
130 279
378 61
250 549
289 434 163
232 281
359 488 333 407 700
83 223
451 414
116 334
233 53
283 85
262 428 368 656 471 120 152
372 102
76 254
289 234 85 218
408 94
264 319
67 68
544 295
50 51
184 20
152 87
296 297
219 197
170 639
107 435 366
180 157
212 55
109 110 111 112 113
482 950
161 253
184 821
96 821
589 30
3 196
129 63
8 570
75 310
161 821
350 150
170 116
553 212 133 286
301 406
289 163 72 50 434 51 85
64 4
430 447
547 334
264 115 246
64 482 3 587 139 435 409 413
507 501
833 827
21 93
483 135
192 350
116 861
49 51
19 222 227
74 75
3 5
265 162 662
264 115
380 396
554 483
421 302
418 334
170 439
3 132
284 374
550 69 70
496 250 148
821 6
18 220
170 31
24 25 26 27 28 29 30 31 32 33 34 35 36 37 38 39 40 41 589 591
284 821
369 53
161 181
136 438
952 361
127 55
140 165
216 435
282 212
833 3 4
59 284
109 479
97 212
136 41 76 77 49 438 254
233 53
270 47
98 100
232 285
498 483
67 68
134 166
467 12
88 146
369 53
104 395
394 613 50 85
412 517
821 918
302 174
158 62
309 134
124 173
59 212 739
171 471
901 331 754 979 116 438 861
233 53
260 613 261 74 249
140 47
460 269
41 439
209 212
64 3 4 5 521 860 253
154 213
18 19
488 700 333 407
395 182
115 687
833 413
857 45
249 74 75 298
810 212
67 68
326 327 328 11 401 307 21 22
115 156
145 187
233 53
301 174
49 76 77
135 108 367 283 434 373 374 87 59 284
114 319
378 182 62
749 165
474 107
8 162
881 138
212 63
369 53
24 29
508 244
242 235 237
323 141
270 47
232 285
8 662
160 242
48 49
115 427
810 303
283 519
50 51
369 53
448 140
339 116 117 340
301 406
59 367
210 122
177 178 179
180 157
12 325
134 558
301 406
22 23
76 254
64 3
301 174
344 161
897 301 893 406
212 55
341 63
83 396
67 68
155 519
161 4 813
161 167
174 135
409 517
58 7
521 282 413 7
97 101
3 5
136 338
64 3 4 5
412 55
161 642
170 116
234 236
170 117
446 918
153 84 405 167
857 363
330 358
341 135
395 182
322 395
49 334
816 881
132 133
617 603
165 175
640 159 160 320 588 210 211 234 235 236 237 238 239 241 242 243 244 245 638
21 22
532 540 79
357 358 330 144 376 479
71 72 367 434 85 218
901 136 817 754 116 438 252 861
67 68
64 4
96 129 197 198 199 200 201 42 203 204 202 206 207 208 168 205 52 95
288 93
274 47
132 860
860 686
161 97
81 82 69
14 327
170 171 549
744 518
180 348
42 197
336 335
182 62
449 41
67 68
369 53
8 361
12 325
106 250
116 439
108 334
67 68
171 549
55 57 58 59 60
266 13
259 411
153 255
376 330 108
181 622
71 433 50 434 51 181 373 218
99 324
209 195
306 212 6
52 134
64 60 5 846
490 7
569 330 291 358
490 7
138 572
339 116 117 340
194 3 5
281 129
64 972 4 413
193 3
264 246
89 303
257 307
376 81 664
138 21
72 434 50 51 85 88
328 22
24 27
460 317
123 124
321 182
8 250 45
881 686
465 532 166
3 4 413
897 174
175 287
171 117
291 564
528 319
283 85
67 68
170 439
613 829 341
808 133
550 7
291 573 494
328 326
134 262 136 137 26 28 29 31 418 546 166 40 170 444 337 338 483 362 368 115 117
369 53
24 27
372 101 495
354 405
609 232 233 266 267 265 15 278 441
195 55
272 133
193 3 4 5
521 60
648 222
481 67 612 104 561 49 339 212 118 662 122 253
451 483
107 829 406
259 475
147 53
234 244
423 817 754 979 116
347 215
81 175 287
108 134
827 5
175 287
881 138
75 261
263 815
369 53
821 53
522 135
212 143
170 116
377 7
272 212
139 991
96 821
33 655
136 41 76 77 49 438 254
881 138
74 331 75 332 298 18 249
233 557
192 345
181 302
434 373 87 135
116 166
52 821
107 21
182 62
3 5
192 149
59 860 253 7
306 133
161 269
37 31
67 68
245 237
43 406
209 138
99 100 405
155 174
860 686
34 591
180 157
57 60
304 90
3 5
67 68
138 287
296 394
283 284
224 101 118 119
813 4 413 860
593 165
132 133
456 48
953 29
664 81
358 63
233 53
664 81
532 341
42 86
964 238
849 446
405 174
217 430
184 259 199
185 82
45 13
458 239
364 29
170 439
304 210
144 479
553 58
412 133
446 582
821 87
156 189
216 296 163 284
330 477
3 413
901 439
475 479
16 270
108 87
64 4
67 68
3 161 195 253
118 614 615
88 955
50 51
500 20
64 90 60
41 26 27 39
857 45
74 75
545 130
833 59
330 259
197 821
608 171 549
74 75
122 83 82
282 59
569 82
50 51
91 63
3 195
246 63
412 133
219 197
71 72 367 433 434 85 218
265 441 233 414
180 348
75 460
48 49
172 334
129 210
107 468
281 114
441 494
146 250
67 68
146 107
212 133
64 3 5
170 116
200 777
897 639
233 538
362 115
212 372
128 37
212 55
424 264 246 486
180 158
388 199
394 283
75 342 310 312 216 317 223
458 402
482 212
69 510
460 757
21 93
67 68
339 230
547 813
3 413
170 115
321 182
296 284
170 171 116
3 5
163 821
171 252
3 804
884 116
129 777 168 52 197 198 199 200 201 202 203 204 205 206 207 208 594 95 96
283 590
322 182
212 302
115 334
144 475
448 449 140 141 430 429 447
407 806 359 8 9 333 45 500 501 502 503 408 505 730 574
288 93
435 519
233 53
130 494
274 323
145 187
28 94
170 171 116
460 757
5 253
46 462
482 3
138 860
22 23
475 92
507 662
59 127
897 406
104 378 87
259 470
35 55
363 142 499
264 420
353 343
412 860
171 471
224 221
402 622
129 821
74 75 298 18 312 249
22 23
64 138 253
363 421
301 406
378 182 62
184 435
171 471
441 276 414
149 150
64 972 3 4
48 49
418 31
36 30
192 350
609 265 266 267 268 62
201 129
259 470
328 22
272 193 412
184 199
521 60
59 139
569 358
4 5
3 7
56 127
105 378
97 286
307 327
3 4
488 333 559
264 114
50 51
83 284
97 171
360 530
49 444
24 36
328 729
250 212
22 23
26 134
507 511
281 171 117
182 527
18 227
273 274
256 107
3 196
163 405
412 413
20 143
216 75
323 141
41 27 39
249 298 260 261
99 405
928 927
308 207
306 212
257 170 116 213 250
3 195
180 382
83 311
451 439
369 53
162 667 20 662
56 412
88 146 107
18 220
108 4
122 83
85 405
96 129
3 196
64 3 5 846 282
442 250
130 910
833 194 3 196 58 827
608 696
67 68
233 267
409 413
198 87
180 382
49 230
135 108 367 283 434 84 373 87 122 59
860 413
289 434 163 253
76 254
247 422 431
90 934
41 246
360 530
833 3
394 386
147 53
227 391 15 527 182
85 405
88 155
3 588 5
65 202
18 315
49 41
58 138
922 931
233 441
821 22
445 486
75 460 269 561 216 188 317 223
441 66
171 116
390 391 392 297 296
46 323 270
97 117
82 21
18 19
281 233
296 386 388 381
59 212 55
97 338
169 427
67 68
257 435 366
289 84 85
129 821
61 134 151
474 419
286 175
49 319
107 188
369 538 233 53
281 130
435 341
114 319
680 81
121 18
185 82
6 7
829 406
129 108
192 682
18 19
193 5
824 265
29 439
266 13
250 82
122 494 130
201 441
104 105
296 394
185 367
75 260
202 95
893 406
490 7
412 3 4
363 422
75 310
3 5
281 173
52 45
410 507
475 92
153 255
281 285
114 115
810 90
3 5
161 107
448 449
253 303
16 335
848 206
369 105
330 107
378 182
18 341
64 409 860 253
115 156
75 21
412 4
145 187
67 68
235 238
83 235
412 4
129 821
171 549
230 199
224 273 75 310
170 122
250 435
130 612
99 108
12 22
448 677 447
58 287
640 639 47
52 918
46 47
282 7
216 284
243 244
466 62
434 50 51 85 88
59 860
296 396 390 391
373 135
427 173
18 220
664 81
52 821
116 117
154 143
185 82
283 284
58 138
336 335
227 63
185 419
353 215
170 116
282 3
281 130
591 87
234 405
184 6
232 278
57 58
266 13
257 133
429 302
212 63
52 101
952 360
161 372
495 87
106 83
45 375
48 49 51
116 439
234 495 367 83 84 85
369 53
6 7
243 159
953 510
101 108 405
171 471
202 95
272 132
233 134
322 395 378
115 334
130 933
358 479
955 50 51 88 155
810 286
130 451 459 624 601
59 5
444 334
136 76 438
48 49 76 334
860 686
212 302
369 53
3 195 5
4 413
97 338
67 68
272 193
441 177 178 179 345
207 347 295
3 5
394 547
129 284
233 53 54 538 62
114 444
101 102
490 7
154 108
664 81
451 439
317 223
739 55
368 24
212 412
306 212
69 550
8 363
816 860
744 517
361 214
49 51
641 938
116 428
369 53
481 82 639
381 183
59 286
139 686
509 70
884 166
83 5
193 3 4 412
98 324 301 103
323 46
554 483
46 462
3 103
489 530
28 166
136 137 171 337 338 339 252 116 438 439 117 340 124
180 382
347 181
816 138
89 305
460 107 188
140 270
197 87
180 157
96 42 43 52 86 88 94 95
409 282
529 490
96 821
233 54
329 109
330 357
306 212 286
211 159
273 813 47
37 166
50 51 85
323 46
20 13
281 293
282 7
284 108 933
680 81
72 434 50 51 85 88
116 821
328 821
114 246
130 494
306 412
244 821
833 3
49 77
881 306
328 250
3 195 196
200 777
106 413
97 116
304 130 184
140 165
74 75
67 68
136 137 171 337 338 339 252 116 438 439 117 340 124
485 823
22 23
115 334
901 136 331 116 438 252 861
67 68
565 341 877
304 90
161 164
58 55
64 4
64 4 413
156 189
344 279
52 821
289 163 83 84 85
64 356 170 330 47 115 372 212
66 283
272 133
171 117
352 215
253 175
211 159
9 45
897 639
184 130
334 143
46 47
74 75
173 94
36 30
82 21
211 46
451 483
336 323 335
88 507
192 149
881 138
346 181
136 817 754 116 252 861
122 143
180 382
37 31
170 124
296 284
146 122
451 516
368 152
200 821
19 222
98 324 103
398 54
173 182
380 158
482 3 5 810 212 56
233 538
281 43
3 196
264 115
115 420
144 161 475
114 108
259 63
364 519
257 435 284 366
233 538
255 63
401 87
170 116
394 163
136 137
173 414
25 41
509 510
97 122 521 75 396 491 45 212 282
211 237
561 317
245 237
281 285
148 367
404 527
435 479
24 97
194 3
601 586
429 462
964 237
330 475
49 51
257 356
67 68
553 212
308 348
827 59
252 439
160 159
957 934
170 439
291 108
184 130 88
114 85
449 27 76 41
378 395 182
184 302
672 107
180 348
309 134
441 276 414
897 893
6 7
424 304
136 41 76 77 49 438 254
59 287
358 109 113 376 92
827 3
585 273
833 3
194 3
67 109
184 354
499 247
21 69
457 406
147 53
99 87
897 406
448 274 46 47
266 142
193 3 4
208 821
16 161 270
363 70
259 108
514 174
330 291
284 309
368 29
821 909
90 303
296 398
6 7
418 319
3 196
369 53
13 639
456 97
301 406
368 428
160 243 159
123 180
163 164
173 63
97 482
28 31
531 294
482 3
217 580 270
321 369
748 70
64 212
347 134
245 237
172 334
289 163 71 434 85
144 414
177 178 179
64 572
185 82 109 510
192 263 180 181 150 149 345 123 349 157 350
522 135
396 158
860 253
212 412
17 133
138 636
521 93
572 5
547 234 111 83 213 85 122
594 821
48 49
362 439
169 516 94
50 298
216 6
482 212
64 212
124 252 439
48 49
142 7
609 12
564 87
441 179 276 414
64 212 286
401 260 261
140 47
448 800
186 53
161 171
131 263 278 279 157 285 682 179 180 181 192 215 344 345 343 347 348 346 350 351 352 353 349 232 622
49 51
184 199
16 449
177 178 179
116 861 438
97 132
117 166
4 413
284 309
296 19
577 527
554 483
451 420
291 573
212 991
67 68
460 22
233 266
83 29
233 538
379 158
91 470
680 81
194 195 196 5 1002 827 991
656 152
171 252
104 297
336 335
226 495
21 93
82 550
29 31
96 821
59 413
484 343
138 175
216 75
481 357
97 90
345 177 178 179
8 45
418 115
609 805 265 266 267 499
115 366
860 686
49 114 319
428 143
67 68
115 83
64 60
201 821
330 67 92
84 215
66 427
496 107 643 491
59 116
328 22
114 115
185 82
264 115
22 23
337 171
115 435
848 206
928 927
153 85
201 499
641 125
65 306 686
97 303
306 55
235 245
50 85
441 276 414
89 253
212 662
250 108
264 172
412 133
212 55
82 357
144 485
90 60
409 138 282
170 171
368 166
250 107 406 63
3 103
80 63
4 5
115 156
124 439
250 22
341 135
441 276 414
160 235 236 237 238 239 241 210 211 244 243 242 245 159
227 519
88 534
245 423
304 130 372 184
66 102
482 810
261 509 70
233 940
166 170 368 115 29
3 4
72 49 434 50 51 85 88
49 51
394 143
281 130
810 303
171 471
161 251
3 5
281 130 87
18 19 311
1 222
162 8 13 20 662 667
306 55
60 813
833 3
328 22
82 510
97 170
517 518
75 21
71 433 50 434 51 181 373 218
495 311
424 77
12 325
861 439
24 36
20 13
155 156
6 7
306 686
290 278
857 106
185 419
833 60
108 253
56 132
65 529
744 517
860 686
376 81 231
30 439
107 82 185 188 189
59 55
301 406
171 117
74 75
953 82
202 821
97 171
184 82
260 261
46 140 430 47
231 63
523 564
168 15
448 449 140 141 430 429 447
305 253
304 97
369 53
162 452 453 8 361 570
170 117
901 136 331 116 438 252 861
37 166
147 300
321 182
12 142
418 548 486 264 424 362 77 334 528 49 114 48 115 246 443 444 445 319
548 334 977 115 926
173 414
246 487
821 86
296 87
64 287
497 530 161
192 158
272 127
453 142
666 59 813
376 81
367 84 143
301 406
192 908
252 439
8 13
792 494
362 444
378 182 62
57 58
75 43
283 358
281 278
227 86
171 492
192 158
282 7
299 686
322 395
369 53
193 3 4 5
170 330 496 115 212
115 334
819 93
93 22
65 142 6
3 5
64 3
451 814
85 405
547 83
441 250
195 196 5
402 563
243 159
116 367
169 516
235 239
833 3
96 124 62
289 106 306 122 253
901 166 136 137 170 171 817 337 338 252 116 438 439 117 339 340 124 861
124 62
160 159
330 188
369 53
141 429
113 357
161 180 181
272 55
547 188
18 315
174 135
75 223
612 487
147 53
180 821
122 187 821
289 234 163
310 6
76 254
129 495 319
113 109
129 198
216 223
613 174
405 663
897 301 174 406 893
30 31
474 4
591 87
564 87
108 838
376 470
330 91
744 517
289 163 85
8 361 570 453
3 196
98 99
330 475
50 51
281 285
312 679
12 22
97 212
739 212
369 105
441 563
425 165
312 269
115 83
521 139
138 686
412 3 4 193
108 284
289 434
241 237
266 20
356 639
50 85
104 391
522 341 135
123 124
451 516
250 284
204 821
357 358 330 82 479
378 62
59 212
129 130 363 366 281 29
810 846
585 291
159 63
173 543
184 130
284 309
18 75
108 134
46 47
114 334
266 267
166 136 137 170 171 337 338 339 252 116 117 439 340 124
609 266
37 31
378 149
18 75
160 211 159
107 406
193 4 5
372 101
8 20
67 68
432 122 84 85
312 75
67 68
216 296
816 195
289 71
116 166
212 133
20 534
418 115
233 53
185 300
52 45
67 68
395 182
170 171 116
122 181
424 264
376 244
3 195
297 388 381
67 68
235 7
154 108
897 301
266 13
64 4
560 283
857 45 662
498 341
306 212
170 171
576 352
289 72 50 51 85
257 250 212
369 53
41 76
130 451
49 76
297 390
378 87
3 5
171 549
272 244
232 233
3 860
64 3 4 5 409 282
130 22
956 821
116 124
3 196
461 118
255 63
232 441
24 41
456 97
106 148
360 530
289 84
301 406
951 167
48 49
89 810 90
18 86
547 155
441 242
192 285
76 861 438
74 75
482 35 810 55 56 57 58 59 60
181 150
306 991
232 233 557 54
72 434 50 51 85
130 29
17 175
488 559
96 198
61 151
813 413
146 334
244 237 159
321 182
64 3
107 549
57 60
297 394 255
369 53
122 83
496 378
233 61
301 174
369 53
83 223
418 115
207 295
317 222
537 87
138 139
522 341
209 482
381 398
64 409 4 5
451 439
97 171
395 62
83 284
4 5
977 114
734 327
3 195 196 5
108 159
312 367
170 171 116
118 6
128 21
901 439
282 14
232 233
208 129
418 114
124 173 62
744 517
130 199
594 95
194 3
171 117
108 284
185 970
49 76
160 159
153 493
451 459
481 67 612 390 583 655 49 561 755 339 212 118 662 122 253
3 5
265 267
108 238
931 239
161 475 357
881 686
244 159
264 115
330 91
953 70
67 68
306 412
170 117
459 292
45 375
104 369
272 59
328 22
338 116
173 343
458 563
3 5
211 235
521 138
59 55
680 81
141 270
352 297 204 180 343 378
180 158
184 910
107 301 406
378 395
173 94
569 291
315 86
28 14
194 827
418 334 114
219 197
161 219
150 285 278
301 406
547 164
12 325
114 334
173 182
777 821
640 639
208 96
107 75
32 143
76 254
67 68
296 108
129 821
810 303
72 49 434 50 51 85
64 3 5 846 282
184 4
264 418
297 390
114 443
200 66
184 199
20 13
456 171
352 378 343
496 161
200 66
64 306 7
161 82 357
3 827 195 196
114 444
42 204
291 485
108 933
177 182
328 22
115 334
328 22
496 372
124 173 62
215 204 343 378 61
175 287
778 174
284 167
66 283
482 212 412
56 212
58 7
3 195 5
180 157
147 53
59 3
48 41
165 47
496 129 156 47
232 233
18 75
60 813
257 519 167 493 153 284
180 343
217 270
283 143
233 53
64 4 60 287
82 357
211 235
41 76
245 237
345 149
672 419 550 711 680 551 70 107 81 82 664 185 474 668 509 190
232 441
570 452
76 254
147 53
216 75
122 235
216 412
352 378
22 551
96 821
810 286
156 327
122 116
89 303
170 116
288 82
460 341
860 686
122 83
6 7
433 218
40 41 49 120 25 30
81 175 287
369 53
160 211
209 810
38 87
378 61
185 108
120 754 471
208 219 96
424 456
833 3
67 68
214 359
813 286
131 263 278 150 279 285 179 180 192 215 344 345 343 347 348 346 350 351 352 353 349 232 123
373 374
272 412
237 239
321 322
169 281
116 438
171 116
451 516 169 459 276 441
233 53
495 84 87
281 15
368 152 63
160 159
169 14
315 421
368 330
352 180
185 302
76 254
977 334
306 253
24 161 31
369 378
509 70
46 47
67 68
64 175
483 341
96 821
36 262 170 330 368 81 115 212 341 22 376 25 29 319
29 213
168 421
6 7
522 483 341 135
482 3 5 212 56
442 20
345 149
378 182 62
529 645
168 204
136 41 76 438 254
490 7
160 210
139 413
129 284
550 509 510
810 286 303
824 453
808 133
272 3
170 171
529 490
56 212
153 493
250 107
64 60 846
96 821
337 171
147 53
169 130
185 82 419
276 414
833 3 5
848 114
181 263
96 219
289 163
881 58
362 115
174 406
488 559
381 102
130 459
402 622
348 815
233 178
108 255
105 322 395
74 18
89 305
177 178
475 111
441 276 414
306 196 287
11 22
282 108 63
377 395
418 114
237 239
233 62
979 166
169 199
918 95
211 159
64 4 175
193 3 4 5
1002 3
184 130
302 174
107 551
860 686
106 494 146 435 148 250
10 453
250 420
10 507
97 418
380 158
60 846
225 310
394 106 146 148 155
122 83
272 55
250 45
645 270
424 439
827 3
82 358
330 22
448 140 141 430
393 589
64 4 5
224 178
130 211
99 100
96 129 197 198 199 200 201 42 203 204 202 206 207 208 168 205 52 95
161 146 107
260 261
537 87
184 130
449 27 41
74 75 298 342 249
330 115
50 51
115 420
108 231
60 413
286 175
953 510
284 309
521 138 60
336 335
72 50 51 85 88
166 134 136 137 362 337 338 117 28 31
257 82
185 748
166 136 137 170 171 337 338 339 252 116 438 439 117 340 124
435 334
3 5 14
648 459
115 334
378 182 62
418 334
131 181 622
201 66
163 644
166 136 137 170 171 337 338 915 252 116 438 439 117 339 340 124 861
612 279
301 406
75 318
321 182
434 71
330 357
369 53
204 197
170 117
107 22
208 202 96 95
105 322 378
243 159
76 254
200 821
829 107 301 406
270 47
330 357 639
122 428
369 53
71 72 367 433 434 85 218
115 372
522 341
108 284
124 252
166 136 137 170 171 337 338 339 252 116 438 439 117 340 124
409 282
233 266
122 235
326 327 328 11 401 307 21 22
161 311
250 330 63
284 84
122 341
49 51 76 77
29 439
129 284
521 7
289 50 51 85
337 338 339
341 599
108 494
72 434 50 51 85
161 129
227 86
244 253
471 439
346 181
178 179
369 53
264 115 532 687
833 3
155 156
96 95
208 96
264 319
208 202
3 7
52 94
672 668 419 550 711 680 551 70 107 81 664 185 474 188 190
145 493
938 354 101 126
82 63
132 133
352 96
306 846
49 76
435 366
8 20
432 218
394 547
253 167
508 244
159 108 63
957 934
114 115
67 68
129 42
173 94
72 49 434 50 51 85 88
482 412
76 861 438
291 485
324 405
129 291 356 301 174 47 17 309 406 284 893
264 115
15 391
171 116
282 108
448 499
265 233 276 441 414
105 378
499 431
64 3 5
316 223
170 116
41 252
64 138 4 572
662 503
67 68
192 350
59 132
848 172 548
664 81
52 119
67 109
817 171
67 68
107 22
893 406
3 196
107 108
616 547
369 53
65 490
376 161
354 405
115 412
1 147
323 46
171 549
88 146
50 51
5 3 4 413
140 165
82 510
245 237
265 267
171 439
4 287
108 5
22 7
369 53
41 26 27 39
322 378
291 564
378 182
185 300
72 434 50 51 85 88
648 22
255 108 63
306 6
216 75
368 656 152 262
28 52
3 195
64 409
483 341
83 84 85
139 287
170 124
972 413
192 263
171 471
104 297 296 216 284 61
115 687
97 171
380 398
64 3
250 106 83
512 216
307 22
500 503
257 167 519 493 153 284 255
368 262
161 301
115 334
22 23
418 548 486 264 424 362 172 77 48 49 114 115 246 443 444 445 319
200 400
52 821
171 117
27 591
347 292
41 246
24 25 36
171 116
281 15
425 283
75 460 269 561 216 188 317 223
514 174
67 68
441 499
860 686
67 68
64 572
96 821
185 82
184 130 435 366
153 42
67 68
128 534
125 639
97 212
41 371
217 447
640 125 639
354 87
136 41 76 254
24 25 26 27 28 29 30 31 32 33 34 35 36 37 38 39 40 41 589 591
46 47
147 188
388 390
343 215
453 142
586 130
810 286
449 47
8 20
418 319
69 70
546 40 26 28 30 31
73 164 260
860 686
41 30
833 413
97 21
171 549
465 166
216 495
264 246
696 22
458 402
104 296
52 821
734 327
451 276
257 82
297 378
49 334
250 63
529 645
369 53
821 95
298 261
171 116
233 15
233 53
116 117
521 138
376 475
130 94
149 263
558 78 80 79 446
244 6
97 212
130 330
262 428 656 471 120 152
91 107
517 518
11 341
64 4
369 53
441 177 178 179 345
827 3
85 405
386 388 296 297 381
507 431
72 434 50 51 85 88
242 235
114 246 319
141 335
171 116
448 449 934 140 141 430 335 336 429 447
321 395
390 391 296 297 392 396 183
283 143
260 21
334 246
29 30
24 25 26 27 28 29 30 31 32 33 34 35 36 37 38 39 40 41 589 591
58 3
64 130 184
72 85
8 45
664 81
65 490
117 166
104 393 105
330 475
36 439
145 255
56 212
474 109
394 547
136 438
908 263
88 955
209 212
281 129
486 87
821 207
144 475
451 143
67 68
380 158
166 170 368 115 29
104 233
216 75
49 246
377 398
80 483
105 394
376 470
696 22
600 159
496 161 148
115 334
848 548
118 119
498 420
64 90 4 846
161 821
612 487
434 51 50 83 84 85
208 202
808 133
67 68
272 133
192 150
22 23
860 686
65 490
302 249 652 14
216 6
522 135
233 369 53 538 62
193 412
75 342 310 312 216 317 223
232 343
161 22
633 398
286 175
49 319
67 68
64 3 4 5 846 60
330 291
66 201 233 563 276 441 414
170 171
116 117
381 102
67 68
120 754 861 901
483 341
363 422
289 163 72 433 50 434 51 85 373 181 153 218
116 813
233 322
643 213
13 87 511
550 119
283 284
123 124
26 31
65 490
250 43
345 149
22 23
88 50
448 800
444 86
176 138
696 318
431 63
129 166 52 281 31
553 212
45 662
516 94
64 129 130 330 366 115 22 184
369 53
171 471
919 975
132 133
104 297 527
901 331 754 979 116 438 439 861
373 374
130 459
115 334
494 527
118 614 615
3 4
833 3 5
272 739
130 250
49 444
32 31
296 460
323 165
336 16
779 86
395 62
352 343
211 639
76 254
514 174
3 195 5
147 188 317
821 166
340 438
32 24
170 116 117
380 398
528 319
58 253
170 114
123 124
71 433 50 434 51 181 373 85 153 218
321 395
28 495
237 239
378 182 62
338 339 166
180 158
193 3 4 103 412
755 45
122 191
448 449 447 47
769 98 354 100 101 102 641 324 99 619 405 663 125
901 439
901 439
284 309
306 686
160 241 159
193 3 4 5
129 198
180 382
8 20
171 117
145 187
67 68
177 178 179
114 319
260 174
36 29
289 434 163
115 319
184 505
216 75
239 623
257 250 212 286
75 310
405 63
211 159
114 115
593 101
114 246
834 45 366
430 47
13 87
442 363
810 286
49 76
890 829 301 406
901 136 331 817 754 116 438 252 861
115 334
284 63
96 821
4 413
17 425
161 821
448 499 502 447
281 130
192 232
449 141
282 7
201 129
257 130
97 212
108 280 148
3 196 5
337 116
64 409 286
200 821
257 166
668 550
410 711
640 639
341 135
106 213
66 435
264 528 418 548 424 172 48 49 443 444 445 319 77 334 726 486 362 114 115 246
377 398
180 343
212 309
346 158
379 151
149 150
297 380
354 405
147 53
301 406
49 51
398 7
115 319
553 133
22 23
328 142
67 212
369 15
125 639
901 136 116 438 252 861
10 559
194 413
192 150
160 964
243 211
1 18
301 406
98 101
50 51
928 964 238
165 140 270 47 16 46 274 275 273 217
116 124
210 234
424 6
184 130
486 424 264 77 246 445
456 114
123 124
297 378
108 171 116
97 212 132
233 134
289 163 71 72 433 434 50 51 85 181 218
115 418 171
49 76 77
129 43
114 487
177 130
133 63
41 26 27 39
107 188
145 187
405 423
482 212
187 71
739 212
116 117
166 136 137 170 171 337 338 339 252 116 438 439 117 340 124
395 182
810 90 286
860 686
424 264
272 212
74 757
315 108
59 196 5
179 215
352 158
96 129
696 212
285 302
3 4
427 286
272 133
184 130
337 261
66 201 179 276 441 414
380 7
412 133
8 20
170 171
528 114
281 170 114
171 116
101 118
50 51
784 17 143
116 166
114 115
88 485
821 199
521 138
300 711
72 50 83 434 405 51 85 122
48 87
810 303 89 90 286
514 75
289 163 71 72 433 434 50 51 85 181 153 218
67 68
458 402
171 116
108 933
184 130
378 251
161 731
347 295
59 60 405
369 53
136 41 76 754 438 254
362 115
297 380 398
281 495
482 58
129 52
50 85
361 214
57 138
175 286 287
104 105 378
67 68
75 223
209 212
289 163 71 72 50 434 51 85
90 286
494 167
64 58
114 926
264 528 926 418 548 424 172 48 49 443 444 445 319 77 334 848 486 362 114 115 246
284 167
96 124 62
353 343
594 821
272 133
260 22
171 213
739 212 55
93 22
328 22
59 5
219 269
114 334
168 281
257 108 153 284 255
3 4 413
808 193
257 358
130 233 494 281 122
58 3
116 334
20 366
41 114
99 324
194 827
289 163
64 256 356 170 330 47 304 82 211 372 115 212
19 219
59 3
260 261 70 401 509 94
306 7
10 467
313 18
281 52
70 190
860 686
169 492
8 431
98 324 301 103
175 287
897 301 893 406
317 223
129 206
85 71
435 63
213 551
161 146
170 589
833 3
217 270
52 821
50 51 85
28 29
448 141
170 117
323 677
306 719
107 21
81 82 69
328 21
18 19
38 230
321 617
171 439
298 75
360 530
147 53
5 3 4 413
138 860
113 109
402 622
124 173 62
434 181
412 4
67 68
284 727
171 116
65 125
18 75
589 14
281 129
194 196
544 543
216 317
103 7
739 699
161 138
827 860
67 68
138 175
170 116
301 406
129 821
255 63
304 63
129 206
932 927
25 41
64 253
419 36 451 304 19 307 115 20 63 31
89 90
127 287
304 97
210 6
860 413
264 114 115 926
499 527
521 547 860 253
306 196
283 367 143
284 143
41 754 76 438
435 405
168 169 404 790 534 285 94
161 180 181
67 68
857 20
106 29
59 405
97 212
184 130
188 21 22
108 495
180 343
283 191
291 573
953 510
680 81
115 486
482 3 739 5 810 212 56
97 212
281 465
138 282
24 33 27
180 158
89 90
160 90
336 16
426 402
264 116
296 297
67 68
17 47
153 255
289 234 434 213 253
272 553
378 62
108 663
193 3 4 5
21 22
544 184
3 7
307 70
168 15
83 334
264 170 427 339 115 319
3 5
129 347
652 302
3 7
412 133
230 199
194 195
227 444
3 196
467 422
418 172 548
253 7
272 133
664 81
964 245
284 167
429 430
109 110
67 68
369 53
179 215
451 814
64 810
26 39
67 68
96 821
401 22
409 518
664 81
424 161
4 813
3 972
250 213
161 317
181 149
304 97
368 439
964 238
108 964
915 532
158 398
161 133
184 130
514 174
122 821
26 37
356 519
130 292
448 140 429 447
49 41
353 343
330 188
122 475 330
74 331 332 298 249
212 133
3 196
18 315
282 7
153 108
170 330 334 368 82 115 341 22 29
24 423
3 195
339 171
184 130
70 191
285 150
301 46
3 827 195
217 447
841 427
83 181 279
499 214
72 50 51 85
177 179
114 334
82 108
552 724
114 115
64 972 4
24 25 26 27 28 29 30 31 32 33 34 35 36 37 38 39 40 41 589
449 140 141 820
3 7
170 116
26 31
827 195
24 33
8 20
153 405
652 255
680 81
296 394
115 319
97 418
115 548
18 75
3 5
52 821
134 558
237 159
264 246
161 181 343
860 686
49 51
116 117
171 549
67 68
50 51 85
64 3 4 5 846 60
827 195
395 62
75 188 223
67 68
64 170 330 47 496 115 372 212
546 37
322 62
217 447
74 332
3 195 196
521 138
64 521 4
35 29
260 21
139 212
616 154
560 519
76 254
418 115
170 439
283 143
495 87
202 821
720 377 380
3 196
297 388
378 182
153 108
334 303
136 41 76 77 49 438 254
50 85
281 117
67 68
570 453
116 302
169 516
401 691
369 322
5 4 413 860
608 106
848 114
65 7
972 813
282 55
265 499
193 3 5
272 306
330 291
306 7
3 4 413 60
496 474 435 420
485 573
8 250
224 122
352 179
59 286
219 197
656 428
508 244
38 87
212 302
233 293
857 431
59 132
352 179
184 130
114 63
165 175
4 5
165 749 47
547 148
179 215
32 428
668 550
528 114 115 319
982 926
115 246
284 495
161 82
168 484
76 77 334 48 49 51
352 180
177 179
122 83
88 49 51
129 83
160 12
145 493
205 7
129 284
482 810
58 60
906 75 310 312 216 317 223
130 181
369 53
3 5
302 295
353 351
104 369 378 105
312 18
64 108 4
250 435
217 270 447
184 354
554 341 599
306 7
67 68
41 26 27 39
255 108 63
3 196
250 372
487 271
58 139 413
28 29
860 686
96 124 62
64 3 5
114 443 486
220 173 182
184 130 427 173
10 453
67 68
108 284 84
808 272 133
860 686
184 143
58 3
931 237 239
304 521 90 64
459 63
430 270
41 246
547 405
56 59
155 364
272 274 133
721 609
368 161
75 43
941 94
88 49 51
846 7
289 163 72 50 51 85 122
146 547
78 63
82 358
861 439
161 250 107
8 6
378 182
321 182
76 254
166 170 368 115 250 29
65 7
64 306
232 233
74 331 75 332 298 18 312 249
182 62
72 50 51 83 84 85
3 7
833 59
341 135
41 76 77 49 254
369 53
523 524
211 237
880 243
177 179
216 223
184 130
169 527
4 5
754 471
301 103
56 55
59 412
344 181
352 364
829 301
539 499
185 191
860 813
36 29
26 27
132 133
67 68
232 281
202 821
507 142
194 5
323 141
369 53
648 436
99 87
233 484
594 821
648 459
64 3
129 181
824 857
67 68
185 191
90 286
233 53
3 196
609 247
281 204
184 130
108 285
248 247
487 15 390 391
715 173 414
116 117
129 918 206
3 412
113 109
352 215
129 777 168 42 52 197 198 199 200 201 202 203 204 205 207 208 594 95 96
192 263
348 158
537 167
161 339
544 106
901 754 979 116 438 861
997 13
48 49 51
227 276
46 270
161 146 107
396 158
138 287
257 181 366
177 179
58 138
183 391
129 14
312 613
186 355
108 334
136 252
283 358
208 96
22 23
265 571
174 893 406
184 130
163 542
49 76
108 84
554 522 341
115 83
409 421
827 195
55 56 57 59 60 253
67 68
122 85
13 639
3 5
301 406
208 96
24 25
264 170 115 339 284 319
89 303
893 406
116 439
122 69
284 63
80 63
117 246
897 639
67 68
74 75
321 382
18 315
115 334
216 6
233 53
369 53
860 686
65 75
507 495
192 181
5 302
482 412
789 718
554 522 341 599
184 82 69
720 377 380
181 263
250 108
352 161
857 467
250 106 83
810 413
360 214
8 6
133 860 813 59 60 253
836 790
322 484
129 821
123 124
114 115
18 220
108 140 270
129 821
272 413
829 301
241 159
122 45
13 15
223 87
249 331
302 174
931 239
243 211 235
65 7
5 63
20 13
306 412
305 286
21 93
107 468
291 108
481 639
3 103
485 823
3 196
769 98 355 100 101 102 354 641 324 709 99 619 405 125 126
173 63
181 279
64 7
19 421
461 334
21 174
359 488 333 407 700
827 195
283 367 143
427 7
304 356
857 250
70 82 185 510
860 686
306 991
3 212
67 68
96 95
744 517
243 159
360 10
736 165
50 51 85
104 321
547 211
162 20
64 209
538 53
72 433 218 367
38 230
353 852
243 159
321 182
824 662
180 157
369 53
64 5 846
104 527
672 107 460 590 366 435
96 219
175 287
754 979 471 120 861
114 115
20 431
234 283
449 217 270
409 282
257 122
168 42
170 171
18 75
301 109
283 78
369 53
281 451
337 170
901 331 754 979 116 438 861
490 83
465 494
380 396
4 413
328 22
96 129 296 87 281 311
249 18
216 75 223
97 620 304 58 925
257 356 519 17 250 284
211 47
304 305
306 7
101 430
131 181
465 130
276 414
283 143
496 372
97 58
833 3
115 106 435
97 171
329 330
250 22
388 199
217 165
105 395
81 283
242 500
3 250 860 253 287
162 20
82 70
500 87
141 47
322 395
64 3
289 163 71 433 434 181 373 218
97 212
564 485
64 175
468 461
302 14
18 311
259 475
169 130
301 174
83 532
97 171
263 815
49 41
817 171
210 283
369 53
285 278
107 188
553 519
860 686
130 406
115 156
260 21
67 68
184 130 910
82 22
129 167
169 285
465 445
48 49 51
18 315
412 4
340 341
4 413
378 62
161 301
283 367
17 425 284 309
171 116
211 108
65 490
130 402
456 124
378 182 62
328 417
66 427
161 281
107 188 301
105 322
418 548 486 264 424 362 172 334 48 114 115 246 444 445 319
96 124 62
69 70
115 284
460 757
170 117
170 171
264 246
200 400
860 686
108 63
369 105
97 58
252 117
352 215
59 3 5
173 63
67 68
212 132
466 15
708 20
233 53
170 171
58 306
951 167
219 197
25 30
376 81 161
71 72 367 433 434 85 218
58 139
369 53
108 405
833 3
301 406
589 439
160 241 159
37 31
130 309
235 245
208 96
141 430
897 406
8 452
264 445
116 439
107 188
250 435
289 84 253
161 284
129 821
164 84
107 406
66 499
306 59
369 53
233 62
99 405
561 223
153 284
20 13
608 106
640 159 160 320 588 210 211 234 235 236 237 238 239 241 242 243 244 245 638
274 141
170 29
67 68
418 319
116 117
475 84
301 406
120 754
298 261
129 31
609 266 267
212 286 55
108 134
161 394 381
291 573
89 90 97 303
311 63
76 254
306 212
180 158
202 558
82 639
49 434 50 51 85 88
50 51
810 55
25 31
115 339
94 166
18 75
82 435
852 343
345 149
356 47
107 460 269
15 431
64 3 4 5
808 133
291 494
696 190
194 3
129 198
179 158
613 71 432 50 434 51 85 218
219 341
600 159
93 686
829 301
166 136 137 170 171 337 338 339 252 116 438 439 117 340 124
826 307
648 22
497 12
185 82
608 88
116 166
161 549
901 136 817 754 116 438 252 861
521 7
3 4 5
245 239
285 278
395 182
233 538
804 413
379 180
216 6
512 652
162 20
860 686
67 68
897 711
482 306
589 30
363 45
171 116
3 195
64 846
272 212 132
3 5
64 3
439 87
482 412
444 30
57 59 60
324 103
1 317
305 286
322 378
467 499
64 4
64 4
64 3
108 63
219 197
170 171 339 116 246
331 439
508 244
282 212
146 107
4 413
211 159
257 108 153 284 63 255
456 170
122 75
3 413
378 182
64 257 130 5 108 366 211 115 284
116 438
306 7
475 109 358
426 66 402
396 175
284 143
90 303
184 13
330 92
114 487
169 130
808 133
788 22
9 302
212 412
388 199
38 87
509 510
484 215
67 68
64 3 4 413
98 99
833 860
361 294
354 100
24 29
901 754 471 120 861
250 435
76 254
64 846
369 53
82 357
67 68
212 287
108 749
200 821
306 14
171 549
66 499
178 179
177 179
67 68
130 435
401 87
444 39
514 174
857 250
633 398
8 45
205 821
59 286
356 143
129 821
22 23
192 345
132 133
18 283
3 196
41 76 254
170 116
418 548 486 264 424 362 172 77 48 49 114 115 246 443 444 445 319
846 7
301 174 893 406
421 119
160 234 235 236 237 238 239 240 241 210 211 244 243 242 245
120 754 471
235 927
1 222
171 549
439 55
860 686
206 95
52 821
141 46
180 158
52 821
378 62
74 75 332 298 18 312 249
232 233 266
64 57
181 279
97 170
211 235
274 323
116 252
83 527
306 413
184 199
444 415
3 5
116 117
258 451
29 878
369 53
101 143
286 175
369 53
857 499
107 188
817 171
358 22
482 3 810 5
284 309
118 614 615
209 482
3 413
467 422
353 343
82 495
82 357
755 212 662
184 210
281 129
171 116
901 136 817 754 116 252 861
8 567
369 53
161 363
330 639
67 68
64 184
192 347
124 439
64 257 130 5 108 366 211 115 284
664 81
108 29
21 93
481 21
105 395
260 70
107 491
338 339
64 409
41 371
184 130
177 179
67 68
97 114
48 49
347 292
435 420
938 354 126
1 2
810 3 5
326 327 328 11 401 307 21 22
84 254
122 83
232 285
272 133
529 645
474 106
465 340
720 377
330 990
434 50 373 181
301 406
104 394
108 5
97 132
259 108
418 115
161 82
769 98 355 100 101 102 354 641 324 709 99 619 405 125
116 143
132 950
261 94
67 68
550 326
131 263 278 150 279 285 158 179 180 192 343 344 345 215 347 348 346 350 351 352 353 349 232 123
65 22
897 639
212 196 133
216 460 269 223
272 133
200 909
17 171
24 25
193 3 4
89 303
170 116
301 406
41 76 77
424 264
114 444
197 821
46 462
306 212
306 212
161 330 475
50 51
41 114 371
860 813
20 13
192 158
184 130
130 271 279
282 59
297 390
293 487
76 254
3 4 5
369 53
161 284
97 171 817
547 821
233 53
538 15
212 412
179 414
250 435
376 81
250 435
116 6
547 188
21 22
224 460 87
500 359 333 407
89 286 303
361 442
380 158
129 63
116 861 438
833 3
829 301
41 26 27 39
50 85
114 37
481 67 612 390 583 365 49 561 339 212 341 118 662 153 122 412 253
3 196
301 103
262 428 656 471 120 152
22 23
8 12
104 527
160 211
369 53
129 284
104 296 284
201 441
88 666
118 190
435 420
177 293
343 215
388 199
810 286
881 138
210 964
27 252
401 21
193 4
482 739 810 55 56 57 58 60
64 59 287
439 7
76 254
860 686
104 527
409 413
833 194 3 195 196 827
301 406
50 85
132 133
234 244 236
117 166
116 319
459 63
418 6
346 215
816 686
305 90
210 245
380 7
897 406
438 166
496 107 491
312 269
194 3
22 231
42 86
602 524
108 405
130 494
185 82
517 518
3 5
521 7
388 381
116 117
3 991
87 319
67 68
474 461
74 75
169 130
107 189
306 212 412
488 559
833 3
161 431
84 373
136 76 438
897 129 170 301 174 368 115 406 893
326 327 328 11 401 307 21 22
490 7
182 62
24 26 27 28 29 30 31 32 33 34 546 36 37 38 39 40 41 589 591 722
267 14
3 5
255 63
154 108
270 47
321 182
65 6 7
176 138 175
39 41 120 27 30
388 199
170 117
161 521
561 460
36 439
171 549
67 68
64 175
85 167
184 656
144 330 475
811 302
401 70
490 213
210 412
55 7
33 28
435 420
233 53
211 237 235
326 327 328 11 401 307 21 22
192 123
82 435
284 366
458 402
369 538 233 53
306 55
553 282 212
500 407
265 266
97 620 304 58 925
321 322
808 133
49 76 77
390 183
897 301 174 406 893
401 21 22 327
114 251
115 334
429 270
378 251
107 188
130 459
22 23
67 109
897 170 301 339 639
74 75
170 171 116
272 273
21 22
59 253
123 124
439 31
410 91
75 342 310 312 216 317 223
160 211 159
104 296
171 439
33 29
243 159
114 115
64 3
857 45
82 357
170 117
97 212 132
321 617
250 43
354 355 324 101 938 16 593 126
230 199
36 30
97 611 90 620 304 57 58
130 427
130 459
171 817 754 27 28
289 434
449 140 270
185 82
48 117
18 227
20 13
212 133
244 253
301 893
296 297 388
171 116
24 252
170 117
20 13
3 587 195
162 20
49 76 77
369 53
49 51
51 655
141 430
64 138 47 304 211 372 212
88 423
8 20
369 53
115 334
116 117
16 140
114 443
138 282
152 362
483 135
284 87
155 156
160 211 159
72 433 50 434 51 181 373 85 218
418 115 334
88 442
147 53
184 310
8 20
50 51
161 253
860 813
233 563
434 71
19 222
71 433 434 51 181 373 218
212 253
146 107
96 821
180 157
173 182
550 70
306 59
64 3
125 709
322 395 182 378 62
115 548
394 396
821 207
67 68
609 214
696 228
931 239
233 322
147 53
107 406
686 7
82 330 358
67 68
550 70
130 494
585 291
233 15
301 406
3 5
74 331 75 298 18 249
378 395
24 36
813 127
390 391 296 297 396
74 75
273 323 677
496 420
857 957
59 413
67 68
75 342 310 312 216 317 223
859 307
96 821
108 356 284
481 82 639
233 53
369 53
244 239
163 71 433 434 181 373 153 218
816 175
249 143
83 229
161 821
272 132 133
65 99
212 950
138 108
67 68
216 223
284 727
386 388
97 212
216 435
174 406
521 306
107 301 406
264 114 115 926
173 182
434 71
180 158
129 821
129 421
522 135
266 452
41 172
64 138
140 934
369 53
233 53
441 276 414
906 75 310 312 216 317 223
41 246
108 284
418 362
322 378
1 317
122 84
378 182 62
130 402
216 364
468 63
41 76 77 49
184 363 45
272 132 133
169 130 427 281
227 391 15 527 182
6 7
369 53
63 71
352 192
136 137 171 339 116 340 439 252
173 414
40 41 27 30
26 27 39
456 319
233 612
200 777
243 211
65 142
88 146
264 170 427 114 339 115 319
88 821
233 53
811 245
177 178 179
441 414
289 163 71 433 434 181 373 218
522 341 135
49 106
201 909 918 919 95
664 81
497 422
65 507
283 59
360 10
64 59
123 263
170 171
127 639
125 430
19 219
456 116
146 213
114 115
97 212
3 413
26 39
161 82
212 59 412
833 3
259 199
171 549
114 334
259 832 411
123 124
20 13
696 107
40 368 31
30 439
154 108
366 406
233 54
97 418
283 284
467 422
380 7
357 406
322 395
243 159
212 412
107 188
22 23
402 972 5
75 310
465 130
90 846
124 439
122 373
67 68
217 165
600 159
250 85
161 11
2 317
260 261
709 405
303 239
284 309
445 439
108 284 63
161 180 181
829 301
88 485
179 158
328 326
185 82
369 53
65 7
482 212
185 7
20 13 63
35 55
45 406
281 83 494
32 143
453 142
326 327 328 11 401 307 21 22
129 777 168 42 52 821 197 198 200 201 202 204 205 206 207 208 594 95 96
901 439
368 428
21 231
461 215
285 207
192 350
296 19
306 413
296 19
161 146
272 412 133
52 198
28 94
211 964
386 388 296 297 381
496 372
860 686
161 821
49 334
123 180
369 53
301 406
96 129
67 68
224 107
161 749
233 285
608 250
41 39
67 68
266 571 20
24 25 26 27 28 29 30 31 32 33 34 35 36 37 38 39 40 41 589 591
613 829 341
285 7
378 182
171 116
219 341
304 97
400 94
833 194 3 195 5 827
420 532
901 754 471 120 861
698 646
648 22
395 182
36 439
180 382
195 588
291 564
208 96
136 438
354 372
108 63
35 29
180 382
369 105
180 157
821 207
107 406
296 19
362 334
212 108
341 166
185 82
117 439
16 270
233 53
409 59
272 132 133
447 217 47
2 107 460 757
285 6
724 734
59 3 5
69 510
744 517
161 334 319
673 142
662 511
482 212
8 162
97 418
91 63
216 83
548 334
81 82
282 59
213 22
425 148
442 701
377 986
546 439
96 219
64 3 4 5 813
587 3 5
108 284
3 4 413
368 152 63
91 479
272 133
8 12
19 222
554 522 599
136 116 252
373 135
64 4
194 3
134 494
330 259 108 475
97 90
897 711
522 483 341 135
321 182
296 396 391
339 639
88 439
230 199
395 182
860 686
306 3
281 130
324 7
41 26 27 39
217 510
213 510
496 378
114 172
282 59
106 83
25 29
296 61
21 93
517 518
67 68
113 109
3 253
377 7
96 821
544 295
174 22
160 235
130 372 366
67 68
193 4 813 860 413
245 237 239
201 95
425 175
308 86
233 285
339 63
96 821
378 62
225 469
369 53
98 100
184 108
209 212
138 60
380 158
107 406
161 166
369 53
744 518
60 813
65 7
105 395
260 21
474 30
953 510
412 413
666 686
185 116
148 213
257 250 213
64 860
76 254
441 276 414
96 451
369 53
507 14
395 182
64 57
67 68
64 409
194 827
75 342 310 312 216 317 223
106 43 148 213
66 258
177 239
3 4
180 157
490 7
307 327
197 821
194 195
232 233
8 45
373 87
184 363
161 269
485 573 823
97 132
566 431
257 250 212 133
777 821
96 197 198 199 200 201 42 203 204 202 206 207 208 168 205 52 95
122 188
170 330 368 81 115 341 22 29
482 212
396 158
76 254
276 173
108 63
848 114
376 81 664
3 196
181 494
359 333 526 500 501 407
172 548
147 53
133 302
328 22
289 72 50 51 434 85
833 3
116 255
469 149
114 334
136 438
296 284
67 68
52 110
297 420
64 57 60
133 6
739 212
56 161
369 53
52 166
116 166
138 686
170 116 439
195 5
115 341
101 405
212 412
160 241 159
451 543
485 573
296 369
354 405
170 117
161 558
116 117
64 60
3 196
168 207
289 434
124 117
366 107 284 406
184 130 283 143
45 366
281 293
65 529 490 645
58 3
323 46
3 4
744 517
281 292
409 517
352 346 215
808 133
41 28
270 47
49 434 50 51 85 88
130 459
609 233 266 267 265 441
483 341 135
808 133
441 499
177 178 179
184 427
474 70
441 177 178 179 345
233 538
369 53
67 68
432 85
569 358
380 158
6 135
235 927
89 303
184 22
553 55
97 418
83 284
485 573
107 108 301 366 406
84 367
594 156
208 96
67 68
744 517
237 239
115 334
810 286
98 324 103
530 422
860 686
472 256
64 129 130 330 366 115 22 184 29
67 68
636 5
88 130
425 749
824 453
37 30 31
136 817 252 861
857 708
161 311
200 400
250 142
284 367
64 409 3
424 264
369 53
64 5 846
281 130
603 12
931 244 239
177 215
249 298
81 82
59 85
720 65 158
146 107
369 53
485 516 573 823
146 107
134 166
115 63
45 333 407
860 686
550 269 222
147 53
185 7
380 158
107 406
334 303
291 427
114 334
297 394
63 71
819 340
378 62
495 63 71
64 129 257 107 45 82 821 857 185 250 59
368 29
616 955
139 287
264 115
328 895
552 724
58 813
514 174
130 420
744 518
507 45
322 104 105 369 378
9 574
482 139
668 38
89 305
435 420
252 439
448 449 140 141 430 447
445 319
116 24 428
226 315 86
67 68
171 311
50 51
174 406
469 149
219 308
56 161
174 495
612 279
123 124
537 87
500 45 503
82 357
175 287
330 357 639
449 270 273 435 534 217
148 533 406 37 296 170 42 174 821 315 64 454 327 334 78 82 475 356 107 108 368 116 250 507 254
255 63
329 91
170 589
212 55
129 52 94 281
211 159
171 116
720 377
208 129
184 199
49 51
49 77
369 322
64 57
401 107 22
130 341
115 334
282 3
237 6
304 487
116 334
82 22
64 3 5
248 247
57 287
12 325
339 439
67 68
441 276 414
321 322
67 68
88 813
3 4 5
108 284 63
116 166
67 68
212 253
368 29
247 431
16 275
321 322
441 276 414
83 148
36 30
161 475 92
193 3 4
200 777
130 910
194 5
171 549
67 68
641 372
83 284
65 490
252 439
392 381
307 327
616 715
857 63
165 47
339 116
171 116
107 43
289 72 50 83 434 51 85 122
122 115
282 7
48 362
147 300
67 68
376 81
48 49
108 405
99 100
341 334
901 439
209 195
456 170
233 53
216 821
288 70
76 254
590 639
65 6 7
76 77 334 48 49 51
276 414
848 334
211 159
339 117
250 372
955 108
67 68
201 778
378 182 62
64 257 553 212 286
3 7
312 425
827 5
347 292
409 517
154 63
200 175
129 206
281 233
97 611 90 620 304 57 58
208 201 129
304 281 184
122 22
118 119
129 166
57 686
82 70
280 108
12 22
96 219
448 140 447
122 83 84 85
522 483 341
130 279
428 262
59 212
72 49 434 50 51 85 88
144 475
490 645
848 334
3 4
496 22
166 170 171 337 338 339 252 117 340 439 124
769 641 405 663 688 186 324 709 710 98 355 100 101 102 354 99 619 372 125 126
48 117
170 173
64 626 287
58 306
124 303
185 358
931 239
810 686
16 165 46 47
168 281
301 406
138 860 253
114 115
428 262
201 778
460 332
810 286
114 334
209 133
813 4 413
656 173
428 213
289 85
217 447
67 68
143 63
395 390
474 461
357 639
488 333 501 407 700
232 181
85 405
136 76 861 438
88 49 51
232 233
245 237
953 510
897 639
330 357
232 233
161 283
71 433 50 434 51 181 373 153 218
210 212
166 136 137 170 171 337 338 915 252 116 438 439 117 339 340 124 861
67 68
3 196
554 483
3 103
373 374
224 75
344 279
124 173 62
18 317
170 439
158 62
104 369 378 105
3 196
168 204
105 62
120 41 27 39
267 265 266 499
20 13
122 235
216 129 122 821
161 281
170 495
114 334
209 3
3 7
778 11
452 453
50 51
482 212 810
59 7
897 108 406
857 161 363
274 323
171 116
427 93
739 132 212 59 412
72 50 51 85 88
372 405
441 451 276
122 5
395 487
309 22
252 439
497 452
609 232 233 266 267 278 441
116 156
88 494
108 5
174 519
418 334
810 412
48 49
664 81
160 243 159
881 58 138
418 548 114
14 22
378 251
395 182
3 5
273 4
138 82
105 378
67 68
441 276 414
810 108
769 98 355 100 101 102 354 641 324 709 99 619 405 125 126
88 423
449 217 270 41
378 182 62
378 62
129 130 166 134 170 366 368 115 341 29
105 322 182 378
59 951
259 358 91 109 144 376 475 92 479
441 459
594 975
367 143
184 545
837 488 333 407 700
72 50 51 85 88
41 26 27 39
49 76 77 254
67 68
97 334
169 130
482 212
64 244 253
177 418
932 159
893 406
330 63
140 165
322 62
338 116
3 196
210 237
123 181
272 65
412 132
138 139
430 47
66 381
992 813
264 418
67 68
1002 3
521 93
74 332
456 817
98 324
49 334
289 72 50 51 85
227 86
245 237
810 55
16 217
69 63
130 803
459 276
3 4
897 406
18 63
720 380
369 53
286 175
64 4
211 159
57 55
171 116
315 86
302 174
257 250
162 45
108 166
301 893
296 284
465 378
301 406
192 181
250 59
211 235
483 173
41 76 754 438 254
409 282
720 158
18 223
174 893 406
170 29
498 341
160 441 159
41 30
645 951
284 167
233 557
145 493
170 356 639
171 549
522 135
101 108 405
339 117
810 286 807
312 226
141 46
499 431
330 291
291 485
363 20 45
108 405
32 716 251 112 143 367 111 85 283
147 300
212 286
369 53
76 77 49 754 438 254
49 434 50 51 85 88
49 51
130 494
161 749
67 68
122 83 116 613
260 261 70 298 249 509
174 22
425 210
43 20
816 860
418 114
180 158
114 115 334 319
451 420
65 324 125
260 261
170 171
258 131 263 278 150 279 285 290 682 180 181 192 215 344 343 346 347 348 349 350 352 353 232 622 123
39 41 26 27 444
97 620
64 212
3 7
175 287
428 262
120 754 861
18 75
369 53
177 178 179
75 342 310 312 216 317 223
88 146
897 174
482 212
369 233
239 159
114 108
160 159
544 459 292
35 55
224 75
29 166
6 7
296 388
312 75
901 979 116 438 861
56 59
146 59
451 459
724 734
233 116
369 53
130 173
394 106
170 116
180 382
266 571 268
114 982
345 177 178 179
59 212
49 76 77
378 62
272 133
521 572
296 19
592 146
201 441
412 85
306 133
59 85
395 182
376 108
67 68
514 174
364 22
769 98 354 100 101 641 324 99 938 174 405 125
130 715
739 212
173 182
114 486
61 173
100 405
171 549
25 6
67 68
107 406
272 412
136 438
185 330
48 117
257 133 212 250 284 286
97 304 305 89 90 253
146 300
301 174 893 406
20 45
161 22
456 445
171 117
522 135
216 106
561 75 460
48 49
418 166
65 158
211 372
129 166
378 251
388 381
115 319
82 419
114 443
817 171
833 613
3 4 413 60
108 116
64 170 330 47 496 115 372 212
482 413
272 133
184 130
122 250
552 70
330 109 144 91 92 479
368 425
106 83
369 394
881 58
192 181
617 603
347 158
354 100
529 6
334 246
298 906
376 81 330
87 319
50 85
260 261 298 75 249
106 148
98 405
22 23
171 117
139 287
6 231
354 405
369 53
497 452
460 757
128 22
561 85
304 64 4 184
185 510
593 270
161 253
816 138
106 83
155 364
728 465
194 5
21 69
446 582
67 68
173 87
161 334
146 107
298 261
521 138
272 211
827 3
170 171 116
697 18
267 609 499 233
412 282 212
3 7 686 306 409 282
184 257
212 55
284 22
88 514
64 325
470 479
184 130
380 175
177 178 179
166 136 137 170 337 338 339 252 116 437 439 440 438 117 340 124
30 439
552 300
59 287
3 14
161 132
81 82
250 107
395 182
321 395
48 444
114 115
373 367
122 547
901 136 331 116 438 252 861
84 284
328 326
170 116
67 68
170 252
179 158
18 222
212 302
395 182
67 68
115 334
369 53
964 237 239
444 39
3 587 195
3 4
64 7 553 138 306 212 58 412 286
4 324
949 382
145 187
3 195 196 5
514 174
129 12
272 133
5 846
65 490
3 103
257 153 284
338 246
964 237
155 364
243 211
105 322
475 167
394 386
334 303
940 351
67 68
833 3
334 63
145 255
82 510
897 893
496 284
118 119
729 22
8 20
97 90 620 304 57 58
297 322
83 475
531 294
97 93
60 286
64 57
4 5
64 138
177 179
453 142
744 517
369 53
324 663
89 90 97
172 334
200 821
76 254
288 82 69
281 207
3 196
82 419
124 173 62
152 24
778 341
819 93
122 412
64 170
485 293
170 115
49 41
848 206
170 116 166
69 510
953 510
173 414
376 357
3 7
242 243 239
184 412
418 115
893 406
736 270
490 7
72 434 50 51 85 88
28 94
64 212
212 412
81 82
330 475
64 521
216 75 222
289 153
12 22
152 418
122 435
537 167
72 434 50 51 85 88
18 311
354 126
40 41 76
306 7
75 188
197 129 821
6 7
154 143
161 138 59
212 412
160 234 235 236 237 238 239 240 241 210 211 244 243 242 245
395 62
71 72 433 50 434 51 181 373
749 63
451 435
664 81
158 351
344 279
171 116
699 286
120 754 861 901
265 662
858 167
860 7
333 700 359 407
97 132
108 181
80 558 582
129 198
212 55
129 42
522 483
22 23
72 434 50 51 85 88
490 7
420 341
16 141
810 303
170 116
180 382
202 207
915 171
234 85
166 170 368 115 29
272 132
149 150
453 142
522 87
625 652
377 123
272 14
25 31
296 577
174 301 406
914 507
129 821
74 75
449 217 270 41
82 419 143
124 439
619 405
107 301 406
274 275
136 116 252
184 696
97 611 90 620 304 57 58 60
282 212 412
549 382
115 155
192 263 852 278 345
97 124
18 311
75 222
378 343
305 810 807
233 369 53 538 62
67 68
328 22
184 199
21 22
260 174 135
193 196
204 285
89 810
339 124
664 81
330 92
330 475
64 42 5 287
97 212
201 441
147 53
274 323
860 686
96 821
256 107 366
424 456
108 116 63
292 295
75 222
212 412
3 5
48 49
122 547 613 111
330 92
881 58
664 81
1 582
212 55
107 188
547 652
192 279
174 135
265 441
185 7
216 188
18 311
48 49
897 406
73 164
64 59 5
59 212 133
147 53
4 413
396 380 158
75 261
672 188
162 142
45 87
97 212
672 419 550 711 680 510 551 107 81 82 664 185 474 668 509 190
96 62
212 412
149 150
561 75
648 22
212 519
593 335
284 367
372 341
553 212
32 37
147 300
3 195
285 207
136 817 116 439 252 861
243 159
537 87
82 83 188
441 563
600 159
250 366
89 253
488 559
265 441
401 261
67 68
17 425
108 255
1 317
3 7
138 287
328 174 22
171 116
301 406
328 11
129 284
249 74 75 298
129 279
304 64
142 7
194 3
138 4
370 631
105 378
418 114
41 26 27 39
3 5
24 116
20 13
161 146
107 301 406
264 170 427 339 115 319
115 334
75 342 310 312 216 317 223
260 70
116 166
75 227
61 134
57 58
553 282 212
449 447
81 82
56 212 55
490 7
380 396
296 19
122 85
24 116
4 63
202 909
41 172
96 821
490 7
296 390
67 68
96 124
439 87
336 335
194 827
93 22
699 55
97 212
188 519
569 527
84 63
101 118
5 413
456 334
104 296
192 149
40 29
184 122
12 13
116 124
26 27 39
522 341
369 53
378 182
328 22
1000 146
282 7
490 7
115 334
283 270
96 821
321 369
334 246
507 431
330 259 475
88 107
355 101
609 12
194 3
326 714 509 510
338 6
160 243 159
361 214
315 108
116 166
108 519
192 350
6 7
570 675
129 777 168 52 821 197 198 199 200 201 202 203 204 205 206 207 208 594 95 96
420 461
120 471
932 238 927
210 237
67 68
157 181
234 122
122 187
194 196
810 413
32 33 34 35 546 36 39 40 41 591 26 27 28 30 31
521 306 282 7
708 701
52 821
433 434 373 181 85 218
256 547
138 282
857 534
328 22
64 138 3 4
233 215
372 101
833 3
184 821
490 7
395 182 251
289 72 50 51 85
192 181
129 166
81 82 69
57 58
474 461
185 419 70
468 143
720 380
26 31
419 69
96 229 182 281 378
216 435
409 282
3 587 195
177 178 179
138 878
67 68
933 334
857 250 45
196 7
192 350
413 165
3 4
304 372
817 171
777 95
114 334
48 108
194 827
519 63
274 46
185 474
16 449
177 179
114 444 319
17 425
369 105
816 521 138
210 84
97 90 253
744 517
114 334
264 246
200 129 821
296 378
522 341
954 700 925 846
21 22
274 47
284 367
96 821
210 84
155 174
553 161 132
181 279
180 382
444 246
120 428
514 174
507 142
88 50
829 301
442 499
250 212
109 110
496 352
185 82
345 149
69 63
87 319
829 301
75 342 310 312 216 317 223
468 190
22 23
360 142
171 549
145 255
424 264
212 133
418 115
829 406
418 114
3 4 887 59 413
3 196 5
194 413
201 129
139 253
118 63
82 357
52 119
59 813
739 212
67 92
98 324 103
499 431
91 14
66 841 426 427 715 458 402 563 569
67 68
826 924
201 52
475 479
187 255
210 964
301 174
130 173
21 22
301 174
284 143
453 422
639 47
195 196
41 76 77 754 438 254
107 406
193 3 4 5
848 206
827 860
259 108
16 335
67 68
901 754 979 116 438 861
309 134
49 334
281 117
260 261
305 303
3 5
177 487
285 181
265 266
96 129
96 124 62
147 53
233 538
233 53
472 473
216 561
587 108 5
129 821
522 483 341 135
169 516
104 105 158 390
170 171 339 116 246
108 933
129 777 909 918 919 802 168 42 52 821 197 198 199 200 201 202 203 204 205 206 207 208 594 95 96
162 452 453 8 361 567 570 571
488 497 452
98 324
58 306
130 82
21 93 22
208 96
565 175
330 92
114 334
132 133
67 68
483 341
260 21
97 418
57 60
317 310
378 182 62
108 358
474 435
521 5 3 413
195 5
321 182
170 171
67 68
666 5
105 378
474 214
122 551
475 479
96 129 197 198 199 200 201 42 203 204 202 206 207 208 168 205 52 95
291 485
301 406
357 358
289 253
213 463
427 527
3 196
301 406
18 84
16 165
64 282 846
64 287
495 108 87 63
202 284
388 199
272 412
65 435
8 20
49 41
359 488 333 407 700
171 549
242 239
272 244
328 22
107 420
326 328 11 21 22
3 196
264 445
20 13
114 487
107 188 301 406
243 235
169 130
284 167
115 687
130 108
200 129 821
412 212 132
130 803
460 191
107 188
56 55
58 212
88 155
219 197
97 212 132
41 27 39
212 302
88 250
848 548
289 434 50 51 85
185 419
40 35
272 412
467 214
114 115
378 284
188 22
264 246
488 333
212 287
50 51
441 439
97 58
233 821
42 197
46 63
114 115
297 63
897 406
70 11 326
243 159
289 50 51 85
369 53
171 495
122 116
517 518
813 4 413 860
136 438
395 62
42 52
441 150
49 76 77
488 497 452
21 22
264 114 115
467 499
336 335
434 181
185 82
173 414
161 115
619 663
298 906
67 68
424 456
28 45 94 52
97 444
67 68
181 279
301 406
22 551
107 188
46 462
96 821
82 22
194 3 5
60 887
212 133 286
833 827
108 821
83 821
139 287
284 373 135
24 122 29
185 82
915 117
353 207
250 6
26 37
250 63
266 453
589 207
64 57
409 282
88 42 86
258 181
170 117
207 295
810 55
185 226 419 82
41 26 27 39
304 58
58 306
490 7
96 821
21 93
394 547
194 846
115 319 63
264 170 427 339 115 319
50 51
449 273
201 129
211 159
237 239
52 119
181 622
192 150
116 117
3 196
369 53
897 301 174 406 893
64 195
816 175
217 165
104 369 378 105
867 412
130 94
146 107 188
242 211
3 991
699 286
161 133
448 47
368 471
3 4 5
245 237
193 413
272 553 212
18 315
32 199
448 449
474 115 334
59 87 63
289 71
930 335
170 116
139 287
378 61
108 133
171 549
376 81
107 222
67 68
88 423
424 264
362 334
482 14
64 474 435 420
104 395
532 341
72 434 50 51 85 88
330 639
146 5
170 549
115 366
264 170 427 339 115 319
395 182
648 22
816 686
260 261
257 166
170 116
12 22
286 175
82 21
59 60
82 107 301 406
41 444
547 213
170 29
336 462
244 245
67 68
80 78
283 63
37 30
288 93
26 39
682 13
500 526
821 151
227 86
392 390
105 395 182 378 251
234 83 84 85 122
90 439
833 194 3 195 5 827
145 85
3 413
301 892 893 406
528 114 319
145 493
64 5 846
283 821
64 3 4 5 521 138 58 287
425 106
302 174
82 419
391 296 297 394 216
3 196
49 51 334
344 279
129 52
368 428
171 117
148 84
129 475
456 97 170
257 356 366
144 485
64 282 5 846
5 686
424 14
250 108
496 420
21 22 231
301 406
418 114
345 179
326 328 11 21 22
161 167
83 231
3 195
550 628 474 668 190
161 363
482 3 212
901 136 116 438 252 861
24 29
11 341 326
65 142
219 197
380 398
152 36 30
285 150
138 686
105 378
18 219
58 59
306 253
107 189
130 291
420 15
64 253
165 140 429 430 47
366 431
288 161
449 429
161 146 107
369 53
122 284
128 22
964 159
257 250
134 558
233 53
115 334
514 174
441 276 414
237 239
810 55
488 333 407 700 701
201 441 414
434 50 51 85 88
450 415
276 414
301 174
918 919
553 55
104 527
59 212
160 243 159
441 179
291 707 936 777 937 908 594 823 956 573 351
88 155
85 71
306 212
274 323 141
438 166
233 538
82 357 358
388 381
322 62
369 53
124 439
441 265 179 233
304 97
185 70
76 254
67 68
449 165 46 47
129 83 821
13 639
185 70
67 68
192 346
412 284
24 36
522 341
161 117
49 76 77
282 412
263 815
21 22
59 3
64 175 855 380 286 287
235 964
402 715
208 821
338 116
272 212 950
569 130
652 255
56 639 159
192 181
142 307 21 70
517 518
21 22
450 415
88 439
296 284
64 521 138
114 116
289 72 50 83 434 51 85
170 319
434 85
97 611 304 57 58
65 507
920 114
129 31
433 218
500 503
67 68
656 115 172 166
357 687 305 565 184
931 239
185 191
171 439
369 53
25 610
652 302
488 497 452
46 270
114 319
291 108
97 90
80 446
106 148
138 287
138 686
357 109
344 181
67 68
291 420
554 483
64 272 5
29 31
418 548 486 264 424 362 172 334 48 114 115 246 444 445 319
82 108
463 255
368 439
163 71 433 434 181 373 153 218
331 557
289 163 71 433 434 181 373 153 218
345 179
243 211 235
201 178 179 563 441 381
16 270
338 884
369 378
266 13
202 134
224 19
289 234 163
194 195
42 52
114 172
424 77
194 413
88 49 51
4 413
344 184
107 406
170 339 639
245 237
138 139
284 167
282 3
217 70
179 414
296 388
82 300
3 196
170 171 116
369 53
281 15
120 41 27
155 174
691 75 189
160 90
777 95
484 158
136 861 438
250 330 63
98 372
352 158
680 81
59 860
833 58 3
18 19
74 331 75 332 298 18 249
56 212 55
80 134
118 119
458 402
129 777 909 918 919 168 52 821 197 198 199 200 201 202 204 205 206 207 208 594 95 96 752
146 107
166 136 137 170 171 337 338 339 252 116 438 439 117 340 124
74 332
153 116 143
264 49
281 15
129 130 43
194 3
376 81
43 301
20 13
41 114
130 291 304 372 341 29
1 2 317
302 14
3 860 5
953 541
233 53
380 158
893 406
67 68
184 435 366
3 196
97 212
441 439
472 257
425 46
369 53
362 115
301 406
42 6
198 495
108 5
178 516
304 130
67 68
362 117
58 59
115 406
173 182
211 63
41 172
283 133
6 7
116 166
194 196
27 443
528 115
173 414
82 330 639
234 59 60 58
28 45 94 52
521 636
170 171
67 68
3 4
404 527
67 68
250 519
441 179
291 7
289 133 5 106 175 305 210 306 57 122 59 253
585 291
146 547
77 486
172 548
539 531 93
769 98 354 100 101 102 641 324 99 619 405 663 125
522 599
107 45 406
129 777 168 52 821 197 198 199 200 201 202 203 204 205 206 207 208 594 95 96
550 510
184 29
3 860
613 405
395 182
212 302
169 130 527
58 55
928 964 927
106 148
67 68
346 181
363 499
172 548
227 86
88 51 146 155
129 491
260 21
298 260 261 94
108 495
75 310
833 194 195 827 860 991
369 53
114 319
144 11 341
129 42
250 63
283 691
3 196
821 918
317 310
196 7
154 63
76 254
171 117
264 528 418 548 424 172 48 49 443 444 445 319 334 977 486 362 114 115 246
409 6
22 23
499 142 431
177 594 95
50 85
41 27
13 87
22 23
394 143
451 420
901 979 116 438 861
232 278
202 909
92 479
388 199
412 5
304 90
744 517
424 264
141 46
194 3
155 364
171 549
208 202
67 68
264 977
59 194 3 5
3 4
322 182
948 61
474 538
122 83
301 174
184 435
368 439
232 233 53 441 62
64 90 4
165 270
106 367
368 29
195 412
114 115
115 334
148 14
264 63
235 237 239
157 181
333 700 837 407
64 4
395 182
407 359 504 45 503 408 505 506 507
507 142
138 686
153 85
909 95
140 141
192 343
49 51
117 246
8 142
67 68
395 182 62
640 639
289 163 234 85 253
434 51 85
346 181
490 7
306 7
337 171
212 412
49 334
701 662
563 66 427
116 117
108 29
20 511
435 167
97 132
88 821
129 173
418 114
482 212
243 159
490 7
194 5
304 122 187
129 821
194 3 5
170 171
485 87
105 394 322 378
59 55
136 76 77 49 438 254
49 76
260 261
201 778
24 35
662 503
194 5
185 474
59 116
69 70
270 47
937 291
336 16
422 363 142 530 467 499 603
377 263
147 53
180 157
212 55
88 283
32 33 34 35 546 36 39 40 41 591 26 27 28 30 31
334 303
138 572
483 341
153 122
64 4
97 620
369 53
90 286
107 406
265 267
161 475
272 471
613 925
418 362
519 260 174 135
67 68
171 116
210 243
283 284 519
860 686
424 264 114 115 982
312 216
64 3 4 5 846 282 60
67 68
160 235 237 238 239 241 210 211 244 243 242 245 159
184 431
435 116
64 4 47 304 211 372 212
45 142
171 549
171 116
196 7
306 196 287
169 459
82 419
117 534
45 167
48 114
29 22
67 68
233 557
410 327
897 301 174 406 893
188 301 406
521 138 165
394 386
369 15
514 223
829 301
369 53
264 115
307 724
449 41
412 413
72 289 163 85
439 7
330 639
380 158
284 367
180 350
97 116
171 117
65 125
49 106
140 270
378 151
339 116
97 132
76 254
212 132
282 7
144 414
178 147
499 500 247
18 75
810 60 55
109 475 477
377 297
82 510
897 301 893 406
72 434 50 51 85
12 325
170 171 116
122 143
451 814
880 243
418 115
184 130
41 26 27 39
356 63
177 178 179
376 81
496 378
272 133
217 270 447
57 59 60 55
22 327
344 279
554 135
49 334
49 76
122 187
560 283
170 439
115 420
434 50 51 85 88
83 455
171 116
301 406
378 251
257 364
80 483
456 262
429 462
434 85
182 151
210 211
76 254
255 108 63
180 158
482 55
507 14
250 435
1 147
128 161
98 99
368 428
920 444
448 499
24 36
129 14
405 663
288 82 21
67 68
369 53
901 166
281 215
216 75 223
369 53
486 424 264 77 334 246 982 445
330 291
32 255
396 158
258 264 427 114 115 319
249 298 260 261
97 58
369 53
114 302
244 237
3 196
9 467
285 150
10 214
48 444
75 461
184 130
88 146 51 423
232 61
166 170 368 115 29
410 786
378 182
227 391 15 527 182
369 53
217 165
244 821
5 686
58 306
97 92
192 7
147 300
8 142
284 389
65 390
233 62
301 406
408 45
413 7
49 334
14 119
105 378
897 357 406
128 21
656 173
171 134
122 187
377 182
272 860
289 234
860 686
122 164
456 116
312 75
861 438
170 334 368 115 29
281 250
161 431
67 68
162 570
597 598
301 406
451 439
129 821
688 372 101
129 821
380 396
67 68
12 325
257 519 327 174 22
130 563
523 524
212 133
97 170
88 534
242 964 239
212 412
60 55
182 62
116 439
216 223
488 497 452
132 253
429 47
84 284
301 893
52 134
686 7
67 68
192 181
372 324
3 4
170 171 116
147 53
98 101
152 122
380 398
813 374
380 7
5 3 4 413
212 287
334 303
20 13
821 86
306 3 212 699
115 47
115 319
75 222
701 662
547 107
166 170 368 115 29
158 62
376 81
860 686
12 45
521 209
666 413
354 355
402 427
12 453
297 378 63
105 395
184 156
435 366
67 68
868 135
161 188
134 494
833 3
281 285
192 682
184 130 63
113 109
67 68
395 182
184 250
600 159
88 435
306 686
212 286
59 196
283 255
152 36 30
860 5
146 423
497 363
336 930 934 335
307 327
88 485
20 526
482 84
3 5
116 439
427 286
378 182 62
667 167
120 754 979 471
21 22
140 141
368 428
829 301
284 61
147 53
233 53
64 3 4 5 846 60
161 821
115 334
184 130
124 439
474 109
211 133
21 93
378 61
106 250
50 298
114 115 334
50 51
639 159
321 369
115 83
64 3 5 212 286
378 182 62
434 255
744 517
113 109
376 81
339 116
69 87
212 63
24 589
356 63
129 52
408 214
304 97
550 510
35 55
315 222
418 114
115 406
67 68
122 339
170 124
212 84
553 212
412 212 132
107 357
8 511
59 253
107 460 269 691 223
291 573
274 323
262 428 656 471 120 152
289 163 71 72 433 50 434 51 85 373 181 218
260 21
184 130
369 53
3 5
88 107 188 190
553 212
24 28
347 343
3 588
134 94
41 27 39
65 250
3 5
272 133
250 420
413 286
233 940
76 254
138 253
262 428 656 471 120 152
171 116
161 202 821
992 813
833 3
136 76 438
483 135
312 216
105 378
264 334
281 117
816 139
138 60
115 63
114 172
482 810 139 686 55 56 57 699
100 405
212 133
48 444
83 421
170 116
422 489 363 142 497 530 467 499 603
522 341
88 155
49 51 76 77
88 494
52 821
237 239
115 319
259 411
448 270
242 239 159
114 115
184 257 153 519
8 250
3 5
472 473
441 451
65 7
64 90
233 15
113 109
161 467
422 87
36 29
301 406
108 63
185 70
211 495
379 151
96 95
330 259
163 284
45 301 406
170 339 115 83 319
133 159
3 813
483 341
220 173 182
441 276 414
3 196
346 347 295 343
193 3 4
338 339
368 152
18 227
496 420
46 462
810 212
666 413
586 494
177 178 179
112 67 109 110
369 53
93 22
146 107
136 76 861 438
306 212
108 63
538 171 491
291 358
96 219
328 161
97 132
59 739
171 549
105 378
242 235 237
216 435 821
720 380
264 114
412 431
272 412 133
193 194 3 195 833 5 196 827
410 91
522 483
116 167
302 14
65 529 490 7
114 246 319
46 270
321 380
861 439
211 159
509 510
3 196
6 7
41 39
81 82
216 435 36 270
3 55
306 286
232 527
224 87
64 138
672 419 550 551 107 81 82 185 668 510
281 115
1 147
34 548 39 41 334 48 49 371 86
901 136 331 817 754 116 438 252 861
304 330 134 184
88 116
129 821
171 116
97 620
328 260
448 441
505 87
846 7
67 68
451 439
571 20 662
59 196
41 30
24 439
170 166
175 287
67 68
192 285
41 94
126 143
6 7
21 22
4 5
972 413
9 45
339 639
88 975
245 239
456 334
56 639
52 918
200 197
739 55 57 59 60
129 210
289 163 234 434 85
283 284
59 287
860 686
21 22
85 494
276 836
386 388 296 297 381
161 813
171 549
3 5
52 821 918
211 159
330 291
122 253
107 188
17 45
348 181
177 612
161 378
64 3 5 108 860
159 63
72 49 434 50 51 85 88
306 490 6 7
426 258
170 173
3 196
212 59 412
72 434 50 51 85 88
281 389
289 163 71 434 84 85
116 821
468 63
64 5 175
169 207
116 861 438
569 130
3 4
482 212
194 3
16 141
122 821
209 55
109 70
192 151
264 246
64 60
378 182
161 286
28 36
67 68
96 821
96 129
424 264
739 212
424 63
890 301
69 70
70 87
59 212
69 510
418 115
192 181
400 527
435 45
153 284
625 22
173 414
173 63
59 212 286
245 237
184 130 366
291 264 169 427 339 115 319
209 565
821 206
64 5 253
428 143
210 250
106 83
41 26 27 39
147 53
130 286
345 149
64 4
169 130
64 253
196 195 4
105 378
36 29
848 926
20 13
376 81 664
49 434 50 51 85 88
145 493
59 367
233 53
50 51 85
88 130
189 190
424 456
496 161
3 195
352 179
180 382
460 269
233 538
456 362
441 451
425 116 494
116 117
539 724
114 115 319
196 5
234 211
162 453 8 361 567 570 571
154 63
136 171 339 116 252
508 244
521 57
97 303
608 171 549 366
184 330
168 42
614 615
337 281
619 99
288 70
24 28
401 22
602 284 167
32 122 31
89 286
202 487
114 115
200 777
170 171
50 51
367 311
67 68
306 59
115 63
93 174
82 300
120 754 861 471
448 140 429 430 447
48 444
857 122 45
272 412
250 107
857 505
232 233 53 441 62
664 81
376 81
353 215
76 254
145 493
123 181
394 18
362 117
16 46 141 430
489 467
64 3
211 159
494 279
377 380
30 439
376 664
116 861 438
284 334
41 26 27 39
124 62
174 406
166 136 170 171 337 338 339 252 116 438 439 117 340 124
97 611 90 620 304 57 58
17 107
378 62
116 117
369 53
519 174 135
930 165
65 52
192 180
953 510
76 438
108 116
129 821
301 406
18 315
129 421
82 107
64 4
65 158
827 3
67 68
532 341
210 211
3 108 5
3 195 196 5
194 59
369 53
296 297
860 686
170 116
48 115
321 378
48 114
97 212
50 85
123 124
281 341
122 547
275 270
393 87
405 167
114 444
412 132
549 366
720 158
168 281
115 334
8 20
232 233 53 441 62
739 212
418 166 40 136 170 362 368 115 340 117 438 120 28 29
177 179
928 932 238 927
296 297 388
361 431
123 124
482 3
282 7
72 49 434 51 85
138 686
67 68
264 528 920 926 418 548 424 172 48 49 443 444 445 319 77 334 848 977 486 362 114 115 246
96 821
76 254
448 499
301 406
129 42 52
235 237
122 327
96 198 594 52 821
123 181
450 415
46 270
508 244
260 261 74 75 298 249
296 391
67 68
321 395
166 338 339 117 281
64 4 184
257 284 63
257 106 250 84
250 45 63
107 188
97 326
376 113 52
434 50 51 85 88
569 330
553 212
413 7
304 305 90
107 188
5 413
43 821
64 5 846
410 191
302 14
157 646
3 4 60
500 526
114 362
130 199
291 485
107 188 406
188 108
368 439
170 171
749 406
369 53
161 883 59
130 279
857 45
645 7
212 286 55
24 29
184 130
337 338
664 81
857 59
123 124
122 428
496 257
378 182 62
226 315
553 212
233 15
141 447
808 133
122 284
500 359
250 420
376 81 664
177 179
262 977 117 25 412
257 213
302 119
500 453 503
881 138 686
330 639
252 439
369 53
297 396
666 255
209 212
122 821
14 239
250 213
323 430
96 129 197 198 200 777 42 202 204 201 168 207 208 205 594 851 52 95
445 334
410 327
67 68
330 21 22
233 266
209 212
75 260
483 341
76 254
106 213
98 324 301 103
296 291
257 162 153 107 364 237 366 212 281 250 284
108 46
810 108
378 182 391
200 175
81 82
344 181
21 22
184 130
49 334
122 284 82
24 25 26 27 28 29 30 31 32 33 34 35 36 37 38 39 40 41 589 591
133 286
509 510
114 548
296 378
296 390
35 55
88 24 29
554 522
304 425
232 657
272 306
192 852
64 129 130 330 107 363 366 304 82 22 29 286 287
304 130 184
281 130 173 134
74 18
64 282 5 846
289 163 72 50 83 434 51 85 122
3 5
378 182 62
666 138
339 171
257 519 493 153 284
41 252
27 30
412 133
173 182
122 284
507 142
65 529
116 821
233 62
380 158
141 47
3 7
166 439
41 172
272 133
848 41
496 170 171 372
216 74
123 124
827 195
369 105
254 22
897 301 893 406
33 34 35 546 36 39 40 41 591 26 27 28 30 31
85 493
496 88 107
369 53
330 357 358 479
233 53
233 53
171 549
116 334
97 212
909 95
820 141
35 36
48 49
194 827 860 5
24 63
178 534
180 348
402 622
81 82
412 3 4
26 439
165 175
608 435
20 13
173 182
89 810
166 136 137 170 171 337 338 915 252 116 438 439 117 339 340 124 861
330 67
284 493
448 140
171 116
67 68
490 7
482 132
170 171 116
257 129
64 257 4 5 138 366 211 212 286
503 44 526 500 502 407
184 199
369 105
369 53
176 666
81 82 69
188 406
281 129
108 116
193 4
264 115
80 63
233 53
459 143
482 3 5 810 212
59 253
48 49
721 609
289 434 85 71
233 557
664 81
21 22
160 211
149 150
106 250 164
96 378
184 412
150 622
367 143 83 84 309 122 283
554 483
67 68
75 21
952 958
380 158
171 116
306 138
7 521 138 686 282
193 412
259 199
200 777
171 116
114 319
174 519
435 116
18 655
88 146
545 495
65 7
860 813
459 87
171 117
24 25
369 322
204 197
59 212 739
82 63
97 212
488 559
434 71
211 159
606 798
291 564
21 22
952 214
108 63
129 527
289 163 71 234 434 85
67 68
330 357
185 510
259 403
257 212 133
165 47
813 413
115 334
212 63
514 250
82 510
105 378
141 46
116 117
184 130
257 130 107 366 435
731 461
521 138 686
67 68
59 196
300 711
59 5
857 507
212 412
184 521
50 51 85
89 90
67 68
323 270
3 60
21 886
97 57
499 93
816 138
89 211
297 389
108 45
212 286
192 350
829 301
88 50 51 955
443 334
146 107
435 22
810 55
56 212
8 142 431
212 55
130 134
71 72 367 433 434 85 218
67 68
67 68
52 94
65 142
67 68
409 306
395 487
65 951
64 3 4 5
330 357
972 813
82 63
641 125
84 167
521 138
49 51
259 475
696 317
106 367 143 84 283
4 413
178 18
123 124
421 302
380 175
88 181
145 187
22 23
114 444
286 175
486 199
301 406
217 447
666 59
49 51
120 754 861 901
529 490 645
482 739 212
281 114 115
187 255
257 494
252 439
212 55
16 275
266 267
544 495
212 412
456 114
160 159
739 55
104 527
376 81 664
860 813
424 264 115 246
64 282 5 846
441 414
97 482 212
138 23
729 22
130 372
64 256 170 330 47 304 211 372 115 212
211 133
451 276
19 134
4 413
321 62
696 190
45 375
547 821
130 54
328 22
548 334
67 68
194 413
53 815
250 435
232 173
409 4
3 4
390 391 296 297 396
233 53
231 63
18 220
264 246
491 492
3 588
124 173 62
28 52
777 205 95
369 538 233 53
49 76
108 284
458 534
881 138
82 357
600 159
216 310
3 4 813
368 262
210 964
184 130 366
302 598
312 223
418 30
58 59
108 495 87 284 63
250 435
64 881 626 287
49 116
64 138 572 286
420 79
89 286
662 503
296 297 390
105 322
482 306
483 135
117 438
108 63
145 493
120 49 77
50 51
83 421
184 130
67 68
97 212
857 187
108 116
82 550
64 4
173 62
166 136 137 170 171 337 338 339 252 116 438 439 117 340 124 861
48 49
211 237
50 51
306 412
418 114
195 239
115 319
116 252
592 97
49 114
106 435
283 358
425 484
353 682
91 109
326 328 11 307 21 22
421 6
184 171
330 21
497 452
114 14
609 441
304 97 90 171
827 7
529 490
64 3
67 68
258 181
257 83
169 130
250 63
64 194 3 5 59
369 378
498 483
82 419
202 909
211 159
860 686
435 405
307 734
58 286
257 122
58 138
48 49
451 439
116 166
134 558
779 86
291 707
274 270
257 250
323 335
4 413
262 428 656 471 120 152
67 68
810 699 55
83 87
3 212
496 115
116 117
4 413
378 451
589 37 30
242 500
169 94
57 234 59
449 140 46 270 217
67 68
67 68
108 255
629 390
283 164
339 116
388 199
860 686
21 22
42 435 181 130
50 85
302 622
136 817 252 861
570 13
409 517
97 22
76 861 438
281 207
285 150
827 3
16 63
67 68
210 234
488 700 333 407
544 184
451 87
323 141
195 196
74 757
265 571 662
217 430 447
324 405
192 852
257 284 493 519
26 39
161 339
881 58
521 409
130 291 372 341 184 29
553 306
96 219
65 7
434 373 181
282 7
195 239
587 5 14
84 284
12 325
24 29 63
257 170
304 130
3 4 5
283 367 143
132 133
129 777 909 918 919 802 168 42 52 821 197 198 199 200 201 202 203 204 205 206 207 208 594 95 96
177 179
3 196
3 4
180 158
296 297
212 412
212 133
810 286
258 402
336 16
97 925 303 304 305 89 90 253
36 52
170 116
376 97
145 187
75 332
64 521 57
4 5 860
170 31
235 239
96 821
106 83
648 83
67 68
181 263
211 159
212 132
467 422
130 366
323 141
250 115
235 159
81 175 287
3 7
6 7
64 4
180 62
96 821
130 82
123 124
171 549
372 341
104 284
613 405
184 330 22
291 7
281 117
418 334
129 29
46 47
184 107
537 87
550 70
147 53
914 957 934
59 405
257 133
114 115 334
129 173
588 238
289 434
819 93
81 175 287
161 90
451 439
37 439
129 821
185 474
116 117
402 563
330 639
58 212
107 188
322 62
29 878
369 53
93 22
808 133
829 301
821 53
833 195 196 827
171 116
210 167
205 94
129 166 11 83 52 281 31
291 564
103 7
424 264
686 14
330 358
408 8
49 51
170 166
325 559
180 382
88 154
264 920 418 548 424 172 48 49 443 444 445 319 77 334 977 486 362 114 115 246
161 611 454
388 199
59 287
160 242 239
21 22 231
105 378
185 70
234 829
69 510
272 133
18 315
60 253
129 29
2 317
296 284 61
263 815
8 267
188 223
161 451
376 358
286 127
83 31
352 115 156
170 439
233 62
421 302
17 425
129 558
185 82
376 161 475
184 188
65 6 7 490 529
264 246
67 68
66 381
66 435
412 413
50 85
9 499
547 212
105 378
22 23
330 475
115 372
380 158
161 59 4
89 90
136 76 438
321 182
354 101
482 287
928 238 927
115 412
377 7
219 197
302 174
369 378
168 207
424 115 334
296 284
163 164
192 263
114 172
272 412
105 322 378
827 196
666 5
10 453
409 138 282 5
272 273
570 675
56 950
45 406
578 284
4 413
467 422
474 420
185 70
302 14
378 251
170 340
810 55
16 286
665 487
104 527
363 499
185 7
680 81
68 109
204 207
122 174
82 63
28 29
212 55
282 175
104 296
159 927
48 49 51 334
130 372
331 557
115 212
153 356
270 47
212 133
166 134 136 137 170 362 368 337 338 115 117 28 29 31
104 378 251
3 5
65 143
212 132 286
173 414
301 406
107 188
474 26
357 358 109 113 376
72 289 163 85
216 75
192 852
3 588 5
3 196 5
26 27
291 830
141 46
67 68
59 3
135 7
114 115 319
893 406
169 527
373 63
499 431
328 22
339 117
435 366
816 138
378 182
906 75 310 312 216 317 223
169 130
625 14
282 59
252 861
171 116
24 29
333 407
560 167
57 60
550 70
368 428
496 435
128 190
276 414
301 406
521 7
434 373 181
107 357 406
82 250
129 821
175 287
49 51
435 101
20 45
296 394
180 382
72 49 50 51 85
289 163 71 234 434 218 253
136 76
212 991
97 170 117
64 58
232 233
386 388 296 297 381
64 282 59 212
170 639
530 12
322 395
180 382
483 341
291 573
50 613
777 750
185 250 82
552 724
34 29
184 412
74 332
158 398
481 87
308 589 207
488 333 407
729 22
195 167
180 158
75 222
184 435
549 406
122 83 284
50 51
216 18
448 449 140 141 430 270 429 447
130 451
442 283
157 181
192 123
508 244
192 263
824 266 708 20
196 7
860 686
554 135
216 223
296 391
48 49
264 246
124 62
456 848
448 140
3 587 139 435 409 413
51 85
49 76
106 367
369 233 53
88 250
482 739 212 55
169 204
816 138
216 223
264 115 445
41 76 77
49 76
67 68
326 327 328 11 401 307 21 22
555 483
425 83
856 156
42 197
182 62
114 115 726 319
483 341
48 49
105 386 395
162 250
330 479
104 151
115 334
13 421
171 471
233 278
172 334
64 138 572 286
252 439
231 63
136 438
483 135
96 123
115 319
130 271
405 423
914 951
372 324
296 388
848 206
97 362
170 171
257 255
682 285
169 612
456 97
217 447
171 471
76 77
162 45 406
123 348
136 817 754 116 252 861
48 49
170 439
3 7
521 93
165 14
233 62
352 96
161 167 108 143 367 495 753 83 595 373 374 87 694 602 122 283 284 63
233 538
171 116
813 4 413 860
93 174
250 59
5 163 253
291 420
766 87
301 406
250 63
323 46
97 212
212 55
552 724
129 777 802 168 42 52 821 197 198 199 200 201 202 203 204 205 206 207 208 594 95 96
265 266 267 268 499
322 395
201 778
177 179
418 362
257 284
212 133
141 46
171 116
301 406
210 211
97 90
96 219
545 814
250 356
96 821
146 435
115 334
115 319
3 5
212 55
212 519
22 23
52 134
754 915
377 398
4 5
233 266
368 262
184 107
49 51 334
304 97
4 413
369 53
369 53
378 151
75 439
354 126
57 58
372 102
372 125
42 43 86 87 88
65 377
114 115
67 68
301 174
16 449
465 130
3 5
64 306
281 465
28 29
435 155
82 495
378 251
107 22
483 341
161 148
388 389 390 391 392 393 394 151 296 297 309 182 61 62 321 720 104 105 369 379 377 378 251
361 214
48 49
587 3 196 5
288 69 878 82 185 510
283 133
475 92
298 75
482 3 739 5 810 212 56
289 434
824 20
549 47
3 7
496 250
378 61
427 87
304 97
24 29
137 418
170 439
201 821
914 923 957 934
101 405
321 394
409 138
161 813
345 177 178 179
354 372
301 406
395 182
171 428
291 7
121 102
192 123
180 157
897 406
210 250
123 124
522 341 135
67 68
534 519
134 558
82 63
219 87
50 51
514 174
334 303
170 116
488 497 452
45 406
46 462
284 143
824 453
117 166
66 367
116 124
65 141
124 173 62
19 420
390 377 395 398
122 821
474 300
96 65
282 846
97 428
114 319
24 25 26 27 28 29 30 31 32 33 34 35 36 37 38 39 40 41 591
413 7
108 63
561 223
265 441
341 135
117 119
400 451
474 435
224 178
317 223
106 83
114 115
134 558
514 174
91 92
232 233
64 57 4
424 264
22 23
234 367
507 431
185 82
901 136 817 754 116 252 861
451 543
92 478
475 92
180 157
833 194 3 5
170 171
64 58 860 253
4 5
211 175
141 46
402 563
108 63
202 558
381 380 397 158
216 24 435
496 106
353 181
96 821
41 76 77 254
180 343
184 130
210 63
467 12
217 108
409 59
22 23
97 171
3 4
3 196
60 413
833 194 3 195 827
42 86
893 406
362 117
161 82
3 5
216 75
115 319
143 255
369 53
22 23
48 114
8 662
664 81
259 475
194 413
171 117
475 92
138 686
136 438
129 2
98 324 405
394 534
75 318
193 3
356 639
333 526 407 700 701
283 405
3 5
460 332
184 330
808 133
108 63
901 754 979 116 438 861
116 117
305 810
18 220
289 434 85
514 174
108 405
369 105
346 351
829 301
848 926
144 330
13 87
210 6
64 435
369 538 233 53
369 322 378
233 53
363 142
24 25 26 27 28 29 30 31 32 33 34 35 36 37 38 39 40 41 589 591
282 3
213 174
344 279
424 264
136 41 76 77 49 438 254
482 412
64 3 286
312 75
115 334
4 5
42 86
425 498
59 3
184 130
284 367
909 198
652 302
4 413
378 395 62
130 910
64 138 286
881 138
106 250
4 5
122 283 367 143
833 3
226 495
284 519
173 94
21 174
514 174
48 114 443
394 378
122 187
216 75 269 223
288 69 81 82 664
97 611 90 620 304 57 58
380 182
266 267
64 860
281 285
122 358
357 358 330 144 376 479
345 149
108 69
547 253
211 372
97 5
76 254
129 821
36 591
210 211
306 212
730 650
964 159
233 53
134 63
114 251
49 77
592 108 148
265 662
136 76 438
67 68
304 64 211
59 413
459 543
5 59 253
193 412
341 135
964 927
24 34
474 300
272 412
113 109
65 142
412 55
52 31
521 93
168 169 281
341 213
459 292
289 163 71 434 84 85
483 420
232 343
88 209
67 68
609 805 233 265 267 499
640 639 159
180 382
754 471
273 323
261 70
212 412
321 182
153 354 405
59 60
553 212
13 639
116 428
881 167
369 87
216 310 223
821 198
264 114 115
161 454
413 7
171 134
17 47
257 451
194 3 5
104 105
108 101
130 494
76 254
216 75 223
12 22
813 860 413
296 391
83 213
82 357
97 171
909 919
953 70
474 461
377 7
93 22
184 199
67 68
288 81
441 276 414
264 115
168 378
341 166
857 250
59 5
48 444
193 3 4
744 518
232 278
64 132 133 272 212 533
352 378
161 22
257 706
107 406
171 471
810 303
107 491
9 10
64 626 287
304 370
292 295
585 291
377 398
114 115
304 64
425 116
180 157
833 3 5
60 813
170 252
188 22
156 519
32 31
11 70
460 468
144 475
22 23
296 297
304 305
3 5
860 686
272 132 133
424 264
3 900
160 242 239
514 174
65 490 645
418 334
344 192
124 252
74 75
67 68
67 68
65 92
305 90
233 62
281 108
181 150
67 68
212 412
18 315
257 426
36 591
296 297
160 241 211 159
212 412
5 3 4 413
454 108 334 148 821 250 507
71 434 50 373 181
813 127
494 527
142 7
161 150
18 311
64 521 57
284 84
193 3
97 212 132
155 174
88 50 51
50 51
664 81
249 74 75
321 182
378 62
130 494
553 212
816 521
48 49
131 181
431 63
3 4
257 213
449 813
301 174
195 196
409 282 413
662 511
158 398
982 334
91 109
410 36
170 171
17 82
107 188
184 130
26 39
369 53
76 861 438
118 119
485 573 823
272 133
138 21
697 18
901 331 754 979 116 438 861
591 87
282 55
82 339 639
428 439
130 173
184 521
666 138 175
232 233
441 201 178 179
173 414
138 686
48 49 51
107 406
390 391
257 364
18 220
115 334
488 497 452
288 22
50 51
49 334
257 213
514 460
666 59
376 664
285 150
5 413
507 167
174 406
897 406
289 163 71 234 434 85
193 3 4 413
244 413
170 252
59 7
161 146 107
173 414
36 166
187 255
424 264
173 414
516 293 168 232 169 233 204 207 15 281
232 173
113 109
45 367
497 363
409 282
3 413
13 15
458 239
233 53
122 270
138 860 686
163 50 434 51 181 373 153 218
211 159
388 199
344 279
267 499
65 141 6 7
136 252
200 527
860 813
122 534
184 199
192 158
264 246 319
389 158
75 269
166 31
244 927
392 183
49 51
8 570
4 5
734 327
75 691
129 166 52 281 31
161 4
697 18
410 139
75 222
616 148
482 212
360 214
368 262
58 139 138 287
424 246
264 334
201 441
114 548
306 686
115 334
264 115
680 81
83 78
42 86
180 157
97 212
96 129 202
108 134
376 81
345 178 179
369 53
201 499
589 30
89 303
282 412
46 270
281 117
129 777 168 52 821 197 198 199 200 201 202 203 204 205 206 207 208 594 95 96
860 686
122 83
193 412
159 108 63
451 483
282 55
821 207
652 119
548 334
209 821
538 54
16 270
97 170
108 22
312 189
48 444
250 435 420
59 133
860 686
27 252
67 68
73 164
380 161 394 396
250 435
324 103
67 68
284 309
118 119
108 406
49 246 319
301 406
306 413
185 191
166 31
301 174
180 382
569 130
3 196 5
558 582
75 222
881 686
16 270
262 471
328 22
285 181
330 358
395 182
106 148 213
250 148 590
188 284
72 49 434 50 51 85 88
3 7
284 590
274 46
134 334
64 138 253
265 441
266 20
451 483
376 357
952 958 214
64 90
339 116
224 75
3 212
528 115
20 142
64 4
106 821
175 287
680 81
205 821
369 378
686 7
146 116
330 479
32 230
848 114
180 158
185 419
80 498 420 341
116 117
97 212
458 402
901 136 331 817 754 116 438 439 252 861
18 223
108 964
444 14
161 157
813 4 413 860
453 567
107 301 406
21 22
901 331 754 979 116 438 861
321 869
378 62
132 133
289 71 72 50 83 434 51 85 122
312 216
483 341
134 63
652 255
82 357
16 449
114 487
22 23
321 322
344 192
210 274
170 115
138 282
155 156
369 53
145 493
460 332
233 54
170 171
304 97
448 140
67 68
348 150
264 319
64 3 4 846 413 286
161 165 270
50 51
114 115
302 174
395 62
216 821
41 918
120 49 77
860 686
168 202
424 486
532 166
69 22
250 106 155 6
153 284
180 158
144 485
264 115
278 15
441 276
281 130
296 390
810 286
426 402
18 19
59 860
140 141 16 210 542
302 14
81 358
250 420 82
138 23
833 3 4 103
41 26 27 39
116 166
168 378
442 250 108
330 67
539 724
88 59
170 171
285 150
216 75
64 409
45 375
490 7
507 501
70 326
3 5
67 68
378 62
381 158
330 115 356 47
76 438
283 46
114 246
97 611 304 57 58
301 406
116 439
304 301
915 861 901
184 420
281 207
123 181
281 427
514 174
46 270
395 182
304 83
159 63
202 594
449 140 270 435 534 217
494 167
346 158
114 334
88 474
67 68
358 329 91 112 144 113 376 475 92 479
348 181
91 92
77 246
122 83 85
273 47
232 233 53 54 62
421 54
129 610 164 134 394 428 334 78 494 181 24 475
360 333 701
324 103
444 39
65 7
456 319
141 429
3 4 5
116 861 438
129 173
188 301
96 124
810 286
108 134
122 188
833 5
114 115
46 47
184 258
156 189
32 33 34 35 36 37 38 39 40 41 24 25 26 27 28 29 30 31
353 343
821 134
138 5
897 107 301 174 406 893
8 366
16 286
138 686
76 254
306 59 253
425 106 494 143 367 18 83 435 250 283
680 81
97 212 5
521 846
64 4
363 332
281 15
96 124 62
482 132
424 264
64 372 364
106 115
420 366
233 53
161 372 405
83 45
378 379
394 62
17 250 425 367
29 31
46 430
554 135
441 276 414
59 367
211 235
22 23
154 63
369 322 378 105
32 24
366 107 406
171 549
928 927
76 254
18 223
529 490
810 286
412 7
376 115
328 821 487
757 615
816 138
328 6 7
170 439
593 270
64 287
257 130 458 363 715 45 366 527 402
24 428
321 182
552 724
122 22
48 264
421 14
212 133
18 311
175 287
272 132
390 391 296 297 182
33 252
115 246
301 103
50 51
108 334
250 107 420
187 534
82 83
195 196
576 378
98 324
17 490
435 101
315 108
413 7
89 138 211
3 196
56 212
209 286
482 212
821 487
808 133
99 63
301 406
134 582 558 309 446
449 46
444 86
217 270
368 421
274 429
561 85
210 244
180 158
235 167
283 143
136 41 76 77 49 438 254
58 3
156 189
456 246
64 3
509 550
378 182
88 507
104 233
250 106 83
64 5
233 53
35 36
662 294
380 158
372 108 405
149 150
259 330 108 475 63
171 117
195 196
357 639
146 301
272 553
281 222
114 246
380 390
171 63
860 253
107 188
509 510
233 441
458 402
58 139
425 405
283 291
421 652 14 302 625 119
372 47
746 75 222
474 420
41 76 77 49 438 254
178 230
292 207
264 233
17 396
106 250 148
284 167
435 405
302 174
170 439
120 49 77
412 244
369 538 233 53
114 115
194 3 5
901 439
833 3
64 282 59 212
64 59 287
301 406
108 406
522 483
130 459
147 300
281 204
177 179
67 68
112 475 92 109
272 413
283 213
260 261
860 813
4 813
424 486
114 108
306 14
217 447
272 273
281 233
194 5
289 84
441 178 179
49 77
824 662
209 237
24 39
192 150
67 68
64 3
64 3 5
549 382
118 119
129 821
860 686
168 205
134 166
563 7
336 335
146 107
264 246
547 598
85 71
20 662
136 438
914 359
122 181
297 380
330 411
421 279
424 264
409 138
67 68
107 188
212 83 132
302 174
521 282 7
328 417
96 202
67 68
456 48
97 212
522 341
212 372
82 115
171 6
180 382
91 109
285 150
243 238
196 5
67 68
284 6
181 279
200 204
67 68
517 518
209 132
96 219
107 406
184 435
250 130 435 420
641 98 99 100 101 709 354 324 372 125
250 167
212 287
339 246
76 254
827 59
430 447
67 68
582 812 78 558 80 79 498 540 446
409 286
83 262
136 41 76 77 49 438
18 315
96 219
49 51
65 169
122 213
304 364
720 377
434 373 181
147 53
107 45
67 68
377 380 398
306 212
147 53
60 813
116 438
11 326
18 122 75
483 341
59 5
901 331 754 979 116 438 861
906 75 310 312 216 317 223
250 106 83
83 446
296 83
21 22
328 22
114 115
67 68
49 51
376 470
232 181
4 159
441 66
195 5
192 180
161 130
264 115
75 310
67 68
169 516
82 21
67 68
260 261
184 130
377 394 380
673 407
161 282
264 362
170 171
272 133
315 86
97 428
104 527
369 53
680 81
67 68
458 402
291 564
378 62
901 331 754 116 438 861
48 444
458 66 233 293
306 195
114 115
378 151
75 223
434 373 87 135
105 378
306 7
129 130 366
192 215
16 270 335
232 173
130 291 435
233 369 53 538 62
881 138
212 412 287
521 93
257 212 132 133
177 179
306 212
212 286
212 132 286
83 84 85
41 30
538 190
169 130
114 172
22 23
201 778
24 33 27 252
195 196
449 270 47
28 45 94 52
97 418
449 430
326 479
338 6
32 31
508 244
132 133
3 195 5
184 130
216 757
259 403
185 82
88 75
616 547
161 465
185 82
291 516 485 564 823 573
115 334
897 406
21 22
67 68
369 53
305 59
363 142
115 166
901 754 979 116 438 861
833 3 5 59
184 107
413 7
322 395
162 452 453 8 361 559 497 570
656 150
378 182 62
860 686
64 3 5 138 860 253
148 63
275 141
76 438
810 212
64 521
185 474
132 127
3 196
396 158
448 499
96 129 197 198 200 777 202 201 204 168 206 207 208 205 594 52 821 95
22 23
174 135
48 410
369 53
306 7
64 90 4 60
261 70
128 22
617 603
833 194
424 264 115
992 413
396 87
129 821
833 3
64 4
507 142
88 514
26 27
134 63
143 255
547 72 146 83 122 253
394 182
170 171
59 739
3 103
468 190
238 6
857 367
441 499
922 931
3 5
141 335
41 26 27 39
99 101
330 358
67 68
116 439
67 68
67 68
16 430
448 441
130 291
129 202
169 279
302 14
185 419
372 63
272 273
3 4
816 686
640 641 47 125 639
435 405
488 559
67 68
449 46
4 5
276 414
88 250
893 406
298 906
129 821
87 511
69 22
107 284
860 813
130 451
123 124
8 673
82 357
42 52
257 63
67 68
161 82
67 109
441 66
146 107
50 85
514 211
9 45
67 68
212 55
107 188
177 178 179
13 87
242 243
369 53
841 87
304 210 211
833 3
377 380 398
3 588 5
180 382
17 425
130 173
233 53
160 821
175 287
274 270
257 519 212 662 250
378 61
376 341
115 821
56 59
135 367 434 84 373 87 122
289 163 71 234 434 85
67 68
196 517
833 3
508 244
250 142
412 3 4
348 181
322 381
482 59
22 23
643 285
64 372
106 18
673 507 366
289 163 71 434 181 373
307 724
554 341
180 182
192 682
860 686
59 3
129 821
193 3 4 5
216 129
104 378 251
217 270
616 423
451 814
662 503
419 69
55 7
369 53
376 92
369 538 233 53
17 133
181 215
165 175
377 398
50 51
155 364
88 49 51
897 711
171 549
451 543
537 87
136 252
106 43 148 213 250
259 470
582 78 558 80 498 532 540 446
49 76
174 22
59 739
230 199
739 55
378 749
291 166
490 211
3 4 413
233 202
184 30
304 89
211 159
369 53
67 68
195 699
341 935
274 323
64 211 212 253
233 62
897 639
739 212
401 21 22
210 283
284 61
114 115
48 49
138 55
20 662
216 223
369 53
122 59 253 138
195 5
17 425
104 394
390 391 392 297 296 396 183
51 644
328 21 22
45 87 511
82 357
291 100
360 361
123 124
821 63
672 188
185 628
161 821
88 423
59 60
21 22
208 202
283 133
179 215
10 559
59 739
114 115
48 49 51
97 132
168 484
233 62
369 53
521 686
260 21
165 270
288 21
243 211
97 611 90 620 304 57 58 60
18 315
435 405
212 132
260 261 94
105 395
3 212 5 63
67 68
67 68
166 136 137 170 171 337 338 339 252 116 437 439 440 438 117 340 124
52 119
234 83 237
445 334
357 70
20 45
908 263
410 327
424 264
64 306
208 96
171 117
136 120 166
64 90
494 295
105 378
107 188
64 90 4 60
274 14
369 53
899 231
114 115 334
49 334
115 14
160 234 235 236 237 238 239 240 241 210 211 244 243 242 245
233 53
848 206
122 650
97 212
897 639 47
291 108
472 473
97 303
88 534
180 182
161 4 813
449 34 40 41 918 120 27 30
64 282 5 846
82 22
3 7
933 311
366 107 284 406
24 25 26 27 28 29 30 31 32 33 34 35 36 37 38 39 40 41 589 591
24 36
321 182
193 3 4 5
289 71 434 50 51 85
83 5
572 374
144 330 475
897 639
272 132
425 70
931 239
64 409 286
170 302
64 7
212 55
130 107 366 146 435 184
41 418 30
696 260
490 7
297 182
82 639
827 3
250 6
456 262
360 10
115 319
341 135
211 372
302 286
313 18
67 68
652 255
194 3
122 75
554 341
33 439
192 123
216 18
881 686
177 178 179
3 5
288 22
148 302
57 55
289 434
931 239
161 341
376 456
216 223
264 114
289 71 434 84 85
194 195
369 53
360 361
97 212
120 49 77
281 166
129 166 52 821 281
212 132
159 63
185 108
460 662
3 4 813
306 846
24 29
301 893 406
108 838
171 116
166 136 137 170 171 337 338 339 252 116 438 439 117 340 124 861
668 119
21 886
96 198
376 475
28 45 94 52
32 38
304 370
306 212
211 159
816 686
964 84
64 306
421 6
369 53
585 291
418 117
174 22
168 821
227 86
496 156
194 3
427 286
483 341
522 341
115 334
147 53
441 276 414
210 302
194 3
448 499
252 117
96 129 197 200 201 168 207 208 52 94
550 474 628 190
22 23
425 116
824 453
378 62
129 262 368 29 31
301 174
16 165
59 133
65 257 490
233 62
376 108
88 59
24 41
285 150
441 451
301 893 406
860 686
444 86
184 510
49 76
108 133
357 358 91 109 144 376 475 92 479
147 53
133 55
138 22
378 379
49 434 51 85 88
175 287
209 127
490 406
66 582
58 59
171 549
356 284
307 70
64 59
1 178
482 212 306
90 286
412 6
58 138
134 558
67 68
505 247 766 431
170 171
521 60
441 179
8 570
233 53
128 190
302 119
378 61
482 3 587 139 435 409 413
729 22
482 3
217 270 447
58 196
141 46
36 29
64 833 161 194 5 827 253
52 134
829 406
326 327 328 11 307 21 22
21 93
555 341 483
64 686 57 58 60
41 26 27 39
45 134
233 285
88 59
263 815
420 653
321 435
216 75
173 94
104 105
456 339
135 522 554 555 373
953 510
49 51
75 87
200 14
544 184
64 302
488 559
41 114
363 45
3 196
12 22
122 83
64 5
49 51
72 289 163 85
87 687
412 7
141 430
393 589
171 116
232 233 557 53 54 278
69 70
272 553
363 499
219 197
36 31
272 59
181 149
132 374
282 846
328 22
107 223
3 195
115 246
195 239
104 297 527
233 53
96 124 62
41 418
161 334
138 139
409 306
3 196
207 63
33 35 36 262 40 136 41 337 117 152 28 30 31
67 68
418 115 548 362
306 686
212 412
27 252
108 748
109 191
82 108
184 130
304 130
195 5
488 700 333 407
296 297 390 391
64 3 5 846 60
323 534
522 341 135
312 261
212 412 287
46 47
67 68
514 174
272 133
819 93
67 68
609 233 266 267 441
269 460 317
3 4 5
116 334
313 378
390 391 392 297 296 396 183
363 821
46 462
172 591
490 7
283 284
291 516 485 564 823 573
250 142
226 315
64 4
369 53
425 47
680 81
26 27 39
302 174
301 406
448 449 141 430
369 53
265 662
409 5
289 72 50 51 434 85
456 114
450 415
490 7
166 136 137 170 171 337 338 339 252 116 438 439 117 340 124
42 43 146 435 148 821
482 412
3 4 5
207 343
897 301 174 406 893
302 14
64 866
232 233
115 334
729 11
97 212
232 345 179
144 485
82 358
107 188
897 301
352 351
274 323
369 322 378 105
16 761
21 22
89 138 211
108 63
897 639
224 75
184 130
74 331 75 332 298 18 249
434 71
475 479
553 133
194 7
97 49
334 63
301 893
233 484
67 68
180 157
369 53
114 334
850 156
490 6 7
49 51
233 134
97 90
488 497 452
282 846
59 63
20 13
15 182 391
529 490
435 167
652 302
147 53
474 26
897 639
250 211 237 63
11 14
593 322 580 39
28 45 94 52
58 3
115 548
170 439
860 686
118 119
123 124
108 101
209 195
107 491
82 22
67 68
181 149
192 180
322 378
116 439
521 59
130 115
173 414
953 70
3 4
259 470
109 191
106 668
145 187
505 45
18 311
3 5
129 777 802 168 52 821 197 198 199 200 201 202 203 204 205 206 207 208 594 95 96
210 234 213
196 5
28 29
281 129 166 31
232 233
569 291
65 421 142 6
171 471
482 3
169 451
169 14
192 181
17 406
74 75 318
456 246
456 439
412 55
282 3
233 322
184 82
289 106 122 59 253
177 179
481 897 82 639
64 282 108 63
114 115
449 140
405 63
283 164 84
336 593 335
148 213
152 35
202 821
474 82
212 286
169 130
507 142
284 84
170 171
441 276 414
100 125
197 207
517 518
48 49
67 68
376 81 231
3 7
171 311
48 281 114 264
3 4
41 246
161 287
67 68
336 593 323 335
434 181
24 25
369 53
663 108 87 63
170 117
283 227
224 75
188 519
330 115
180 382
284 167
217 270
171 549
172 166
81 108
16 593
84 405
97 171
114 115
1 251
211 372
59 55
410 21
97 171
67 68
3 195
64 282 5 846
336 323
306 412
184 130
609 500
3 5
499 500
585 291
459 63
304 184
307 70
171 108
304 97
65 645 7 490 529
67 68
448 800
180 158
312 216
104 251
170 211
138 287
201 66
833 3
521 209
32 116
161 115
749 165
265 662
20 13
1 75
933 334
860 686
260 261 74 75 310
306 686
412 6
67 68
754 861
441 451
26 27
425 748
114 115 334
272 273
369 53
585 291
369 53
210 964
284 167
211 372
482 739 810 139 272 55 56 57 58 827 60
244 239
362 28
59 405
441 563
88 423
560 283 519
32 152
354 143
213 22
72 434 50 51 85
50 298
184 199
468 190
813 55
80 63
161 143
451 14
435 133
810 90 303
59 143
264 445
901 331 754 979 116 861
76 438
281 15
285 278
449 46
161 378
558 582
881 860
76 254
64 90 4
522 341
29 37
224 283
41 918
177 293
522 135
505 20 431
517 7
538 53
613 85
232 233 441 62
129 821 207
101 430
708 20
301 406
136 438
194 827
64 409 138 282
41 26 39
16 141
49 77
170 439
219 87
69 70
144 420
108 159
691 22
481 108
233 53
170 116
180 382
59 5 3 253
827 3
115 334
129 821
64 5 846
67 68
435 159
195 196
107 406
668 70
97 212
266 268
330 115
132 133
170 439
369 53
202 821
107 757
170 171
64 3 4 5
521 636
448 430
256 106
58 139
450 415
334 303
354 405
85 83 84 373
145 493
341 135
376 108
490 7
3 14
209 810
115 444
67 68
97 212
48 49
169 130 427 281
184 130
969 300
352 215
434 433 218 181
164 822
67 68
184 155
64 59
264 17 115
353 343
97 90 303
144 167
848 334
231 107 496 148 280 88
171 166
3 4
147 53
88 364
106 83 84
379 388
456 97
129 166 52 821 281 31
744 518
76 254
521 306 282 7
378 783
212 55
67 68
5 253
264 114
10 559
369 395
283 143
96 821
82 357
547 148
424 115
107 189
315 86
56 212
337 85
177 178 179
109 110
369 53
306 7
67 68
304 64
211 159
81 396
64 57
8 857
8 20
265 266
166 80 116 532 117
209 212
212 662
115 334
82 70
18 311
18 75
49 77
83 187
424 334
570 453
138 282
80 121 220
378 395
107 463
578 167
97 303 304 305 89 90 253
139 253
496 297 378
65 6 7
301 406
537 87
36 439
184 302
82 357
250 435 413
266 20
529 490
180 181
45 142
170 47 82 339 639
544 169
177 178 179
14 591
129 446
219 167
368 152 749
490 7
777 821
161 283
418 115
107 188
472 473
67 68
170 171 339 116 117
97 171
245 211 964 237
73 164
106 143
64 257 212
323 141
96 124 62
97 212
330 115
424 456
377 381
170 166
210 237
42 821
901 136 331 116 438 252 861
59 253
3 5
49 334
64 57
21 22
901 136 137 915 29 34 166 170 171 817 438 439 337 338 339 340 861 124 754 116 117 252
49 51
282 412
298 261 94
931 239
453 142
113 109
418 334
8 13
170 117
1 2
64 409 60 5
448 449 140
301 639
250 431
485 573 823
345 177 178 179
212 302
138 860
122 83
67 68
416 415
369 378
106 148
76 254
434 50 373 181
356 639
405 126
680 664
430 7
388 199
130 527
67 68
211 159
553 306 212 286
286 175
449 41
321 182
357 358
116 117
3 4
256 283 284
334 303
130 451
860 686
48 49
32 83
283 519
3 4
369 53
296 297 386 381
739 55 56 57 58 60
17 425
563 203
378 395
177 215
3 5
49 51
816 138
537 87
108 301 406
3 103
16 354
233 267
264 445
88 423
48 49 77 334
114 339 246
424 264
57 810
352 215
49 76 77
376 108
108 116
67 68
444 821 86
3 196
306 7
168 821
64 138 409 282 253
219 87
122 213
104 527
356 639
413 286
98 324 301 103
108 933
173 494
75 318
107 43
482 739
184 22
153 284
85 111
76 254
483 341
848 206
1 222
553 212 286
3 413
26 27 39
928 238
173 414
136 76 77 49 254
40 410
173 414
291 564
521 282
369 105
496 22
456 252
33 114
356 63
368 161
67 68
252 439
496 170
82 70
185 82 419 108
259 23
82 21
123 124
435 244
283 367
108 933
194 5
138 175
25 31
204 821 52
154 63
58 138
296 396
49 319
17 406
64 60
301 406
484 215
81 175 287
118 119
3 587 139 435 409 413
115 334
64 282 59
74 75
424 264
369 53
656 173
233 53
755 63
155 174
21 93
264 445
245 237
96 198
521 60
322 182
915 117
668 7
810 303
435 181
24 25
250 363 45
418 115
134 558
265 266
505 359
116 439
56 212 55
64 132 138 212 59 286
22 231
827 5
59 60
922 7
409 6
60 813
160 161 234 236 241 210 146 244 242 59 829
378 151
184 914
97 171
57 59 60
106 148
362 115
196 6
64 881 287 175
67 68
345 177 178 179
264 246
64 521 57
376 97
4 5
148 343
24 36 29
76 77 438 254
3 5
255 63
170 250
680 81
272 412
827 3
161 196
212 59 132
394 62
407 359 8 333 45 526 914 500 501 502 503 504 505 700 375
507 142
264 115
97 58
123 124
488 422
376 81
507 294
282 212 412
824 265
104 369 105
147 53
810 55
547 234 106 428 83 85 122
810 286
281 557
300 711
427 459
848 206
328 22
45 503
212 132
129 166 52 281 284 31
239 623
154 63
6 7
147 53
372 405
435 405
90 3
362 117
64 666
18 222
181 215
116 117
571 662
132 133
115 487
97 620 304 58 925
346 181
24 439
361 214
411 63
363 431
106 213
28 94
14 327
64 572
106 213
41 172
860 686
170 116
301 406
810 686
93 23
184 130
58 138
516 293
494 295
3 195 5
330 91
380 398
48 115
376 358
64 139
212 412
378 62
12 622
202 95
241 210
363 63
458 402
369 53
108 45
129 43
67 68
499 923
284 22
242 211 237
71 72 434 85 218
36 439
459 398
171 549
441 276 414
424 264
56 55
48 115
220 182
260 261
360 361
160 243 211 159
169 427 173 494 527 281 94
3 5
915 116
461 215
170 171
65 7
17 435
901 817 754 116 252 861
20 294
29 30
264 246
59 194 3 5
721 333
359 333 500 502 407 700
82 357
171 116 117 486
34 14
41 76 77 254
171 116
67 68
380 158
117 246
233 538
833 3
216 821
435 22
67 68
118 614 615
52 119
182 62
171 116
41 76 77 49 254
602 83 933
330 291 109 358
168 169
177 178 179
171 549
107 406
82 550
3 4
3 5
376 81
322 182
813 14
376 81 664
19 229 219 227
572 287
424 264
136 817 754 116 252 861
444 39
42 43 106 146 148
353 343
824 708
106 83
136 76 438
177 179
435 334
281 114 115
232 233 53 441 62
104 369 151
310 6
301 406
74 75 318
451 173 414
64 3 5
48 49 51 77
339 36
301 406
209 482
129 130
816 860
884 166
122 83
860 413
734 327
507 366
640 639
428 262 76
212 133 286
123 124
317 223
833 3
257 167 519 493 143 153 284
64 409 286
49 334
147 53
522 341
88 534
115 172
64 4 5 138 175 572
59 964
249 75
547 212
12 325
29 167
376 81
226 315
323 46
368 171
184 130
32 262
6 7
304 250
11 639
720 377
122 613
474 214
3 860
356 639
848 114
67 68
281 129 341
2 269
67 68
210 964
860 686
901 331 754 979 116 438 861
216 435
105 395
264 445
306 412
114 115
184 250
200 168
180 382
485 573
22 23
116 85
827 195
266 571
522 341
3 324 103
83 180
272 133
296 394
48 49
109 510
18 19
330 653
117 439
264 339
285 150
263 815
297 398
184 821
394 395
40 36
400 52
282 3 5
64 90 4 60
421 542
97 90 303
24 29
130 451
330 475
395 487
3 5
410 556
159 63
530 363 142 499
18 75
97 212
163 71 433 434 181 373 153 218
289 163 71 234 434 85
860 413
170 116
308 589 207
744 518
41 26 27 39
12 325
88 510
24 29
381 183
16 275
448 580
283 254
76 254
67 68
64 4 237 47 304 211 372 212
3 195
289 163 72 434 85
184 130
170 252
405 655
114 108
129 52
76 438
309 22
9 45
281 233
264 319
48 49
251 182
243 235
105 322
267 142
680 81
485 293
184 199
144 198
108 5
116 117
177 178
161 285
134 558
284 175
49 334
667 63
122 83
699 286
161 431
193 3 4 412
512 811
192 123
67 68
282 6
155 334
395 182
345 177 178 179
94 206
331 557
537 87
74 331 75 332 298 249
282 7
147 300
363 142 499
96 129 197 198 200 777 42 202 204 201 168 207 208 205 594 851 52 95
301 406
386 388 296 297 381
233 62
285 150
41 27 39
901 331 754 116 438 861
301 406
368 24
165 175
860 686
177 293
458 563
139 287
593 335
198 87
16 47
410 327
67 68
64 409
341 135
45 526
302 174
107 143
376 81 664
369 53
193 3 195 196 5
18 423
353 343
52 821
420 653
171 549
171 116
201 441
245 237
267 609 499 233
9 10 526 359
107 491
305 253
130 291
361 372
160 243
50 85
284 406
67 68
67 68
3 5
64 306
116 861 438
357 170 330 590 82 639
147 53
301 893 406
608 250
304 64
953 510
67 68
3 212
52 94
952 214
829 301
380 158
346 181
614 615
352 167
897 893
846 304 272 212 925
410 91
264 115
306 7
369 233
161 163 613 167 616 250 106 748 108 302 143 367 495 84 87 122 283 63
170 171
155 270
222 223
192 157
194 3
138 60
89 90
363 421
369 378 105
282 7
449 41
122 494
40 340
138 413
345 177 178 179
833 409
233 538
248 247
341 135
64 3 4 5 138 240 159
441 276 414
64 4 175 57 60 287
89 90
97 212
58 138
113 67 109
378 182
362 28
420 653
357 358
353 215
821 151
448 270
366 107 406
114 115
50 51
972 860
821 63
12 22
158 398
656 281
181 263
64 3 5
482 699
48 49
357 330 107 366 82 406
233 54
67 68
138 686
490 645
441 451
369 53
392 391
67 68
708 214
104 297 527
171 471
212 132
56 55
269 550
3 195 196 5
57 59 60
166 170 368 435 115 29
369 538 233 53
356 639
107 22
67 68
170 116
88 435
169 527
129 52
288 22
25 33
435 420
378 62
114 115
97 212 132
301 406
37 30
3 4
824 453
130 115
97 253
233 61
67 68
336 165
45 407
289 163
330 91
217 46
561 85
161 164
291 108
129 777 168 42 52 197 198 199 200 201 202 203 204 205 206 207 208 594 95 96
296 297 61
381 102
184 130
192 123
60 5
186 53
421 119
242 234 243 533
192 149
284 61
252 439
64 5 846
465 524
138 686
64 132 138 212 59 286
67 68
49 51
448 800
239 623
306 55
76 254
810 108
474 107
129 821
64 60 5 846
37 30
88 59
3 413
177 178 179
301 406
378 205
321 182
138 139 287
748 87
233 54
377 380
108 101
456 371
766 247
409 138
956 206
893 406
48 371
67 68
195 5
170 252
131 263 278 150 279 285 180 181 192 215 344 343 346 347 348 349 350 352 232 622 123
66 427
70 14
129 173
266 267
64 572
639 47
233 538
337 261
193 4
291 495
21 22
60 887
239 159
18 227
122 325
72 434 50 51 85
3 195
116 117
184 130
283 189
243 211
15 182 391
369 53
171 116
250 22
482 212
193 413
97 439
439 55
550 510
67 68
720 398
2 107 496 660 378
312 216
553 482 55
901 331 754 116 438 861
59 55
114 63
425 84
77 246
369 53
474 538 461
114 334
136 41 76 77 438 254
715 173 87
56 639
130 527
212 133 286
97 212
114 115 487
192 215
64 212
20 511
305 90
104 105
67 68
97 611 620 304 57 58
330 259
430 447
434 71
594 908
232 233
252 861
67 68
67 68
341 406
454 108 334 148 821 250 507
122 83
129 166
67 68
24 26
181 263
394 302
376 81
162 442
239 623
98 6
49 76
341 135
369 538 233 53
296 396
179 215
301 893 406 159
168 821
75 117
301 406
201 582
304 90
813 860 413
475 92
41 26 27 39
451 439
118 620 614 615
569 330 291 358
142 431
108 301
245 461
369 538 233 53
182 62
3 588 5
212 132
70 14
402 563
260 21
238 927
39 41 26 27 444
699 286
424 264
701 958
147 53
67 68
211 159
196 7
369 53
435 364
471 495 87
224 561 310
444 117
17 406
368 262
410 70
170 116
291 573
28 52
619 524
114 115
257 212
64 4
283 367
441 451
449 447
298 18
71 72 367 433 434 85 218
28 36
250 142
160 159
177 179
210 253
171 549
49 51
104 583
884 166
897 301 174 406 893
296 297
219 197
270 47
1 222
8 570
516 485 564 823 573
136 438
207 347 295
306 7
124 173 62
499 431
116 117
281 291
40 368 31
459 63
4 5
187 71
75 310
369 53
185 250 366
16 163
74 75
97 102
130 279
212 662
67 68
96 129
71 433 50 434 51 181 373 218
321 182
491 460
194 827 253
161 394 322
170 166
860 686
451 814
672 419 550 711 680 510 551 107 81 82 664 185 474 668 509 190
827 804
301 893
130 402
522 341
184 257
64 3 4
810 212
481 75
666 860
412 244
72 434 50 51 88
59 139
59 405
161 583
951 428 167
114 115
88 259 108
169 494
180 398
460 332
8 20
52 821
291 212
32 36
272 212
901 331 754 979 116 438 439 861
833 3
289 234 163
192 180
122 428
178 19
83 212
113 67 109
3 7
453 142
347 292
833 3
461 550
619 405
64 572 253
283 270
114 487 246 319
472 473
587 196 5
142 7
21 22
334 319
3 5
67 68
378 151
848 206
338 116
778 174
202 821
499 412
409 6
64 257 59 5
185 82 541 191
170 29
108 367 143 83 84 283
219 197
161 343
136 97
817 754 979
76 77 49 438 254
141 7
233 285
192 278
250 302
122 180 181
59 5
230 199
161 682
260 261
161 363
64 138
269 317
25 97
181 215
281 207
64 409 60
456 362
96 229 182 281 378
648 22
27 438
96 124 62
59 3
170 171 116
22 327
860 813
3 253
600 159
810 90 303
3 4
521 138 60
144 52
378 182 62
194 3
169 516
147 300
24 26
52 119
142 422
284 143
609 805 265 266 267
212 133
161 130
40 29
666 5
58 7
418 439
147 53
65 97
58 138
3 5
928 238 927
66 563
33 252
96 821
178 179
76 254
1 317
97 418
253 813
67 68
161 234 210 146 244 84 59
696 316
378 150
322 104 105 369 378
491 372
37 439
304 130 64 184
16 46
166 136 137 170 171 337 754 338 252 116 438 439 117 339 340 124
6 7
302 174
153 613
306 686
299 107 583
69 22
192 181
50 51 85
26 27 39
435 22
97 212
301 406
272 273
160 435
59 3 5
67 68
90 286
75 310
321 182
480 415
168 202
378 62
577 483
448 449 140 141 430 429 447
257 108 153 284 63 255
201 777
249 342
484 215
194 827
936 354
216 75
281 15
129 347
326 327 328 11 401 307 22
410 14
170 291
74 332
129 130
147 53
50 51
456 252
272 412
273 165
394 309
438 39
171 471
952 526
16 141
448 449
344 181
496 107
346 351
369 53
234 146
860 686
243 159
235 245
244 237
810 59 55
481 82 639
833 3 4
41 76
64 60
122 284
120 754
64 922
544 130 427 402 184
265 571
97 303
250 435
89 90 59
144 87
3 5 7 306 59
209 212
123 124
250 45
48 49
357 358 144 475 92 479
138 282
130 309
860 5
177 178 179
104 369
58 686
130 459
67 109
739 212
304 372
434 50 373 181
36 30
441 276 414
170 116
50 51
64 3 5 587 666
296 315
346 351
161 378
337 166
341 135
873 582 311
728 465
188 406
233 538
58 7
897 639
161 130
322 182 378
49 76 77
816 138
266 20
71 433 50 434 51 181 373 218
209 306
860 686
50 51
475 92
422 360 361 10 530 467 214
444 548
378 182
129 52
233 53
67 68
129 202
122 83 284
328 22
369 53
4 413
283 255
500 526
137 116
162 20
162 20
106 148
49 51
64 3 5
85 71
64 138 4 572
192 345
49 51
260 174
392 62
122 159
211 235
169 167
301 406
64 5
13 142
128 93
118 119
289 106 122 59 253
129 777 909 918 919 802 168 42 52 821 197 198 199 200 201 202 203 204 205 206 207 208 594 95 96
306 253
108 134
289 163 433 434 181 373 153 218
810 55
377 380 398
124 439
243 211
321 182
528 445
89 122
64 3 4 5 240
216 435
98 100
64 846
107 435 366
264 246
67 68
169 130
82 330
252 439
45 375
424 264
474 175
81 63
49 76
22 231
147 300
108 63
169 130 451 281
866 60
312 75
3 239
833 827
129 347
526 359
165 270
395 182
130 291 494
952 958
136 438
28 302
161 253
394 62
41 76
334 303
184 656
420 653
296 394
474 413
64 4 175
22 23
25 31
49 212
483 341
69 63
120 754 471
72 218 163 613
171 117
18 315
901 754 471 120 861
129 166 52 281 31
122 363
283 367 143
296 284
109 110
145 187
97 482 212
369 53
347 295
88 435
739 55
145 85
171 471
46 274 430
816 138
171 116
312 216
304 305
412 413
720 380
67 68
266 13
394 534
336 930
347 295
289 163 71 433 434 181 373 218
17 291
192 65
488 700 333 407
909 919
41 362
96 821
88 51 50 155
495 87
377 381 398 297
272 412
116 901
364 519
284 493
217 165
497 142
424 115 246
170 116
668 70
330 475
334 303
252 439
537 87
49 115
74 75
656 150
88 51 644
312 216
33 418 439
264 77 246
361 45
177 178
46 270
282 412
124 439
32 230
257 213
107 406
178 179
170 213
410 91
416 853
88 475
83 423
94 494
50 51 85
344 192
65 142
197 205
3 5
85 511
488 214
200 168
544 184
236 421
409 521
41 428
170 116
64 3 5
176 59
33 262
131 181
165 175
115 246
138 282
521 138 60
217 270
49 334
521 253
296 297 105 396 251 182 378 379 61
177 178 179
18 19
138 282
177 178 179
5 143
83 45
296 284
329 92
208 129
133 6
116 117
67 68
928 932
136 137 171 337 338 339 252 116 438 439 117 340 124
58 3
4 175
488 10 559
810 60 55
444 262
216 561
115 334
352 346
114 319
313 86
264 445
222 223
344 972 5
456 115 412
56 212
633 398
401 260
35 36 37 40 28 29 30 31
82 686
306 7
3 7
233 538
165 175
380 396
235 927
3 196
208 202 96
136 438
184 199
45 294
98 103
810 303
328 21
734 327
72 434 50 51 85 88
24 27
96 129
227 308
67 68
827 3 5
833 3
368 428
180 157
108 821
544 425
362 172
184 461
474 20
517 518
529 490
707 233 524 15 54 281
97 370
897 143
234 236 146
897 301 174 406 893
334 63
177 178 179
8 250
88 435
166 171 337 339 116 252 117 439 340 124
52 134
170 301
24 439
185 300
212 133 55
59 405
108 431
321 395
116 117
304 184
124 173 62
147 53
45 87
64 409 138
369 53
449 447
449 447
250 106 83
380 7
80 420
209 59
291 823
75 261
369 53
49 319
106 87
561 283
244 237
330 22
88 49 51
234 159
368 471
160 211
464 463
161 612
810 212
72 50 51 85
262 87
41 418 30
376 81
65 125
915 252
233 53
291 485
129 821
108 406
48 49
137 338
48 371
474 300
114 14
21 22
3 412 5
446 78 79
187 451
67 68
155 174
138 23
48 114
289 163 71 72 433 50 434 51 85 373 181 153 218
168 134
235 927
193 3
515 259 357 358 67 329 109 144 475 376 91 92 479
233 53
380 396
122 83 284 82
118 119
232 317
474 461
282 412
418 115
905 322
601 459
82 330 358
291 564
88 821
13 421
56 212 55
464 463
881 287
441 62
344 108
97 611 90 620 304 57 58
96 197 198 199 200 201 42 203 204 202 206 207 208 168 205 52 95
116 117
665 94
180 382
373 135
48 49
136 438
170 171
154 108
72 434 50 51 85 88
67 68
171 471
668 550
170 116
488 497 452
96 821
2 222
162 266
334 303
11 261
232 233
330 92
232 173
108 116
217 447
50 51
495 191
3 4
456 124
115 532
482 212
174 301 406
64 4 175 57 60 287
179 499
309 134
170 116
122 235
64 57
18 75
171 116
88 146
18 951
281 130
115 334
435 420
18 19
82 551
76 254
409 518
312 261
136 137 171 337 338 339 252 116 437 439 440 438 117 340 124
324 7
266 20
147 53
435 212
284 519
522 483
65 377 7
64 3 5
83 821
216 223
848 206
441 527
569 130
49 41
778 174
212 662
161 284
201 441
41 30
161 70
136 438
301 127
698 415
21 22
458 239
24 27
901 331 979 116 438 861
107 491
577 14
58 139
273 46
105 395
186 53
136 861 438
41 548
34 35 546 36 39 40 41 26 27 28 30 31
289 434
116 124
500 567
132 133
64 3 4 5 846 60
272 132 133
459 494
67 68
174 135
369 53
507 45
107 188
153 365
291 573
75 342 310 312 216 317 223
64 4 237 47 304 211 372 212
3 7
78 63
120 166
434 50 51 85
18 83
488 489
64 4 60
813 413
162 45 406
296 386
161 174 22
56 87
334 246
59 212
301 406
285 150
421 167
3 5
265 267
170 116
161 821
202 95
73 75 260 261
982 319
129 227 893 45 115 341 406 315 29
321 182
58 138
58 306
369 53
97 132
281 87
21 22
484 343
114 319
115 319
721 10
114 115 246
180 348
49 319
456 124
132 133
107 406
817 754 861 901
50 51 85
3 196 5
140 7
96 124 62
1 2
64 57
650 467
170 439
409 517
29 439
147 53
232 233
219 197
107 45
8 20
161 821
322 104 105 369 378
57 58
219 269
232 180
272 412
49 434 50 51 85 88
9 574
114 115
114 319
291 7
45 527
85 71
700 407
17 425
114 115
554 522 341 599
20 574
512 192
184 22
416 415
195 196
12 13
45 167
897 357
808 133
161 166
8 366
265 267
64 60
202 95
251 182
58 5
728 465
345 149
860 813
522 483 341 135
114 246 319
64 5
29 534
521 57
434 373 181
553 212
368 439
67 68
59 212 63
97 90 303
286 175
138 139 287
130 494
171 116
897 639
322 395
418 410
171 549
82 63
948 61
481 550 551 81 185 510
160 435
129 821
29 166
58 138
569 421
245 302
547 821
59 60
181 263
232 622
59 435 412
64 4 253 860
532 301
817 754
304 97
64 129 130 4 134 330 45 366 304 82 115 184 281 29
57 59
184 70
117 166
322 395
448 140 429 447
64 3 5
378 491
184 357
184 130
281 52
170 108
640 639
810 306
330 91
108 63
212 412
170 171
108 255
246 319
289 163 71 234 434 85 218 253
56 59 212
272 739
378 62
58 686
67 68
184 161
101 405
377 297
181 263
810 90
170 439
860 686
96 378
482 306
122 421
594 215
67 68
129 29
160 159
88 534
82 21
129 52
24 589 30
460 269
456 172
35 55
720 377 380
396 380 158
185 410
306 212
36 29
326 327 328 11 307 21 22
672 188
146 164
114 495
123 124
89 130
89 90 97 303
521 686
544 184
24 33
52 119
242 964
241 210
82 357
257 255
188 22 223
449 39 40 41 120 25 27 252 30
553 122 59 212
140 270
212 133
97 611 620 304 57 58
265 453
155 174
85 119
76 254
67 68
169 204 281
442 367
56 739 212 55
401 261
170 171
115 420
232 622
250 212
824 8
553 212
233 53
97 171
861 439
107 108 301 406 250 829
171 116
170 114
114 115
64 4
608 256
304 286 287
456 334
363 142
368 428
252 63
833 5
181 215
66 291
184 115 246
547 334
90 934
64 521
376 81 664
281 52
328 22
175 287
161 334
833 3
284 519
97 58
105 395
96 219
116 166
104 378
273 47
283 284
586 494
26 27 39
306 282
97 171
369 53
901 439
64 409
96 821
168 363 166
42 43
41 26 27 39
118 119
18 220
257 134
329 475 92 479
64 257 130 5 108 366 211 115 284
8 20
20 574
181 421
449 429 430 47 16 141 46 273 217
154 283
129 130
67 68
412 5
61 151
129 52
107 20 45
59 213
449 447
816 287
52 119
433 50 434 51 181 373 153 218
569 426
48 49
860 5
49 76
114 444
409 306
401 21
345 149
288 21
122 82
67 68
248 247
997 13
114 246
233 285
296 284
22 327
115 548
413 7
245 237
154 63
64 58 572
67 68
386 388 296 297 381
376 330
364 22
441 276 414
105 322 378
36 439
165 429
328 22
544 130 109 402 184
585 291
346 347 215
418 334
107 460
857 20
88 405
352 322
173 494
222 311
75 318
185 474
17 425
3 5
769 98 355 100 101 102 354 641 324 709 99 619 405 125 126
857 507
64 3
616 148
96 129 296 87 281 311 446
129 130
82 639
546 37
233 53
608 228 229 260 520 107 460 21 406 22 86 316 317 190 223
409 474
860 686
521 813
98 324
330 115
354 99 355 101 936 126
171 117
97 7
130 459
217 447
369 53
41 76
64 60 5 846
369 53
341 174
12 13
857 534
194 827
59 405
195 196
114 115
235 237
376 425
243 159
241 159
538 412
161 151
114 444
810 55
245 237
441 276 414
97 418
97 90 303
56 810 686 55
291 534 823
64 572
82 107
64 59
114 134
169 292
64 138 212 59 286
739 7
208 202
64 4 138 175 572
369 53
482 55
152 428
133 6
479 63
435 406
29 30
490 7
449 217
114 443
354 250 405
48 49
264 246
64 60
330 451
435 413
184 82
498 582 79
8 13
227 86
90 303
49 51
483 135 554 555 522 341 599
67 68
283 284
264 114 115
475 479
116 861 438
306 59 253 7
130 543
281 130
453 142
276 173
66 841 426 427 715 458 402 563 569
204 821
419 510 679 551 550 185 509 190
264 170
82 357
67 68
368 152 749
177 178
170 338
490 6
578 364
296 284
816 686
114 115
261 94
274 47
60 813
139 991
20 13
212 950
83 854
291 893 406
67 68
857 45
521 572
666 175
3 103
3 5
25 41
20 13
302 14
340 166
75 222
505 87 511
166 439
257 519 366 88 153 250
409 306
107 43 188
49 41
129 170 117 29
65 22
130 363
67 68
425 250
64 5
291 264 169 170 427 339 115 319
171 549
254 367
22 23
418 548 41 362 48 49 114 371 115 341
160 159
48 49
259 411
161 378
852 343
180 181
304 97 90
192 158
424 264
64 4 5 138 587 666
273 813 47
115 156
98 99
243 235
49 319
233 53
118 6
345 150
82 63
41 114
88 42 51 423
50 51
156 214
530 142
209 156
272 132
18 311
265 233 276 441 414
58 59
337 116
257 212
3 5
662 503
686 7
96 821
435 405
330 291
132 133
116 439
302 30
81 69
234 84
305 97
353 852
486 424 264 77 977 246 445
212 133
330 357
116 166
49 41
424 264
307 327
24 25
69 81 21 664 185 510
264 115
744 517
964 244
860 686
114 115
366 108 301 406
409 5
811 270
88 129 821 519
233 441
345 382
146 107
301 406
184 130
569 527
129 821
378 251
265 441
88 50 51 955
82 22
441 451
64 4
184 388 199
881 138
114 115
778 174
593 322 580 39
108 63
536 11
336 593 323 335
833 3
18 19
41 27
212 302
17 425
18 86
67 68
67 68
373 135
857 161 502
330 475
193 3 4 412
88 146
64 666 5 138
201 202
107 22
424 264
280 63
74 75 332 298 18 249
75 318
184 130
283 171
80 418
444 821
107 75
49 114
357 639
24 29
224 227 134 74 75 298 401 310 184 249
170 439
857 431
67 68
171 116
233 285
57 620
208 202
146 213
49 76
816 686
58 59
291 564
755 951
233 538
26 27
418 77
289 234
114 246
164 614 615 748 620 538
134 94
906 75 310 312 216 317 223
298 906
49 51
106 83
161 139
58 59
130 451
301 174
97 418
18 219
691 190
257 366 115 284 63
449 41 141 217 447
64 59 253
208 96
181 263
16 217
17 425
67 68
233 15
50 51
281 170
434 50 51 85 88
170 116
106 43 148 213 250
97 212
499 142
272 133
163 196
488 333
352 346
194 3 5
32 33 34 35 546 36 39 40 41 591 26 27 28 30 31
212 132
201 129
174 135
108 284
147 300
964 237
656 439
465 166
353 346
82 358
147 300
321 322 573 484 205 594 378 157 95 351
233 557
108 255
195 6
76 334 48 49 51
64 409
81 143
96 129 197 198 200 201 42 202 204 168 206 207 208 205 52 95
897 301 893
304 305
324 5
860 253
59 212
260 21
601 402
129 31
134 558
18 75 222
122 83
490 7
810 286
482 212
418 166
130 494
116 117
140 47
52 94
134 558
136 252
570 567
18 315
282 3
977 444
3 4 5
321 182
248 708
193 132 133 272 412
289 514 163 71 434 50 51 85
428 262
177 215
724 734
180 382
686 7
363 45
860 253
167 234 146 116 122 253
136 116 252 439
180 157
408 407
42 52
67 68
161 211
60 686
106 83
448 140 429 430 447
184 59
378 182
521 138
64 860 253
76 254
67 68
209 196
488 333
175 287
175 287
972 5
289 163 71 72 433 50 434 51 85 373 181 153 218
41 26 27 39
226 283
97 171
130 291 131 197 292 293 232 169 168 290 204 271 15 281 285
304 305
106 83
171 116
122 860
304 287
897 301
184 821
129 821
88 191
162 142
147 53
680 81 664
336 593 335
441 276 414
817 754
114 486
153 493
821 95
22 687
116 117
48 161
49 51
130 117
408 45
129 130 366
259 475
108 159
588 237
181 263
547 291
259 108
212 287
108 709
369 53
192 343
136 76 438
407 408 359 333 45 526 914 500 501 502 503 504 505 700 375
184 420
537 87
550 7
554 341
115 319
322 395
521 138 60 572
284 45
64 4
380 6
168 821
673 142
808 133
394 386
467 12
237 239
394 122
617 603
152 428
170 116
41 26 27 39
211 159
16 335
171 117
657 263
140 165
212 372
65 125
377 398
306 7
117 119
897 174 301 406
441 239
561 75
104 296 284 61
817 171 117
35 55
232 233
97 170
435 519
107 22
289 163 71 72 433 50 434 51 85 373 181 218
17 175
514 510
829 301
409 4
708 20
174 519
180 382
481 22
395 62
257 449 140 270 46 435 217
184 17 130 366
324 103
48 49
192 345
127 287
354 405
212 59 412
154 63
64 3
122 18
306 212 286
64 282
84 85
293 823
161 454
434 181
13 142
848 206
104 395
67 68
296 297 388
208 6
550 70
59 212
435 244
88 334
18 75
3 5
30 439
881 686
282 59
129 52 821 281 31
306 138
441 62
412 4
20 13
281 15
25 31
140 47
76 77 334 48 49 51 444
656 115
16 335
643 84
67 68
64 4 60
59 5
56 212
434 85
881 686
171 117
328 22
67 68
442 755 85
1 317
258 451
301 127
115 108 334
354 355
18 315
664 81
304 90
122 83
482 212 412
116 428
522 135
274 323
12 407
152 749
378 379
116 439
97 338
212 55
306 212
170 861
82 357
530 467
40 14
200 129
250 420
488 700 333 407
168 169
369 53
67 68
129 52
129 777 909 918 919 802 168 42 52 821 197 198 199 200 201 202 203 204 205 206 207 208 594 95 96
3 4
860 686
441 276 414
58 212
48 49
113 109 94
306 7
281 130
58 59 412
296 394
88 155
65 166
3 413
354 405
116 334
281 108
212 286 287
104 378
388 199
96 821
283 143
69 495
259 108
395 182
12 662
147 53
160 211 159
212 6
41 418
224 18
75 310
737 154 161
59 196
52 119
87 823
64 3 5 810 212 59
341 79
52 821
233 708
569 527
149 150
744 517
170 166
67 68
291 131
65 396 398 720 158
147 188
808 133
65 97 3 195 196 6 7 141 306
377 398
194 991
4 413
88 75
321 322
115 334 246
107 188 269 491
321 61
143 283 284 161 933 167 694 63 83 595 84 87 602 108 367 495 753 373 374 122
857 250
248 531 247
75 310
122 100 405
64 3 4 5
521 306 7
372 405
612 390
114 115
13 87
369 53
345 177 178 179
499 431
265 441
18 317
490 7
339 116
75 68
283 143
339 988
129 52
115 172
250 366
64 161 3 5 587
453 142
116 213
115 532
67 109
50 51
951 167
456 252
152 30
952 958
185 69
41 39
192 279
171 116
394 251 378
829 406
171 471
48 42
537 87
184 427 173
115 334
810 90
180 158
3 4 5
402 527
161 191
64 4 60
129 52
130 291 293 134 281 487 169 427 173 271 465 569 94
301 406
216 129
265 662
496 171
301 893 406
514 174
28 39
67 68
202 821
109 94
67 68
593 270
52 821
82 115
41 76 30
123 124
475 63
930 323 141 335 336 593 274
395 182
288 107
233 538
419 748
170 29
64 4
97 171
250 107 366
138 175
428 262
195 196
444 117
544 425 749 45 368 211 275 281
56 640 639
67 68
196 413
216 75 269 223
558 582
714 82
129 594
106 11
212 412
30 31
205 7
285 343
170 117
2 222
3 804
72 434 50 51 85
363 142
813 4 413
372 101
88 485
369 53
232 181
125 143
82 167
59 3
416 415
357 639
122 83 284
130 131 527 402 404 792 665 544 295 426 427 431 563 569 575 706 836 715 871 874 875
376 81 664
209 138
257 130 107 204 366 435 20
409 490
160 159
285 150
64 306
339 124
74 75
64 306 212
2 330 107 148 86 317 190
3 4 5
108 63
291 823
74 107
67 68
609 265 266 267 62
609 232 265 266 267 233 53 278 441
185 300
49 334
212 132
135 554 522 599
129 777 909 918 919 802 168 42 52 821 197 198 199 200 201 202 203 204 205 206 207 208 594 95 96
97 428
49 77
363 45
129 204 284 84
48 49
212 302
130 106
3 860
301 406
317 223
381 183
937 573
860 686
210 43
522 341
65 490 6 7
265 662
97 171
680 81
306 282
283 213
57 60
352 192 131 232 682 908 346 179 852 150 343 344 215 347 279 157 351
184 199
140 430 47
363 467
330 477
104 379
827 3
528 319
161 455
134 582
262 428 656 471 120 152
212 55
192 181
434 181
827 195
224 331
554 135
106 284
474 82
616 955
827 3
210 122
339 933
270 47
289 163 71 433 434 181 373 218
35 55
48 114 443
185 70
306 59
161 378
612 293
3 5
75 342 310 312 216 317 223
297 322
219 197
378 151
64 4 60
60 413
67 68
3 5
64 130 184 138
108 301
24 161 29 31
64 4 413 860
306 7
212 132
210 122
860 686
377 182
816 138
129 284
161 964
378 284
640 639
83 84
451 543
194 3
392 378
180 821
67 68
570 755 675
306 699 55
108 63
330 411
3 4
482 212
6 7
380 398
184 257
302 174
29 37
17 282
124 252
75 318
456 97
856 474
50 51
424 264
115 334
484 215
366 406
130 22
170 117
41 76 77 254
482 3 5 810 212
180 157
495 87
108 255
641 101
322 163 104 297 393 296 396 369 277 182 216 473 284 61 62
508 244
499 52
686 7
369 53
108 45
441 130
338 116
3 212 5
378 182
434 181
274 462
88 155
264 319
378 95
979 166
810 306
212 132
284 590
64 57
833 3
58 3
64 881 287
202 42
161 223
376 357
372 125
482 3
380 158
435 366
181 263
272 133
816 138
136 116 252
37 30 439
170 171
497 452
184 130 115
224 75
3 7
435 15
530 12
449 47
291 707
59 212
866 60
507 431
296 284 61
58 306
185 70
211 236
281 173
369 53
282 7
67 68
21 22
324 405
168 484
265 511
194 196
118 119
138 7
344 279
104 378
80 166
378 182 62
24 36
46 270
4 813
49 319
833 3
64 482 3 5 138 212 287
3 196 5
129 43
313 86
65 7
5 991
441 233 179
98 324 301 103
216 296
953 510
64 282
130 173 94
405 422
233 538
161 108
97 90
122 547
306 59
175 287
416 415
138 860 5
164 167
108 138 572 167
114 115
302 174
196 7
173 414
46 270 47
505 431
123 124
180 158
211 159
194 3 813 827 253
639 47
39 41 26 27 444
259 411
357 639
149 150
345 178 179
521 572
578 367
147 53
264 445
80 161
444 39
544 184
67 68
52 821
3 196
160 159
848 41
212 412
69 63
328 22
281 15
181 263
48 444
578 364
441 66
212 412
129 821
45 22
140 47
496 22
67 68
129 202
4 413
369 378 105
645 141
212 287
272 212
3 212 5
234 236
281 207
104 233 557
178 298
219 197
72 434 50 51 85
281 15
144 475
304 130
146 87
121 381
171 117
161 133
224 222
57 195
3 860 253
64 212
64 57
61 134 151
115 334
361 570
129 821
67 68
18 222
65 158
24 29
59 108
264 246
124 173 62
22 23
928 964 927
64 138 572 5
122 146
860 287
136 438
105 378
224 223
4 5
827 3
306 7
616 244
128 170
265 266
84 373
88 534
602 164
17 339
780 821
324 103
640 639
639 159
272 412 133
64 810
76 254
67 68
49 51 334
306 3 5
425 309
307 734
810 739
521 138
161 194
913 467
171 116
185 510
216 75
180 382
272 306
170 439
3 860
264 246
184 82
96 909
8 361 570
124 173 62
474 435
395 948
96 919
48 49 51 334
680 664
21 22
255 108 63
170 171
67 68
553 212
136 76 438
395 62
739 212 55
289 434
48 49
901 331 754 979 116 438 439 861
24 36
24 33 27 252
108 63
147 53
266 13
98 435
97 212
161 18
76 254
96 821
508 244
233 53
192 278
97 171
458 402
306 7
444 39
138 253
376 330
184 420 910
67 68
482 739
547 227
264 114
65 7
123 124
192 852
928 931
369 53
488 559
58 138
64 129 4 138 237 47 304 211 372 212
130 131 527 402 792 665 544 290 295 426 427 431 563 569 575 706 836 715 871 874 875 622
59 739
59 212
161 602
609 232 233 266 267 441
3 7
97 212
17 301 406
369 53
3 413
145 187
67 68
811 211
272 132
39 87
97 171
829 301 406
301 125
108 22
592 97
250 463
449 140 430
174 135
720 398
67 68
641 639
160 242
142 366
260 261 401 21 22
64 5
67 68
291 131 516 293 232 169 168 233 204 205 207 15 285
219 197
18 315
553 196
97 212 132
441 66
394 62
833 3 195 5 196 827
114 444
170 339 439
560 283
21 22
194 5
49 334
201 594
21 22
184 250 435
3 196
72 50 51 85 88
720 394
185 541
89 305
60 686
488 700 333 407
64 212
262 31
173 414 215
114 339
378 251
161 234 59 146
424 264
289 163 71 72 433 50 434 51 85 373 181 153 218
5 63
260 261 298 75 249
378 182
696 406
76 254
193 3
97 90
195 239
285 150
129 43
65 125
170 171
392 873 908 183 378 157
656 281
250 435
821 645
352 378
21 22
91 163
281 378
378 251
412 413
304 169 184
48 49 51 77
140 429
530 422
482 55
841 427 87
200 378 251 527
517 7
97 57
236 245
405 102
26 31
409 306
24 29
569 258
6 7
369 53
769 98 354 100 101 102 641 324 99 619 405 663 125
378 62
161 202
341 174 343
490 7
170 439
897 301 893 406
192 350
302 14
291 63
610 31
132 133
334 303
377 986
521 413
96 198
64 4 175
250 45
185 70
129 821
233 53
315 284
30 31
211 159
347 295
175 287
56 58
173 414
160 243 159
75 342 310 312 216 317 223
272 133
434 50
235 236
48 444
58 686
821 207
516 169 459 527 276 441 378 414
485 573
821 198
284 309 134
195 412
129 821
425 367
593 335
893 406
594 918
64 846 130 184
175 287
301 406
48 49
3 5
197 198 199 200 777 42 203 204 202 201 168 208 205 594 52 95
75 43
42 166
105 322 378
264 114 115 926
75 342 310 312 216 317 223
87 327
434 85
149 150
664 81
550 7
134 558
12 325
171 117
497 142
106 75
20 13
165 270
208 108
652 174
184 130
285 278
166 136 137 170 171 337 338 339 252 116 438 439 117 340 124
115 246 63
130 366
88 439
377 398
170 439
352 257 130 162 297 330 107 364 365 366 304 496 82 211 372 250 284 29
114 444
291 420
93 239
197 821
99 126
67 68
160 159
833 3
439 7
88 334
337 171
386 388 296 297 381
70 478
182 62
394 395
196 7
138 813
171 117
236 237
114 115
67 68
402 494
233 62
266 62
75 342 310 312 216 317 223
18 315
24 29
99 405
36 29 30 31
135 108 367 283 434 373 87 59
264 246 319
64 3 5 846 282
833 3
250 107
161 82
258 279
41 76 77 254
322 395
52 45
344 181 215
190 454
153 284
304 64 184
860 413
281 130
964 237
233 538
90 413
4 413
172 444
369 53
860 686
507 435
369 53
283 171
808 133
842 398
18 75
333 700 359 407
233 53
264 77
216 550 222
321 182
483 341
166 134 136 137 362 337 338 117 28 31
129 821
69 70
185 191
337 338 116
72 49 50 51 85 88
169 130
514 174
169 516
106 83
3 5
833 3 253
2 226
304 64
18 156
432 142 167
363 20 45 366
368 63
74 332
210 495
488 559
3 196
356 639
305 90
233 538
3 412
67 68
420 341
451 814
821 86
171 116
729 22
322 180 350
901 136 137 166 170 171 817 438 439 337 338 339 340 861 124 754 116 117 252
409 59
321 182
212 133
217 165
107 284 406
6 7
115 687
84 367
897 301 174 304 211 406 893
120 817 754 861
82 107
315 86 227
380 175
74 75
46 430
148 749 63
200 821
301 46
953 510
409 860 253
412 55
35 55
107 75 460 561 401 21 188 223
317 223
48 281 170 117
122 284
322 380
321 182
212 132
184 188
185 510
410 52
233 53
369 53
21 22
323 46
441 451
193 4
434 373 181
328 22
129 166
272 132
289 163
184 155
21 22
3 5
378 395
104 296 284
317 222
289 163 234 434 85
482 810
166 136 137 170 171 337 338 339 252 116 437 439 440 438 117 340 124
161 138 253 881
810 739
1 2
146 148 213 122 253
184 257
307 63
212 302
76 254
212 133
15 391
73 260 261
88 50
252 439
361 570
570 13
576 150
224 178 221
422 142 497 499 603
212 431
401 174
369 53
96 821
957 934
114 115
608 171
134 582
59 860 5
394 423
52 94
330 358
179 414
120 754 861 471
553 212 519
161 202
138 3
233 285
3 7
180 157
404 527
585 291
129 821
210 244
972 413
857 161 363
209 212
272 59
264 362
3 5
122 187 181
483 341
250 107 406
75 223
129 130
530 45
893 406
96 821
424 264
363 422
376 357
107 43 188
192 180
116 117
82 639
106 821
59 7
243 159
376 81 664
64 59 5
171 116
45 375
3 7
964 237
554 522 341
42 86
67 68
369 53
22 327
76 254
64 90
134 558
171 549
3 7
821 86
285 278
22 23
338 6
264 114
59 244
67 68
41 26 27 39
264 420
833 827
485 573
18 227
322 395
114 334
363 142
83 84
64 521 57
372 101
57 59 60
413 7
237 239
283 367
244 253
124 173 62
436 943
96 219
181 622
556 12
59 412
212 59 412
133 286
67 68
67 68
432 167
64 287
188 22
185 7
284 167
173 414
154 143
881 860 686
64 47
266 267
12 325
185 510
97 171
721 12
3 413
445 486
81 175 287
833 3 413
91 14
180 181
449 47
816 881
296 297 388
178 61
64 59
435 421
89 90
114 115
360 10
224 118 184
860 813
64 60
129 821
67 68
449 34 136 40 41 30 120 25 443 94
833 194
180 157
67 68
64 860
65 441
250 106 83
739 60
395 487
289 163 71 72 433 50 434 51 85 373 181 153 218
59 132 253 860
28 52
97 132
3 195
168 656
672 188
301 406
481 87
270 447
296 388
64 5 846
98 324 301 103
184 130 279
3 972 5
334 303
288 70 510
171 117
3 4 413
153 255
488 700 333 407
65 66
3 572
26 39
101 663
363 45 366 507 63
108 510
304 305
5 860 413
284 367
75 260
322 182
170 171
451 124
482 810
143 63
108 5
160 211 235 159
138 59
195 196
114 115
184 130
296 297
306 59
284 61
422 489 363 142 497 530 467 499 603
380 398
972 3 4 413
827 195
3 4 5
59 815
272 412
810 286
251 395
64 138
861 438
233 53
304 161
179 414
833 3
171 117
227 222
48 49
897 301 406
369 322
286 6
255 108 63
65 524
64 253
65 7
306 60
264 114 115
544 130 169 402 184
168 378
176 253
720 398
272 133
41 26 27 39
131 181
17 133
291 87
394 43 428 106 494 146 435 148 250
833 3
176 138
156 190
424 264
856 300
59 286
729 22
410 307
107 421
58 686
250 148
720 398
664 81
106 250
64 3 5
509 550
129 29
338 339
21 93
99 87
360 10
192 350
49 114
412 4 193
171 117
291 485
304 90
26 27
217 447
24 25
185 510
388 199
333 407
216 6
521 138
521 287
272 133
211 159
136 137 170 337 339 116 725 438 440
64 972 4
282 59
323 141
922 931
532 78
67 68
28 29
547 148
252 117
521 138
482 810
395 380
88 59
41 444
421 279
88 50 51
97 90
67 68
123 124
171 549
165 270
3 5
369 53
291 573
435 227
104 105
609 214
58 282
251 151
5 3 413
117 171 549
666 4
209 482
162 20
59 4
147 53
104 393
212 253
833 3
192 350
132 133
322 251
188 22
881 138 686
41 439
232 798
369 53
32 24
3 195
419 510
268 20
521 138 881
104 284
337 339
233 54
185 419
578 579
169 281
18 394 155 156
330 475
482 212
353 346
177 516
16 449
358 6
28 94
122 72 50 83 434 51 85 218
234 55 57 59 60
75 117
18 219
48 49 444
212 55
160 159
171 116
396 182
1 222
273 47
171 549
58 139
185 174
285 343
180 182
808 272 133
435 366
257 130 107 435 250
680 664
129 421
378 395
298 260 261
28 94
641 405
257 569
64 5
67 68
69 510
24 31
6 7
18 19
330 91
380 398
233 134
116 439
344 821
161 146 107
378 62
282 7
860 686
139 287
59 860 253
361 372
460 20
64 3 282 409 666 59
82 115
329 495
192 181
75 342 310 312 216 317 223
122 83
181 215
150 285 278
12 622
640 481 357 330 47 639
138 60
322 104 105 369 378
233 267
817 171
237 239
409 282
459 398
324 405
97 212
624 87
394 163
49 434 50 51 85 88
260 261 327 11 401 21
281 285
469 149
291 420
378 919
123 124
108 63
209 55
456 412 982
32 428
64 60
257 250 212 133
252 439
482 3 739 5 810 212 56
233 53
441 499
378 251
291 485
490 107
8 13 366
302 14
3 195 196
22 23
412 374
589 30
97 611 304 57 58
129 821
368 428
356 639
496 372
507 212 309 463
161 148
93 22
508 244
64 59
5 196 253 860
272 273
180 157
309 134
451 421
289 163 71 72 433 50 434 51 85 373 181 218
184 130
441 276 414
376 81 664
339 439
52 45
177 179
360 499
185 330
129 198 200 777 202 201 168 909 205 207 594 52 821 918 919 95
180 158
97 3 90 306 409 58 253 57
182 15
147 53
97 340
208 129 821
848 206
354 405
170 171
281 233
130 451
302 174
306 7
233 369 53 538 62
212 59 739 55
233 53
334 319
116 166
74 75
97 340
421 662
74 75
41 418
59 253
808 133
539 724
148 302
108 255
19 219
46 462
448 499
104 105
64 161 253
35 55
59 655
161 131
482 212
82 108
170 116
216 75
304 64
213 421
67 68
301 406
170 171
317 223
109 191
282 14
353 181
378 62
202 821
250 138
330 259 108 475
458 402
369 53
610 31
372 46 47
284 301
515 259 357 358 67 329 330 109 144 475 376 91 92 477 478 479
88 474
27 252
140 447
171 439
672 82
125 430
82 686 138
266 20
132 133
259 199
465 212
322 182
301 406
784 83 231
212 55
490 7
170 340
185 510
1 147
104 527
3 4
57 55
324 405
376 81
169 516
190 22
24 25
233 538
67 68
241 12
453 142
97 171
107 143
22 23
64 3 4 5
296 297 388
52 134
259 411
180 382
90 286
82 70
616 423
17 425
172 246
57 59 60 55
833 3
97 90
354 372
979 166
75 143
146 181
129 777 168 42 52 821 197 198 200 201 202 204 205 206 207 208 594 95 96
161 60
272 133
353 343 215
212 127
29 166 31
32 83
456 334
88 50 51 85
181 279
98 324 103
41 30
289 163
460 757
115 319
170 252
3 195
127 287
352 353
97 611 620 304 57 58
193 103
252 439
272 273
328 22
246 319
3 4
67 68
108 87
216 296 61
21 22
72 49 434 50 51 85 88
83 187
59 159
64 846
97 418
345 149
3 4
133 302
3 7
451 483
283 284 167
544 184
136 137
451 173
146 115
82 330
149 150
505 534
212 302
11 639
24 63
82 63
232 233 557 53 278
273 447
328 22
302 174
475 167
171 439
509 510
81 82
104 296
209 212
3 195 5
101 102
146 435
3 6
817 171
227 143
496 372
67 68
608 491
184 82
153 85
67 68
972 5
226 18
65 446
11 639
257 612 613 104 561 339 212 118
24 30
67 68
841 87
138 413
165 175
181 263
451 276 459
289 163
129 29
82 190
114 115
289 163 71 234 434 85
96 42 52 86 87 88 95
488 559
418 548 486 264 424 362 77 334 48 49 114 115 246 443 444 445 319
67 68
170 171
212 412
184 420
50 51
122 106 367 83 84 85 250
108 63
169 516 293
154 63
496 130
170 171 116
12 22
207 347 295
418 115
827 3 7
96 198 200 777 202 201 909 205 594 918 919 95
147 53
185 108
441 451
211 235
435 420
82 63
833 827
5 413
168 343
570 567
67 68
964 237
96 129 197 198 200 201 42 202 204 168 206 207 208 205 52 95
242 243
410 347
55 167
188 317
48 49
833 3
307 22
82 357
165 175
281 83
21 174
972 5
170 340
241 210
821 151
130 107
94 15
11 14
76 254
116 246
184 363 45
250 45
153 213
66 435
337 338
233 538
65 490
64 282 5 846
348 181
282 412
281 130 459
211 159
488 700 333 407
34 35 546 36 39 40 41 26 27 28 30 31
516 495
459 494
59 60
336 335
283 197
64 306
171 117
378 594
108 406
67 68
412 133
395 182
26 27 39
441 66
17 490
212 286
640 639
301 406
421 302
282 846
265 233 276 441 414
304 211
296 386 388
21 22
96 124 62
285 181
168 258
306 212
306 282
353 215
171 117
3 196
376 81 664
267 566
680 81
395 390
972 5
330 109
348 613
459 87
60 253
67 68
956 821
64 3 4
129 777 802 168 42 52 821 197 198 199 200 201 202 203 204 205 206 207 208 594 95 96
48 49 76
174 406
160 211
212 253
304 305
547 148
234 83 211
656 428
282 7
409 306 412 517
217 580 270
474 435
708 13
116 117
193 3 4 5
97 212
362 117
251 182
138 860
334 319
136 117
3 5
122 428
259 411
16 275
821 951
272 412
3 193 195
264 246
353 682
4 813
35 55
212 118
273 410
49 51
260 261
289 234 176 49 306 146 59 253
159 167
168 281
373 434 51 181
192 150
233 441
250 356
64 129 130 330 107 363 366 304 82 115 372 22 184 29 286 287
348 350
74 75 332 298 249
793 122 454
813 413
410 358
147 53
544 524
561 85
552 300
108 301 406
16 46
490 7
265 266
64 138 59 4
465 484
173 94
101 495
281 130
512 192
412 284
577 459 534
116 252
193 133
435 821
64 175
48 49 51
129 821
185 300
304 122
285 150
19 75
243 235
209 212
18 19
211 235
514 463
3 5 7
67 68
122 83
296 297
355 324
72 434 50 51 85 88
105 395
122 235
88 435
908 263
901 754 979 116 438 861
3 196
67 68
58 138
250 435
100 421 405
435 63
178 179
339 230
3 413
3 195 196
352 130 162 297 330 366 304 496 82 211 372 88 250 29
353 181
265 662
439 87
192 158
170 117
282 59 63
230 199
322 62
565 13 366 191
65 645 6 490 529
216 156
129 156
88 82
115 334
76 254
308 348
136 41 76 438 254
3 5
301 406
184 130 427 173
371 28
67 68
194 827 5
334 303
306 7
64 409
260 21
108 36
108 63
233 292
96 821
405 951
42 86
173 414
41 371
306 59
833 3
130 199
405 302
64 3 5
369 53
928 238 927
171 116
488 530
134 558
181 215
195 196
259 411
161 146
29 439
209 134
304 90
301 406
334 303
444 39
324 405
120 41
192 285
296 289
539 531 93
344 108
418 115 334
528 115
185 474
97 339
171 117
488 333
67 68
184 45
170 439
322 395
74 75
8 142
289 71 72 434 181 373 85
334 303
3 5
881 686
507 142
135 108 367 283 434 373 374 87 59 284
369 233
130 276
519 174 135
169 427
262 428 656 981 471 120 152
262 428 368 656 471 120 152
72 434 50 51 85 88
353 215
153 284
363 20 45 366
