14596	36270	44140
42799	42800
12058	42758	47055	54780
1235	21709	21710
17959	17960	17961
5145	5146	7098	41822	52675	52676
15528	22005	47461
7037	8012	20014	20015	46696	46697	46698
5311	5312
11775	36428
2384	2385	2386
20896	20905	20907	43862
2055	4077	31829	37155
6831	9803	9804	9805
12078	43528	43529
20434	20438	58149	58179	58343	58344
116	12978	62873
40667	41978	41979
467	3437	6287
1092	2253	5672	10849	43193	43194
3376	4822	8382
36727	67783	67784	67785	67786	67787
1257	11257	45077
11900	37938
3146	13503	16423
16138	64428	78135	78136
1292	3293	11705	38876
29134	36880	63513	70555
183	19810	37967
37038	37039
40323	60678	62922
13843	27597	27598	27599
16093	65006
38172	52296
4625	4626	33982	33983	33984
2259	16341	50447	72237	72238
2228	4147	5450	6321	10849
7127	25718	40782	40783	40784
5972	5973	27203	27204
14776	14777	73731
4735	8478	67180	67181
2018	4025	38397
77031	77032
14227	14228
29929	31716	31717
13923	15658	57573
32987	32988	32989	32990
9695	12938	12939
6101	9590	24313
3320	30918
3069	11235	18708
646	647	648
61715	61716	61717	61718
1948	35188	37372
15208	40067	40068
17071	17073	17074	61684
29739	29740
914	3581	5635	5996	10785	36281	41863
1598	4893	25641
3061	13558	31044
814	3293	44207	45199	56147	69421
5148	42715
13773	15531	15532	41647	47160	57752	57796	61907	63860	65112	71492	71493	71494	71495	71496	71497	71498	71499	71500	71501	71502	71503
25125	25126
22143	50028	50029
4812	14242	14551
2332	36470
260	2232	3580	9843	19716	20003
18	51844	51845	51846	51847	51848	51849	51850	51851
10936	63541	75598	75599	75600
8713	12704	37877	67347	78183
106	9102
24233	49527
135	7417	7418	7419
20819	20820
133	35372
1862	4074	7296	8196	18291
48	7097	7098	7099
14496	19168	38179
10018	17846	26661
6046	23781	40614	40615
1281	18436	21343	21986	24612	33312	34653
2577	68073	68074	68075
66156	66157	66158	66159	66160
54169	54170	54171
9411	9414	39438
8323	11980	25018
7257	7901
2699	6539	46357
25504	45141
37073	43484
5731	12707	13268	13396
1082	56081	76483
11307	78722	78723
5180	58777
16122	50304
654	4302
3293	14222	17619	32406
17097	37558	37559
39373	39591
1756	20989	26138	56023
5154	5323
9746	18726	27236
1647	20380	23172
15049	30043	30047	52181	52182
15276	15277
3180	4338	4339
3419	3420	3421
96	12337
6496	31962	41795
18	46291
12962	19403
2024	2025
2484	18448
1441	15506	23242	68597	70598
8718	39483
2184	56748	72505	72506
183	3445	50682
79177	79178
6105	6543	6544	6545	6546
35655	35934
3338	55849	70242
1192	9053
7715	42423
1039	3368	6496	11293	11570	14495	14496	15083	16270	16271	18638	21949	21950	26157	31921	40341	44267	44946	45274	46004	48650	48651	48652	48653
17469	17470
712	64102	64103
14790	14794	24307	29644	56326
2967	2968
89	914	47419	80423
20275	77835
45362	52400
12600	15342	44311	70991	71888
12954	22797	79872
7589	32625
11326	18565	23931
6835	27601	37117	37118
735	736	16841	17782
1375	6316	7046	20467
9065	9066	11568
1865	3316	3317
1076	5899	7161	64791
966	2042	2043	46554	46555
35140	56553	56554	56555
1985	12854
499	636
26258	31247
181	184	4283
41188	49836
15860	15861	15862
6897	12397
516	11434
33629	64383	78745	78746
9276	27219	27220	27221
38392	67211	67212	70762
17770	60120	60121	60122
9586	50373
2272	12461	17876
16694	16695	16696	16697
7031	17759	30588	37644	37645
367	5841	9255	44506
279	280	4068	42996
37966	43434	43435
475	3970	12726
180	181	11629
3367	11444	14883
44453	44454
29062	29063	29064	29065	29066	29067	29068
211	212
16398	23917	37653	37654
2259	15501	15502	17045	17047	61534	78926	78927
17506	32284	65806
9193	9194	9195	9196	9197	9198
1471	12184
499	20760	20761
18443	27872	27873	27874	61063	61064
75	8760	8762	14042	25215	25216
46992	46993
735	21942
4573	5015
1460	2406	19472	19854	19855
3571	23407	79940
17222	17223
4453	5864	10077	53907
4068	52691
9832	9833	9834	33777	62574
15212	16398	16623	30602
422	423	424	2819
7580	39067	39068
2171	12727
8858	9484
16398	16764	34847	52554	52555	52556
11601	15239	46336
2607	2608	2609
1487	16050	17917	47497
1797	18155	20848	32102
5901	24696	27781
1138	27566	28411	74786
22010	27347	27569	27570
21986	30644	57068	63580
224	1211	33661	33662	33663
21258	21260	25459	25460	66878
17535	32288	59654
21706	21707	21708
783	37411
5206	20138	31164
14409	14410	14411
6888	6889	6890
22764	57410
3593	31266	49734	49735
2839	22753
15477	15928	26049	36438
367	10084	10085
9211	9212
2377	14898	39936
38434	38435	38436	38437
5386	20975
3533	4386	17363
10101	10102
42095	50744	50745	50746
72599	72600	72601	72602
11708	33750	49537	68571	71030	74534	78560
1482	5353	25645
9777	9778
9120	9121
1486	55967
708	2971	25293
7205	7997	8000	21115
1742	7952	36048	46681	46682	46683
5049	5050	5051
2503	54279
14262	14263
6287	23692	23693	23694	23695	23696	23697	23698	23699	23700	23701	23702
4389	13429	14964
17075	31826	56716	68779	68780
13133	13134	13135
1076	4947	65764	73518	73519	73520	73521	73522
44836	47596	54683	54684	54685
8541	8630	12295	15412
3580	43318
3980	17970
501	51625
80355	80356
15677	41248	50341
2262	70217	70218
37914	42298
1197	2116	39113
367	8162	8163
47514	47515	58848	58849
179	47571	47572
5206	12874	20138	64826
12646	56065
56969	56970
15392	69791	71969
1357	1497	3449	6746	22566
72832	72833	72834	72835
23641	23642	24219	27513
11638	20924	39034	39035
13429	16144	16145
13943	58734	66274
3368	15691	15694	16272
12584	18017	43610	43611	43612
23258	55194	55195
18713	31887	35323
5122	18451
1515	3654	10961	17439	17440	35992
45521	45522	80522
19074	55951
39915	39916	39917	39918	39919	39920	39921	39922
18233	18234
46523	46524
7955	7957	13194	15118	37524
13313	37346
1622	1623	1624
57884	57885
3593	49734
10537	10540	14391
4046	36590
4917	16221	22392	22393
11693	11694	11695	11696	11697
13648	16824	44553	44554	44555	44556
9401	45865
20924	39971
1008	11441	11442
13552	13553
1486	16438	54297	55967
12435	12436	59987
4505	6817	17190	36819
37869	47427	47428	47429
6291	23302	32489	32490
3940	27796	37950
35628	45880	47300
43786	43787	43788	43789	43790	43791
24459	44054	44055
5459	45545
2259	43335	50447
7365	13507	54266
23608	23609
3205	20862	20863
2790	4867
71710	71711
51066	51067
16997	36401	36402
6082	24446	48505
34369	45392	48748
5431	55514	56269	65731	65732
17867	23385	28161	28162
2061	19545	19546	28910	28911	28912
943	1327
9040	38363	38364	38365
4817	4818
107	108
543	1403	2228	4147
35713	47140	47141	47142	47143	47144	47145	47146	47147
18246	18248	21226	21227	30892	30893
7871	21970	45513
7952	8880	15315	16445	63400	70239	70435	74397
4809	4811	10539	50162	50163
18220	22010	27347
280	15096	38517	54661	68726	68727	69998	69999
78218	78219
46092	70789	78847	78848
712	2647	9621	35544
13428	15333	16634	23181	64937
22711	77710
43915	45396	58813	58814	58815	58816	58817
2702	4449	30440
75810	75811	75812
2257	2258	2259	36214	36898
6843	6845	14993	33514	50725	50726
97	98	99
3513	9568	11773	46576
21862	21863
55474	55475
3398	61708	61709
24982	24983	24984
223	7914
2024	9141
7713	13320	13392	13752	62157
1403	3513	10849	19572
11317	37646	37647
11310	58781	65899
8362	8363
41477	58661	58662
4014	5731	7037	35340
10553	15503	15504	41014
37012	37013	37014
16050	23877	30631
6614	6617	10272	47089	47090	47091	47092
7715	9120
3882	5530	10554	19322
19575	19576
2435	7557	11755	21286	48003
2687	3255	6939	41743	54425
1892	14145	14146
7031	30588
23102	59520
1339	16250
4307	18521
655	1484	1487	12178	15867	16270	16825	21870	24248	26965	27743	67190
5325	5329	22027	42874	45847
46324	46325	46326	46327	46328
78956	78957	78958
70908	70909	70910
4251	26343	26344
53301	53302
3497	3498	10634	10635
23237	26293	26294	26295
1499	12196	50555	50556
14991	15166	21674	29465
4561	27456	27457
12499	21430
3855	13873	20048
25715	25771	38661
12701	12702
1004	2243	2244
48	1064	2209	12639	14793	15145	15148	15501	17289
1985	6557	6558	17491
2923	2924	33638
5787	31420	38264
12739	12740
5021	24191
1879	14069	44027
11213	53047
4434	51643	51644
31269	31270	31271
1260	17491	23415	31357
24460	48676	63762	63763
64640	64643	72820
10938	17103	17104	17105
15998	15999	16288	21943
5586	60880	60881
10436	14972	44315
4330	4332
2611	14486	56742	59618
289	5420
4801	4805
47	49	1430	47085	47086
177	23991	28163	31260
500	14768	59868
1453	22475
75	1240	1241	1242
59084	59085
3215	3218	68684
73233	73234	73235	73236
5608	57067
14297	42294
53367	59059
12778	12779
15096	55496	70014
910	37489
968	969
11564	11565	11566	11567
2687	4866	19796	23103
62736	62737	62738
9031	49083
44201	44202	52672	52673
6081	11839	63838
3855	7019
12474	16367	41692
9344	17208	17209
15210	36932	50262
107	656	28015
10307	18136	18137
15018	15020
30765	30766
17070	39787
21765	41511
1137	61171
14831	15839	27298
30271	36133	63030	63670	78702
2040	2041	2042	2043
1634	10039	18372	54038
1020	21783	29871	78324
1192	16194
22518	22519
10790	10791
110	1721	20225	36167	61220
43003	43028	43029	43030	43031	43032
24331	24337	56725
3527	14818	36503
2660	41765
36959	47260	51145
14881	22098	22366	56355	65957	69373
7952	36048	37269
3836	29051	33951
24218	28210
14456	21739	34275	77906
9482	27997
2116	5176	7026	7027	7028	7029	7030
4754	66531	73168	73169
2272	6294	7290
18713	31887	38461	41756	41757
12973	56446
20279	20281	21062	21310
25971	53564
10503	64197
20795	23195
16355	16357	43478	56564
6040	9550	18762
20632	29417	29418
8155	12884	12890	19663	19664	27357	42230	42231	42232	42233
1261	2565	4309	11232	20936	56656	75295
48724	48725
14115	17866
53033	53034
579	13613	30710
25923	25924	32892	32893
799	17782	22469
12164	12165	12166	12167
4849	18265
1607	3153	3154	3155	3156	3157
1378	9440
1507	1508	1509
96	49275
5432	14194
1634	57289	57290	66327
1129	22328	22895	61547	61548
11601	69139	75188
845	2841
16814	16815
4625	14109	14110	14111	14112
46058	58492
373	444	445
116	25888	30102
6939	43401
35470	35471	35472
3788	65572	65573	65574	65575
2727	6974
16615	35295	35296
39666	39667
6471	25154
2440	15691	17221	38768	38769	38770
3814	3815
6500	28791	49121
81	1515	31437	62122
7982	41945
31683	37276
44335	64109	64110	64126
19804	42841
11979	13786	13788	22495	29799
1441	71189	74080	74081	74082	74083
7776	18178
2272	4495
8620	42762
12211	12212	46944	65478	65479	65480	65481
1375	7046	20467
1789	3604	79344
15971	35896	35897
72879	72880	72881	72882	72883
13562	15173	21710	33347	33348	34236
26379	31205	43695	43696	43697	43698	43699	43700	43701
11810	22835	41717	61570
169	17484
5188	5191	11046	11047
34959	42781
2403	11317	31045	33656
1189	1509	10240	44949	53798
1191	6703	26312
2912	2913	35294	77296	77297
67270	67273	73045	73046
3764	25218
7341	37731	37732
19025	48295
51666	51667	51668
2850	3398	63369
18498	30684
7837	11376	22544	27372
7385	16172	16383	61795
1326	6501
17713	40132	40133	40134
4069	5122	68153
500	4765	36940
2291	2292	6560
3654	3655	20133	20509	45561
1059	3788	3920	36437
37111	45368	67896	67897	67898	67899	67900
64220	64221
15358	73183	73184
224	931	1138	2735
14825	35717	52748	52749
1889	11293
3546	14663	52785
135	6110	12572	21862	35530	35531	35532	35533
1357	5829	5830
26333	26334	26335
504	20370	23932	23933	54100
41103	51693
2596	4765	14973
258	6479	27115
4505	4507	18077
1372	6835	18583	27601	37650	43624
3622	38344	42841
79913	79914
15706	18880	34047	34048
27706	27707
15096	48564	48565	48566	48567
8114	12510	12511
14254	19039	37681
10252	15621
279	280	46126
633	3041	10812	10813
5130	8210
266	9012	12263
25616	41290	41291
17160	17161
77350	77351	77352	77353
5918	5920	24709	37889	37890
54501	61416
14	1527	1528	1529
51536	51537	51538
1563	1985	3436	3437
17110	17111	17112
10246	20861
1331	14317	14804
17271	17532	20978
44119	70549
15045	15046
42066	53472	53473
10455	41483
37169	40512
11707	11708	11709
11728	11729
913	2984	14045	14046	14047
839	13752	42731
16742	24270	52455
279	8250
1723	13729	13730
3368	5153	15694	16272	16777
33844	33845	33846	33847
2505	12178	12646
1065	11979	17927	57918	74526
22462	22463
1375	2251	22126	68670
475	12726	14162
659	854	1756
7258	57192	57193	57194
23689	23690
1305	10545	13151	24387	32931	55361	65303	73124	73125
20543	25147	25874
7724	11052	22039	22689	30532	30533	30534
940	1947	5719
4866	20027	20028	47397
467	2059
5587	52886
24231	24232	24233
18245	34440
51518	51520
2267	38992	44760
1089	14162
15831	16634	78885	78886	78887
2263	9553	9554
139	140	141
3086	3087	3088
514	2599	5198	47096
11546	11547
36891	39224	39225
22143	51810	51811
2261	2272	4330
3858	15792	21164
1138	66786	66787	66868	66869	66870
18778	18779
8381	14678	38416	43543	43544
483	8781	17678	17940	17941
21015	44412	56619	68340	68994
1116	5500	41970	41971
196	34051
68030	68032	68034	68036	76871
3545	6779
14551	66260
6997	7107	80477
72440	72441
9301	79664
19490	19493	24168	24169
43903	43904	43905
1997	1998	7420
712	2647	37652
34069	42025	42535	42536	42537
1279	1280	25780	56513
15096	39282	42744	52585	55496	70014
4507	12852	45993
961	13405	54748
12715	12716
6831	14365	14366	14367
706	826	41547
41377	41378
6261	6262	6263	6264	6265	6266
41614	41831	41832	41833	41834
3369	3370	17292	42550	56285	59579	64054	64129	64130	64131
22310	22311
47854	47855	47856
16436	29074	31132	35687	35688
21258	26953
59414	59415	59416	59417	59418	59419
31693	31694
18200	58744
1763	12608
9901	55392
16103	16104	16105
2952	3845
9375	9377
5206	6747	8641	34023
1985	22134	22138	22139	60076	60077	60078
13383	13736	45416
2470	20362
3630	59301
11367	13293	44204
14743	35049	52779	52780	52781
17330	17331	17761	54515	60035	65512	65513	65514
7837	22544
3370	8155	12890	19664	27357	30522	32316
2421	20706	55768
1480	2378	7268	10808	16023	19530	22656	65808
2832	2954	9522
10179	10180	28674	50186
8463	13515	13897	18952	25842	27152
13635	35395
1765	17288	22883	48470	57558
500	25666	54028
256	419	1985	3440	3441	3442	4791	37547	37548	37549	37550
12920	12921
13641	38810
5386	38744	38745
7344	10285	11855	11856	18741	37783	37784	37785	37786	37787	37788
8019	12261	20962	36001
211	212	419	4429	4430
1076	6931	34667
587	14248
1679	36909	52949	52950
2160	31296
4242	24653	24654	24655	24656
12642	12646	14760
4459	8704	24529	25822
7000	44701	44702
2590	7253	7254
62440	62441	62442
378	6931	17389
181	6413
2987	7329
1524	1525	1526
18535	23073
41763	73545	73546	73547
29076	43911
9872	9926
4044	4045	4046	4047
59284	59285
2095	27565
902	10320
2923	14306	42456
77850	77851	77852	77853	77854	77855	77856	77857
52032	52033	52034
7615	10892	10893
686	14677	21732
196	1007	8143	10837	10838	10839	10840	10841	10842
8333	19754	57196
241	3424	4344	18835
3878	15123	26654
56547	56551	64261
35474	48587
18738	24116	41179	48614
3883	4634	6471	19233
3121	13023	33450	60731
20473	20474	20475
20627	56121	56122	56123
28505	45645
12433	18972
14898	14972	37513
3396	40013
4301	14803	33467
14805	14806	14807	14808	14809	14810
17643	40294	47608	77913	77914	77915
39765	41103	52226	61807	61808
1378	2542	19857	26027	59552	59553
12412	41289	41466	48798
1179	2247	2568
826	26193
13428	16634	22727	28367
29752	29753	29754
36329	36330
3530	11450	14754	15096	39268	45871
15655	15889	15896	15897
24309	24310	24311
4919	7249
1008	2832	6287	7030	23697	27922	29777
1144	16554	16555	16556
46292	46293	46294	46295
9744	54503	54504	59659	59660
217	11434	13406	17720
735	27160	29326
2406	10795	10796
17230	17231	17710	62705
56148	56149
34952	34953	34954	34955
4895	31277	31278
58135	58136	58137
26423	37027	38374	38375	43614	54014	54015
6767	26149
3461	16156	59655
8659	8660	8662
1760	79842	79843
790	1162	7637
4902	36116	41589
17001	39372	56250
3255	14856	41453
3587	8304	8305	8306
15642	15643
3073	9733	20570	79910	79911
7818	7819
3507	21086	30662	66539
5386	36839
5924	8894	10744	19783	19784	19785
19498	38786	48210	48211	48212
68697	68698	68699
22875	22876	22877	22878
12072	26889	26890	26891
26473	26474	26475	26476	26477
2503	35512	35513
23682	50791
1091	4233	4234
931	6796	6797	6799	16527
15744	15745
2374	18171	65001	65002
3246	3247	18612	35683
183	3844	22789
2943	4459	6577	7900	47592
10994	32099	32100
12559	57384
1653	4381	26339	26340	26341	26342
4072	6803	25946	25947
12341	74097
1139	1563	23401	23402
2687	2698	2717	12891	12892
64578	64579	64580	64581
49901	49902	49903	49904	49905
145	3991	20632	20633
50462	50463
35194	53456	57942
3445	3446	3901	6847
14684	14685	14686
15123	26599
21615	21616
1156	2382	4723	4724	4725	4726
2378	10808	19530	65042
1005	7933	23613
3107	10061	10276
17539	56629	56630
2378	10808	12492	16837	16838	16839	16840
74280	74281
29968	31866	31867	31868	31869	31870
1200	1351	2127	17469
241	2406	3424
15503	15504
3622	48157	48158	48159
66751	66752	66753	66754
61585	62757	76767	76768
48843	55713
5755	48950	65113
7978	12652	13943	21341	21342	21343
9619	10887	36185
18519	22781
4399	13466	28553
48842	48843
62934	62935	62936	62937	62938	62939	62940
36462	43580
15618	21065	21066	21067
6937	49030
7099	17111	23142	23143
7717	11760	11761	15365
11737	14058	22531	74587
12475	23955	23956	23957	23958
67632	67633	67634
68656	68657
60554	65094	67280
29787	75381	75382
3742	5689	22948	26389	26393	32588
241	32931	34795	70568
70312	70313	70314
55946	55947
27696	67986	67987
6803	9550	18066	18067	18068
1153	23431	36431
76519	76520	76521
8210	11736	14412	17295
34986	34987
1098	3395	52196
3609	5586	14532	55881
6209	25788
43203	48176
7114	22529	35667	63175	63176
15506	37747	72438
32	14620	36176	56987
1065	3675	3676
2209	12638	16531	48584
14115	17340	38800	49425	49426
5731	12707	28968
377	17389	31763	31764	31765
10287	11589	27817
51571	51572
8659	8660
15893	70100	70101	70102	74820
782	1752	2214	2568	7011	9025
3568	25068	47736
17453	17454	17455	17456
11979	15572	31501	35044	35045	35046
179	666	13703
32620	32621	32622	32623
73716	74006
2272	4210	24009
21177	79302
7901	20023	66471	66472
23537	31614
16033	16281
19969	69748	69749
67767	67768	67769	67770
19552	19553	39475	39476
6103	26051
5800	7756	7757
19796	29959	31888
2075	7903	31103
13366	21979	21980
3741	6939	19909	46432
3959	3960	3961	3962
24053	24055	66154	78706	78707
7100	12178	19511	24959
34632	34633
1844	35915	54138
1647	2670	2671
8300	8301	8302	8303
10134	18161	22443
1288	3882	6354
5091	21190	41619	54388
3356	30688
20475	23443	23444	23445
7385	14863	14864	14865	14866	14867	14868
5991	27903	35378
9191	9192
4739	6040	6041	6042
886	71871	71872
240	241	1305	17432
28108	52812
1196	7384	16259	26405	27061
452	453	5774
3609	16071	56118	74043	74044	74045	74046	74047
76300	76301	76302
12334	25197	26224	50688	50689	50690
3254	35995	68527
1530	46506	53797
965	48062
22276	27985	27987	34879	42743
28269	43394
14446	71775	71776
10070	10409	34461	38404
5930	7226	7495	7496	7497	8821	25916	38520	48395
4548	4549	39825
1793	2927	2928
46703	46704
4515	71248	71924
2573	6241	6242	6243
499	14042	73282
38274	38276	38277
4271	12124	12125	12126	12127
2680	2682	39038	44732
25597	25598	63650	63651
10954	12682	32270	63221
224	256	1007
66147	66148	66149	66150	66151	66152
246	247	4155	4156	58502
48671	48672	48673
13553	17650	17880	21263	21264	21265
1634	10040	10041	20213	26794
7683	63344	63345
11258	14412	22700
27377	44441	45572
5035	5036	5037
26366	26367
64380	64381
14909	42775	63944
10936	18417	21460	30113
38180	38181	38182	38183
282	12954
2615	2616	7793	8633	45729	45730
826	1402	1513	1547	1860	2154
20912	78205	78206	78207
1275	7091
3610	6576	42203
38538	53978	53979	53980	53981
9638	80506
5692	5693
25560	43365	76603
2244	28269	28581	39609
68190	68191	68192	68193	68194	68195
4581	31232
7077	63665
15210	36932	42191
3893	23367
20659	20660	20661	20662	20663	20664
7624	7625	7626
38963	38964	38965	38966	38967	38968
13736	14344	14345	14346
10782	12295	16699	36237
22323	22324	22325	22326	22327	22328
78451	78452
2850	14593	15742	68804
363	7045	10278	13295
6819	72583	80163
1084	17956	42540
44736	44737
7264	55832	60678
1039	3893	16693	25518
59466	59467
62668	62669	62670	62671
4487	15482
348	4308	12905	18760	18774
15388	15389	31051	60703	60704	61004	61500	74199
240	2018	3294
1324	55868	64001	64002
1453	3882	6994	7479	11687
52862	52863
6571	37076	37077	37078	37079	37080
16305	51840
1507	2505	3792	8713	34368
2974	15079	15080	39726
4915	8881	13369
494	1694
20795	27993	42330
54355	54356
38998	38999
145	3991	58038
76604	76605	76606
36560	63183	63184
9515	18543	18544
2590	5193	9640
30049	30051	41921
3114	17825
907	53579
8960	17739	23345	30474
6577	44190
4450	56846	73866	78913	78914
8481	8482	8483
417	49907	49908
11678	55246	55247
31060	60753	60754
49943	49944	49945
2255	20137	20138	20139
880	881
5333	5334	38009	38010
6939	8584	16377	16891	16892	16893	16894	16895	62383	68297	68298	68299
706	20989	21253
4012	4106	18364	18365
68209	68210	68211	68212	68213	68214
10951	46169
14796	14797
58704	58705
578	17380
3080	32585
35234	35235
16135	60918
4765	35109	44180
702	2767	34263
3844	10798
31578	33091	73856	73857
6360	6361	6362	6363	6364	6366	9736	62648
6434	43842	46832
24281	25816
14090	36036
63334	63335
5111	45741	45742	45743
29910	29911
76212	76213
13897	13898	14204
2744	18436	31892	31893	31894
12249	12250	12251
2307	17006	21227	22725	41112	41113
7355	35411
3366	73255	73256
2770	4487	42637
11341	14121
4987	6613	10497
1846	4219	5447	6236
8718	8719	8720	8721
223	7012	42952	64729
9054	9055	9056	9057	9058
12587	34245	73387	73388	73389
9259	29853	29854	29855
12216	70560	76252
3788	37278	76362	76363	76364	76365
15528	70292	70293
2056	42377	42378
38280	47539
4092	11309
7300	26206	67516	67517
1252	8623	10159	60757	74688
16952	44012
6055	36328
6239	6240
17386	17387
11293	44509
514	5148	37109	37202
4550	4608	4609	9185
3546	11349
20009	43741	43742	43743
14642	31955	64582
90	2699	17900
2302	49357
1192	8894	8896
14063	16107	40230
41062	80164
1477	9257
10807	13131	13132
7370	63965	63966
2623	41855
10089	33356	42404
9358	9359	79284	79285	79286
5499	11132	11133	11134	11135	11136
28573	58238	58249
5038	5039	5040
8783	17136
312	314
12	17087	29650	35101	67279	78589
4688	5755	48950
32499	32500
563	46102
602	12223
8691	8692
12977	30357	30358
24318	24321	31900
9142	11621	12562
1267	1269	6770	36200
3568	27224
25365	55133	55134
3247	17710	63757	67413	67414	67415
11677	13609	35892	55826	60468
352	10060	34752	49743
2218	8947	17349
2623	6493	11902
3785	6193
136	138	13520	36176	36177
7698	40373
444	12096	55081
26530	48317	48318
6939	53324	53325
9189	32842
232	233	2219	2220	2221
44143	44144
7565	14847	59340	64856	64857	64858	64859
11923	11924
1484	14059	15828	15865	15866	15867
1192	9631
11183	80010
40197	40198	40199
3788	3790	10005	44439
348	4308	12904	12905
38624	38625
59224	63608	64513	64514
11172	11173	11174
259	22570	30688
602	603	29469	29470	29471	29472	29473
58598	58599
269	270
1844	18058	25842
315	316	317
621	79750	79751	79752
58199	58200	58201	58202	59097
11803	11804	38591	60373
7648	12666
352	46472	53294	68037	68038	68039
7837	14860	28214	40620	43458
49537	74531	74532	74533	74534
68018	68021	71035
586	11258	13882	13883
6954	8594
2080	5900	33304
2187	4713
1280	29100	56513	56514
42992	51223	68517
966	2040	2043
8231	55259
36992	36993	36997	37636
9301	30271	55880
16638	19690
30768	38187	68978	78855
2179	41214
15348	16859	63030	76250
72636	72639	72640	72769
63768	63769	63770	63771
19212	19213	19214
18	61251
1331	2272	13212	14284	45725
36694	36708
23	65773	73151
2815	4364	4365
13703	15407	15928	32419	56649
11670	17271	17531	37479
5207	5988	24652
17006	21297	22725	24170
3725	55614	65940
37798	40872
65328	67687	67688	67689	67690
3376	6462	34732
13871	15358	64123	67240
11777	20409	30385	30386
2911	5141	22902	22903	22904
11613	39113
36040	70215	70216
12444	13013	13193	13194	13195
1281	2291
2331	3366	5430	55587	63636	63637
7925	7926	7927	7928
4471	4472
6050	6051	6052
39039	39040	39041	39042	39043
1116	19702	21149
9778	15849	15851	61304	68845
11372	15504	20393	54518	68296
533	7715	21301
14898	16714	16715
9876	9877	9878
28838	62691	62692	62693	62694
1994	21075	21588
20222	46301
3771	3772	3773
16050	17290	40161
6	8	10	57337	57338
14862	37146	37148	71280	71281
218	35566
6576	10126	12325	21394	23736	23737
27757	27758	27759
12173	12174
22080	57197	57198
13970	20227	20228
31419	68069
1813	20122	23044	24535	27225
2497	29011	42016	47897
1739	62175	62176	62177	62178
26111	26115	69482	76971	76972
1060	3773
166	57308	57309
6150	15080
59139	59141	59196
1723	2924	8327
424	3515
198	854	11621	28718	31589
5992	30871	41524	41525
8202	8203	8204
11444	74844
1598	1600	1601	10577
5245	16380	40544
11476	23801
150	36702	43385
9441	14881	22098	59820	70796
1280	1281	1733	8623	21343	25652	29100	31659	31660
347	348	349
1139	18689
2258	2259	49870	49871
38563	38564	45016	45017
8641	55857
14878	14881	19415	19416	19417
18616	18617
15342	24625	24626	34503	34504
11755	78667	78668	78669
12868	15902	57934	57935	64199
94	14705	65167
12258	12259
47	49	1430	1431
1240	5008	16642	18966
9191	18463	19631
29138	34106	34107	34108	34109	34110	34111	34112	34113	34114	34115
2505	4005	24978	46408
8195	12896	12897
580	1716	2983	15237
16952	51672
17396	17397	17398
3881	30558	33366
11288	11289	63885	63886	63887
15741	52653
7000	51809
278	1331	4687	4688	5609	5755
177	16573
13428	17286	68661	74952
22122	34464	44354
68618	68619	68620
2535	3631	5652	19577	19578	19579	19580	19581	19582
225	4989	4990
2421	34461	34462	58847	60956
2277	11367	14889	64916
35095	62288	66422	66423	66910	66911
19595	53383
6835	71443	71444	71445
579	940	5372
1137	1138	24733
3625	15658
3893	25516
15988	30372	74465
65119	73806	73807
6939	22966	60013	62706	69228	69229
10592	10593	10594	10595
17830	24390	24391
5178	6321	41962	41963
579	26174	31711
6481	21692
15990	76387
7561	58920	58921	58922
4710	4711
32481	35134
2184	14860	19251	22614	29799	56532
46718	46719
452	2586	8249	40288
19766	22137	23194	47215	47216
2232	19720	32024
2363	4328	11798
19826	30356
13393	16776	58382	58383
47817	47818	47819
2378	4113	4114	7648	57662
17765	17766
14595	14596	69120	69121	69122	69123
977	41078	41079
10089	42404	50661	65064	65065	65066	65067
16056	26497	26498	80194	80195
279	3872
4866	11980	11981
6098	45562	45563
2267	13430	13431
10704	25063
2255	17596	21683
67141	73996	73997	73998	73999
358	5477	10214	36493	36494
5934	58157	58158
16447	16448	16449	16450	16451	16452	16453
13227	13228	38059	74183
6268	16380	68052	68053	68054	68055	68056
11300	11301	11302
834	10062	10063
30495	48402
410	411	412	413	414	415
6703	29545
556	3707	6754
17678	17941
1486	1487	7698	36832
1804	10184	21664	56225	56226	56227	56228
9778	15210	61303	72348
7776	56866	56867	56868
3782	3783
9844	22704	41088	80502
3121	15902	16176	49736
2943	4210	13320	34654	34655	55935	68852
6001	10089	17768	20497
35223	35224	35225	35226
2095	21404	27565
314	18916	18917
5253	17500	31672	31673
1677	38210
36613	36614
31046	31966
16367	40019
314	1324	39709	50085
14705	67224
36958	76352	76353
12412	58347
17229	17231	69200
6243	13055	39103	39104
20356	21967	51784
966	14032	36211	67622
1581	42884
5244	9515	73615	73616
47150	47151
712	2647	17630
585	6400	14804
107	854	2699
45986	45987	45988	45989	45990
13070	15995	15996	15997
2942	40661	64974	64975
18602	18603
16403	41086	57112	57113
4385	49860	49861
11363	11367
14387	48585	74268	74269
1863	5791	8184	8197	9992
18535	37604
11595	12399	13609	67088
3541	13793	75149	75150	75151
4229	5648
42894	42895
2272	12994	30271
2243	15212	29838
177	18647
3113	37565	37966
22972	50212	50213
9076	51029	54309	54310	54311
7901	28272	28273
517	518	3836	5148	8584	8585	8586	8587
69621	69622
1372	3982	30627
12903	20745
9205	16438
10113	49176
42635	42636	42637	42638
5596	12541
18074	31541	31542	64055
67818	67819	67820
7648	12666	12667
8120	32983	32984	32985	32986
8960	29750
61487	70068	70069	70070	70071
3439	50705	50706
2694	2698	38978
15498	73739
8112	8116	35147
13656	18277	19470	45666	45667	45668
5809	43775	79703	79704	79705
15614	19730	35950
1205	1206	1207	1208	1209	1210
7293	41616	56819	56820	56821
12223	12224
61810	63442	63443
8953	8955	12540	33978	49390
24554	60213	60214	60215	60216	60217	60218
10704	19721
2393	45556	67419
2670	2671
1326	43395	50041
241	5731	12706	13268	13396	77546	77547
14419	28301
14991	15022	15502	15503	15504
1563	23601	43581
624	20936	47223
13602	14115	51215	76272	76273
32754	36665	36666	36667	36668	36669
3616	3618
21459	25842	33118	58256
9109	21281	21282	21283
79364	79365
1722	1723	1724	1725
31353	31354
8119	44723	45468	45469
1023	4010	4011	4012	4013	4014
25147	31498
260	1734	1736	2406	3242	11847	22848	51972	51973	51974
2218	15886	35419
4875	4877	8549
7791	14222	28035
2744	6259	8177	22778
3369	9406	72561	72562
2116	5205	9923	18155
48945	56715
5899	6823	7170	10785	18561	18690
25253	25255	39634
9414	15928	16623	47059	47060
62523	62524	62525	62526
35916	35917
5534	39172
1153	62247
462	3453	4532	19556
6891	11980	23441	65591	65592	65593
1349	2934	12213	24218	53584
7431	8283	40606	53026	53027
8880	20984	21019	21020	21021
1013	1014
19512	49593
2900	13136	13137
223	6747	7012	20132	20134	35845
11754	11755
77497	77498	77499	77500	77501
11619	15056	16859	69114	69115
7331	8781	20775
18443	33082	64668	69786	70190
2073	2074	57138	57139	57140	57141	57142
6440	19708	26261	26262
3521	3522	3523
60152	78915	78916	78917	78918	78919
37541	37543	50421
69618	69619	69620
39531	39532	39533	39534	39535	39536
1403	1413
1114	37945	37946
177	28163	42981
35084	35085	37223	37224	37225
23022	24412	46939
17049	19207	59556	59557
574	4765	22242
314	56084
55503	55504	55505
19284	27954	27955
7112	7113	7114
4210	32141
1848	3251	3252	3253
4308	19368
7763	17708
94	35194	55879	67508
2692	2693
7568	7570	59634	59635
234	69195	69196	69197	69198	69199
73172	73173	73174	73175
25031	43490	43491
106	2209	15841	45581	45582
3848	8043	18339	39723
7258	7970	17781	18118
51541	51542
37003	46212
2944	2945	38065
1007	2094
990	991	992
44637	44638
1305	5054	19501
4686	7871	31939	31941
3854	3855	32885
6496	15244	15245
19629	61813	61814	61815	61816	61817
12524	27750
2201	3376	3883	4226	4917	7833	10098	10815	18765	19786	20877	28381	34928	34929
16380	61315	77571
7257	9909	53650
515	2258	2259	15597	36629
2990	2991
33854	33855	33856	33857
3874	3875	3876
42133	75824	75825
14595	22841
16678	30425	58720
5204	15443	48841
6056	6057
12158	15062	29122	63548
24218	44081
625	6823	21235
21130	32629
3513	9289
18278	18279
1326	53778
23233	35592	38814
135	3614	16777	64178	78642	78643
12164	24989	24990
14286	15281	58622
9178	9179	9180	9181
3537	9787
10654	37782	40474
42318	42319
3529	6791	15625
5554	26394	26395
1354	1355	1862	20394	20646	51090
1204	31543	52245
20992	45229
13013	15150	17962	41712
10675	43842
4210	11676	61841
3376	10545	20800	27991	53330
18535	24307	41983
15340	68878	68879
1065	1939	2332	41710	41711
19638	19639
17409	17410	17411	17412	17413
49416	49417	49418	49419	49420
21233	47419	49526
3844	23755	46255
135	3396	11932	43716
2202	7975	7976	7977	7978
6380	11830
16398	71655	73837	73838	73839	73840	73841	73842
515	31972	32745
63150	63151	63152	63153
46923	46924
41938	50998
1753	17511
58587	58588	67781
516	4765	10953	22242
21048	21049	51377
8540	12295	23354
43551	43552	43553
179	16877	30257
3085	19037	20187
58393	62188	62189	62190	62191
3180	55961
17134	17471	17474	29620
138	16604
1090	7553	16802
1305	5735	7970	33790
32166	45739	74812	74813	74814
18	54861
26728	26729	26730	26731
24681	36992	36993
4140	7659	23516
11293	15769
909	910	5478
25844	50012	75662	75663
2566	18380	19337	19538	38100
31	32
66504	66505	66506
2531	24262
11827	22096	22097
10411	11258	33311
20236	20237	20238
4150	37185
644	69046
2199	11586	11587
14855	16352	16353
42357	42358
31097	52175
2108	2109
67683	67684	67685	67686
4416	44171
17349	18142	18143
6066	27929	56164	68646
4300	38760
65951	65952	69786	69787	69788	69789
47284	47285	47286	47287	47288
1955	7518	7722	31547
8193	51314
1280	4226	9292	9293
314	21997	27400
2421	2904	9765	31340
13887	73433	73434
3527	6745	52077	52078	52079
3511	3512
7350	14743	25569	50412
81	4866	19045	31127	31128
27801	54552	54553
30929	45372	45373	45374
3609	14058	42394	49472
3877	3878
10409	22292	73510
19552	39475
43839	46671	63841
246	247	1734	57793
502	504	14136	19580	27910	27911	27912
33212	38859	53771
735	22713
24254	26260
3858	15792	23173
30960	30961	30962	30963
27984	27985	27986	27987	27988	27989	27990
515	516	517	518	3836	5148	8586	8587
1281	1459	12169
183	3135	3136
4071	61702	61703
20747	29436
32878	71193	71194	71195
11457	38662	50990	50991
6440	14616	14617	14618	14619	14620
8630	80243
1326	48844
22027	39593	42656
1921	3091	9248
4735	7450	7452	7455
75	241	23722	34595
1788	18170	54291	54292
34069	42192
16228	41274	41275
2842	13007	38066	38067	38068
18884	18885	67827
33	14955	14956	14957	14958
514	5148	7859	33889	38212	40661	65256	67174
5872	25130	25131	73291	73292	73293
16171	50598	75904	75905	75906
5596	26605
27326	30381	41786
419	494	1052
12431	32494
6991	8073	18933
44179	73217
4683	4686
3675	18813	24821
1372	3982	11103	30627	36716	58884
28494	60838	60839	60840	60841
2839	5058	20986
15241	62306	62325	62326	62327
1131	3849	26993	26994	34230
5689	5691	18738	22948	23181	63459	63460
20855	20859	60318	60319	60320	60321	60322	60323
23489	55971	55972
567	568
7921	14952	16061	16619	25755
1160	4149	8464
23253	25840
5464	14749	71731	71732
36141	36142	36143
25935	49128	49826
3376	20023	31707
18251	30955
14815	14817	14818
25861	63006
71187	77026
14245	14246	14247
1252	18528	18529	18530
6075	17533	20690	23475
22704	41235	44915
15528	15529
9283	9284
13140	13141	18181
8483	18892	39933	39934
20267	33073
21415	26034	48483
12994	16542	52271
12616	68166
7775	15990	26856
8791	12654	12655	55065
38588	43902
6040	22220
790	4688	9186	12703	65355
2850	11796	17049	56167	66102	67109
5201	13613	18476
2075	2866	53440
1324	5857
21475	21476	21477	21478
12097	13322
44	10886	10887	10888
10617	58895	58896	58897	58898
5386	35625
20304	20305	20308	20310	42748	48041
948	11248	11249
5524	9864	24390	43232	43233	43234	43235
17321	37858	37859
9946	15130	15131	15132	15133	15134
6557	69508
2717	13503
22425	46798	46799	46800	46801
1282	1283	1284	1285	1286	1287
518	8587
13370	33212	38856
2952	28623
47385	47386
14341	14343	18892	18893
5327	16094	50794	50795
12616	57194
44773	51293	51294
5372	26358
4345	4346	4347
4	33575	33576
31419	60780
1064	15502	31591	45060
2323	22030	34846
1281	2160	2488	6563
2371	28027	28028
21265	70966	70968	71057
8251	8252
35360	35361	35362	35363
15083	15773	16110	23881
27691	33000
10808	30737	64275	64276
464	24043
37073	41087
1091	4958
135	278	1191	2941	3614
9911	9912	9913	9914
183	19810	76912
44401	44402	44403	44404
175	179	15054
977	49118	49119	49120
5453	5454	5455	5456	5457	5458	5459
41436	41437	41438
1540	37213	37214	37215	37216
4382	10016	19865
24233	37204
2850	32922	32923	46731
23013	25292	29674	29675	29676	29677	29678
4994	4995	4996
7052	36856
6576	12324	22969
7805	25230	25284
2320	19308
14222	15422	17076	56259	78265
72995	72996
4381	20193	56647
1338	12319	17988	22819
2682	13711	23553
20916	48710
11555	32914
21755	21756	21757
556	3111	28259	28260
40259	40260
3014	38563	38564
22029	24062	65895
94	5149	35155	38678
1346	1349	15963	15964	24639
1487	16050	37885
12294	20627	56121	68885
24476	34466
16172	22370	24324	56038	71779	71780	71781
1799	38140
19909	42866	42867
6077	6078	17847	33927	33929
70820	70821	70822
2184	10951	40494
9270	11482	26379	31204	39624	68971
15273	29196
1565	35700	40787	54262	54263
1874	36776
183	2421	19960
47649	47650	47651
59482	59483
6110	38381
24520	24521
6918	6920	7838	7840
5167	30770	45848	45849
64615	64616	64617	64618
33876	33877
21950	54761
15477	16521	16523	26019	33346	61882
21766	79836
6939	37485	37486
2377	28590
47645	47646
35328	67029	67030
22134	69288	70104	76802	76803
3118	46918
4581	18054
5996	21986	23869	57068
1432	1433	1434	1435	1436
914	1607	2969	6819	33734
13444	16059	27696	32453
4665	4666	4667	24109
14412	15018	15020	21683	25602
7290	41854
4509	6951	6952
2952	3845	21362	24508	53676
15763	16446	26999	27000	37199
5325	5329	13693	21507	29356
48345	69687	69688
18955	32019
2623	62062
1884	1885
14676	14677	14678
4092	11310	18537
114	118	55644
16574	73214	73215	73216
55431	55432
32805	57828	59565	65538
21038	59382	59383	59384	59385	59386	59387
16523	43731
735	41018	52252
2842	36076	38129
20504	20505
2028	3344	13514	35602	36222
3663	33281	47846	47847
13187	51248	61062
15173	15333	16422	22370
27551	54630
2376	14874	21326
494	1694	40209
4092	9120	10253	13600
16754	37505
3980	23391	42246	42247
12890	24172	24173	24174
36026	36027	42045
19008	61923	64668	65192	65193	69074
3196	13600	20479
17338	78103	78104	78105	78106	78107
968	13212	68093	78992
19890	41033	45420	45421
29575	52784	54067
586	16863
22716	44033	44034
3858	23173	26530	51521
12601	38218
159	169	1326
3586	6226
15039	47296
15106	15108	15958	47312	47313
2496	14557	15830	16346
20304	21400	21401
1985	3358	3459
165	3397	3858	22173	23202	61369	61370	67968
48932	48933	48934
3580	23510	63608
32361	61873	70504	71116
1192	44448
3645	25221	25222
5146	15796	47377	56983	72416	72477
13392	22712	32899
19778	53361	53362
19931	21637	21890	75506
26923	26924
48896	61038	61039	75186
17956	19497
17432	17433	22017	58349	58350	58351
8040	8041	8042
501	28839
24991	24992
1191	7535	11932	15624	15625
10432	28581	39609	44235
5800	14976	14977	16777
3593	24108
278	3417
8712	8713	25333	37697
26034	60759	60760	60761	60762
2390	2393	30149	30150	30151
1507	15764	44896	55450
1985	3820	3821
1848	3253	8717
123	3526
16851	54801
57525	57526	57527
14908	15681	15682	15683	62204
14348	54442
2819	58483
948	27200
46039	46040	46041
156	431	432
12225	12226	12227
196	19378	22158	22159	22160
973	974	975
101	29005	29006
5854	7763
36971	36972	36973
15259	15719	25109	51063
2941	6703	8271
40998	50045	50046	50047	50048
1129	67904	67905
10803	56033	56034
6298	12243	48137	48139	70520	70521
614	2992	2993	2994	2995	2996	2997	2998
2973	2974
8210	32470	42877
3982	7531	13875	22500	57221
29573	40094
3299	9172	9173	9174	9175
1486	5353	25645	25646
1065	1293	26674
22122	58756
1634	2305	6256	49414	49415
7871	45929	45930
14546	14547	26640	42979
5088	5089	47001	47002	47003	47004
273	9929	23481	23482	23483	23484
1690	4301	42396
70410	70411	70412	70413	70414
3838	3839
4947	4948	27731	37175
18390	50814
17190	18506
33432	33433	33434	33435
3420	3421	8132	8133
74856	74857	74858	74859	74860	74861	74862	74863	74864	74865	74866
32313	32314
23641	23642
35139	58821	61924
837	1331	2441	3527
1375	3652	27671	73552	73553	73554
273	5593	28260	39159
7969	19284
7385	14864	63925
2964	27282	53146	63696	73393
59282	59283
36927	36928	36929
62708	62709	62710	62711
854	2025
16950	67244	67245	67246	67247
6440	19498	41891
13984	44700
9652	9653	9654	9655
358	5440
20174	23414	75329
62757	67055
22080	57197	74373
12833	35043	37594	63613
2276	39337
6276	52713
475	77096
10429	21169	21170
2209	17927	56741	57919	68749	68750	68751	68752
5024	9019	10451	10452	10453
11434	52848	70626	70627
11682	51631
13487	13488	13489
3982	13875	77934	77935	77936	77937	77938
26255	26256
4409	35925
3176	23329	23330	23331
5243	5244	25456	42407
2116	7026	11544	44190
1292	8193	11705	28583
14749	14832	16800	26965
3699	3700	3701	3702	3703	3704	3705
110	19351	19352	19353
8464	30833	66651	75901
37346	42090	46239	46240	46241
7167	7275	35115
10070	10409	13793	20312	20313
26986	26987
7330	8209
11290	22700	73461
16813	30014	32440
533	13898	15410
3940	10540	40824
9330	39009	39010
3006	6556
1563	9430	9431
13697	35063
8216	8217	8218
1161	13435
5846	7169	7170	7171
5464	10428	43312
55858	55859	55860	55861	55862	55863
56499	56500	56501	56502
45294	45295
3133	14062	37782
14347	17106
27268	68435	68436	68437
9301	12449	16191
5012	5014	80212
311	2439	2440	2441
4454	17657	33097	34387	34388	34389
3631	19577	19582	53049
22328	54880	54881
14	3788
5172	13496	61771
5731	12705	12706	12707
8905	8906
17074	19685	53396
3741	5691	5947	5948	5949	5950
18395	25342
75386	75387	75388
16902	16903	62401	71070
33352	33353
13882	14437	14438
1862	4917	9943	20646
31941	39467
5167	27475
15118	55149
1453	3882	6994	7479	7887	7888
46988	46989
7370	59278
230	1507	3366	3788	31596
8764	21509
19870	52362	52363
7775	15990	26175
8783	13283	17136	21563	35501
1065	23222	41710	47792
51724	62243	62244	62245	62246
183	3091	14764	18065
12768	12769
29719	58493	58494	58495	58496
21929	55803	55804
15392	17899	21651	21652	21653	21654
50023	78796	80328	80329
1177	1305	2964	3446
21167	28581	36999	37000
34648	34649
1437	10954
948	16980	74420	74421
11705	13429	21801
5726	35208	35209	35210
299	13530	15443
25828	25829
12538	17472	33976	33977	33978
6490	13956	60677	60678
15475	15540
277	278	9472	10089
16678	41766
3231	5664
30252	30253
29631	58212	58213	58214	58215	58216	58217	58218
580	21779
4386	79317
56592	56593	56594
5168	12156
35003	35983	53956	53957	53958
4724	7077	15261
1826	1828	39404	77634
25906	65847	69739	69740	69741	69742
11366	11367	22924	55068
14616	14617	14619	14620
13616	60189	60641
2213	4122	10113
1192	13708	18870	18871
8273	63921	63922	63923
35600	49592	52745
75650	75651	75652	75653
6040	6956	80619
1004	5330	5331
1115	1116	1118
15039	25892	70655	70720
1315	7077	37126
13427	13428	13429	14387	14935	15333	16634	24628	43476	43477	43478
6356	8371	8372	8373	8374	8375
11370	11371
10134	11098
5325	16971	16972	65929	65930	65931
467	3969
260	3580	9843	34376
6298	20884
26047	47454
1039	4857	17415	24522	36164
10142	23440	61312
7592	7593	15674
5524	9080	53697
17233	34599	54929	54930
43158	62981	62982	62983
486	487	8542	8543	8544	8545
4246	23729
108	1403
49790	49791	49792
2667	2668
11997	11998	11999	12000	12001	12002
3335	65725	67171	67173	77380	77381	77382
69424	69425	69426
4345	4346	54720
35570	41382	41383
1977	2228	9660
13545	14049	55606	59879	59880
997	1000	24219	24639
2883	2884	2885	2886
7331	19928	19929
17049	48454
5595	5596
43120	43121
12737	54738
2754	8396	61050
6146	17741	18361	31809
42923	68784
2331	41258
1638	1991	22028
35337	52002
656	19356	22692	22693
22175	22176	22177
25935	37890	49129	49130	49131
1303	2374
3687	39133
515	56838
13104	22364
15782	57382
14496	72294
23409	23410
348	80266
6870	6871
2028	36159	73952	73953
9189	9190
20532	33518	72088
66	7049	20727	20728	20729
14551	18805	19207	19208	19209	19210	19211
3654	3655	3829
14794	29644	30166
18747	20896	20911
50271	78732
8890	23207	33686
21619	21620	21621	21622
94	7535
34077	34078	34079	34080	34081
29345	45618	45619	45620
1862	8199	12808	12809
4115	30104	30105
75576	75577	75578
13285	42095	47346
200	201
4136	4137	4138
3593	33075
64447	64448	64449
1232	11791	11792	11793	11794	11795
4154	33502	33503	33504	33505
1372	2270	3982	7531	13875
23709	23710	23711	23712	23713
7557	20481
10342	14104
533	13392
5868	18792	40831
14512	46741	46742
10474	11024	17483
763	34369
4330	12412	17629	31882
20765	20766
23851	52751	52752	52753
1039	17415	59847
8210	14385	42278
55614	67168
363	364	365
10253	21048
6492	24447
12982	52198	68128	68129	68130
4517	4533	13997	24554
4307	79352
4261	7561
16156	16934	64080	64081
6298	7160
735	16841
39246	61324	75793	75796	78323
17328	34209
17931	66558	66559	66560	66561	66562	66563	66564	66566	75270	75271
10936	25644
14548	15891	15893	73848
47122	47123
37982	49849	54339
10921	19886	62027
15517	21505	24841
8043	9992	18335	18336	18337	18338	18339	18340	18341	18342	18343	18344	18345
13429	20676	50889	50890
2029	42516	72997
1192	57131
2368	24749	39167	45812
135	4459	19063	26716
4625	7368	8760	21243
5672	10849	25715
2650	2651	2652	2653	2654	2655
1998	41747
31513	57698	57699	57700
321	419	3299	6064
13393	20066	56765	71556
30768	61579	61580
1795	32487	32488
14749	14832	22863	22864
10578	20115	20599	20600
2374	5672
3644	7107	13964	13965
14664	15050	67059	67060
7268	16023	22656	65808
7113	14648	17072	17074	17267	44334	44335	57164	57165	57166	57167	57168
21000	21002	39697	39698	39699	39700	39701	39703
1259	32675	41905
4809	4810	4811
8	10	48856	48857	48858	48859	48860
7921	15590	15591	15592	15593	15594	15595
17397	35965	35966
278	3417	38259	59940	66093	70266	70267
40584	42903	70464
8737	10847	10848
1911	13441	55638
31194	77329	77330
9166	9167
22986	22987
20813	20815	26744
2165	5230	42814	50729
13429	41153
13643	13645	13648	16824	43709
16728	16729	16731	16732	47307
13578	80680
2666	3417	79006	79007	79008	79009
62969	62970
108	706
1065	15679	15680	31322	70041	70045
22122	34464	42943
858	860	863
3940	10540	38947	38948
18086	18087	18088	18089
11688	11689	11690
2229	2230	2231
61343	61344	61345	61346
7573	12938	14964	70307
799	22700
22794	22795
18390	50813	50814
6550	18171	63461	63462	63463
799	4010	8641
10553	26317
4547	13963	51224	51225
1916	3535	28058
230	70245	70246
556	6754	13876
3742	4652	36234	41668
3173	3174	11951	11953
2683	2684
9241	31826	61305	61306
72694	72700	72929	72930
1065	44089	44090
1936	4940	40968
25502	27786
33120	33121
6939	20713	34195	51509
661	7529	23737	40943
37913	37914
3544	3764	4628
2384	2386	12105	12428
5425	6931	11137
6118	19779	19780
2670	2671	18217	28392
11293	18638	46192
17364	17365	17366	17367	17368
3631	10872	10873	10874	10875	10876	10877	10878	10879
8914	17141	18135	65211
17480	17481	17482
790	1766	7637
36155	36157	58101
1331	4688	16859
13539	37029	47006
6930	8819	28123	50737	50738
8615	10100
68846	68847	68848	68849
43987	43988	43989
14084	33949
1101	1102	1103	1104
1565	35857	40743
177	19673	32837	32838	32839
5689	22948	23181	63460	70308	70309	70310
15459	15460	15461
65547	65548	65549
1305	5735	19118	20786
69875	78282	78283
75050	75051	75052
940	941	10712	14944	22403	22404
5308	48371	80274
37254	59558
75877	75878	75879
6008	6009
3788	31958	49653	50884
37279	37280	37281	37282
14218	14220	14222	15561
13104	25243	40869	40870
69067	69068	69069	69070
13435	30058	49096
940	45709
5940	58290	58291
29755	29756
60864	64047
11259	52910
21844	21845	21846	21847
16859	17200	30271	61722
256	2291	6559	6560	6561	6562	6563	6564	6565
23497	23499	23501	24555	24556	24557
27475	36588	44204
2022	7627	7628	42170
16059	69900
19284	59764
4046	6938	39036
32504	36216	38918	38919
2969	8937	21534	28284	28285
4734	4735
11367	42647	42648	42649
13577	13980	13981	13982
26213	64924
2934	14650	16173	22979
1490	34164	34165
3527	4210	4460	11676	58139
966	6436	11623	11624
991	1303	2153	18910
260	6994	18364	23792	34230	34231	34232
1007	50637
4952	6535	7109	7110	7111
3626	41975
45762	45763
14222	15422	17076	56441	72171	73829	73830	73831
4588	10331	14591
6496	15141	16222
4071	13793	32589	64732	64733
2272	13102	15824	15825	15826
15938	45319	45320
22776	22777
175	16111	74537	74538
17931	66558	66559	66560	66561	66562	66563	66564	66565	66566
75	8757	8758	8759	8760	8761	8762
42180	42181	42182
381	22027	44994
21996	21997	21998
29824	29825
7668	8138
29128	29129
259	4545	19272
29524	49721	49722	49723	49724
24543	60746	60747	60748
28464	34075	34076
14790	46070	46071	74229	74230
1053	1054	1485	12149
4952	6535	15555	33615	42926
60825	61979
11732	11733	11734
12226	80618
53523	54445	54446	54447	54448
4563	4564	4565
7200	39325	39326
1513	4998
5329	38634
1643	14467	19773
5102	61178	61179
9096	50255	50256
10864	10865	10866	10867
2095	6918	17667
14888	15839	68260	74692	75005	75006
11682	21952
15604	37425	39620
2358	2359	6267
2363	4422	4423
2830	9759
181	5872	25130	25897	58053	65135	76881
3147	15736	44444	46841	56100
4475	33141	33142	38168
2374	2435	29475	63776	70177
9945	10958	14625	15168	15218	22873	32999
3446	6847	19124	28841
1354	5056	20677
47097	47098	47099
500	13001	16846
11161	11162
2388	39528	42291
3320	20573	48133
2609	6001	11714
66787	66869
1515	3654	4195	27838
9097	48935
11644	46773
8604	8605
24990	70780	70781	70782	70783
7982	12277
27249	27250	27251
3887	14882	14885	14886
1076	14254	43113
10018	35337	36195
4045	4275	5081	6772	6774	9199
41764	50528
8273	63922
62305	62306	62307	62308	62309
6440	63733	67368	71975	71976
8641	25794	25795	25796
931	1736	3242
5652	13657	18670	29426
518	1326
9376	21944	24604	24605
36929	37325	37326
32851	40490	45522	63982	63983
79203	79204	79205
14898	63586
17336	57631	57632
94	14004	14005	14006
45520	45521	45522
1716	5016	5017
40170	48194
3675	16033	36627
3771	4699	14317
14222	17077	17187
9300	9301	9302
42095	42096
1082	35464	35465
20431	20432	20433	20434	20435	20436	20437	20438
60	5409	6077	6078	27933	36507
531	45362	54529	54530
51886	67358	67359	67360
3836	17221	23885	36466
90	8717
13163	34085	54752	54753	54754
9231	17500	46330
17495	17678
7	556	5308	11797	25935	48371
1440	15695	26698
25502	25503
15073	17190	29482	56947	66851	66852
25367	50374
1752	5898	5899	6823	21517	23703
36309	36310	36311
3893	70160
18713	38461	41757
9121	20025	34337
5731	7037	19593
7180	7181
4522	4523	4524	4525
7656	25080
18665	18666	18667
23991	51237	51238	51239
47912	47913	47914	47915	47916	54714	54715
2149	42831	42832	42833	42834
5622	19131	19132	19133	19134
381	9413	22027	33494	36596	36597
1372	11921	59900	59901	59902	59903	59904
4928	26645	37658	37659	37660
17190	44837	45754
9413	22027	44994
7026	9473	13731	63694	69006
16564	22293	29242
31351	75464	75538	75539	75540	75541	75542
31548	31550	34770	34771
3398	61709	64034	64035
3151	50847	50848	50849	50850
12973	15279	56086	56446
9520	20250	20251
5691	19487	19488	19489
10581	24958
14825	34053	34054
3621	20673	43497	43498
3609	5992	29742	29743
817	28654	65198	65199	65200
20073	28446	39092
4226	12128	25436
181	17190	18773	26702
2687	3146	13503	15812	23181
2484	4214	29977
47581	74251
11213	50854
7114	28634
2715	24869
36774	47981	47982
15506	16071	41067
68391	68392	68393	68394
12682	20061
6843	6844	6845	47848	52799
7200	20036	33036	33037	33038
29747	29748	29749
6303	20985	23087	23088
7637	32974
10291	39360	78391	78392	78393	78394
260	559	22189	22190	22191
12449	16191	65518
15388	15389	31051	60703	61004	61500
1795	34757	34758
60	5329	50316
4222	7498
28819	32548
2922	2923	2924	2925	2926
377	17389
33	5331
1281	4060	7378	7380	23219	66478	66479
28085	29430	29431
23631	49437	49438	49439	49440
6746	9339	29349
15010	15335	74825	74826	74827	74828	74829
12064	35189
1060	2416	2417	31843
13759	45548
29404	29405
8155	9205	46383
61864	61865	61866	61867
14026	14027	14028
9301	16191	63135	70298	78301
34974	38247
5054	19501
36805	55439
7276	76740	76741
2685	3844
12950	22472	35177	59752	65652	65653	65654	65655
2147	4072	4079	6803	16261	25454	25945
2063	2064	2065	2066	46278
942	991	1303	2153	2154
3114	4068	44302
4801	4802	4803	4804	4805
74517	74518	74519	74520
23620	23621
11740	11741
52258	60088	60089	60090	60091
1647	14997	36280
4237	4238	4239	4240
78140	78141	78142	78143
2687	6578
278	2664	2665	78168	78169	78170
241	931	29945
3044	41367	70854
45402	50980
12557	12558	12559	12560
92	9471	21410	43034
14793	17289	68594	68596	74290
11900	33655	46352
3546	14543	14663	15146	56397
438	439	440
514	11306	11307
36958	49752
43456	48039	54662
19832	27884
7603	59524	59525	59526	59527	59528	59529	59530
5383	10908	16405	24856	37363	42416	42417
64689	64734	64735	64736	64737
13000	18693
19565	19566	19567	19568	19569
37998	51946
25094	31514	32660	46256
498	499	21486	21487	21488	21489	21490
12994	13051	35892	64406
183	22789	22790
3622	5840
35454	68232
9111	9112	9113	9114
314	21997
5524	12897	28182	28183
845	22841	44220
49285	49286	49287
23013	28835	28840	29976	32386
9646	9648	11423	80370	80371	80372
3171	5778
6238	7602
4856	4857
20653	32146	32147
28414	79637
7502	60257
23	63976
9117	10259
60	4323	22714
3980	9007	9009	20203	24463	24465	24896	24897	24898
47212	62364	62365	62366
1707	10063	18229	18230	37928	49079
2709	10325	15083	23508
15971	42776
54543	61423	61424	61425
13428	14660	17286	68661	68981	74459
2386	4105	55631	55632
1214	7331
1231	1232	1233	14717	14718	14719	15211
11010	69784
53486	53487
13419	36547	36548	36549
29327	29328	29329
12177	15191	24978	39283
46671	60222
61780	70765	74831
968	11954	14317
3901	23210	27760	27761
39508	39509	39510
59034	59035
259	2406	66780
1303	6823	17024	17715	19677
6073	12277	12278	12279
1022	23237
135	14673	45259
4004	11705
2226	14079	14080	14081
1183	18772
41950	41951
4733	8356	23318	23319	23320
1892	2264	2265	4609	13610	63328
58680	58681	58682	58683	58684
3858	14707	16141
57006	57007	57008
8434	12846	12847
16454	75902
3654	4195	4197	27838	27839
35260	35261
4489	32203
18659	18661	19552
40933	40934	40935	40936	40937	40938	40939	40940	40941	40942
23296	38775
1437	2503	24557	41793	41794
39372	39373	47112
2964	3338	13430	13431
23173	61575	61578
800	2161
3963	3964
931	2734	2736	2737	2739	17554	17555
8504	23013	24093	24094	28461	28648	28649	28650
2376	15902
1162	32746
2489	35940
14733	15803	15804
55646	70467
6440	68358	69004	69005
25256	25257	28546	40281
7114	25403	57083	70848
6160	17265
16058	16059	59819
2497	3571	13387	13388	13389	13390
3545	30285	30286	30287
5386	37276	37634
44422	45286	80262	80263
6259	7200	23218	24768	24769	24770
4946	26901	26904	72370	72371
2028	3270	67241
18060	30378
35084	35085	37223
12	4938	10831
9571	49822	49823
1305	3376	5734	19460	32407	32408	32409
2056	20183	20184	58330
7329	8716	8717
2331	2332	54963
12647	43792
11653	12646	32982
75342	75343	75344
4554	36558	39044
471	76890
1196	3799	3800	44665	56803	57842
5521	5522	5523	5524
39823	39824
12945	12946	12947
37945	39198
64172	64173	64174	64175	64176	64177
13392	16138	24992
899	900	19187	50901
21971	59687	59688	59689
13600	19653
644	34835
11288	42480
799	1139	4010
1079	37673
6436	41254	43301	63858	63859	63860
3507	61133	68612
11366	22924	28274
3858	23973	23974	23975
41	42	43
487	20551	65579	65580	65582
9590	32471	32472	32473
4389	7152	10089	12020	14887	14888
8694	39093	39094
19938	19939	19940	19941
71324	71325	71326
19337	21963	55722
8889	10143
24368	44432
198	33285
34949	46084	53996
2904	7693
499	29641
948	4314
13149	16646
4866	11463	21618
179	3369	3370	16877
44818	63667	63668
2205	2209	15840	51544
79123	79124	79125	79126
3515	5155	32223
4510	4511
48902	48903	48904
13102	14318
3356	3358
1084	40852
42486	42487	42488	42489
31789	31790	31791
60220	60221	60222
17628	57060	58922	66948	72051	72052
11434	11435	72178	72179	72180
1515	3654	8139	17440	33391
633	19720
26089	26090	26091	26092	26093	26094
47172	47417
57470	57471	57472	57473	57474
1985	5899	18194
9947	38571
79429	79430
4520	4521	9951	12116	15568	30587	49993	49994
1490	31060	36384	36385	36386	36387
1535	22205	22207	57521	57522
6298	7159	7160	34854
28838	28839	42287	42288	42289	42290
1305	2497	10482	19118	54647
36261	36262
6589	6590
1515	25505
1292	4005	13271	16034
18013	18014	54990
11290	19006
13185	56977
47	14359	18261
224	511
37269	37540
1131	9331	26128	57084
40345	40346
2147	2367	7901	7969	18461	29649
1796	2985	22404	35586
14194	72008	72009	76283	76284	76285
43991	43993	54697	54698
18022	21252	21253	21254
34862	34863
5149	38678	48682	51599
181	21916	21917
17594	64453
2271	18751	37903
181	182	9630
17877	17878	17879	17880	17881	17882	17883	17884
2687	4866	44190
2180	24502
3871	12178
7654	58352	60255
13099	45736	45737	45738
4765	22242	35109	45457
7593	7594	7599
9636	9637	9638
3252	21253	35134
14733	15804
28276	63464
71590	71591
4398	5207
2047	80123
464	20526	24795
32331	35736	35737	35738	35739	35740	35741	35742
66925	66926	66927	66928	66929	66930
13503	14747	14748
3369	3370	14761	61918
6883	26159
4887	5037	37494
6212	8391	8392
19755	21567	73813	73814
44915	44916	54320
1177	7045	13786	13788	33319
25906	39369
9117	21516
9646	9647	9648
3834	9112	13155	35258
2850	16804	31421
1153	3953
9630	71896	71897
21950	53828
6633	10939	10940
21966	21967
1324	55869	66071
17001	21943	25822	74103
183	19810
3571	23407	38214
3894	3895	3896	3897
35454	39889	39890
26483	26484
5996	9296	25497	25499	61529
349	9417	27920
30119	31244
25686	65406
5499	11133	11134	11135	11136
34950	77360	77361
4421	15732	15733
9415	13703	48698	48699
57011	57012	57013
7221	25844
14892	34605
72903	72904	72912	72913	72914	72915	72916
13177	21987
9049	9050	9051	9052
6577	7900	17210
5953	20100	20101
41825	41826	52027	52028
9787	19024	19025	20095	42169
110	1721	6763	36167	74851	74852	74853	74854	74855
58778	58779
1610	2214	3125
13214	42420
7114	22529	28634	35158
1330	6436	37368
49144	49145
1193	15506	16071	17000	19473
3395	49264	49265
9683	18618
20431	20432	20434	20435	20438	22926
40323	59678
5918	5920
6323	19902	45992
10089	12020	14888	72778
1627	2303
37111	42777	42778	42779	42780
67520	67802	67803
38657	38658
77924	77925
39206	39207	39208
13648	17766
1038	1039
13452	47864	78203
500	44694	44695
8058	8059	8060	8061	8062	8063
14881	19417	34730	34731
5431	10008	12640	12845	40317	64106
2503	22470
4553	9509
19806	56152	56153	56154
575	50382
14950	14952	16061	36226
37188	37189	47072	51402	51403
6633	7860
1005	7234	20806	21812	32501	32502
1325	56032
175	2540	15319	15321	18813
9270	14077	51734
17095	17878	17884	39677
2497	10803	34676
10178	10179	10180
5020	5021	5022
9855	16037	49577
56412	56413
17595	56777
33981	60825	61328
11234	18956	18957
35098	48814
5007	41519
7257	17886	17887	17888	17889
13214	42420	44114
1350	77502
17246	17247	17248
12285	31674
61487	70070	70071	78910	78911
17496	17498	32402	47062
16232	16233	52320
39858	39859
1535	4799	22206	22207	34228
1065	1300	15678	19474	19475	19476	19477	19478	19479
1091	19319	58891	58892	58893	58894
11381	23966	23967
376	799	17782	17830	19757	26303	26304	26305
6576	13823	14183	63926
5386	20975	50906
2437	2438
23261	32254	32255	32256
34317	34318	34319	34320
41602	41603
3397	3858	26934
1470	43638
68395	68396
2629	2631	2633	2634	52357
1988	2263	9553	34125	34126
7329	9916	18680
9696	34150	34151
135	19063	50578
5034	6742	18862	67335	67336	67337
10696	19307	23097	25614	25615
464	7284	20524	59888	60104
69078	69079	69080
59187	59188	59189
13842	13843	13844	13845
348	349	6128	6154	6259
21917	47905
1689	4072	39907
9545	68148	69166
12118	24530	24531	24532	24533	24534	24535
13429	16357	16690
64393	64394	64395	64396	64397
6903	6904
5609	38885
2368	7512	39651
1378	2542	3146	4419	65318
1000	9031	12343	42713
181	11628	17527	29688	29689	29690
29123	46173
304	15378	36292
165	2179	16898	17017	23202
6769	54562
4469	9334	12897
1118	2201	13902	13903
2421	13912	19665
2169	2170	31612
3462	18413	23407	24368	27163
15083	16271
22006	22704	30125
9097	13885	39221	41204	48935
22144	22145
10743	10744	10745	10746	10747
16305	16680	16681
8823	12792	12793	12794	12795	12796	12797
113	24830	24831
80412	80413
1873	1874	16057
1889	1890	22823	22824
556	12881	30337
62582	69242	69243	69244
9300	9301	74461
1077	1378	23997	48788	48789	48790
6142	30378	38096
3148	3149	3150	3151
24246	25790	26379
3609	20336	20337
12255	15568	27111
8566	8567
28755	28756	28757
21832	21833	21834
13938	28267
11584	23292
1530	51856
41764	48314
38286	57148
375	18762	20409
1302	3882	34471
1497	28154	75584
2808	2809	2811	34923	38598	38599	38600	38601
37585	37586	37587	37588
9120	12040
4261	5614	8824
11796	22818	32779
4917	7970
358	7544	22652	28635
34200	40830
5325	14805	71945
42788	43238
1608	20279	20280	20281	20282
64576	64760	72739	72740	72741
60	4323	41771
12739	50458
260	6273
5689	5981	12060	12061
11782	53944
22995	26245
7769	8003	23705
14653	36810
19873	19874	19875	19876	25070
7545	23472	23473
3374	9017
55100	55101
18372	24409	24410
1378	20992	34223
5524	16686	80542	80543
47438	47439
3638	14599
42005	42006	42007	42008
3366	7859	14194
13334	56551	67964	67965
11796	14625	23202	26019
181	1077	2270	3106	41880
7461	7464	52936	52937
9109	22017	22343
2271	43676
1890	42524	42525	42526	48831	49619
17739	23371	67881	67882
15790	16135	26228	30351	30352
28110	71124
67003	67004	67005	67006
36136	36137	36138
41841	54950	54951	54952
6285	49836	75118	75119	75120	75121
2842	8540	11311
6077	6078	17847	33929	35824
62270	62271	62272	62273
5329	55117	55118	55119
80516	80517	80518
13448	24103	30680
2441	14985	17221	19884	40743
6484	18956	23299	35251
2981	60569	79266	79267	79268	79269
10537	10540	10541	57505
2059	4106	24499
116	12978	62872	62873
4226	7709
62661	62662	62664	71107
655	4271	5869	12235	61846
14347	33144	57127
47172	51927
1097	67146	67147
27462	30497
20731	30199
61177	75510
14628	17219	17221	75797
1647	14997
66430	70276	70277	70278	70279	70280	70281	70282
61	1116	16446	25935
7545	23473	29757	29758
18920	32994	32995	32996	32997
3366	3527	4210	4460	12384	45740	68809
2628	2629	2631	2632	2633	2634
2744	3454	75252	75253	75254
9900	11796	20329	21389	21391	24207	55506
462	1985	22169
17632	19405	19406
1082	13082	14156	14157
2470	9957	24423
579	17670	17671
5870	9205	16438	32682
11979	16634	74029	74030
17363	22832
37521	43380
311	509	510	511
4375	4376	4377	4378
15877	27257	27258	27259	27260	27261
13082	14156	23669	56108	56585	75175
854	21563
1507	3978	10702	39261	39262	41684	51430
2680	39037	39038
6500	6501	38005
3069	8789	9509
59661	59662	59663	59664
12788	12790	17336	23631	23632
40315	41103	49219	50015
3609	5586	55527	55528
36573	44381	44382
7261	7262
2074	14724	57142	79767	79768	79769
13444	70758	70759
15248	16405	16406
2245	2247	18230	51616
4381	13743	65995	65996	65997	65998
2199	5418	5419
36579	51360
4412	4413	4414	4415	4416	4417
3533	3580
44001	44002	44003
3158	3159	3160
38554	61619	65988	67092
64480	71715
7698	40763	47740
1007	1384	17050
634	21428
19558	19559	19560	19561
46092	70789	70790	70791
1240	1242	5008	16643	19992	36392	66656	66657	66658
3293	7837	14860	15540	28214
1124	35857
15448	18149
4271	53093
2227	25560
33003	33004
16101	18509	33869	33870	33871
78613	78614
16863	16950	60928
2820	11407
2380	15340	42848
13444	15050	38484	42076
2244	15281
1076	3730	11187	22492	51956
8540	14504	66076
47	47555	68497	74535	74536
159	1292	8690
3788	3790	4108	4109	54012
1183	2174	9291
9590	25411
16130	49649
17984	50101	50102
1820	13386	37877	51310
6077	6078	33185	36506	36507
1005	40798	66806
16367	31211	31212
2363	39340
556	1721
9334	12897
22331	22332	22333	22334	22335
9030	16494	16495	64638	64639
8858	64439	64440	64441
67872	67873	71335	71336	71337
9067	9068	9070	79582	79583
27805	28890	45025	45026
219	220	221	222
18212	55957
666	16523
199	1615	1860
179	44358	48121
3069	18159	62911	62912	62913	62914
7469	35127
75728	75729
9514	9515	16916	42349
2332	3366	5429	14194
11808	11809	11812	29376	29377	29378	29379
1014	28572	57567	57568	57569
23807	23808	23809
13448	16037
31405	31406	31407
17479	24077	26321	26322
7978	12652	21341	21342	21343
40697	41091	41092
2209	17927	68466	75104
19403	23079	23080
64417	64418	64419	64420	64421	64422
1367	1368
3546	51505	51506	51507
2820	8158
70143	76576	76577	76578	76579
227	230	27903
4416	44127
1507	2265	4754	13668	53456	55491
34761	34762	34763
14653	38525	38526
3366	6043	25885	63329	63330
79621	79622
6538	12326
1142	1144	13865	13866
39837	52325
2376	11755	28597
5464	11570	18609	67669
1892	12994	14161	15125
21871	35155
4049	6440	9495	21935	63814	63815
2277	6939	19712	45560
10261	34541
19328	27653
47806	47807
39399	39400
16367	20711	20712	20713	20714	20715
3395	6110
79570	79571	79572	79573
22125	54934
41995	41996
30324	30325
5930	7496	8009	8821	54641	54642
5150	5151
25490	71672	71673
22984	22985	23685	23686
16950	16951	64349
5996	50273	66608
34931	34932
5608	14804	44992
2969	6766	6767	6768	6769
20791	74901	74902
1153	15343	15345
6320	34058
3061	3337	72131	76092	76093
2378	3254	11909
6002	17882	17884	21167
19792	19793	19794
1672	58787	80142
13051	68059
10432	17910	34920	54395
1500	9951	80085	80086	80087
18738	70383	70384	70385	70386
15894	15895
256	931	9175
2829	6315
15358	47581	56399	67182
5268	5269	5270	5271	5272
13419	43657	43658	43659	43660
1403	3513
1565	11259
7011	25510	33262	33263	33264	33265
278	40582
6954	8593	14137	14138	14139
683	16965	79095	79096
1064	1065	15678	15679	15680
223	247	1138	1733	1734	3242	7008	7009	7010	7011	7012	7013	7014
12079	32741
228	2066	3367	44368
1065	50209
17069	69818
8867	8868	8869
6165	8313	58482
1085	44056	44057	51444
7469	8080	64401	65669	65670
29575	42490
3654	19659	33817
955	956	957	958
14515	26435	29830
1292	4948	13391
364	4867	5691	19040
10536	18813	31162
77283	78049	78050	78051	78052
12962	49427	49428
23105	59942	59943
4092	18537	21252	26643	34316
14094	14095
1161	13530	21165	21166
20434	28573	28574	28575
2689	16691	21999	22000	22001
13494	13786	18443	24657	24658
11076	21806	32634
2206	2209	27666
854	2228
6440	13631	27847
5524	8474	14312
56505	56506
5094	7969	19284
16690	25158	31500	31501	31502	31503	31504
8880	16024
22977	22978
32896	32897
20745	52132	52133
1007	3374	10498	24038	33225	46350	47748	47749	52786	52787
839	6851	6852	6853
13397	57424
3854	3855	5176	11677	40461
20304	20305	20310
17863	63098
2850	9401	56167	56750	71965
919	19833	29214	73786
2796	31098	63753	63754	63755
1831	6245
24706	33776	33777	33778	33779
260	8641
38070	75914
603	8528
15912	61596
1214	7502	15912	19536
357	358	359	20864
11110	11111	11112	11113
24871	26275
41881	41882
18785	18786
11164	54959
217	42089
1484	1487	14486	14832	21870	72498
3368	5153	15694	16272
7370	37265
8111	56743	56744
36829	36830
2244	56132
60155	60156	60157
19704	60585	60586	60587
659	1513	9901
14519	64512	65750
32468	32469
1513	79652
12655	48757
10099	10226	11503	11504	11505
2020	23318
71300	71301	71302	71303
5368	11425	11426	14456	26213
2394	2395
4258	6675	6676
54768	54769	54770
185	2021	4732
1240	3540	17518	54870
1115	1116
12178	24978	69626
27405	29704
15261	15262	15263
3098	3099	3100	3101
12527	12528
1479	1482	1485	19554
7891	47461
13677	64287
15108	15957	15958
66288	66291	66764	66765	66766	66767
1076	19131	21050	26399	39186	49818	49819
14711	26878	72303
15529	45870
2378	3131	3133	12492
15475	16764	17870	17871
4683	10244	10245	10246	10247
18899	65000	66961	66962	66963	66964
63034	63035
1732	6222	58611	58612
57664	57665	57666
2378	36943	46846
55524	55525	55526
78367	78368
7341	13830	66604
3275	10322
445	6350	6351
90	579
8463	8464	12542	30832	30833	61978	77705
2448	15542	27575	31963
2790	19632
9097	25039	48416
2209	17927	63764	64141	67571	68023
11777	20409	22630	22631	22632	22633
1032	31995
5689	16562	34493
1131	9024	9025
348	349	45417
1142	2272	9301	12837	13102	14318	46577	55853	60470
13600	18058	37721
736	3377	8284	17782	22469
58716	58717	58718	58719
12327	19434	19435	19436	19437	19438	19439	19440
64575	64664	64665	64666
74272	74273	74274
17447	18709	40613
5043	9449
7717	15365
78966	79232	79233	79234	79235
2305	7317	7544	9943
24043	60580	60581
2356	17636	31262	41322	41323
15900	53787
2931	2932	2933
14794	24307	29644	56326
63435	63436	63437	63438	63439
278	4210	7019
3270	65049
17004	17005	17006	17007	17008	17009	17010
68328	68329
12213	28008
23557	33015	33016
1191	12763	48645	57876	67938	68809
64134	64135	64136	64137	64138
311	20742	46089
14117	48029	48030
2710	5469
15984	15985	15986	15987	15988
5872	6760	27900	58916	67945	77218
33467	33468	33469
9992	21362	40378	44035
73400	73401	73402	73403
6503	42113	42114	42115
47073	52682	75656
72825	72826	72827	72828
1054	13213	26938	60146	60147	60148
4246	29741
43413	43414	43415
1690	4301	41775
944	80186
224	13187	64977	64978
2202	47159	47160
3256	3257
5091	5092
13861	53882
81	2698	15651
29	906	4566	4567
3151	18000	23548	58489
9415	13703	22242
39069	39070	39071
594	595	596	597	598	599
2964	15841	22445	47015	47848
8067	8068
5360	23704
17790	57833
25742	39264
12177	15191	42385	55720	68870
48976	48977	48978	48979	48980
9790	9791	9792	9793	9794
230	2332	5726
8630	12742	54512
123	71724	71725
9335	48327	48328
2378	10808	12492	17927	41406	57024
966	2940
10409	20463
6440	34011	34012
14426	14427	43037	43038
718	719	720	722	723	2104
27993	27995	42330
6298	55050	55751	60984	67392	70431	70432	70625
9945	16010	32999	66136	66137
1160	8464	30363	30364	30832	30833	30834
1601	3633
53469	53470	53471
6298	11819	28872	40331
9723	36673
2505	13703	40306
1607	2121	2122	2123	2124
4091	30708
658	4432	29013
3368	11572	15694
14960	44112
59192	59193	59194
39839	66857
7573	9695	12938	17099
5327	44468	52021
3119	3121	16877	57566	65319
1732	58390	58393	58394	62839
35652	35653	50674	50675	50676	50677
4515	68589	71534	71535
36026	36027	36028
70541	70542
9273	9274
4210	7902	9945	15218
14412	22700
2505	7100	8713	56895	66508
1374	2497	3901	13793	16221	32385
259	4545	18697	22569
2687	3255
3502	18395
1737	4147	12691	21471	35334
822	823	824	825
5236	5237	5238	5239
1874	11213
2578	2579	2580
3258	3259	3260
9648	37942
31441	31442
17297	22143	30850
48700	48701
40872	44120
65401	65402	65403
3858	14706	17263
10276	33154	36417
655	9547	9548
4765	17317	35523
73031	73032	73033	73034
6055	53498
5175	51340
2660	41765	48258
10275	39266
52918	52919
1414	1638	5036
2034	2035	2036	2037	2038	2039
35498	48160
1193	13005
5360	9721	9722	29655
34243	56467	56468	56469	56470
22396	35545	35546
29529	47048
3589	12064
24428	24429	24430	24431	24432
2277	23212
7152	12020	24058	60829	60830	60831
31794	31795	65586	65587
1814	1815
59585	59586	59587	59588
185	48476
37541	50420	50421
4302	73722	73723
2710	17221	42284	42285	42286
6436	37995
14692	17052	17053	56660	56661
14991	15022	34355
10793	21082	21083	21084
20	36954
5766	55489	76135
59260	59261	59262	59263
3425	4399	7714	12587
1756	9901	20989
5834	7077	39136	39137
13222	41908
2184	25109	41345
2179	2709	40206
2497	4106
2041	2943
33757	58028
33284	59499	59500
16502	23567	40113	40114
6323	39448
12457	12458	12459	12460
11042	29431	43174
6550	18170	18171	57348
7078	21031
35962	39304	39305
2218	17349	53077
224	11990	20009
18058	21459	23810	25842	27722	58256
3247	22107	39193	39194
4389	61981	68931	78739	78740
2377	5149	6400
6937	35559	77706	77707	77708	77709
3085	18118	19284	21473	22016	22017
1985	14128	20976
16341	61534
698	8313
2209	6578	11979	16906	25060
3869	14688	66183
40686	40687
6936	10674	21862	21863
16866	16991	25524	40026	40027
3580	9182
45933	45934
9240	12212	43803	43804	43805	43806
45644	49004	49005	49006
15083	27892
7268	15995	16023	22656
26080	26081	26082	26083	26084	26085
2742	70624
181	10480	21522	27545	55807
42585	42586	42587	42588
31925	31926
64205	64206	64207	64208
1916	51573
3729	3730	42819
6043	24979
10089	35895	42724
1261	2565	20936	66473
2116	11591	27817
9042	9043	9044
4659	44319
2535	5652
3146	4736	4737	4739
23825	25295	25296	25297	25298	25299
10670	10929	56088
1889	37262
7957	36943
14446	14645	68704
3061	4389	13788	15303
15868	15871	15872	33669
726	2851	2853
4688	5755
10276	10816	30502
16785	29661	29662
35472	37344	37345
14898	14986	79481	79482
3771	4068	4300	13736	49615
6440	26262	47444
15727	16081	29772	29773
11445	16230	16233	31608
10207	10208	10209
15497	15498	15499
2378	16108	28083
4003	15837	28583	59646	63831
63480	63481	63482	63483	63484	63485	63486	63487
1756	37770
70389	70390	70391
1302	8641	11077	21145
13030	14991	16592	70831	70842
6200	6201	6202	6203
702	8857	18220	18221	18222	18223
5737	6315
15070	16245	21325
799	17781	17782	17830	60714
4765	17317
578	2310
12512	36931	36932
1645	1647	23172	55067
40223	40224
30558	30559
31268	34510	34512	36653	36654	36655
8424	13461	28852	49370
3270	3272	64242	64243
15188	33313	33314	33315	33316	33317
1507	48919
34284	34285	34286
23060	49249
4613	33840	33841	33842
13201	45126
1131	3041	4081
1789	2018	28000	30182
9205	15661	34148	34149
3609	9723	16384
9660	20417
20019	21474
6904	43246
3567	35069	35070	35071
1918	6543	29480
2271	20276
1193	17000	23242
5175	43999
968	10886
79758	79759
62650	62651	62652	62653	62654	62655	62656	62657
8319	10184	23192	30422	30423
49622	51142	51143
635	2066	11244	28657
10399	45963
42281	47459	59294	59295
27320	74764
1985	23899	34003
17001	17013	17014	24505
22121	22122
2448	15906	15907	15908	15909
224	799	931	17288	29134
4625	6703	8760	26656
17207	39846	39847	39848
71009	71010
5353	49542
4421	10119	10120
22260	54239
23623	23624
657	18952
65904	73875	73876	73877	73878
36389	43358
15731	43426
763	31838	31839	31840	31841	31842
1007	3812
3091	4891	4892
3196	6492	6493
1008	2555
1261	2565	20936	67823
2855	13771	13772	13774	13775
1196	2609	19958	70211
5264	8672	33777
3247	9096	25364
8319	23192	23193	80121
57895	59671	59672
7012	28209	36167	44539	60909	60910	66937
4938	35273	35274	35275
223	6747	20134	35845	74838	74839	74840	74841
30066	30067	30068	30069
155	156	49059	49060	49061
42	17168
1291	1293	28158	40158	54781	54782
12852	14747	14748	14749
44365	44366
7515	11070	11071
12213	51301
2890	3437
35678	51833
3628	8359	8360	8361
56823	56825	60223
36380	51009	58311	58312	58313	58314
31630	31631	48350	55453
15268	18710	22637	24424	24425
1338	12175	17988	22820
22684	29383	29384
60969	60970	60971
51001	51002
30390	66054	66055
2912	2913	39374	39375	39376
4689	15529
465	466	467	50539
5356	5357
34904	35517	36718
4075	5273	5274	5275	5276	5277
4399	7714	29823
656	658
6755	6756	6757
15586	20855	20856	20857	20858	20859
636	3247	9610	9611
3367	21870	21871
19337	62704
14876	34893	55331	55332
22514	27092	31885	31886
73407	73408	73409	73410
2276	5469
20985	23642	27513	27515	46706	48880	79805
8641	27960
789	1124	1204	14436
1892	3855	5176	11677
73928	73929
1847	1848
15999	16283	16284	18493	27948
916	2629	10618	11438	58432	58433
2272	51880	51881
9514	9515	53138	62803	62804
1065	39893
6837	8473	8474	8475
31887	47242
6671	66713
1291	13428	25734
10122	21890	22280	22281
5920	7142	21022	21023	21024
1004	35442	50611
1638	17715	19677	31023
3901	8568	8569
7567	12931	77135	77136	77137
3844	8293	10798	63662	63663
1843	1844
1892	55596	78319	78320
2305	2306
348	349	33746
16284	40495	54740	54741	54742
3367	3369	68147
20010	20011
1203	1944	6481	9922
13150	15042	18361	19653
3920	7582
7986	31236	65223
977	24475	24476	24477
174	5765	56849
19347	27578
10859	22181	22182	22183	22184	22185	22186
1842	8918	18285	18286	18287
1291	9414	25733	25734
270	2393	24474
1469	1470	1471	24347
4600	79478	79479
65983	65984	65985
919	1403	1413
37926	37927
80642	80643
8209	12166	32011
8641	18643	51511	74941	74942
1007	1008	7200	23793	46349	46350
6052	21859	21860
6436	43300	64909
18112	44378	44379	44380
18921	60538
6496	56759
4049	41487	41488
14714	14716	15022	55548	63757
13285	55470
25655	59820	63010	76207	76208	76209
1090	4480	7553
524	525	19676
4999	5000
831	832	833
1401	2147	8881	9863
26757	26758
2378	24218	36943	39242
8145	8146
77170	77171	77172
2107	34239
6254	59859
3935	6276	40152	46329
3553	3554	49259
241	799	2406	3861	4895	6734	6918	8421	9377	11098	23210
305	20719	34152
28032	28626	28629	31929	31930
2598	27600
19602	21178
22449	40324
9368	9369
27850	65471	72936	72937	72938
36560	36561
7114	25403	70848
5309	17971	17972
35935	35936
485	2172	26997
13772	13773	41847	61254	63203	63204	63205	63206
26913	26914
5476	37087
15192	19909
543	1312	1328	18397	19781
2768	8416	80098
13444	17090	43481
857	2184	36651	51621	57307	58862
71099	71100	71101	71102	71103	71104	71105
10908	24630	24856	27876	27877	27878	27879	27880	27881
15583	59739	59740	59741
19000	23052	23053	23054	23055
81	6812	6813
2332	6633	29307	42961
44753	44754	44755	44756
78628	78629
2320	4344	11217
14218	14219	14220	55671
5734	65812	65813
6496	24609	31962
3939	25874	26676	26677
14173	35788
13548	13549
13882	25086	76673
30040	30042	40031
77799	77800
2270	5394	14397	18300	18301	18302
14622	14623	68417
23610	23611
38490	38491	38492
16586	33986
260	4060	8641	11077	21145	21146	21147	21148
16264	60400	63159
1804	26052	57685	57686
2066	48839
3836	37520
11293	17581	21607
3057	3980	12006	12007	12008
36694	40859
34748	34749	34750
1039	16176	22483	25438	53198
9185	9186	10675
2584	23267	23268	23269	23270
1005	29684	77230	77231
63268	63269
29298	54070
15259	15719	25109
2270	31464	35276	44309
2497	42016
47643	57488	57489	57490	57491
12819	12941	22691
5425	5882
5120	5351	7407	7408
260	8393	10785
1719	52442	52443	52444	52445	52446	52447	52448
1485	25571	42549
76622	78561
1008	23218	58738
39872	68445	68446	68447	68448
5173	25285
37543	62578	70834	74094	76864	76865
37191	46981
7557	50284	50285	50286
1439	1440	11351	15695
12343	13629	13630	13631
2607	2609	3644
13773	15096	15097	15532	22669	36008	57657	57658
27307	41039	41040
14188	14189	14190
3982	7532	13875	17394	56223	57221
20883	74149	74150	74151
3397	3858	16365	16366	16367
5148	21127	37202	40690
6835	71779	71780	75829
8416	20916
41262	41263
8323	20579	20580
5925	37553	43820
5854	7763	10578	15272
7026	16454	52264
2366	25043	25044
75370	75371
9339	11492	26691	34929	77956	77957
3425	5572	8936	9617
65940	70072
18031	18032
2271	2435	39220
7044	73326	73327	73328	73329
12821	17085	26905	26906	26907	26908
14721	44798
1963	42882	42883
6209	30971
16521	16522	16523
471	4548
21655	21656
6040	20887	44762
452	37637	62862	64941	64942	64943
1846	2539
5084	22880
21548	52846	58441
1647	3658	16978
697	6078	9625	37243	37244
73711	73712	73713
4538	10750
27087	27088	27089	27090	27091	27092
14089	29027
3399	36974
2380	6254	9623	15340	29879
53528	53529	53530
11589	21683
4025	26988	34647
42598	42599
8713	12765	13131
2423	3487	12905	47805
12145	29204	29207	29208	57456	57457	57458
533	7715
10274	68542	68543	68544	68545	68546	68547	68548	68549
1065	27000	37028	45790
181	2423	3487	12905	54564
3354	3992	3995	6012	8108	9422	12269	15526	44091	44092	44093	44094	44095	44096	44097	44098	44099
3845	3848	4360	8018	12720	27385	27386
400	401	21313	45696	45697
2251	17462	19834	19836	36882
1276	2442	38975	38976
1530	16604	39507
22122	52688
16644	16645
28017	55716
7969	33386	33387
34486	34487	34488
3278	26650	26651
3834	67720
3631	3632	15462	24287	31933	31934	31935
256	60962	61102	61103
24757	33324
26755	26756	47350
1647	16917	16918	19060	23170	23171
13642	14888	15839	62999
64861	64862	64863	66756
181	10409	22292
1688	1689
159	5352	30650
9166	9167	9168
3118	42270	61950
15191	20108	65370
44361	44362	44363
36756	51398	51399
27005	27006
48940	48941
23534	32463
21466	30870	30871	54077
70318	70319
1235	12963	12964	12965
77366	79778	79779
18792	54682
38544	55799	67396	67397	67398	67399
4787	4788
20702	29842
4688	10675
4374	12163
2441	44700	48438
2985	8717	8783	17136
31	10432	22105
11480	20842	49229
59737	62902
314	1054	26938
53005	53006
15455	52441
30577	30578	30579
44966	44967
1580	1581
21232	21691
70997	70998	70999	71000
4457	4459	39550
3760	53064	54713
3589	3969	5440	43469	43470	43471
6494	22188	35129
7077	22679	22680	24192	40633
70036	70328
4798	77631	77632	77633
6038	11557	11558
51539	51540
4301	37652	51470
282	41130
37497	37498	38572
7956	11992	17112	68233	74329	78782
3580	12875	23510
9947	11520	25739
2147	4072	4178	6850	9649
26110	26583
33196	33197	33198	33199	33200
275	29573	34569
22143	27949	43239
994	3006	6556	46164	49848	49849
14221	14222	15421	15422	56441
2179	40535
49300	49301	49302
28	2483	2484
12106	12107
698	5609	9186
20211	22867	22868	44625	44626
4572	16627
247	492	1281	2291	10648	21343	38669	55329	59733	59734	59735
14230	36675
28182	28551	28552
15915	15918	15983
5476	18508	22041
10476	58385
35642	35643
1053	1054
33891	58631	58632
24475	35239
1293	2542	4418	4419	10239	21344	21345
6082	14117	21044	24562	24563	24564
1355	1357
2711	2712	2713	2714
51903	51904	51905
11164	25656
9117	32388
67663	67664	67665	67666
5543	5544	5545
6952	7980
4044	4045	20828
9501	9502	45538	45539
80681	80682
913	14284	24992
4931	5530	7227
8113	14688	19778	61318
8685	16686	53173	53174	53175	53176
1326	6814
7268	15477	15928	56110
9209	66632	66633	66634	66768	69592	69593	69594	69595	69596	69597
1065	3023	3025	38159
35685	35686
1889	1890	14829	17779	33605	33606
135	8249	19885
4489	73278	73279
7046	17376	52201
34438	34439
15224	20809
5779	10371	55930
23228	23229	34180
16855	78421	78422	78423	78424
4093	21155
1331	12542	13212	14284	45725
66	20727	21243
34958	41762	59883
6490	7050	20018	30255	36100
2247	28786	47733
1203	29072
9736	24635	48122	48123
9072	12078	40723
30718	30719	30720	30721
2091	27218
11601	15239	56330
202	5410	48359
6831	16726	28251
348	4060	7378	18885
6493	12285
7906	23964	49599
358	7544	20865	21075
1125	49099
39209	50455	50456	50457
9330	20441	20442	20443	20444
3045	7111
11268	11269	11270
419	29547	41061
10380	10381
17867	25318
15529	45533
40081	54172
9551	14135	67043	67044
36233	63737	63738
2132	36222	36223	36224
1755	26941	35386
1595	16879	28523	50811
3120	3121	8960
2887	25724	49745
43816	44162
1020	25490	39553	39554
3461	29578
17363	29397	51965
181	1724	4284	5426
36324	36326	52449
2942	2943	19507	30768	50806
53345	69695	69696	69697	69698
7077	11345	14900	41052	41053	41054
9814	9815	9816	9817	9818
65683	65684	65685
1470	2811	19465
13602	62189
3020	14082
2981	3708	17445	26265
15173	57923	57924	57925	57926	57927	57928
16135	23431	41765
6082	8464	12541	30833	58736
3654	3655	42121
3654	3655	19461	33526
13841	46992	55341
9843	18760	20132	65708	66533
1401	4450	18760	18761
363	365	27282	73395
19130	29829
1992	2456	46382
3461	18570	22920	64299	64300	64301
35515	45925
3808	4540	80381
3114	15941	20071
3332	7750
4298	38566	38567
6400	19607
1788	26433
41670	61153
13433	13435	68799
1080	5307
13474	13476
18170	27201	31931	31932
1161	66194
166	15947	68486
12279	35456	35457	35458
38286	57191
1581	8880	10450
940	7121	13392
931	1863	9738	31984
7163	41537	61405	76411	76412	76413	76414
37071	51703	51704
35885	36443
1991	5672	29432
7700	17140	18014	26774
21194	21195
5755	39755	67264
14272	22361
45312	45313
1008	22662	22663
61912	61913	61914
1348	11682	15545	17541	74262	74263
20936	55537	65207	65208	65209	65210
11213	41912	41913
41270	41271	41272
11796	34289	37123	53248
15118	55251
59647	59648
1109	1110	1116
4370	18014	18861	22619	47551	47552
18680	55690
3099	17328	25048
212	6048	6049
2272	2502
67037	71794
68396	72297	72298	72299
14825	44281
9005	14883	16641	23242
11723	33585	33586
514	2599	2600
2272	4210	5148	43499
40505	79591
2272	13632	45725	55879	67234
40314	70261	70262
79442	79443
42095	43547	54001
19048	21791
6501	31009
1007	9353	21425
15224	63774	63775
2362	2363	2710	50201
15763	16112	18669	26039
466	1316	9530	41334	41335	41336	41337	41338	41339
2165	47556
2388	18614
1065	13429	13431	27530	32946
5554	10558
81	14149	29069	60901	60902	65466
5898	5899	6823
1485	6646	53057
3822	3823
181	18774	25340	28739	28740	44536	44537	44538
11372	74924	74925
11755	13340	57876
713	714	715	716
2244	11781	11783	57079
913	4609
35472	36048	44788
105	106	38972	62340	62341
39038	75870	75871
25389	33202	33203	33204
6001	54139
2221	37522
5084	5085	22879	22880
1723	8536	52750
3526	10289
11851	11852	11853	11854
29243	29244	29245	29246	29247
23761	59976
1743	22480	22481
6001	6491	19071
31642	41229
42001	42002	42003
314	18917	22388
16388	16389	16390	20329	20330
1240	1242	74835	74836
6821	19666	19667	19668	35461
6685	17928	23184	53322
28640	28641
14490	26910	37878	42459
1634	73607	73608
2713	5629	5630	5631
26228	26229
6490	27229	34395
21544	21545
38479	67242	67243
30132	30133
59682	59683	59684	59685	59686
1607	4987	6820	6821	6822	6823
6939	45560	50591
10807	78874
8504	23013
24103	58027
789	10675
6823	18561	19772
3844	62607
12295	28683	49940
13696	14323	14324
6898	79294	79647
38482	50303
6110	11932	14034
10951	34915	43692
181	839	4947	10541	25339	34576
259	6473	27610	27611
1486	7697	7698
32504	69392	69393
227	48274	63994
2660	65071
11796	12492	22459
2222	2223	2224	2225	2226
15404	15405	15406
17396	24077	39167	39168
3760	34369	67133
64373	64374	64375	64376
9030	19464	72146
1235	14860	16422	35812	35813	35814	35815	35816	35817	35818	35819
64101	75726	76096
5386	27374	50507
56322	56323	56324	56325
1216	1490	5376	15356	25162	30614	31060	56064
14898	20960	52242
13406	70126	77729
2818	4362	4581	5351	11958
6023	38426	38427	38428
2272	4330	11880
7921	18659	19552	40201
15686	36695
6252	6253	6254	6255
2850	6501	9401
36422	37881
2178	11202
16952	52492
2000	42613
2842	11311	24262	27800	44495
50760	54571
8693	8694
4058	4059	7439	9035
14297	40459
68853	68854	68855
18380	18690	21819	25094	32449	32450
5593	16502	16505	52860	52861
4235	4236	7353
7902	10239	18808	42629	61320	61321
24233	38396	54456
9595	49206	49207
201	51093	54237	54238
1863	5791	9115	25589	25590
13885	52416	53249
3593	6543	23035	31266	31267	31268
4861	4862	4863	5020
279	280	39507
839	4907
22188	41468	41470	50877
15003	15004	15005
41417	41418	41419
4046	54336	54337
28937	28938	41308
4271	16023	59818	65244	68123	73152	73153
1060	74184
2272	5148	7290	35844
19754	66992
18720	39390
68736	68737
2582	8107	66107	66108	66109
76443	76444	76445
3726	4538	7429
11839	16018	64181	70667	72115	72116	72117	72118	72119	72120
7340	7341
15477	15928
800	4094	32302	47070
35547	35548	35549	35550	35551
32	6424	6425	6426
15367	78420
2850	14936	14937	14938
1249	1250	1252	53843
70681	78549
1607	21229
64244	64245
36040	45611
44468	54574
59155	59281
3057	3980	25542	32616	32617	32618
8464	30832
16655	25801
7902	10142	64190	64191
6465	19766	23013	34960	34961	34962
38391	48855	71003
6496	27882	65173
659	20837
20555	70501	70502
940	2228	5450	27652
23670	35862
2564	2565
19880	50060	63389	63390
8686	10424	10425	49569
224	1138	1281	1316	2247	7787
14486	65989	65990	65991
6320	48579
39452	43222	43223	43224
13490	13491	13492
14749	15477	16801	22863
12813	12814	12815	12816	12817	12818
273	22011	23186	23187	23188
36081	36082
1065	2332	11683
9945	23468
8540	69128
64295	64296
15501	16068	17047	72346	72347
663	1756	1991
7200	24037
6578	14790	31501	36821
3069	3098	18159	26099	62914	62950	62951	62952	62953
78969	78970	78971	78972	78973	78974	78975	78976
8134	8135	8136	8137
8202	10509	10510
1714	4533	4534	32944	32945
2364	24153
151	152
1091	4541	4542	4543
39833	54013	69465	69466
2656	2657	2658
44251	44252	44253
7760	67540
4612	47933	47934	47935
1039	3893
6400	9379	10886
487	48938
1647	14997	23172
1530	41141	42640	47753	47754
14611	18659	19552
2262	9619	23319
57006	57132
4308	27661
5593	21979	21980
1916	3534	3535
11570	18609	74799	74800
1276	53285	53286	53287
3530	14550	80382	80383
1118	2201	30468	30469	30470
2356	8713	16542
1192	17910
13429	27530	51032
30696	35327	37667	37668	37669
42171	42172
4003	4004	11705
1252	27958	27959	27960	28004
14876	34893	38173
7616	28847	28851	58359	64062	64063	64064
2160	2488	49460
475	6770	7649	33593	33594	33595
17101	33939	66659
10938	12532	70462
10553	14348
2902	7351	7352
9300	9301	12837	16267	16268	16269	60355
64596	64597	72646	72647
55870	55871	55872	55873
2744	61275	61276	61277	61278
4688	9185	9186	13672
706	1513	22170	50861
4399	12064	28412
2259	17878	18512	36739	36740	36741
3544	9085
4324	4325	4326
19048	33376
2509	2510
18506	26633	26634	26636
14972	78892
17484	57169	57170
158	11340	47624	57877	78670	78671
5868	27366	29298
180	181	20067
35471	35678	39568	47364	47365
35872	42052
273	22010	22011
1892	9270	11954	14317
8717	21719
2790	63515
11796	12492	24207	33140	56410
79037	79038	79039	79040	79041
12655	52907
1084	2277	7077	11336	39709
2066	3367	73415	73416
13805	13806	13807
544	11073
14300	14301	14302
3293	15540	28214
2964	16276	24850	24851
5815	5816
64341	64342
7922	11221	14991
375	26289	26290
58685	58686
2689	19857	35808
1202	1414
10957	50703
65393	65394	65395	65396	65397
1177	13793	20312	24975	26513	60212
72595	72681
56380	71060	71061	71062	71063
49341	49342
17094	17095	17096	17097	17098
2850	7077	22678	22679	22680
66412	66413	66414	66415	66416
15121	24280
3114	13554	13555
4765	36940	62048
12330	22137	30905
56328	57447	57448
17497	20918	20919	31579
6703	23947
3376	3543	3544
9221	9222	9223
7957	15118	45601
4636	26736	26737	26738	26739	26740
7017	13084	13085	13086	13087
19072	19073	19074
4986	14256	17432	19028	50326
7464	27209	27210
4720	6576	28423
3788	48384	60686	60687
311	3133	10502
41917	42066
1490	7094	18970	30614
657	2268
7031	39335	39336	50819
1877	69171	69172
514	19822
14711	26878	75350	75351
3609	14746	16071
2378	5361	11796	12492	16838	33140	73474
31370	31371	31372
63366	63367	63368
1080	9727	9728
5609	16397	23107	59972
47956	47957
2074	80448	80449	80450	80451	80452
519	5899	20521	26120
5115	47149	55703	55704	61476
181	1723	20360
8045	8763	13254
14585	14586	14587
217	50488
7970	17742	17781
3878	15121	15123	40166
57663	66358	66359
27425	27426	27427
67953	67954
22557	22558	22559	22560	22561
5734	61002	63603
63063	63064
25257	44184
33328	33329
9590	24222
217	15784	23536
1948	4399	12065	28274	60554	60555
65055	65056	67976	72765	76948	76949
419	9331
12295	14017	15427
6298	7160	42270
57311	57312	57313	57314	57315	57316
75	241	3589	24282
644	8282	8283
1177	1305	2193	8810
6770	19326	42280	42281	42282	42283
13574	31768
8889	13781
29257	29258	29259	29260
13631	16937	28234	32870
36780	36781	36782
14519	23501	30516	30517
1507	20404	46417	63897	65253
181	20497	40343	40344
1192	5464	68452	71731	71732
2378	40651
7557	7558	26911	40699
2080	21849	24696	27781	54650	54651
51203	51204
11994	22704
25716	66682
5609	16446
8486	10749	15179
4323	17899	20301	57517
3855	11677	51132
179	13069	36550
62674	62676	62677	65729	65841	65842
21048	49037
3546	3741	19909
9476	65458	65459	65460
28939	28940	28941
13108	27112	47676
18074	31542	36220
3099	17657	31736	31737	31738
14749	15384	17221	25636
968	11954
34186	34187
3586	3589	27555
61204	61205
8269	18078	18079
4659	37711
678	7891	45328
14519	23501	31992
8379	25143	61730	61731	61732
902	5563	6804	6805	6806	6807	6808	6809	6810	6811
17376	19507	49493
16968	56603	56604	56605	56606
3834	9112	49368
10670	25831
6110	70204
134	135	3456	39350
1142	19265	64285	74134	76428
2902	33158
2611	10239	18808	56742	72407
14749	15384	40571
2209	12638	16531	16532
18188	18189
29	5854
13334	38808	38809
1991	5672	32973
49183	49184
6043	34736	34737
556	5308	5309	9877
27588	41058
32606	42887	42888	42889
183	6233	6234
12954	73117	73118	73119	73120
556	3707	6754	34427	34428
4922	22943	22944
40888	40889
23737	60413	60414	73765
5146	7098	15795	15796
940	1673	10578
9624	11935	11936	11937	11938	11939	11940
36723	36724
27932	58068
4271	11449	13898	59817	59818
66064	66065	66066
5357	38611	38612
468	471	472	473	17369	17370	17371
13245	13246	13247	13248
224	25484	29702
57101	57102	57103
12	29651	29652
35769	44058	49522
4765	6058
17406	23222	25729
12048	12049	12050
16245	16750
5991	27903	30870	30871	54077
28549	28550
2709	5282
13428	13429	17253	43477	66103	66104	66105	66106
4306	11024
2539	38935
39169	39170	39171
15692	16777	58917	64178	64179
3527	4460	12384
13948	40062	60899	60900
15592	62361
15722	15723	16791	48708	48709
64617	72898	72899	72900	72901
3218	6578	11959	11979	14856
55954	75377	75378
4376	39494
38338	38339
12545	12546	12547	12548
37464	37465	37466	37467	37468	37469	37470
1563	59289	59291	65724	65725
7293	54339	69649	69650
230	2709	3367
4956	41235	63967	63968
1734	3242	22638	22639
1007	4360	25742	39570
6276	60415
83	85
5739	47071
217	2502	4754
62166	62167	68184
38001	38002
5872	25129	25131	27900	77012
1946	1947	9844	41866
53539	56018	56019	56020	56021	56022
23897	23898
14456	20409	20632	26213
4385	17046	61479
15060	15061	30620
25389	42808	42809	42810
16859	43836
25080	41609	48037
41453	75041	75042
5333	5334
1118	11090	21976
16844	35733
3940	10540	45209	51632
18380	23346	38639
7920	7921	12213
30346	30347
259	43783	43784
2989	22370
1987	11428
34172	59629	59630	59631
34929	47565	47566
10260	10261	10262	10263
79272	79273	79274	79275
19832	27884	28276	52846
19368	25421	26022	26023	26024	26025
70247	70248
13200	13201	13202
3919	38774
17485	31273
2505	4005
1485	1798	35121
17766	59699
30022	30023	30024	30025
33	14956	14957	14958	58040	58041
6709	6710	6711	6712	6713
3437	8153	24678
969	11588	21683	26219
4917	19460	22392	22393
50426	69547	69548	69549	69550
1177	8830	35638	35639
36344	36345	36346	36347	36348	36349	36350	36351	36352	36353
7869	11068	12898	12899	12900
1195	1196	11530	11580	12628
259	19265
28810	28811	48155
241	3424	4344	18835	46287
533	839	13476
1507	13478	16371	30871
9901	20173	20174
12890	44082	44083
16533	26877	60204	64154
5306	5579
7633	7634	7635
2259	36123
6916	10001	17410	17411	17412
2119	5925	59007
9241	35779	57930	57931	57932
311	50820
3529	53525
9887	17633
22371	71511	71512
14496	18261	18262	18263
6077	6078	26915	33185
19726	29234
13091	23431	51410
20196	49247	54371	54372
3609	12973	39514
12274	16568	16569	16570	16571
54669	54670	54671
8536	18946	18947
36885	43313	43314	43315
19478	29621	29622	29623
2687	6939	18401
74466	74467	74468	74469
22269	48615	59429
15592	50517	50518	77621	77622
77271	77272
45159	45160	45161
1807	7755	21750
3196	24058	39674	54898	54899
13347	30417
5233	52096
7236	22970	22972	22973	26001	33359	33360	33361	33362	33363
7952	11837	16445	68644	68645
15773	65333	65334	65335	65336	65337
5740	32290	32291	32292
16071	17000	30047	31520
20	11796
9048	37107
21406	21407	67967	77356	77357
15451	16866	16990	16991
2565	3882	20205	51834	51835
17899	74964	75085	75086
7445	8283	17416
45643	45644
60718	60719	60720
57443	62600	62601	62602
12295	14017	18180
5731	19128	19130	29885	34728
10089	14888	49303	49304	49305	49306
23	907
4075	42217	59413
5786	5787
2199	28434	28436	61847
13576	18155
1107	1108
1291	1293	15215	23429	41540
311	13533	51900
13605	17723	24606
1988	36824
2709	8760	10325	10326
44032	49332
241	8615	8616
34	10246	47992
5642	5644	50802	50803
47636	47637	47638
72821	72822	72823	72824
58669	58670
988	57674	57675	57676	57677	57678	57679	57680
4946	45290	45291	45293	58516	58517	58518	58519	58520	58521
21852	21853
314	18916	71140	71141	71142
11270	69420
518	14574	14575
2698	27690
5429	14194	72310	78857
48223	48224	48225
2573	3974	22660	22661
13295	28567	28568	28569
14960	49127
4031	4032	4033
33693	33694
19928	21548	42837
2358	5626	37772
887	3584	3585
16550	24973	24974
6298	45357	45358	45359	45360
2498	2500	2501	57598
1082	35950	35951	35952	35953
16122	44382
1225	1359	1360	62930
2942	7093	19507	21433
3303	3304	3305	3306
73411	73412
4049	9402	9403	12822	17277
14242	48145
1625	8484
230	5726	40986
58633	58634
1596	57583
116	5640
2902	7352
494	2744
18437	44283	44284	44285	44286	44287
1177	1305	10545	65303	65304	65305
6008	21298	21848	21849	21850	21851
16952	38313	38314
1565	4271	19883	35857
12170	18149
5706	23477
20877	32847	32848
55386	55387
42	17168	51477	51478
28111	28112	28113	28114	28115	28116	28117	28118	28119	28120	28121
3146	13500	13501	13502	13503	13504	13505
5351	9291
73844	73845	73846	73847
931	3242
181	4283	4284	9630
11341	25452
1008	43132
54986	54987	54988
16638	19207	69629
5672	11258
12295	16699
10067	10069	44730	71454
1060	9648	17814
14359	18263	67093	67094
58838	74168	74169	74170	74171	74172	74173	74174
14824	14825
5726	13068	15097	63203
14817	31239	74621
2707	2708	2709
20777	51796	51797	51798
52984	52985
524	525	526	527	528	529
7545	27322	39428
7030	39765	50015	55942	55943
2855	13774	38211	38212	55457	61685
39417	39418
17899	23497	23498	23499	24555	24557
13372	42850	79996
10808	30737	65583
3085	3570
18930	18931
4246	5358
2066	22520	34912
2448	7557	15039
12346	12347	12348	12349
33439	33440	33441
17339	17340	33625	80080	80081	80082
3929	49837	49838	49839	49840
30085	30088	34219	34220
49053	49054	49055
1320	35428	42567
14787	14788	14789
579	5129
62780	62781	62782
4210	41584
50042	50043	50044
2441	12455	23109	23110
1507	10674	40396
80657	80658	80659
17468	54692
27469	27470
1765	3280
2291	4554	16387	27306	27307	27308
260	559
3366	3788	6532	58045	58046	58047	58048
774	18656	57329
15216	23361	78820	78821
12334	25197
34755	34756
2270	2542	2689	4419	10362	26027	29924	50821
4373	12689
29261	49109	49110	49111
14829	15671	47681
13182	39852
3121	16877	16959
3855	38259
63277	63278	63279	63280
37868	37869
2497	3589	15620	44360
1453	2568
1643	29091
225	17268	41026	41027
6389	6390	6391	6392	6393
2211	6231	23218	52967	52968
18801	28319
25072	39645
4678	15461	44344
839	1976	43122
6837	35522	54582
7771	8003	13019	16846
15820	22747	22748	25910
2533	30514	30515
43456	53336
7012	21567
47	16008	16010	17078
5056	29902	29903	29904
14222	17077	17187	56260
20658	45809	79625
1089	20289
18613	27249	27250	31959	31960
3968	14035	14036
31796	31797
1039	14777	23029	23030
4866	11463	11464	22966	36959
7573	12938	74591	74592	74593
3398	16661
15919	23861	28759	58044	77520	77521	77522	77523	77524	77525	77526	77527
9339	74569
181	4284
26345	26346	26347
1005	2095	20118
1390	1391
15620	19556	22825
9951	19571	60542
1525	5362
14711	14991	15654	16826
663	1756	4761
1179	5703
3820	10929	20569
5419	10158	76276	76277	76278	76279	76280	76281	76282
15939	27374	40497
5821	5822	46405
10553	61288	61289
60	14898	29436	46072
3797	10127	41084
43085	43086	43087	43088	43089	43090	43091
1183	3376	3764	4628	8040	9381	13816	17411	18762	18763	18764	18765	18769	25218	32410	32411	32412	33216
1389	23888	23889	23890	23891	23892	23893
4500	4501
28191	63332
13428	13429	27807
11812	15342	15475	16907
77518	77519
1582	1583
5383	37310	37311
8685	16686	17180	45671	45672
180	181	184	9630	13119	19960	25586
17773	17774	23606	24603	33628	33629
10152	10153
1382	20439
12243	37110	37111	62618
38561	38562
166	9545	22027
799	17782	17830
14760	15978	64785	70566	70567
2496	5691	5948	45680	45681
13818	54610	54611	54612
13228	68284	68285	68286	68287
991	2127
3161	9163
73816	73817	73818	73819	73820	73821
28505	40244	40245
105	278	2666	55841	75780	75781	75782
16031	16032	16034	28514	28515
61744	75732
20733	49966	53662	53663	53664	53665	53666	53667
3366	4853	38822
7012	21567	60823
5700	32517	32518
16122	47691
790	7290	19285
47649	47651
7059	21362	24508	44035
1789	10936
9079	21497	21498
30339	54557	54558
90	2700	25934
48491	48492	48493	48494
14790	46070	65255	72037	78856
4049	9401
66208	66209	66210
181	10540	13119	20541
4219	11893
580	19399
138	13520	13773	44624
9618	12026	55593
21838	21839
10428	15382
12	13381	14347
9855	26346
2656	31913
256	258	321	3300	4952	15555	15556
18743	19028	19284	59224	66426
6224	6225
16370	23346	26524
8926	8929	60635	60636	60637	60638
29032	29033	29034	29035
8880	13391	16024
1085	5459	13148
7715	8716	58606
3420	15145	15146	15147	48693
159	5215	13615	13616
2244	7921
8237	27667	27668	27669
18277	21367	27116	65894
18437	25288	25289	48879
351	35515
7986	31235	31236
44883	52041
1515	57346	57347
515	15022	15501	15502	29609	56159	56665
20	2366	2378
6880	48458
2687	2698	2717	12892	13503	40139
13982	31768	71071
3834	51766	51767
50465	50466	50467
18449	18450
3834	67720	74486
1956	1957
2184	13428	16634	65607
12761	31610	31611	33665	33666	54181	54182	54183	54184
3788	4108
1985	3820	14419	17319	22269
15145	27807	61792	68928	69081
14905	14908	16767
4946	26901	26904	56598	68269	68270
17825	59955	59956	59957
2028	3270	36354	44823	44824
1116	2858	2859	9444
1565	2440	37300
2730	2731	2732
1428	1429
3795	3844	8292	8293
931	20132	76342	77845
3160	13816	13817
5970	5972
662	663	664
24992	65092	65093	65094
28427	28428
3858	11601	44720	53094
7046	13965	65018	65019	65020	65021
53027	53836
36052	36656
230	5148
13393	15321	65714
44879	76262	76263	76264
11701	37444
24233	36535
90	1848	24674
15213	15214	15215	15216
12019	12022	19286
12139	12140	12141
133	15719	16790	16795	17216	61971	68946	71345	71784	71785	71786
70632	70633	70634	70635
4154	19075	58512
11619	16273	16274
1535	9078	10670
902	5563
38898	38899	38900
34013	45393	45394	45395	45396	45397	45398
116	19380	25888
1647	14938	25604	51302	51303	51304	51305
19064	29641	51702
3230	3231
13641	37886	40990	43060	43061
16777	72560
11914	13419	40868	43657	43658
17893	42785	42786
4554	5274	10134	10554
15166	35241
1707	8393	14779	21775	23007	23008	23009	23010
21217	21219	21220
1704	18613	70311
25323	25324	25325
1647	16918	20380
27490	29128	30332
9736	28639
159	10275
35098	48401
14384	14385
2700	8210	19653
2498	5116	5593	23333
7959	7960	7961
1132	5758	41643	46566
23562	23563	50603	50604	50605
6183	6184
10385	10386	10387
12096	12806
11705	40949	55202
3626	30495
12157	12158	12159
3643	3644	9345	24459	24608
9	1499	59729
18586	35776	53780	53781	53782
1357	66581	66582
1563	1564	1565	1566
16975	45521
26218	38888
19272	22569	22572	24733
36421	47110
135	6936	8313	55239
259	4546	23690
14007	36049
2699	8781
4957	30113
31887	44124	44125	44126
27551	70737	70738	70739
2860	2861
11457	17098	19740	23502
38802	38803	38804
8716	21302	30126
968	2376	9350
1593	63000	65873
59807	59808	59809
3836	8274	36466	45785	45786
6837	6838	48921	79094
13099	43443	43444
79171	79172
23639	58707	58708	58709	58710
5329	26796	26797	26798
3231	9012	9013
9415	19484	31378
4060	7378	8421
6082	8464
1023	3580	7279
14991	20030	21674	29465	61652
3368	16270	16271	61475
135	3612	3613
10212	10213
29929	60717
23878	26225
545	64838	64839	64840	64841	64842
3377	10096	10098
2061	51707	51708	51709	51710
30328	30329	30330
235	20614
7167	24318	26999
6597	6598	6599	6600	6601	6602	6603	6604
6939	16889	16890	16891	16892	16893	16894	16895	16896	16897
5524	28551
223	31156	31157
3614	8274	14122	14123
24103	34357	71643
2572	18639	23060	28126	28127
4595	7992	7993	7994
2276	8274
66531	78083	78636
62084	62085	62086	62087	62088	62089	62090	62091	62092
4515	5665	49972
3614	12075	12077	67238	67239
36105	45217
11796	19637	20476	26560	56504
74075	74076
5665	60488
3092	19006	33176
1565	34994	35726	37300
1441	3061	16258	16259	58803
12726	36764	36765	36766
19956	31900
177	1294
9301	16268	59960	60355	60921	60922
2505	8713	13249
73854	73855
3369	26355	28210
3487	5292	22754	55256	55257
464	7284	17376	20524	22081	52954	62565
11288	28057	28478	28479
21987	22889	22890
1716	4147
191	241	5529	6260
5726	12078	43377
603	8432	8528	24016
12164	17566	43197	43198
1355	7969	11777	20408	20409	20410	57817
2803	5046	5047
7170	18561	18690	21819	34806	34807	34808
59043	59044	59045
12865	12866	12867	12868
1134	3366	14204	35892	60333	75633
12334	25197	25198
2421	9630	17394	31559	44278
1085	47562
27779	59460	59461	61432	68087	68115
16367	74845
56328	57868	57869
5372	29581
2406	6226	19472	21695	21696
5524	12356
462	1985	14128
7225	7226	7500
1231	1232	1233
9030	16495	20329	25741	53634
2165	5229	5230
7100	12177	13393	53837
11777	20409	23558
4549	10600
182	21869	22321	34607	40188	41967	41968
34069	36756
177	32657	32659
1191	4149	16446	28209
1090	6567	18455
6496	27883	34775
15109	47526	47527
18335	18341	18343	18344
5731	13394	13397	19368	54235
2380	6254	9622	9623
11670	50422
4207	6731	6747	7662	8018	18725	18726
4046	6938	18711	35036
1530	47753	48957
2687	6001	46313
14800	20038	20039	20040	20041
4049	48711
1305	6812	32329
1647	23170	23172	25396
25089	25090
2403	11900	33654	33655	33656
6212	9258	9259	9260	9261	9262	9263
13000	50744	50745	50746
8358	32025	36303	37391	37392	37393	37394	37395	37396
1324	1325	1441	35055
5226	7571	7573
62257	62258	62259
11777	20409	28691
110	1281	7407
467	1316	6288	16773	27386	37023	37024	37025
6496	17899	24321
76383	76385	76506	76507	76508
6664	10938	58008
16937	40403	40404	40405	40406	40407
12078	48432
1272	1275	29175
961	15233	15234	15235
17123	17124
2745	2952	4360	4845	8020	14919	17992	17993	17994	17995	17996	17997	17998	17999	18000	18001	18002	18003
1643	32805	73491	73492
16464	16465	16466	16467	16468	16469	16470	16471	16472	16473	16474	16475	16476	16477	16478	16479	16480	16481	16482	16483	16484
3834	6047
2699	9568	29873
3878	15123	40166	46754
3546	3741	37308	43483
40360	40361
4657	25113	25114	25115	25116
63443	73465	73466	73467
218	41803
6041	12838	12839	12840
14229	14230	68425	68426
3517	56587
16024	40684
12455	55120	65735	73972
3929	31420	44125	51977	51978
189	16191	19653	31348
1428	35283
18159	18335	18339	18341	18345	67221
7166	7167	46705
2600	4034	4035
54823	54824	54825
579	22749	51690
62166	62167	62168
836	837
20899	20900
515	518
14360	14361	14362
1565	28545
13427	14793	69386	78481	78482
13697	44210
1161	15443	77088	77089	77090	77091
3376	7258	18743	21798	22490	32513
79775	79776
14817	16854	37691	37692
3125	15960	15961	15962
515	8585	56159	56160
2744	3454	21491
15246	41037
10856	25924	42422
2406	11513	19472	36460	36461
677	678
1005	20118	62734	69365	69367	70706
2267	25334	60124	65039	78484
7100	12116
9855	16037	46149
11381	19588	19589
15723	28809	75395	75396
278	2664	2665	2666
1331	13392
80059	80060
31930	60014	60015
16305	35337	42529
2366	4385	25044	25492
1080	36040	46607
56682	58513	58514
1785	80490	80728
24218	34103	34104
4116	9131	26759	26760	26761	26762	26763
2101	17312	61952	65889	65890
2251	15840	15841	20219	59845
464	7284	22082	26658	26659
15251	32236
198	25142
16284	40495	54740	59206
738	739	740	741	742	743
31439	31440
4201	6974
48865	48866
2277	20935	25830
15222	15562	15563	15564	15565
7277	11347	32442	61154	64717	64718
159	3293	39231
19857	64049	64050	64051	64052	64053
30984	30985
12845	13801	13802	13803	13804
9619	10940
2213	36877
5148	7859	13774	38211	45735	73488	76162	76163	76164
375	18835	49536	72589
2272	21555	40061	49594
39781	61428
2360	2363
22981	29214
11736	18303
3367	3428
9970	9971	9972
9571	18680
656	4997	4998	19356
14347	33144	57922
4800	10791	40554
1020	30597
2074	80047
38105	72969	72970	72971
241	16979	29027	69222
6202	17277	49545	49546
22155	22156
2251	12018	12019	12020	12021	12022
76	259	31499
17643	59689	66481
12799	28863	79921
269	1076	20232	22492	22775	30197	30198	80373	80374
6819	26496
27401	27402
3254	35995	39170	64105
5889	5890
15172	15173	15333	44197
22704	41235
17960	33478	33479	33480
21133	21134
181	21522	25338	26552	63180	69464	77123	77124
57033	57034
3546	3741	20676	38114
6631	6633	12966
655	1480	16168
7624	22440
1534	6051	33025	33026	49566	62141	76572	76573	76574	76575
79825	79826	79827	79828	79829
2535	5651	5652
31945	31946	44705	52660	52661	52662
8381	67135
7648	80654	80655	80656
1417	16228
6841	10597	45368
12691	13051	13052
183	5614	17576
3689	3691	3692	3693	7482	7483	7484	7485	7486	7487
15789	21505	21506
2476	6284	7700	8111	8112	8113	8114	8115	8116	8117	8118	8119	8120	8121
30871	36462
1116	10014	31979	61988
14779	18109	21775	70175
75392	75393	75394
1530	3367
30949	57753
29302	29303	29304	29305	29306
585	40187
857	1994	34342	36924
9626	28476	45504
2850	7964	7965
39660	39661
14297	17148	39998	39999
7331	21719	56683
6939	64337
834	6995	8284	12807
55034	55035
3609	12973	29230
272	5244	5742	5743
20878	45656	45657	45658
2421	10415	10417	10418	10419
8073	19357
12294	23465	23467	31408	31409	31410	31411
19024	19025
76346	76347	76348	76349	76350	76351
7770	54328	70227	70228
18060	33461	43349	43350	43351
5622	6557	19110	19111
72676	72677	72678	72679
205	58559	75869
2378	20724	20725
34963	41441	53273	53274	53275	53276
1415	55147	55148
2698	2717	11445
12845	35544	36643
7125	25068	42152
43780	43781
633	799	2232
2923	9025
14964	74546	74547
3589	4554	20205	36731
834	10062	10063	10772
4399	5761	13319	38031
14292	54047
18506	24675	24676
11059	11060	11061	41234
966	54035	74316	74317
1097	1248
4608	65041	69174	69175	70901
31050	31051	48519	61003	61004	61005
42470	42471
11103	14128	26788
16853	16854
14357	19646	19647	19649	21305	21306
7026	25788
18443	64668	66281	75243
2439	9945
1202	11787	13665	17451
1864	1865
32237	33186	64385	64386
1138	13111	19914	19915	19916	19917	19918	19919
5529	14239	14240
28714	71517	71518
24062	31688
37580	39755
36777	43257	47514
2214	13898	32070
7258	7901	12617
18	560	6688	45455	45456
15783	47018	53074
19873	19874	19875
1480	2378	14503	16108	16837	19530	41647
8369	8370
9732	20569	20570	20572
1854	4527	10821
49489	49490	49491	49492
625	12413	15730	18690	38685
1795	8626	13545	14049	55606
2607	4946	4947	4948
3344	10277	13452	22771
2331	2332	3840	5464	10428
3881	5376	8571
1525	1526
3788	5431	10008	13370	14628
6399	28156
3723	46083	46084
26848	26849
4072	39907
2056	14467
24415	24416	24417	24418	24419
15012	42144	42145
8228	8701
2256	2257	2258	2259
18087	25655
736	9877	9908	9909
39713	46687
2547	5622	5737	9536	69245	69246	69247	69248
6496	35288	56759
38189	38190	38191	38192	38193
375	28532
26265	56862	61281
1753	25777	60550
518	3121
12178	24959	79500
2332	3367	3429	6633	7860
6757	19861	19862	19863
2375	11604	59302
66	18074	21243	24486	29438	29439
16710	18493	19511	25685	25686
13334	65194	74883
8177	32775
2360	2361	2362	2363
58009	58010	58011
49851	49852
15342	29790	32257	61915
1372	1401	2270	4960	10391	30952
10785	31720	80258
63770	64120	71143	71144
2244	16699	74247
1596	2790	3233	4480	7553	7554
78209	78210
16353	65398	65399	65400
3609	14934	57880
1752	79699
4546	20035	27627
11010	16291
419	1303	3604	79344
13887	15347
31642	63680	67002	70210	75899
12047	12279	50930	61936
2228	11458
11095	26207	40285
1989	46950	46951
24407	34417
46638	46640
7548	7549
1441	3062	14864	15025	56406	61766
2116	8937	28768	39216	44535
13608	36532	36533	36534
892	6618	23031	30333	30334
13471	29229	37443
6077	11480	24609	27575	31890	31891
20021	20022	20023	20024
2670	18217	28392
3006	10818	50735
865	870	21210	40774	53638
2709	5148	30338
1324	13904	14707	23170
5691	32566	32567	32568	32569
1116	1378	22202	22203
5854	28188
2277	37902	53507
16797	36663	74019	74020	74021
8003	29899	35588	51820
10832	54578
2700	3513	5201	19653
13249	42385
44997	44998	44999
16748	16851	22908	37218
259	18643	53875
3610	6538	6576	12324	12325	29926	29927
278	1191	9472	48629
80237	80238
108	2090	2700
17376	20524	52954	59888	60104	60544	69628
4312	26379
6366	9755
358	1994	5032	5744
69108	69109
1131	8421	41901
1196	7837	14860	28214	40620	43458
223	4770
32651	32652	32653	32654	32655
580	2055	4091	13515	13516	13517
1003	11653	45214	49328	49329	49330
2270	3247	12998	17710	22107
314	8113	51842
1000	9031
42429	42430	42431	42432
79369	79370	79371
5146	15796	39109	39110
5576	8226	8227	8228
358	1994	17989
655	13393	16110
7771	13562	15173	16422	44565	46567
1371	4444
52509	52510	52511
352	2028	34752	35415	35416
2421	17394	19699
6841	9211	16024
1416	11670	45882
2263	27110	27111
8622	8623	17603	25502	32496
5633	31004	39494
5735	11392	18443	23759
21545	34308
24921	29730
6560	13459	29409
39080	40725
711	10037	15535	41361
1065	10080
467	494	28544	59149	59150
81	2904	9040	9041
8193	22952	27060	56191
2311	2312	2313	2314
1118	28026
575	14947	15340	27741	27742	61650
11591	27817	55801	67222	67223
5593	10982
10472	10473
21897	41064	41897	41898	41899
697	51961
63888	63889	63890
948	16980	27200
15843	44468
29410	29411	29412
48420	48735
28786	36761	36762	36763
5161	42918
16678	52410
14496	50350
10807	52032	52034	78454	78455
4489	9339	26691	60246
29456	45962
1488	1489	1490
6496	16674	16676	16677	33400	62613
6496	31962	36960
486	49334	49335	49336
23851	33923
6496	15141	28985
2588	2589
2178	32888
2018	38685
708	9624	10999	30243	39726	53911	53912	53913
30072	30073	30074	30075
3546	32167
3654	3655	3828	6965
4940	42143
93	2276	36569	67130
13657	18668	18670	54978
7805	16614
1723	8131
13030	14991	16592	70842
177	22647	56428	66475
46863	46885	48691	48692
21140	21141
58121	58122	58123
73895	73896
644	37839
16640	21296
13030	15811	15841	16317
35581	35582	35583	35584
21367	22644	59753	59754
48266	48267	48268
13404	54763
6496	29550	29551
14351	23670
90	2699	17900	29784
24921	24922
1076	29102	29104	46729
3935	51042	51043
18658	19552	56685
198	17483	23338
1000	12342	24219	27515
21997	66043	69001
16950	22093	22094	22095
1097	3920	26910	42459
8040	26336	26337
2120	73136	73137	73138
30430	30431	30432
3196	13486
4625	46186	46187	46188	46189	46190
9112	13155	48481
12905	17229	17231	29049	58474	58573
32369	44594	44595
1291	17190	58916
5596	26503
28151	28152	36913	36914
1138	7787	31053
487	8358	44417
11857	33225
30040	30041	30042
1291	1293	42853
76113	76114	76115
56769	59872	72143
11251	55904	55905	55906
1252	21494
21977	21978
1403	58355
2179	13393	17016	17017	75093
11172	79905	79906	79907	79908	79909
73773	77493	77494
10581	62227	62228	62229	62230
4265	14611	16567
4309	17281	21440	21543	25940	25941	25942
3233	19181	19184	52092	52093	52094
14471	40340	40341
1482	16777	20300	44995	44996
3832	8083
28371	28372	28373
10290	14566	59547
17606	53419	55653	55655	59864
4071	5735	7970	19118
7958	65137	68723	68724
9861	35902	35903	35904
44502	44503
14595	44133	44134
7934	7935
6191	6192
202	37750
2946	3593	7506	28490	40506	47747
9245	9246
14291	14292
10134	22443
38809	53418	53419
2682	15233	39038	61192	61193	61194
24216	60690	60691	60692	60693
43766	43767	43768
25686	65859	65860
175	177	623
1892	8704	9270	11482
94	5176	7030	42279
23834	23835	23836
1039	17415	19366	56796	64078	71359	71360	71361	71362
655	6932	12236	15152
16928	17087
11555	21346
2169	10142	10261	17470	24688
1115	1116	1117	1118
16245	26968	49159
2942	7093	13134
5338	13864
50262	53839	53840	53841
3562	37516
7006	28817	28818	28819
7763	51146
5823	5824	5825
7833	70419	70420
916	10616	10617	10618
22715	22716
27634	39817
14241	14242
1600	2305	2306
1955	18644	18645
1785	1786	1787	4396	52864	52865
1191	8313	12455	38462	52295
2028	3416	41914	60610	60611
6633	54173
259	2406	66780	70477	77822
8685	8686	8687
7545	27022	29874
32	14620	36176	56987	64083	64084
1565	49508	49509
1414	1734	22562	24598
5735	7258	38873
916	10618	12698	12699	12700
2607	2609	6001	32672
1866	11776	11777
488	1076	2270
23549	23550
2356	8714	16542
5425	15988	46495
9920	9921
799	21178	38818	38819	38820
634	2066	2699	3902	12962
1600	3242	9519
2243	15504	26749	34785
38604	53767
977	2572	7403
13426	13427	13428	13429
1131	2913	23346	34006	50426
12235	13282	17221	64974
2068	2069	2070	2071
5115	55703	55704	55705	55706	55707
71506	71507
6083	6084	6085	6086
2087	2089	24141	37122	37123	37124	37125
41314	43523	50267
2685	2686	2687	6939	15753
2698	59508
14496	41669
10938	20635
321	2952	6916	12101	12102
1325	14567	15615	26384
30381	63271	66788
29056	29057	29058
94	230	5148
94	7536	13751
1240	3540	19992	19993	19994
37878	42992	58421
2320	4344	9120	12587
891	892	893	894	895
16691	32277	33511	33512
42853	70924	71598	71599	71600
1662	1665	51711	51712
80255	80256
3730	11184	11185	11186	11187
24120	38391	48855
5593	53842	61238
2441	4271	37158	46105
42244	42245
6405	79675
8083	31024
11759	19168	33561	45050
4416	44127	46081
4092	34650
3884	4600	79377	80349	80350
43971	76863
2775	10859	27671	62809	77199	77200	77201	77202
3675	8323	52010
1124	4302	25343	25344
1299	17435
1736	3242
227	3366	3367	3429	6633	7860
14446	34849	55213
1233	47226	59812	59813	68227
2376	15902	18505	18506
18334	24547	24548
8724	8725
1565	7860	30271
2809	6440	59576	68358	68359
7956	12178	38444	50335
797	5094	5095	5096
15675	20138	50645
5419	10158	78021
8960	16848	35230	35232
35825	49429
193	194	195
4300	77387
12474	13132	16367	17761	41692
3528	3529	6791	50427
285	25974	25975	25976
7713	55073
1499	39680	47622
1991	1992
12208	12209	12210	12211	12212
2376	4385	23996	61479
34172	54215
31803	33071	65270	65271
43513	43514
9699	9700	9701
27299	27300
9301	12837	33258	33259	33260	33261
4822	20786	22365	34813	60776	60777
7700	48914
515	15678	56838	58917	65926
3424	3425	26338
25844	56811	70191
8622	17601	17603	17604
2272	9350
42794	52667	68485
9619	36853	47423
3397	3399	44629	44630
515	516	12279	16106	16173	31967	31968	31969	31970	31971	31972
67749	67750	67751
2011	17986	17987
44687	44688	80493
5056	5057	5058
80249	80250
1848	21253
2232	9843	27566	30421
9843	11544	57580	70557	70558	70559
16495	34642
1240	5008	16642	48517	48518
6304	27491
62865	62866	62867
12653	12654	12655
5229	46365	46366
4755	4756	4757	4758	4759
17224	17225	17228	61640	62418
15749	35727	63876
8993	16245
11401	41258
35652	46497
3663	11387	36907
12609	27117
10450	38927	38928	38929	38930
16024	38067
23575	29858	33535
679	62645	77015
12957	50174
11796	12491	12492
2448	65864
181	1600	2270	21835	21836	21837
876	877	878	879
7350	14743
625	5672	21355	43196
4014	12009	12010	12011
22253	22254
2074	14724	14725
11423	12115
3449	33367	33368
196	2247	11605	12881	17410	42065
33737	33738	33739	33740
14574	16748	29771
6605	6606	6607	6608
35697	46459	46460
59015	59068
2059	4106	5731	19368	55434
8215	36328
2319	48408	48409
49833	49834
3044	7661
7052	45142
2366	15501	15504	16068	17045	17047
3773	30445	39055
1281	36899	41041
16211	34949	61041	65939
678	7820
42017	42018	42019
1084	27916	40458
44563	64409
16638	23202	25643
31740	31741
9514	11592
106	2251	12019	15841	20219
15676	15677
1993	25998	33690	64201	66210
7536	46136
3941	3943	25303	56230
13283	69642
8947	13648	17349
59275	59276
1645	1647	15013	22650
15983	16563	31046
6440	49680	49681
16562	19040	37746
11484	16403	16623	63160
1530	20615
6823	25094	25095
217	2272	2710
69394	69395
2492	22496	22497	22498
1490	4502	4503
74427	74428
10954	20878
305	306	307
558	20324
2709	10325	37103
34586	46107
78466	78467
4687	12585
41825	41826
4210	13494	17289	75695
515	2259	15597	16300	30783
42152	46509	46510	46511
12566	55055	55056
22982	22983
14297	78587	78588
913	944
52927	70194
12	22446
67445	67446	67447	67448	67449
1558	17410
659	20837	23615	25918	30419	30420
13631	14270	14271	14272
730	731	732	733	734
36818	36819	39384	43998
11076	21806	24437
1233	9695	59797	64000	75035
2910	2911	2912	2913
1946	1947	21862
75615	75616	75617
1355	3730	13397	17701	25973
37945	47319
11283	42281	66600	66602	66603
1281	6259	49209
3366	6400	9379	58046
4246	24281
1707	2018	8393	19116	19117	52715	52716
256	3041	9122
40651	53923
23047	23048	23049
4476	7712	17128	17129	17130
3367	3369	6065
71238	71239	71240
6082	8463	15129	32102	51134
3430	22427	22428	22429	22430	22431
33212	63508	63509
12863	43039
49	32405
12855	13413	13414	13415	13416
4507	14519
4312	25086	25087	55757
14297	39998
4739	6042	10340
76963	76964
127	17161	18646
8104	23459	23460	23461	23462
35568	35569	35570	35571
60	575	1292
8463	32102
3138	76178	76179	76180
38658	47810	47811
11900	34959	45436
17372	18700	18701	31922	31923
5644	54982
27831	27832	27833
166	15948	21392	22027	22123
9141	17544
8751	8752	8753
2585	30682	37799
11589	13102	13103
2028	5092	13514	54491
1023	4010	4011	7279	33429
17594	17595	17596
14221	14222	15561	56259	56260
1534	4799	5633
80175	80176	80177
1453	3882	6994
2264	2267	15001	26447	43952
13511	13512	28572
67771	67772	67773	67774	67775	67776	67777	67778
3593	19986	19987	20672	23586	23587
22067	52981
13150	27066
4487	30632	30633
69190	69191	69192	69193
9072	45708	55646
22087	22088
5244	43558
4260	4261
968	14049	55637	70208
5803	5804	5805	5806
15572	31501	55986	55988	72195	72196
35365	52074
917	918	919
39389	48468	48469
14433	14434	14435	14436
17729	17734	31228
11068	62910
919	940	977	12473	51843
10237	10239	61469	61470
47912	47913	47914	47915	47916	47917
22841	27588
12	16487	57248	57249	57250	57251	57252
2421	3982	7532	17394	20258	23516
2954	10103	10104
1005	1116	5368	7901	11424	11425	11426
30057	30058
4589	4590	4591	4592
8880	14774	14775
21171	21172	21173	21174	21175	21176
1054	1647	11839	19707	26921	26922
25923	25924
6481	14385	21692
5609	41637
14898	14972	37513	46568
78276	78277	78278
16928	61442	68456
14856	15173	41453	61509	70357
45061	45062	45063
47092	55999
11839	16445	18406	61495
15022	17221	55874	63757	63758
657	9901	18952
2277	52171
21271	21272
2863	2887
3855	13873	55640	55641
8879	12910
11382	36794	36795
45446	45447
425	427	11475
3882	6354
1866	18461
2094	3810	6118	6119	6120	6121	6122	6123	6124
3818	3819
2842	3567	11311	15938	38129
54559	54560
18997	19000
18701	19441	27552
7986	31236	55664
78988	78989	78990	78991
43515	43516	43517
466	28577	28578
1414	29783
5410	15994
533	7715	14415	15411	25844
1303	5899	15687	16370	21819	21820
2305	15462
10579	30651
21307	21308	21309
36492	44449
2470	9957	14394
4399	17024	17716	58168	58169	58170
14222	15475	17187
11682	46424	46425
32648	32649
6931	11919	11920	11921
12646	36828	39628	49219
55364	55365
259	4545	9301	22569	22570	22571	22572	22573	22574	22575
32154	40888	40889	53698
8892	63107	63108
2087	8115	13828	13829
74048	74049
21084	25051	25052	34383
13838	13839	13840	13841
139	45739	47126	52975
23890	69399	69400	69401
2894	2895
3982	15808	23613	44765
10903	15517	16175	22937	64347	64348
25366	36488	39962	39963
2687	28335	41743
35477	35478	35479
18060	21301
15839	74634	74636	74690	74691	74692
18802	18803	18804	18805
29436	35500
12211	12212	15675	39450	39451
579	26174	29214
56084	65366	65367	65368
373	3247	22106	22722
27985	27989	43387	43388	43389	43390
7428	12413	64836
467	6288	24241	55157	55158
6040	6956	57906
1177	58418
7969	22122	33386	39429
65	2166	30922	30923
3397	3858	8913	15191	15280	17141	22246	68057
8617	8618	8619	8620
12235	12990	31152
2647	76142
11837	38211	41647	71493	74226
1833	18969	18970
6835	18583	37650	47883	47884	47885
8717	25611	25612	25613
1563	2270	8288
12103	18275	66328
2055	6142	27066	30378
135	6110	6111	6936	39755
2497	3991
13320	78134
4037	4038	4039	26704	39309	50103	50104
15526	15527
1401	4450	18272	18761
2377	11434
1690	4301	41775	44533
14793	68596	74958	74959	74960
9515	19345
11764	11765
37046	44463
2687	3844	28335
15746	15747	15748	15749
3118	4611	41506	41507	41508	41509	41510
2024	2269
35472	64065
100	101	102	18657
16177	68530	68531	68532	68533
1565	19883
41480	61958	61959
1765	37030	51226
4068	6447	11437	34133
28829	28830	57833
7098	63878	63879	63880	63881
1054	1440
136	137	138
698	18848	29915	29916	29917
13393	33518
19273	19274	19275	19276	19277
3773	30445
35061	54523
2987	30035
13150	15268	22637
2265	2266	12646	38310
1235	16422	33346	33347	33348
367	5012	9275
352	35558	35559	35560
1196	3800	4557	43042	43043
2984	9120	10253	18955	56523
3099	11779	13187	30512	46099
11191	11915	49703
21047	23348	23349
1447	1448	1449	1450	1451
19317	19318	19319	42643
3919	3920
1065	3675	15841
14577	43003
11010	69569	74417
7236	22972	33363
9496	14898	65136	65137
21362	27813	58413	60740	61257	61258	61259	61260
36818	55773
4331	10669	12413	21552
1259	18319	19605
66266	67034	67035	67036	67037
2680	39038	44732	52946
4546	20573	40708
90	13521	20924	30740
211	25663	25664
35487	71658	71659
73504	73505	73506	73507	73508	73509
6074	12327	19435
256	6638	27717
2682	11954	13711	41178
28896	48593	53251
3265	20071	65525
2820	2821	2822
61309	73456	73457
9282	40834
43581	48470	54743
14895	28696	44198	48031
11433	11434	11435	14991	15189	70020	72023
9415	58108	72311
14749	15141	15336	15337	15338
223	1733	1734	1736	3242	7787	11844	11845	12882	22849	22850	31310	31311	31312	31313	31314
2245	2246	2247
1382	33986	47348
1005	18442	18443
110	8422	8424	30654	41391	41392	41393
21466	39076	39077
8625	8626	8627
19956	62208	62209
4720	18256	19435	28423
1401	30478	61172
42264	46145	46146
3057	3980	25542
1310	35268
12150	12151	12152
1535	24202	63615	63616
7114	25403
48769	48770	48771	48772
11258	13466
6129	7520	26409
43300	43301	46935
15983	16564	24354
66435	66436	66437	66438	66439	66440	66441	66442
65616	65617
8541	14922
15687	32853	32854	32855	32856
3939	6746	13397
1453	2232	6909	47436
1763	26556	30788	30789	30790	30791
1132	6967	57598	76874	76875	76876
15808	30669	52479	68615
24120	35160	35447
3187	3188
12897	44647	44648
11777	21920	23022	28502	52284
6543	9048	14144	20000	23035	31268	37054	59832	62900
12651	13835	13836
35325	48151
11570	37503	37504
556	6754	8556	64851	70952
7196	8845	55508	55509
1765	7308	7309
1596	20205	43530
71446	71447
15706	18877	56574	56575
13439	13441	73312	73313	73314
12962	16191	25386
61	1396	4866	19796
51140	51141
63729	63730	63731
9943	12355	19757
12624	12625
13973	13974	50205	50206	50207	50208
9270	11482
21780	21781	62330	62331
1053	20040	37270
46318	46319
5868	53850	53851
2209	14790	14793	17325	17326
2272	3369	20762
6997	7448	7449
348	1600
29949	36989	46892	46893	46894	46895
787	788
14898	35912	35913	35914
1874	5800	7756	19146	22989	44452	50134	50135	50136	50137
9376	21944	63126	63127
4008	4009
2850	29567
2253	21178	22401
3568	53439	53440
1440	11351
5148	63604	63605
2677	11283	54136
4546	5206	23981	49820	49821
2305	2306	15462
4225	12412
1324	1383	14565	55868	56870	64994
20287	22056
34894	36777	40538	40539
62708	62709	62711	67009	67010	67011
17170	17171
36238	51033
15893	15900	43628
64575	64577	64596	64632	72731	72732
464	8737	26900	52686
29	1752	6823	10936	27293
3196	13486	13600
12406	14312	15879	15880	15881	15882	15883
27042	51417
5116	15936	20732	20733
2253	21481
2015	15329
18198	18199
17766	19946
234	266	348
185	7994
29	5854	25777
16623	48515	48516
2270	6760	24305	31464
2259	17884	18513	29343	41830	42790	50032
6071	6072
4301	6778	8250	51611
3773	44003	45881
19538	24701
266	22426
14817	20878	21678	22293
58099	58100
17422	17423	17424
34958	72427	72428
8873	24543	60688
25366	31155	42134	42135
2253	2374	18033
433	758	13533
14667	15049	17000	30047
30271	66820
14648	31467	31468
8633	24053	57585	57586
2358	28982
7384	16259	43632
23183	70176
116	25888	65000	74406	80348
8	5116	20733	21430	30367
2244	6440
1789	13600
4265	7350	14611	36679
8327	33335	33336	33337
1138	3242	12787
10218	37897	68623	68624
1191	10089	27524	36583	38639	44707
34598	34599	52498	52895	52896	52897
36040	36692	36694
27053	27054	27055	27056	27057	27058
12821	17853	24838	24839
17766	36003
29011	29012
223	1733	1734	1736	3242
5386	35678
135	1191	4068	8250
2662	2663
931	3241	3242	23237
1054	1325	1440	39769
16671	24506
158	5430	5431	10005	10006	10007	10008
578	1546
2740	2741	2742	2743
1707	2555
14496	35824	38179
46086	46087	71513	71514	71515	71516
21506	31431
49	14991
8660	55594
12295	40720	61599
486	487
854	4997
3061	7385	14864	22126	28091
805	808	17504	36905
1793	2514	2515	8123	8124	8125
8873	11326	59736	59737
14269	31514	34133	34134
2063	11242
16952	41346	41347
11675	12703	25479
30590	30591	30592
1316	27612	35980	35981	35982
36186	36187
1383	34095
62052	62053
181	2421	2904	9040
966	7277	11347	57605
64800	64801	64802	64803	64804	64805
19707	26921	65963
13956	28085	30885	65224	65225	75666
12	31718
36007	63567	73876	74104	74105
2209	13642	15839
3446	6847	54083	54084
6236	6237	6238
16595	43841
22888	34404
14952	29318	29319	29320
1403	2228	2253	4147
7167	7275
5148	13138	47553	62770	75985	75986	75987
21362	21367	22644	27116
14230	68501
12990	15291	25356
1528	1529	39166
181	2948	29844
1801	1804	5494	5495
854	1756
2378	7268	12762	12763	16837
966	1691	4460
2074	9423	9426	16947
24237	58253
43074	43075
3445	13948	24441	24442
72728	72729	72730
256	3041	6103
14133	14134
1065	2331	2332	41710
4370	41089
35478	38067	49827
8075	17677	26199
8474	12405	14310	14311	14312	14313	14314
24105	24106	24107
6436	32477	69099
2726	2727	2728	2729
3241	3358	3394	79610
7668	11367	13293
10623	10624	10625	10626
61661	61662	61663
2201	41853
1161	14829	15671	18480	18481	18482	18483	18484
10438	40616	40617
2272	8713	36744
1607	21373
52101	52102
2987	42179
1947	75697	75698
59667	59668	59669	59670
30996	51267	77448	77449	77450
12	14876	14961	16928	30754
22305	44288	48972
3940	38113	48620
3374	9017	10298	33225
2441	38408	54426
17098	73157
30311	30312
3858	14760	18462
58901	58902	58903	58904
991	5619
73064	73065	73066	73067	73068	73069	73070	73071	73072	73073
3061	7384	53589
6743	11440	35194	67453	75858	76099
17653	21167	51861
179	3470	8760	14627	18817	49150
27243	27244	27245	27246	27247
5463	13670	22187	53568
14938	15742	41895	41896
5476	80306	80307
655	7268	9392
1679	1895	16928	36485	36486	36487	36488
2842	29673
4553	6916	7594	9509	21842	25223
17927	70643
35517	38660	47483	47484
11258	24254	28553
234	2263	6025
3297	17383	28991	30028	40769	40770	40771	40772	40773
20183	20184	20185	27285
4971	6949	6950
7258	19614	57192	57193
4312	8443	8444	8445
58468	58469	58470
37361	40667	41978	41979	50140	50141
1302	18519	33809
17886	17887	17888	17889
110	6212	9262
71800	71801	71802
34418	34419	34420
7221	12461	45870	65514
1076	30198	56007	56008	56009
452	1191	16171	16172	50883
1534	3011	23887	34227	46684
6040	18762	52928
16094	35206
12	1039	56942	69790
655	11279
44384	44385	44386
3529	19882
6447	38090
90	20794	21044
15731	26829	28186
77635	77636	77637	77638	77639
223	6747	7012	20132	20134	22562	31238	35845
1515	3654	4195	8139	8140	17281	17282
5686	17450	42726	42727
7329	9916	23850	23851	23852
14436	16653	41050	44068
11555	34660
18256	33248
30093	30094
19551	19552	43897
3287	3288
408	1008
23431	32195	32196	32197
40559	45819	45820	45821
2261	44344	73887	73888	76057
2423	3099	13719	24574	28187
9681	9682
183	3091	14764
6939	20237	49897
65404	65405
22105	35160	39282	58012	78225
59780	64333
3884	5443	45490
2332	20040
17567	30345
1515	22901
12337	12338
2396	13081	13082	17152	39421	49310
20430	27696
34818	34819	34820	34821	34822	34823
13349	24029
31578	77651
363	365	27281	27282	27283	27284
1441	42295
14749	16800	26965
2687	3477	6939
2375	3538	6287	14239	20718	29775	29777	29778	39974	39975
4068	13737	13738
4425	40559
5116	17449
10527	10531	26896	70463
7540	7544	7545	17610	17611	17612	17613	17614	17615	17616
4655	7505	8232
1396	21271	24445
21876	71570
5499	11134	18908	18909
6002	17882	21167	50247	50248	50249
259	3449	3809	5138	6287	39904	39905
29435	29436
3098	3180	8764	40420
1235	2259	17082	46586
28100	28101
47652	47653
23731	23732	23733
1192	16522	16523	63678	63679
2018	4025
7167	30850	35585
968	2376	9270	9350
18642	73431	73432
22895	22896	22897	22898	22899
31847	31848
3374	4569	27118
23689	23690	29183
5357	80063
1139	31563	57692
14817	16854
3541	18967
181	9630	22321	22322	40427
17761	57098
20409	22630
2244	16161	16590
2021	2505	4731	18069	27362
14876	14959	14960	24376
5464	10429	26952	65173
352	2294	7656	34752	37242	48452
63978	63979
8858	40393
1008	2555	18150
835	3586	40377	46055
26906	29797	29798
14829	15443	17779	20818
24524	24525
1193	38307	50482
4545	23220	23650
247	2061	3233	4106	4517	4799	8770	10134	11330	18275	22205	23548	24032	24551	29468	49073	52969	52970	52971	52972
339	340	341
33641	36393	36394
2363	10009
4208	4637
23855	23856
9185	17344	17345
19498	30806	36777
8284	18539
2116	2320	3513	4344
8712	13746	63654	73505
66295	66296	66297
17349	56452
9515	25772	25773	25774
13602	13654	18693	60643
16397	23107
14710	14711	14712	14713
17808	25928	25929	25930	25931
1565	1566	4271	44683
41174	41175	41623	47425	47426
5644	28092	34868	48971
3980	9969	17970	23750	23751	23752
11601	15239	40304	40305
59065	59066
1598	10577
2263	2599	31957	31958
48509	48510
6222	40092
17566	19563
11796	17049	66102
3935	6276	35630
26249	33396	33398	33399	40320	40321
7026	13731	78938
4371	18138	18689	18690	18691	18692
1202	31721	41629	50917
9732	9733	14449	14450
3773	45221	45222	45223
34069	46905	54771	54772
16389	71372	71373
1349	12213
24595	24597	24609	31701
2228	11418
17925	60877	60878
42756	43494
56171	57330
3848	7280	10351
14566	14690	16649	16651	55449	67086
1600	18313	24002	59743	60367	60368	60369	60370	60371	60372
1713	1714	4533	4833	11151	24728	24729	24730	24731	24732
6077	6078
159	3293	35500
21221	21222
1383	1828	68709	72325
11367	13993	35729	53651
6731	6733	7037
71205	71206	71207	71208
1106	54941
3399	18225
34712	37911
4587	30772
2272	12461	33230
37358	37359
10704	31129
25935	42693
18793	18794	18795
1005	7933
7496	8819	10622
51083	51084	51085
2363	49404	49405
2257	2258	2259	36214
820	3940	16855
10344	10345	36468	48188	48189
1378	2542	19857	26027	59552	59553	60061
6440	48055	48056
12295	65310	75353
11480	31891	52240
2204	2205	2206	2207	2208	2209
11270	23307	57238
655	2934	9548	15152
1084	35162	35163	35164
466	12780
8713	25333	61110	65269
5141	18107	37360	57735
11213	21569	56091
7952	38856	67989	70188	73283	73284	77102
16302	16305
3329	8069
6578	31501	72251	72252
18586	35776	59783	70994	71387
40400	40401	40402
1480	64501	70187	70188
2449	22788
27013	27014
13793	18966	20312
4813	12540	13013	21077	21664	43633
6441	6442	6443
1076	5899	7161	59076
1351	2669
12235	64156	71045
710	7277	35176	78900
12447	12448	12449	12450
19284	20623	64292	69379	69380
2320	2456
712	1120	51470	63794
44725	55433
25360	37230	37231	37232	37233
10938	13566	20684	25971
3358	3394	3573
10239	12869	24794	74671	75040
17940	24524	56652	63951
3810	3811	30795
3006	10818	38387
14317	64898	78353
67833	67834	67835	67836
6692	23137
2503	22470	34144
18241	18953	27567	29999	30001	57645
575	35484	37533	47896
15001	16690	26952	66178	74966	74967	74968
9401	14626	16661	17049
453	35503	62792	62796	65793	65794
3653	37196	64920
13258	67137
21	2276	39338
13793	20312	29488	36403
3935	13910
32590	32591	32592
33544	33545	33546	33547	33548	33549	33550	33551
30964	30965	30966
16034	27000	74604	74605
73889	73890	73891
37914	42467	42468	54412
2376	2378	3369	16962
106	5963	53335
3773	30445	49973
14412	15020	24493	34845
5102	21415	21416	21417	21418
6374	6375
1065	3675	42539
4302	34569
6750	6751	6752
902	4574	4576	4581	6414
68243	68244	68245	68246
15531	47160	57796
27382	27383
19712	20934
5166	11367	13293	44204
7167	53712
1985	3532
5824	13810
1125	42536
39115	39116	39117	39118	39119
6146	17740	17741
1191	6778	8250
17000	23242	30047	31520
466	4655	5448	5449
165	23202	51568
10070	13793	20312
9608	53939
23114	23115	23116	23117	23118	23119
2272	46527	46528	49512
54790	54791	54792	54793	54794
1192	13708
12455	67219	67220	70670	75976
72893	72894
3792	8712	8714	22304
854	1756	2066	20989
499	17760
2193	79502
6255	19759	28279	28280	28281	28282
18272	23622
21854	21855
8238	43278
9540	33526
22841	27587	27588
1497	5253	8329	66627	75584
1694	4014	16508	27555	55367	55368
63852	63853
2850	20055	22606	22654
3730	22916	24193	24194	24195	24196
2437	66526
1515	2555	3654	6586	10961
18677	18678	18679
9945	14486	15218	38631	39291	39292
892	6618	23031	30333	41700
14714	14715	14716
2209	12639	15022	15501	15502	16789	17927	57919	63764	64139	64140	64141
3730	13660	18982	75664	75665
71936	71937	71938
139	1372	3708	28913	63924
6043	20719	54776
20434	20438	26011	26012	26013
75	19124	27724
13551	14525	28656
18699	18700	18701	20933
14149	15954	60063	73371	73372	73373
27627	79217
259	9696	10063	15912	19025
13383	40906	48590
9852	11242	11622	20322
4116	19641	25549	25550
12994	13909	15125
13551	65578	67733	67734
9732	9733
8704	43100
1039	15828	15829
1714	4533	4534	4535
58645	58646	58647
5940	31669	31670	31671
17008	21134	74523	74524
22910	77970	77971	77972	77973
3118	5386
14115	60582
8937	28768	29663	29664	29665	29666	29667	29668
14898	21086	30662
26822	39320	45814
1765	37196	37710
69499	69500
15088	51050	51201	51202
181	182	183	9630
2272	9349	9350
3878	39493
6941	6942	6943	6944
15731	22465	22466	30018	30019
1289	14939
6082	15129	19832	19833
1647	23173	59769	59770
13473	60864	60865	60866	60867
63708	70511	70512
22996	36941	37528	70139	70140
715	2364	2487	14275	38773
41734	51268
1280	1281	28894
574	575	1291
11635	11638
3982	7045	13788	22775	24480	42082
256	9175
72684	72685	72686	72687	72688
15717	15718	15719	15720	15721	15722	15723
1441	32777
18220	73277
179	23848	23849	46109
30416	30417
4808	4809	4811
3524	77362
11708	11709	65295
3397	3858	18462
80697	80698
14972	15996	56767
6496	27502	53622
2184	16565	30325	35825	55981	60951
13428	14222	15831	17077
16099	40890
7728	57100
7205	8000	21115
278	2666	3417
8274	11914	56958
16367	20711
1326	1441	54148
58264	58265	58266	58267
19602	21775	26993	26994
2398	13079	13082	47632	47633
2497	20401
3808	19524
6688	21625	21626	21627	21628
12438	73555
39260	39261	39262
21602	21603	21604	21605	21606
6496	31900	36960
2398	13081	13082	23669	54280	56108	56585
3113	13000	37966
3338	12471	12472	33645	39287	39288
6040	13785	13787	23789	23790
45880	47870	51955
43408	43409	43410
3844	8293	10798	63662
828	829	830	14393
4034	4035	42546
4553	6071	6685	11673	11674	17928	23184
715	1076	10142	14014	17077	60016
2272	9224
3309	5546	58800	58801	58802
5832	5833	5834
6298	40331
1848	21253	26410
658	1673	5201
452	453	6934	6935
247	931	2061	4289	19272	24759
20329	64849	68216
2260	2262	2263	2709	27111	49496
2435	9928	20066	71490
22134	22135	22136	22137	22138	22139
55204	55205
2770	38908	38909
24828	80267	80268
24232	24233
63152	63212	63213
28044	28045	28046	28047
854	37635
18658	18659	18660	18661
11103	11921	20800	23871
223	5720
8889	13781	31898
3941	3942	3943	3944
3375	7415	7416
2902	42097
1441	3061	7385	14864	14954	17064	55520
223	247	1138	1733	1734	3242	7008	7010	7011	7012	7013	7014	49151
5554	77404	77405
12455	21411	67219	72964	72965
7573	12938	12939	14830	14831
53585	53586	53587
13099	20702
14790	14794	24307	29644	31501
15438	17262
1733	1862	1863	30560	45136
179	64790
789	790	1162	2985	11545	29195
65905	71440
18478	18953	27186	29999	30000	30005	61092	61093	61094	61095
6166	6167	6168
14790	14794	14991	70899	73871
2363	42149
224	7011	19597	19598
5608	6400	14804	37777
2421	9630	53853
6878	6879	10784
52365	52366	52367
29739	30998
2043	10771
8894	37526	37527	37528
22844	27239
10246	47992
74470	74471
13499	16879	46369	58766
4147	13577	14284	67655
76383	76385	76416	76417
1133	54906
108	30881
7869	11318	57323
22029	31768
4014	10099	58624	58625	58626	58627
6991	6992
21842	31005	31006
38514	38515	38516
5761	17562	22031	32371	38031	69413	69414
14341	14342	14343
314	12466	15637
21142	76318	76319
1643	15496	33358
15640	78547	78548
6918	32712	32713	32714
15012	15334	16943	53381	53382
10581	42645
13963	17483	27994
44883	53262
7046	10294	28365
41375	41376
910	27571
36932	53207
1161	5459	44449	45744
5582	5747
2470	16142
774	61015	61016
578	13898	15129	17380	20808
1195	79324
516	655	24270
64680	64681	64682
14615	44974	70352	70353
19074	34468	34784	53678
39243	39244	39245	39246
4505	15902	17538	48201	48202
5524	51249	51250
16367	47993
29080	29081	29082
1563	9430
177	18647	22647	36562
6074	9072	35194	53456	57942
32798	32799
7638	39548
2623	32885	49674
3788	3792	44175
7787	61078
21780	21781
12848	12852	14749	15141
35138	37523
13335	32102	63648
31200	31201	31202
10365	10366	10367	10368
43622	43623
4115	30105	52277
14777	65273	77614	77615
15573	15574	67384
10553	16828	31034	31035
940	2043	2710	25730
4505	4507	12868	15902
6494	40462	40463
64746	64748	72661	72662
3490	3491	3492	3493	3494	3495	3496	3497	3498
2307	17006	19142	21297	22725	58706
61293	61294	61295
40229	43560
9241	63219	63220
3724	8760	60864	64047	73705	73706
12	22446	38430	66161
2326	3589
445	60532	60533	60537	65696
100	101	102	103
3425	7277	11347	74716	74717	74718
8249	17385	45576
6496	24609	45274
2055	22285
1039	53461
4089	13482	78102
46180	46181	46182
8641	17947
586	35730	37066
5370	5371
5215	5216	14569	14570	14571
12079	12080
14688	19777	19778	73421	73422
1357	1403	4147	8682	43537	49421
311	6852
14242	47809
7571	7573
5855	5856
11950	45700	45701	45702
9205	20746	20747
2540	2541	2542	2543
10749	40422
260	4060	8641
8184	8197	18335	23703
5176	6576	7030
1007	20038
5402	14050	14051	14052
10532	10533
37480	43738
5526	6388
10538	12239	31188
69773	69774
15586	35213	35214	35215	35216	35217
1421	1422	1423
11839	14567	15615	16140	21997	34721
3309	58800	79918
79849	79850
1034	1035	1036	1037
5383	10908	24856	37363
9746	27236
12044	12045	12046
14089	70509
1734	3242	22638	31313
275	34569	36647	42138
3844	25610
799	6226	20936	25979
53282	53283
4005	17829
2850	9401	16288	16289	23241
3099	20037	42306
908	909	910
4266	4267	4268
107	79403	79404	79405
181	17190	18773	26702	26703	26704
12225	44423	44424	44425	44426	44427
2100	2101
1737	6081	9121	63838	64270	72986
12213	22238	22239	22240	22241	22242
21793	36946
17754	24587
2247	19448	19461	19462
62155	62156
15303	18808	21015	56619	65280
54228	54229
24039	24040
2385	2386	7078	47548	47549
77629	77630
17121	24795	33060	33061
4546	49026
2304	6195	80409	80410	80411
20607	66898
2065	4997	8783	11545	23261	45216	46335
15166	16564	21673	21674
5306	5413	9801
1372	3982	7045	41936
378	6931	18694
1732	10634	12633	43316	43317
14415	35937	69804
59207	59208	59209
57199	57200	57201	57202	57203	57204	57205
240	17964
77340	77341	77342	77343	77344
21613	22262	62134	68713	68714	68715	68716	68717
1324	13904	17774
19332	19334	26373	26374
47193	47194	47195	47196
22122	40871	51439	51440
6496	49232
4399	7714	17024	17716	21430
135	3188	3613	3614
2709	5148
17283	21018	21182	32899
43649	48777
54092	54093
7024	70801	70802	70803
79053	79054	79055	79056
1116	2075	4627	41970
1315	14734
1485	8113
3366	4210	65130	73529	73530
2710	17221	42284	60634
19084	31289
48714	48715
13511	13512	54689	54690
818	11258	14412	22700
12469	38127
4554	12103	12104	12105
50241	50242	50243	50244	50245	50246
487	43688	43689
915	916
10098	31059	44129
58838	58839	58840	62337	62338	62339
14991	21870	31987	39869
62141	62328	62329
12749	12750	19810	73621
201	10805	10806
10286	12962	18178
21683	22888	30113
11401	63168
63024	63025	63026
21950	32361	40341	42663
464	20524	20525	28799	28800	28801
6650	80729
1976	26972
2547	5737	13855
486	487	8358	48449
19215	19216	19217	19218	19219
24459	44054	50891
14860	28214
2702	21537	21538	34641
800	11164
3654	3655	30689
2681	2682	13711
26917	26918	26919	26920
26458	26459	26460
311	16859	43836	79865
914	20149	25921	47419
4360	6883	9585
41314	41315
348	349	18883	18884	18885	74816
5386	38744	38745	49800	49801	49802
9185	13672	29573
73175	73805
2164	13882	25086
7114	26749
1252	18528	27960
7561	9683	9684
7268	14817	53544
1138	3054	7787
12078	21728	36634
736	67459
37854	37855
5726	38432	46671
9514	9515	42349
2002	2003	2004	2005	2006
14790	71441	71442
581	940	5988	11256	40887
92	1191	12455	13132
46957	60575	60576
14946	14947	22246	29998
4344	7763
13013	17520	37989
20	16811
179	15318	65455	65497	71624
1463	79777
6192	43973
73897	73898
20676	23848	46109
666	12213	52042
1991	7332	9854
60448	60449	60450	64546	64547
22248	22249
2263	2709	23507	23508	23509
818	1213
39373	50808	50809	50810
2249	2251	10746	24467	61861
818	5672
5974	5975	5976	5977	5978
15719	15721	15723	16456	16457	16458	16459	16460	16461	16462	16463
1005	15457	19961
64617	64618	72874
1076	23207
1202	1303	11457	29803	57046
7489	9593
16371	45555	67703	67704	67705	67706
217	77327
5122	5124	5222	9680
8914	15156	16948	17776
3278	15519	15520
4022	10070	13793	39433
93	9030	13850	13851	13852	13854	14567
3152	3967	3968
11401	27041	41799
4760	8038	8039
12890	38162	39869	44837
7533	44136
16403	19759	19760
14222	17187
1303	1414	49411
20458	20459	20460	20461
54207	63766
16597	20325	20326
42767	42768
9142	11393	12562	38372	38373
37100	72372	72373
578	49356
3395	39187
1191	8250	77451
1201	1755
1007	1905	2978	10933
5930	20590	25390	57174
223	22562	24598	24733
10490	14558
63720	63722	70508
22744	32371	33451	33452	33453
1053	1054	14749
43158	75750	75751
1199	1548	21112
6294	13442
2393	36498	50679	50681	69327	69328
5361	7370	11796	16156	59277	59278
6033	61568
4954	13383	40416	40417	40418	40419	40420	40421
19956	56705	75460
3941	25303	25304
3092	35261	49773
2277	58162	67187	70321
158	159	2331	36286
544	18886
5338	16715	20959	56472
1440	15695
11191	55633
21412	21413	21414
3867	4323	48095
66965	66966	66967	66968
1302	3580	4532	18038
65188	65191	71374	77377	77378
34302	34303
8476	43163
1468	38639	80439
1193	3609	16071
1892	8704	43101
78246	78247	78248
46	47	48	49
1357	14309
1866	2566	20831
13030	15841	16317	16318	16319	16320
1316	9301	21197	21198	21199	21200
3536	16347
21957	21958	21959
6298	20884	55050	67589	69916	70432	74528	75638	75988	78519
4210	13068	13494	35177	50883
500	5333
15407	15408	56808
256	3041	3071	3722
46002	46003
49	40300
1022	1023	4010	4012	4014	8308	11594	36786	42197	42198	42199	42200	42201	42202
68324	68325	68326	68327
13713	13982	26746	30091
13015	22031	57798	57799
256	492	6563	12807	17587	17885
69191	76915
9351	36569	47073	58090	75783	75784
348	21145
8043	18339	18341	18343	18344	18345
180	65007	65008	65009	65010	65011	65012
2376	31401
3251	11257	45077
16131	16132	16133
12	16486	16487
179	16426	16428	16796
813	17871	46376	46377	46378
20174	64288
2209	17462	68420
12651	12668	79076
15658	57438	67124	74224	74225
1789	10936	13335	25644	42178
447	449	17257
1997	9211
14286	69330	69331
8193	18880	22951	22952	22953	22954
27691	43557
182	25166
56544	56545	56546
1243	1244	1245	1246
28215	32441	39896	52819	52820	52821	52822
19669	19924	23429	38395	38396
3869	32237	32238	33188
1563	23601
1596	31540
24753	24754	24755
30359	30360	30361	30362
8153	34487	79476
14855	16353
5826	5827	5828
8463	19009	19929	32009
3247	4586	4588	22107	62598
3844	78766
2165	5228	11400
49240	49241
79820	80020
116	4045	22085	31608
2164	14490	45867	45868
1349	48117
4938	44572
14419	16598	16599	16600
54946	54947
3675	7573	37508
12170	37107	37270
17654	17655	17656	17657	17658
19337	20409	57817
8193	22952	27060	55980	56191
3888	3889
74502	74503	74504	74505	74506	74507	74508
1235	2358	21710	51586
14490	17221	60379
18255	18256
1213	1214	34021
4301	33467	33468	33469
266	10751	10752
2132	45497	45498	45499
10530	10531	51984	51985	51986
374	35064	35065
3675	15501	15502	16282
23120	34844
1964	12648	42883	45885
8083	30967
5948	6931	41999
7989	11064
24717	24718	24719	24720	24721	24722	24723
3884	79638
185	30825	43881	43882
2153	2169	15827	24820
1863	5866
52816	52817
196	223	256	258	4362	4697
45633	45634	45635
23026	27027	27028
1305	2193	9714	9715
1372	4947	5291	20601	20932	63411
14547	15342	24625	24626
36378	48333
4210	11042	11044	17605	17606
4181	4182	4183	4184	4185	4186	4187	4188	4189	4190
4379	4380	4381	4382
2202	2203
16254	16348	16349	16350	16351
7957	36565
25948	25949
8363	42716
22160	48670
8379	21997	47525
13914	58352	60247
5270	30085	76754	76755
4302	53567
66074	66075
7668	8838	8839
10202	13753	13754	75900
4915	37184
1138	20581	22848	31053
4688	10675	40359
10345	48189
13444	43602
16438	23239	29857
23852	30832	37705	57843
3218	16397	38213
8003	8995	38764
8210	12285	32470
9379	10886	40580	60413	60414
25844	28347	28348
1868	22081	69519	69520	69521
42710	42711	42712
287	23703
224	1138	1139	8960	19933
16377	16378	16379	16380
2179	19409	22610
944	4078	9282
10664	38376
2934	4004	45311	66077	71918
191	2075	13763
2699	46079	46080
6289	44737
1336	1337	1338	1339
3466	3467	3468
1074	63788	74000	74001
1804	4696	37621
3882	11587	19763	29779
1291	15662
4948	47585	53838
4802	48817
12978	64308	64309
1733	1735	11845	22638	25512	25893	25894	31313	44004	44005	44006	44007	44008
15971	36934	46578
4507	39764
16950	36192	36193	36194
34994	44670
1240	9550	17518	49082
10134	18230	24386
8630	31121	31122
3858	23973	23974	26630	26631	26632
326	327	328
14284	45725	65309
1432	36199
9893	58616	58617	58618
23431	38072
159	10954	15930	18406
488	5899	32767	69405	69406
12213	15477	60527
20263	20264	20265
7666	7668	63961
6501	72198
1084	27916	40458	53155
10509	17388	43590
1192	13333	78377	78584	78585	78586
23	38730
2097	2098	5329	11078	11079
4505	16914	76846	76847
159	14934	22316
1214	3571	18643	39844
3302	8778	8779
2840	3063
10579	32224
8193	13091	13631
2373	22683
10761	15677
4811	13714	17517
58234	58235	58236
11841	25368	66211
14629	14630
18	132
10938	17103	17104	20635	20668	40086
73884	73885
8880	12868	52833
1240	3540	3541	3542
854	18860	19356	27404	29486	29487
69938	69939	69940	69941	69942
81	64945	69472
25470	25471	25472	25473	25474
1719	21471	50459
38280	63698
1091	1714	4533	6896	16909	28630	31568	31569	31570	31571	31572	31573	31574	31575
25820	25821
7099	13431	14593	15540	27456	40448
7268	11571	11572	15191	24673
2246	33026	58363	58364	67373
4217	13939	59531	59532
1271	1272	1273	1274	1275
2850	8390	9401	16289
278	698	3417	21104	49321	50596	71068	76290
1130	2839	7131
28016	28017
12178	12956	12957	15271
40172	51875
1076	10850	16557	16558	16559	16560	16561	16562
32371	69414	72868
2470	78843	78844	78845	78846
21825	21826
8880	15656	24495	66168	66169	66170
13566	14415
6748	71727
15777	15778
834	8284	39234
2855	15358
2116	2889	5596	47900
17325	17326	38504	75247
40223	44606
6839	6840	37560
11644	15823
32349	32350
60038	60039	60040	60041
9301	13824	16268	65388	65389	65390	65391
191	375	1863	3085	5633	7011
181	1076	80340
72639	72800
21187	51730
35885	36442	36443
13427	13429	14387	17172
45173	45174	45175	45176	45177	45178	45179	45180	45181	45182	45183	45184	45185	45186	45187
18774	25884	70374
35823	35825	39189	46934
18758	43919
2179	11367	26164	35575
4311	36890	36891	36892
17120	17121	17122
2902	7351	30525
5440	8199	8200	30228
1292	3293	36896	36897
8323	72086
1065	10335	37028
8540	58507	63813
916	37861	37862
1240	2061	4010	4554	23210
16588	21954
31721	45783
1513	2699	19653	22248	48787
940	11963
50099	50100
3251	24900
8993	16245	42568
4765	14817
9201	9202
34950	37169
3057	3980	25539	25542	34688
7167	26999
1596	2789	4846	7898	52310
135	67455	77667	77668
430	61643	61644	61645	61646
1065	47164
1638	4400	5208	11513	24434	24435
11591	15495	17136	59641
11191	55633	61573
519	1303	5899	6823
2441	15217
3580	4142	9624
52904	52905	52906
15142	15143	15144
9999	10000	10001	10002	10003
7445	8283	37098	37099
4498	4499
8855	8857	8858	51590
16321	16322	16323
28474	38290	42692
2850	23202	25418	26774	56263
135	3872	25598	48832
4608	9713
239	240	2880	3533
14760	36049	36071
11531	22342
7758	7759
2732	47311	77758	77759	77760
2850	9545	32809
1508	36028	45779	45780	45781
79107	79108	79109	79110	79111	79112
15616	15617	15618
13099	18357	19094	19095	19096
1134	11595
3527	4460	25401	33999
1225	1226	3079	12055
72598	72886	72887
3749	7447	26686
287	2986
24574	78790
706	21253	21254	52920	52921
6939	45510
1305	3446	6847	35826	35827	35828
7518	26572
961	63018
63498	63499	63500	63501
63195	63196
1252	5419	10159	21494	52478	57668
18501	25918
1123	1124
11818	11819	55410
2533	52359
1515	23302	30978
20062	20063
2098	4678	13023	15844	15845
2374	13319	72682	72683
5404	16251
15779	23554
6831	46300	47486
1323	9708	22139	27137	40744
70036	70037	70038
33798	33799
1848	18440
49	14933	32405
7044	67725	80120
22048	22049	44135	70765	73812
12178	14897	14898	21086
205	69918	69919	69920
2687	3255	36071
633	29087	50876
43890	43891	43892
39966	46025
1303	6493	6823	17024	17715	19677
12870	19119	78302	78303	78304
22662	22663
64900	64901	68976
28504	31155	35692	38152	38153
4869	4870	4871
4421	5331	46859	46860
7902	10142	10290	64151
1160	38188
78995	78996	78997	78998
19214	23431	53032
19994	43390	70361	70362	70363
1862	2385	12808	12809	33501	55926
7099	15841	55296	67863	67864
8139	8140	17440	22663
16604	39507
39057	42229
2175	2176
3369	8470	9919
19603	19604
58977	58978	58979	58980	58981
1261	2565	20936	56656	56657	61059
4678	15334	22809	22810
135	43231
16747	16748	70660	70661
15806	19547	19548
4463	35926
35825	39189
2507	23038	23039
60	29436	46072
1554	15331	43899
4280	4281	4282
24810	24811
9778	15210	20838	34614	34615
227	3920	12455	37197	41647	55534
6930	8819	28123
3593	19004	19988	20672	20673	23587	36259	36260
8228	8476	8701	8702
12694	36958	49752	54257
1880	8757	17363	21879
3647	26857	26858	26859
256	467	1598	7885	19971	47034	51822	51823
34299	34300	34301
27848	27849
55115	55116
18549	39824
63685	63686
1305	7045	13788
22269	49486	54013
2441	12852	46059
6496	15788	65173
12188	41175	57492	57493
5930	7495	7496	7497
8541	13971
8896	17910	34920	52115
26032	26033	26034
1233	9695	15502	59797	64000	73158	73159
105	55841	56901	56902	56903
504	53441
1711	40790	40791	40792
14667	15998	21943
6041	19722	19723	19724
2599	40627
2685	3844	67682
11988	11989
223	1733	1734	1736	3242	22849	22850	42331	42332
2263	5281	9553	20268
5325	15612	15613
77951	77952	77953
27127	38731	38732
3543	3544	17817
37027	38374	38375
9300	75011	75891
15477	15928	26050
5012	5013	5014
28262	28263	28264	28265
1403	2227	2228
179	1096
14675	28657
39385	45766
15893	54078	54079	54080
7770	43820	54277	54278
8076	10033
67793	67794	67795
99	1160	21110
9617	19201
5791	43718	76230
1472	1473	1474
11293	17580	17581
28864	28865
605	24034	24035
181	51534	51535
688	689	690
39216	77846	77847	77848	77849
34557	60712	60713
18521	63185
294	14429	56215	58827	58828	80608
108	658	1673
18105	78839	78840
11691	17885	18862	23730	23887	47750	60933	60934	60935	60936	60937	60938	60939	60940	60941	60942	60943	60944
1138	9843	18760	27566	60560
6298	7160	49979
16574	48716
6298	44128	55050	55751	60984	70432	70625
1437	24557
13478	53215	69516
52048	52049
5452	18231	23405
1636	32154	32155	32156
11682	14331
57574	57575	57576	57577	57578
13104	22363	22364	22718
17195	54800
14946	14947	61854	70824	70825	70826	70827	70828
36992	36993	37709	41807	41808	41809
287	2024
179	20701	52590
29094	37152
35964	55192	55193
3487	5291	5292
10226	28294	77443	77444	77445
27687	32641	32642
2028	2029
2373	13175	48669
574	575	31831	53062
6670	6671
26173	77301
1553	1554
1911	44598
4623	5814
1862	12808	12809
1235	9205	28146	47328
1131	6287	27921	27924	51857
12739	35745	35746	35747
5924	35345	76759
2280	10154
1179	2247
7787	24818	24819
79355	79356
673	674	675	676
15933	15934	15935
12641	12642	12643	12644	12645	12646
1844	13551	22704
2699	18452
70205	70206
58686	71178
21185	21186	21187
14439	14440
14229	14230
21524	52533	52534	52535
5245	22187
23850	23851	23852
7100	27929	74221	74222
14897	14898	20959
2687	3255	6939
8210	32470	66016
22236	22237
35546	62836	62870	62871
64575	64577	64631	64632
13201	30341
22835	61671
19552	19553	39475	43897
16367	35034	35035
1441	13861
5633	5994	5995	9856	9857
110	7948
21134	24170
16454	18173
11290	22700	37238	37239
6284	11188	11189	11190
8777	39087	39088
2717	3146
1372	2421	2903	2904
7100	46181	54924	54925
20553	20554	27361
466	6414	6817	57615	57616
11777	23558	26741	26742	26743
2819	46285
81	6770	24658	76797
256	348	1131	3580	7200	7787
69758	69759	69760
47074	47075	47076	47077
358	7364	80521
135	26860	26861	26862	26863	26864	26865	26866
9401	15998	15999	16284	18493
2698	2717	12891	12892
60181	60182	60183	60184
47797	47798
14285	14286
489	7368	62827	77056	77057	77058	77059	77060	77061	77062	77063
12164	12165
16344	62072	62489	62490	62491
4850	4851	4852
13013	15150	15151
14972	15139	16851
6081	16961	16962
5588	5589	5590
5394	31647	60489	60490	60491
39082	39083
49635	49636
4680	7369
1331	13212	45725
419	5032	5033	5034
1614	11723	58527
80384	80385	80386	80387
1674	1675	1676	1677
8453	75366
1116	1117	28026	79933
37283	37284	37285
19740	23502	36091
58739	58740	58741	58742
20406	39854	50548
27494	27495	27496	27497	27498
11288	11289	16883	37623
16888	80091
183	5622	23148
76200	76201	76202	76203	76204	76205	76206
17761	58540
16104	16105	75099
1453	3571	6909	10063	20205	22473
41018	41019
1177	6812	79706
11570	31920	46646
3741	6835	27530	37304	41920
1077	10894
10114	10115
7952	11837	11838	11839
15185	15188	16611	16612	16613
2647	12216
24583	47927
15342	15872	24625	24626	24627
7046	21524	31689	31690	31691	31692
32300	32301	32302	32303	32304
852	3544	27577
21471	28347	28348
2698	2717	43215
1543	51916
1414	44005	44913
1357	11644
54623	54624	54625
12235	14627	15041	72093
1325	8914	14683	17140	17141	66088
32	6424	6425	6426	50251
6226	16370	19092	21695	21696	52758
14855	16353	50193
21865	26753	26754	26755	26756
2366	25044
3773	41340
76196	76198	78417
3058	3059
2272	3133	16859
78566	78567
7370	11796	22388	26560
438	14465	62981	62982
5761	15348	57110
3992	3993	3996	6694	6695	6696
11759	68380
9804	15139	16851	18059
58454	58455
39664	39665
10278	13295	37253	37254	37255
5792	14039	32524	35847	63118	63119
1169	1170	1171	2820	51100
4559	36777	40539	53649
644	44907
36283	42271
57433	57434	57435
18312	18313
3061	39373	49869
2317	2318	2319
797	2421	2946	2947	2948
34289	34290
1005	2497	24063	24064	24065
10134	27113	27114
1563	13825	79864
1203	2116	5596	16432
49021	49022
56708	56709
14876	24375	24376
49828	49829	49830
11705	13641	28583	29720
37613	37614	37615	37616	37617
183	462	1985	6557	18277
1809	2744	18436	19972	22825	31927	57694	57695	57696	57697
35110	35111
36457	36458
12645	25141
5431	6490	10113	36609
2393	30540
7920	7921	15523	69181
1928	1929	1930	1931
28732	38015
45524	56822	59312
36165	36166
35289	35290	35291
18056	18057	44905
6105	36077	36078
21723	21724
839	28299	49299
34569	64256	76623
72694	72695	72807	72808
1440	2265	9030	9031
8776	8777
16952	16953	44154
1614	1615	1616	1617
49863	49864
26201	35517
3593	70492	70493
12022	56861	56864
3987	3988
4765	13471	35109	53442
1530	41141	47753	49195
2441	12852	39952
3858	14706	18462	19404	34828
51073	51074	51075	51076	51077	51078	51079
15049	17000	30047	52182
1201	17754
2599	4625	52184
15808	33100	67319
4965	8224	31899
358	20865	22827	26882
79	80	81
5586	38612
12481	12482	12484	12485	35962	45442	45443	45444	45445
1339	35933	35959
15333	22370	22371
16099	18720	40738
63445	63446	63447	63448
23715	23716
3935	35286
2417	52514
1374	13788	15303	22495	29799	68812
1482	15655	34861	49279	49280
40345	40346	45609	45610
1519	52806
5874	6697	24549
4459	5166	16515
1398	1399
8784	8786	9865
37976	39393	39394	39395
2227	2228	2320
41824	46176	46177
7565	51744	73223	73224	73225	73226	73227
13135	23160	35068
35651	35652	35653	35654	35655
18641	18642
28527	33775	66171	77328
231	232	233	2220	70792
19090	19091	19092	19093
17349	40724
34959	45638
24197	24198	24199
12	15215	40920
34146	34147
14898	38174	38177	38178	38390
28516	28517
348	4308	18774	35543
7167	30850
81	19041	19045
73133	73134	73135
6939	17606
36591	36592	36593
4330	60333
32871	32872	32873	32874
6460	6461
18560	66095
11812	50898	73938
27524	27525
266	321	2160	3231	13817	33292
28215	32441	34144
1138	2272	2754	8396	17875	17876	22753	23600
6769	17479	20122
15218	66679	66680	66681
32239	32240	32241
6975	19859	19860	61678	61679
2028	3270	72981
4116	7208	7209	17409	17410	27765	46747	46748
47	68497	74535	74536
4492	12841	12842	40585	40586	40587
1275	11717
13014	41687	41688
3881	30558
95	35228
29929	60788
6918	23032	23033	23034
1759	53139	56392
40998	47451	47452
281	282	283
21142	37947	67699
41887	41888	41889	41890
351	352	1507	10674
8339	8340
818	2889	14412	14414
68729	68730	68731	68732
2209	2687	16691	19857	58823
626	4399	17024	17715	17716
14964	74331	74332
15558	60512	60513
60416	60417	60418	60419
9568	11773
5713	5946
40347	40348
574	2380	27464	29879
190	17863
15043	17390	37417
6823	17715	18138	18561	18690	21819
20896	20911	77430
1162	14170
3853	3854	3855	3856	16886
16659	23936
6550	18171	46790	46791	46792
4478	41031
1724	69502
1029	1547	1716	3195	3984
2839	5627	20961	20962
3479	4210	11157	11160	40721	40722
1065	2331	16367
18951	30537	30538	30539
1677	42937	42938	42939	42940
35974	64310
2227	12499	39095
13100	13101
1169	2820
4626	33983	33984	35724
1124	6400	11410
1633	1634	4693	4694
11072	11073
47	16008	16009	70258
1139	3376	27960
7637	8026
9945	15140	22873	47021
580	3773	16842	25194
6904	10435
1139	2625	29406	48133
14023	70804
4049	13843	42503	47178
135	21862	36245
715	3593	3594	3595	3596
34136	37406
4478	26996	36889
15055	69221	69222	69223	69224
52370	52371
2710	17221	42284	63758
3252	23571	30833	58736	61978
1338	14972	55516	70109
1911	42627
14496	55958
16963	16964	16965
43816	54271
1610	2214	28598
5020	29087	31180
175	16339	24941	49320
4068	45405
9109	79296	79297	79298	79299	79300
11669	11670
50898	69043	69044
6841	54555
48166	48973
28277	28278
135	17812	17813	17814
1441	3061	9064	58803
4230	4231	4232
1560	1561	1562
3369	3370	8155
35720	35721
51272	51275	51277	51278	51279	51281	57175	57176	57177	57178	57179
3066	3160	65716	70375	70376	70377
7445	16520	70931	70932
7113	11601	15154	15155	15156	56330
21397	21398
8334	8335	8336
367	1794	2882	2981	33973
55041	55042	55043	55044	55045
654	45554
20293	70996
2448	2795
6579	6580	6581	6582	6583
79270	79271
12213	14897	14898	60527
10716	10717
23312	26088	31849
181	182	183	5344	22321	35854
1177	1305	6927	6928
14967	14968	14969
375	1005	20501
58227	63585
7457	16315
14222	17076	56075	61849
13088	13089	13090	13091
626	5899	12456	65797
151	2677	26785	29686
14144	23013	28461	28840	29976
8630	11401	42909
4932	4933
715	5731	20851
57366	57367
190	419	38431
12206	12207
17447	24267	34004	34005
666	13703	48698	49475
5899	7231	7232	7233	7234	7235	7236
10921	38726
1312	2169	4544
3044	9441	14545	14546	14547
2209	18605	21922
47787	47788
13089	13091
35472	36257
113	2307	74187	77483
2261	2262
16059	27696
14594	14595	26955
7026	13731	61268
35452	35453	35454
9962	43871	43872	43873
9270	11481	55769
2791	2792
5012	5014	9275
3376	4986	17432	19028	25561
3845	21362	27385	32683	32684
1487	4902	7817	13104
21890	24543	51748
49011	49012	49013	49014
3862	60300
50364	63254	63255
6918	7838
1189	1946	79374	79375
20	2378
2470	14596	49726
21623	35967	51587
18190	18191
16436	29074
1326	6501	26282
7200	21920	21921
2262	75855
1060	45337
27463	29826
5165	5167	15379	39589
5386	38080	38081
10508	32894	32895
18	1565
16389	73974	73975	73976
166	1315	9496
4246	8438	24501
3183	5713	6187	6188	6189	6190
2755	2756
10335	12474	23468	24904	24905
2179	36519
34205	34206	34207	34208
32711	43456	43457
24892	24924	31124
30193	30194
65774	65775	65776	65777
4409	16095	16172	16855	16944	33643
2421	2904	34221	34222
1985	2999	3000	33184	68152
36326	52449	78341	78342
1643	4077	59067
1292	35619	35620
34893	48347	62005
14273	42405
4283	18884
25195	44317	44318
7045	19299	22775	51920	51921
13131	37473
2685	2687	3255	3844	56447
260	467	6994	18364
801	16653
22827	26882
66072	71187	76914
12597	12598	12599	12600	12601	12602
4154	33502	58512	59706	59707	59708
16389	20329	24156	37879	37880
6383	6385	6386	6387	51500	51501
18231	35254
51591	51592	51593	51594
2699	19653	20990
90	26239	26240
2819	12931	47373
3044	14546	14547	59862	70573
1565	1566	44683
39231	48774
3621	15589
5934	35245
375	6746	6747	10511
158	58715	64815	64816
16678	41883
965	7453	15531	15532	36727	57658	73007	73008	73009	73010	73011	73012
227	12235	13282	15097
18709	21231	21232	21233
4210	17289	73804
3869	14688	72341	72342
6550	20969	51000
499	5614	12325	28173	31514
2861	9523
17409	17410	59638
3767	3768	3769	3770
7355	7406
1565	12852	19883	21943
260	3580	4546	9182	11466
2702	21537	21538	58546	58547
4496	4497
1261	17710	20936	77817	77818
9351	67907	78502
47586	63052	63053
9630	76938	76939	76940	76941	76942
556	10118	22779	50867
28479	34468	55809
16376	16678
43580	45774
2089	24139	24140	24141
914	20149
2938	7114
181	702	1468	18944	31968	56781	59555
19257	28394
45952	45953
4809	4811	52802	60219
1252	4799	9543	21494	52478
15540	16764	75290
61540	61541
11351	44237
16367	45111
17500	66782
1065	3023	7574	7575	7577	7578	7579	7580	10332	10333	10334	10335	10336	10337	10338
61592	61593	61594	61595
33	62784	63950
35139	35140	70334	77955
6633	10939
2276	3695
7445	8283
34836	34837
10126	28978	30755	30756	30757
16034	56464	56465	56466
11682	17541	52674	61266
11596	11597	11598
5662	23678	29919
3527	4460	49361
4547	20148	39344	39345	39346
31481	31482	31483
1519	2310	3773
3741	15101	16276	26673
14144	55728
4130	35998	35999	36000
5592	6837	12697	33267
5592	6836	12697
12908	19511	24959	67395
14242	50399
40768	46869
6719	6720
1065	47119
1091	3233	4234	4766	8182	10458	17775	25624	25627	63506	77761	77762	77809	77810	77811	77812	77813	77814	77815	77816
151	64521	70473
15396	23741	44445
63	1269	6770	8850	57207
20093	39680	39681
45540	45541
19457	19458	19459
6400	11168
15893	15900	54360	54361
1765	2441	5172	6059
9141	24910	31721	50917	59325
256	1535	1993	2291	4569	4570	39425
3449	6760
63818	63819	63820
4400	5596	11217
39711	39712	39713
2985	4223	4225
37146	50261
6515	16844
12884	12887	12888	12890	16856	61721	72409
13649	14853
52547	72952	72953	72954	72955	72956	72957	72958	72959	72960	72961	72962	72963
13099	31133	35171	35172
19594	19595
6939	53799
3112	3540	12108	77752	77753
7648	56922	56923	56924	56925
3545	3546
782	5530	7011
5176	52830	52831	52832
17336	23222
38029	38030
54961	54962
16243	16244
649	650	79277
16565	24397	24398	24399	24400	24401
1985	2639	2640
1647	3658	16978	18723	18724
1530	2482
717	718	719	720	721	722	723
8896	34920	41750
12178	20404	49199
2276	2277
1325	8111	9030	9531
5208	17706
9487	9488
9226	12240	12241
14525	60427	60428	60429
24237	71121	77310	77311
15909	16950	56437
918	919	1403
21633	53867	53868	53869
4515	20891
33467	35188	63703
5208	49263
7031	39335	50314	50315
2497	18335	18336	18342	18344
464	7284	17376	52954	60062	60063	60064
17014	23990	23991	23992
16424	16425	18506	59878
68657	76690	76691	76692	76693	76694	76695	76696
244	245	246	247
14557	18262	23290	56851	63689	74974
3855	13873	38259
13920	20569	56793	68803	75789	75790	75791	75792
455	3214
11570	30454	72390
20264	51447
72697	72698	72699
17745	17746	17747
15586	15587	15588	20855	20857
2850	8390	61648
26756	41235	41236
16033	43866
105	2941	36294
14660	61878	61879	61880
4014	10012
966	13732
35906	43010	48187
2356	8713	10637	13249
9945	15140	20551
198	2699
8333	19754
24407	67200	67201
2468	2469	2470
5800	15965
20849	20850
41103	49219	55719	69129
6170	6171	6172	31889
14908	27268	47430	47431	47432
1480	2378	10808	12762
4252	4253
15166	15796	21673	48077
13641	44223
1988	2502
7969	20623
7094	18706	18707
15971	55941
2540	15540	68770
1623	34177	34178	34179
1076	3742	4652	23207	46407
260	358
18969	30012	30013
22957	22958	22959
11758	11759	70427	70428
3654	3655	45947	45948
913	5208	10010
1076	15173	16397	34667
11763	43035
181	4283	4284	4285
52437	52438
2184	10947	10948	10949	10950	10951
22394	22395	22396
782	2061	4105
663	7805
3364	3429	6631	6633	12754	12755	12756	12966	12967
24103	34357	65095
5744	6953	6954
32229	55032	65315
4049	36975
4765	16952
20992	20993
59643	59644	80357
3872	48832
22026	22027	30017	52346	52347
2147	7954
328	14847	17504	17506	63381	64918
2699	9568	11773
277	11439	11440
10612	10613
9962	12003
5918	5920	24709	24710	24711
5689	22948	41444
9447	9448
16065	16066	17241
16866	16991	25524	25525	25526	25527	25528	25529	25530	25531	25532	25533
1291	15192	19909
1153	1193	15774	36950
70619	70620
41282	41283	41284	41285	41286
4697	7137
4370	14946	14947	20290
5554	54261
33909	33910
62232	62233	62234
655	47262	47263	47264
38280	46196
2486	3589	5059
6212	6650
79255	79256	79257	79258
4154	12723
3836	11433	70582	70583
1137	1138
1879	36427
8615	39815
78377	78378	78379	78380
35388	65152	65153
1892	6537	40609
38884	41376	50506
55166	55167
1615	28718
38582	38584
7580	16113	16114
3741	16276	39437
1985	8402
37515	46877	49154
16710	36805
32883	57321
10146	10147	16498	16499
45403	45404
6110	14005	48883
23843	49774
79926	79927
2388	39528	80674	80675	80676
7919	14132
14690	15241	64925
15675	19740	34586	34587
321	34168
30845	50342	50343
18535	27439
1372	3982	7531	13875	22499
314	10728	21997
7384	15068	26405	32368	42852
6298	6701	36294
20916	27291	47873	47874	50189	50190	50191	50192
5948	17432	19505	59299	59300
14018	14019	14020
23370	52204	52205	52206	52207	52208	52209	52210
16773	30691	55255
4049	17277	43907	43908	43909	43910
10709	10710	10711
2418	8439
29476	29477	29478
9723	36673	66048
25313	32101
15027	20476	56503	56504
93	6967	13452	36244	36245
36303	80560
3773	28534	41340
224	931	2737	48872
968	4687	10887	13212	38429
4421	43744
15328	30577	60149	60150	60151
39720	39721	39722
10951	20065	53573
6071	11673
77776	77777	77778	77779	77780	77781	77782	77783	77784	77785	77786	77787	77788	77789	77790	77791	77792	77793	77794	77795
2599	31958	35593
18380	18690	25094
3578	5098
35160	46303	58012
790	1162	2417	36026
62260	62261	62262	62263
181	10417	28211
62961	62962	62963	62964
71346	71347	71348	71349	71350	71351
11808	11810	11812	15471	56971
3159	28592
3218	41718	42372
1608	32497	32498
3092	19006	24969
15124	15125
16096	36819
31632	80041
8879	14352	14354	52927
19969	64813	64814
3760	19782	32952
18606	21710
77487	77488	77489	77490	77491
5173	5174	26232	50887	50888
2354	23465	23466	23467
134	135	3614	35960
1751	1756	6321	48260
135	3546	3741	35409	51123	51124
8185	8186	19965	59537
2744	5526
11796	17049	19637	56410
41717	49517	63918	63919	63920	64331	71803
8644	51608
75708	75860	75861
16421	60382	60383	68185	68186
1065	1293	23468
11367	13293
4515	24473	33401	33402
6576	78512	78513	78514	78515
18755	40355	40356
708	80628
2483	18972	66095
16061	37273	68318	68319	68323
1868	11088	11089
23829	23830	23831	23832
183	23872	23873	23874
20601	25703	34197	39419	41519	60331
4219	10149	10150	10151
32526	52944
181	1077	2270	3106
7330	45817
15893	15900	26902
17957	17958
7098	15001	17119	18606	21462	31297	31298
11776	26138
1281	18436	21986	25652	27812	27813
241	1866	20936	22563	27399
32167	36720
9476	48659
965	15234	38514
3456	25409	25410
5175	13081	13082	54280
11023	12341
5311	32671
2377	43999	44000
190	2640	10611
6733	76618
2280	10855
15719	71941	71942	71943	71944
6496	9278
579	59835
2209	14793	15501	17289	17927	57918	57919
36929	38706	51724
21408	53037
3513	21301	58064
13091	13631
3398	16661	23649
135	2276	40573
2643	2644
116	31883	31884
6647	7866	38266	38267	38268	38269
4554	10134
10044	10045	19998
9361	9362
114	116	3987	22085	22086	30102	30858	30859	30860	30861	30862
6803	25944	25945	25946	25947
1181	32069
3771	12013
6192	47582	47583
16182	36862	53307
1066	1068	1069	50788
9733	21583	21584
6778	24864	54536	54537
14486	14832	15022	15503	15504
4957	5596	15494	73763	78179
5569	20216	20217	20218
20380	20382	40755	40756	40757
1796	1797	38590
18469	20300	29436
6501	15217	15363	15364
435	436	437
11290	24642
241	3424	29027	29028
15169	57231	67363	67364
2061	20389	20390	20391	20392
6354	6355
223	1138	3242	7012	7787	12787	25512	27338	31053	51523	51524	51525
22143	27949
2244	14890	66015
223	1138	4545	22848
1326	15531	15532	47553	67462	74285	74286	74287	74288	74289
41607	41608
12994	36233
68663	68664	68665	68666
4809	4811	29548	29549
21017	21018	40110
5718	28548
1975	29481
37427	53028
7257	20569	26783	73498
959	39548
7900	7902	9945
10164	25014	77447
209	7978	49261	49262
6436	37369	38517	38518	38519
50121	65487	65488
9234	30730
961	11726
78000	78001	78002	78003	78004
44256	44257
145	1607	52278
60405	60406
4294	4297	27543
2536	77138
8155	9205	13562
1607	45518
11076	35266	35267
30468	51629	51630
512	3872	7100
6860	8386	8387
3858	14707	26632	69322	72384
499	6274	23300	44700
38926	44542	47712
17187	35963	35964
10850	30265	33915
10856	10857	10858
10579	19852	29423
9947	15176	15177	15178	15179	15180
499	2372	2373	2374
814	2373	3293	10954	22683
37929	37930
5776	10148
50268	50269
44458	44459	44460	44461
15928	26049	26050
4459	9270
12422	24146	29899	34088	34089	34090	34091	34092
14653	16952	34039	63270
2363	36473
3567	50553	50554
1647	16917	16918
2018	47013	47014
8628	8629	8630	27041
6818	6819	72583
1643	9915	9916	47087
4846	12802	45425	45426	45427	45428	45429
16433	16434	16435
3654	30872	32663	32664
19658	19659
2609	15875	15877	16087	21758
61780	66935	70765
1441	15122	17962	70111	70112
1293	27501
42627	80130
3270	3271	3272
24103	34357	55993	65095
8880	11572	17829
2744	25288	25652	30644	77763	77764
8770	10400	65865
1240	4074	5734
3586	3587	3588	3589
421	77298	77299	77300
6236	6648
2689	19857	40293
1	2
1248	3456
2061	15620	20038	20039	20392
1177	10546	13793	20312	24975
23227	23228	23229
4870	34735
2373	37704
31794	31795	65587	75359
1900	17202	17203
21123	36262	52349
58190	58191	58192	58193
4261	10321
47398	47399
78174	78175	78176
10115	23319	39459
4971	5875
47924	47925
4965	51173
3446	6847	24772
135	8313
17447	20548	21232
17745	17747	67166
9765	21711
1023	19803	37600
12213	16693	38793	51301
201	4907	79867
8076	15675	19740	34586	34587
7533	13969
29814	39763	48459	48460	48461
2694	2695	2696	2697	2698
633	799	8143
11755	13340	13341	13342
8	11686	31722
241	34795	70568	70569
4385	13748	13749	13750
4965	48345	48346
3407	80717
1312	18395	18398	18399
2251	10744	17464	27550
23163	39754
7264	13731	61268	74153
1161	75765	75766
4006	4007
68791	68792	68793	68794
8781	50143
3376	5734	18443	19460
36313	36314	36315	36316
1118	3231	6922
500	41090
21997	59627	59628	66043	71318	72193
2376	38881
63041	63042	63043
70580	70581
16523	29211	47383	47384
9536	57060	58922	66946	66947	66948
60867	76138	76139	76140
9931	9932	9933
9087	80523	80524
11677	13605	13606	13607	13608	13609
5755	40359
1008	6287	23692	23699	23700	23701	23702	29777	66476
19545	20120	27191	35303
159	1324	1438
13318	14260
1305	3376	5734	19460
2710	79943
14425	14426	14427
7860	12868	24907
14029	62384	62385
3368	8880
215	29523
201	2041	49961	49962
25229	25230
135	3872
23089	23090	23091
2209	12637	31794	31795	55992
11489	11490
25606	25607
3567	22305	55015
2406	6226	20936	26747	26748
8974	9650	9651
14221	14222	15422	65858	65883
13099	31010	31011	38700	46685	46686
49	26208	39816
2241	2242
2153	20029
2790	19632	26145	26146	26147
20093	21191	21192
1014	3102	80170
8760	80597	80598	80599
464	2890	3481	20524	24624	28799
471	7469	20482	36924	42579
31643	31644	31645
230	5726
31792	31793
1007	5633	32843	45600
15127	15128	15129
6805	25306
3072	3073	3074	3075
314	10728
19362	19363	19364	19365	19366	19367
1233	14638	59797	64000	68227	74175	74176
73242	73243	76529
23557	44763	54854
3344	7656	17145
2179	11796	16170	21390
580	31865
2503	3858	22057
19808	66854	66855	66856
179	28505
8840	28877
24982	24984	50129	51382
5502	70921	70922
25420	37588	62508	62509
3580	4022	6733	8284	9025	9730	29934
10808	18243	56455	56456
35643	35941	41177
712	2647	5199
15475	16860
15604	16721
2358	16565	62093
48539	48540	48541	48542
1372	4960	8129	8130
12849	12852	14198
1182	62924	62925
11271	11272	11273	11274	11275
357	43674
190	3635
3882	5441	51240
36934	36936	47443
44235	70690	72002	72003	72004
3675	8323	15763
17340	33625
56580	56581	56582	56583	56584
3571	70114	70116	75244
2044	60176	60177
1996	1997	1998
5657	7079	7080
9301	27627	35281	35282
12177	12765	15191	16951
4312	25086	25087	68798
61329	61330
4075	20492	44195	44196
2383	2426	2427	2429	31469
9996	9997	9998
3451	3541	7258	18275	19614	22496	58142	58143
151	26787	64519	64520	64521
72966	78761	78762	78763
30584	30585	30994
9907	53791	53792
1120	7276	73004
5146	15796	47377	56672	68357
7791	14222	28035	35964	41261	49646
45246	45247	45248
47921	51771	51772	51773
67015	67016	67017	67018	67019
715	5731
14740	17966	36948	36949
1497	22576	28154	28155
52676	79503	79504	79505
6298	44128	55751	74527	74528	74529	74530
1118	5209
704	5329	9302	55340
14	53929
38541	38542
45549	45550	45551	45552
19595	47388
7952	42640	42641	42642
2028	3338	3416	35487	38070	75641	76097
1372	4960	10390	10391	10392
3788	14915	14916
6812	9109	22017	34216	34217	34218
17383	31817	34349	36218	51872	51873	51874
64512	66085
2366	46749
94	3626	15658	43737
7200	57914	66697	66698	74119	74120	74121	74122
1789	16923
3809	17990
2043	3834
1392	14767	21549	21550
4450	4451	9328	18760	18761	41667
18610	18611	18612	18613
181	17527	25861
5731	11826
183	6770	33594	38835
7108	18123	30498
9890	34377
12993	37389
5899	6823	26188	51094
598	599	777	50276	50359	50360
17924	17925	19115
1647	3657	20649	51119	51120
11979	16317	64758
229	6633	10008
3376	17431	17432	17433	22872	64561
94	1264	5198	6633	19731
77604	77605
9945	39445	45776	49384
18692	59979	59980	65055	65174	65175	65176
494	31954	44766	79585
42095	42616	42617	42618	42619	42620	42621
27798	57381
1299	3387
20747	66099
13899	18272	21899	30161	34586
8894	14650	15316
61486	61487
4370	15342	22619
29615	35660	35663	48525	49700	49701	49702
8000	21115	21116	50105
69290	69291	69292	69293	69294	69295	69296
4370	18861	33364
5755	10675
2506	2507	2508
2244	15560
71440	73218
314	15637	15638
2687	3255	3844	23755	36071
24795	69517	77079
45529	45797	45798
7722	7723	7724	7725
2441	23109	38150	38151
560	561	566	6837	23960	37863
27412	27413
2378	34963	35328	35329
828	829	6920	27805	54488
25428	25429	30293	30294	30295	30296	30297	30298
26400	26401
2850	14997	21550	80171
1181	16157	16158	16159
13428	13429	16764	17870	17871	22814	40267
43620	43621
183	22789
7901	7970	20023	26213
12609	22250
6731	9953	20036	20037	55530
278	3417	4687	9663
28876	36211	60206
16053	16056	27762
2272	38184
9296	20530	20570	56530
18290	18291	18292
15570	70839	74601
14515	26434	26435
14090	60244	60245	67231
23897	23898	23899
77624	77625
2160	2488	9377
2028	22449	22450
9619	16024	50106	50107
2999	3000	26793	80462	80463	80464	80465	80466
43135	43136	43137	43138	43139	43140	43141	43142	43143	43144	43145
33495	40241	40242	40243
20294	20300
1306	2904	10266	10267	10268	10269	10270
11004	11198	11199
69566	69567	69568
3918	4971	8749	8750
54543	61423	73617
4330	4331	10669
15886	50760
27076	27077	27078	27079	27080
15872	51545	51546
4469	18407	18408	18409
17278	52050	52051
9608	16403	19869	58878	58879
4688	6633	13319	13320
78689	78690	78691	78692	78693	78694	78695
5004	5005	5006
14436	36113
2376	14874	15902
3764	33517
8323	18813	51588	51589
7445	8283	41423
2043	48576	48577	48578
41103	70339	70340
634	2066	24524	48839
12723	78007	78008	78009	78010
7666	7668	77401
6269	40889	54354
35636	37649
1707	37928
4507	11399	11759
179	3369	3370	16241	16877	24466	36870	44067
328	18372	79026
9824	9825
4370	12584	16146	16767
12557	12558	12560	39836	46198	46199
840	841
13970	20227	54465
2409	2410	2411	2412
183	37967	59966	59967	68682	68683
20409	69491	69492	69493	69494
7350	16425	56409
31247	62499	62500
1471	1915	1916
10134	11098	27186
3188	3613	3614	35875
3376	6154
7347	7348
834	6733	12807	40377
9790	9794	20450
1716	4214	26253	53699	53700
19964	31928	32891
1005	14257
7116	7117	7118	7119
2593	2594	2595	2596	42924	42925
217	15348	15349
94	5148	17320	28949
5743	60163	64961	74125	74126	74127
464	7284	62658	62659	62660
3369	3370	19818	29608
1324	9031	35594
1372	3982	7531	13874	13875
5141	20038	42560
2272	5166	16848	35231	46577
45886	45887	45888	45889
7660	11103	15077
39507	45764
2858	5368	5498	5499	5500	33074
29122	29123
4307	9025	18521
13981	21284
1985	3820	6557	6558	12854	17491	23415
13383	13384	13385	13386
1722	21362	21363	21364	21365	21366	21367
15727	51982	69124	69125	69126	69127
1528	36973
2850	18867	61777
58868	58869	58870
58535	58536
11398	15739	15740	15741
3858	14934	16754
1593	28554	28555
4323	25504
658	659	24257	26173
23	6400	6401
2374	5672	14183
64595	64596	64597
8355	8356	38067
11398	15741	48757
13726	13977	60685
1799	32524
23013	42433	42434
2043	3958
1260	43846	43847	43848
1647	3658	19060
75701	75702
315	316	317	754	755	756	757
27801	63395
3962	14944	23176
16432	55169
6490	7012	42952	66658
241	834	39770	39771	40377	42596
1263	5987
12540	13013	21664	39333
5383	5386	42161
90	5372
33374	40838
62674	62675	62676	62677	65729	65730
3247	41590	41591
6496	21426	21427
655	12213	14898	60527
15825	67465
21968	67311
116	1043	10070	20338	20339	20340	20341
500	1084	40712	42465	42466
2509	37085
3293	13249
965	42772	53331
845	38339
940	1946	1947
33752	33753
66008	66009	66010
4150	6835	17118	18584	31539
5909	5910
8193	55358
13521	46726
25258	25259
6276	73000	73001
60	14777	17499	22979
14672	14673	14674
9030	9919	64638	72333	72334	72335
11440	17535	23928	34001	34002
3589	4599	4631	19368	26906
75767	75768	75769
16099	20272
2098	3119	3121	16176	63066	67157
698	9186	13078
9571	21814
34100	47362	47363
48	11226	15841	21697	23290	23291
1029	40551
2244	8894	16161	38547
66431	66432
16172	67088	67089	67090	67091
2184	13428	15333	65607	74616
185	35144
2744	3454	18624	75013	75014	75015
26423	37027
1065	1939	1940	2184	48304
1799	35839
9276	27799
3376	5477	7078	10844	12105	15055
23523	70046
9012	22884
72	73	74	75	76
49522	56060	79132
5586	67277	67278
259	559	76095
17953	22072
21711	28106
5996	8771	51215	53764	53765
998	54317	78999
6042	65356	65357
2889	13350	13351
8757	8760	8761	12438	23326	44953
4323	36882
15529	63177
20499	29843
20749	20750	20751
1854	4526	4527	4528
1144	16923	65128	65129
29790	56176	60852
1985	4917	14244
44396	74613	74614	78801	78802
2021	4731	4732	39655
49193	49194
1326	9595	22391
1922	1924	14340
259	9301
9471	14519	16935	21410
5383	16405	24856	37363	42416	42417	45994
1305	3654	4419	10547	53206
6321	16909	19008	19564
56171	60211
667	670	1801	1804	5495	13422	21664	56485	56486	56487
35830	35831	35832
58946	60786
16652	32065	32066	32067	32068
10438	55770	78243
15039	33136	33137
2744	11804	38592	66567	66575
364	3730	7233	19040	50780
2376	20699
1310	3855	11677
735	3376	4917	8437
70494	70495
235	33351
11401	21415	31189	42273
12078	48792
2868	8164	49284
4431	17727
179	14759	15320	15841	20219	65455	65456	65457
5735	19118	22016	22017
183	25655	38639
17127	63928	63929	63930	63931
5146	5542	15796	17341	51997
8104	23459	23460	23461
1054	1804	13213	21664	76076	76077	76078	76079	76080
5689	16562	22948	39410	39411
17406	17407	23222
12450	48462
1103	1104	34630	42904
41414	41415
556	6737	11605	11606
3247	10089	20497	26352	31733
5200	5201
6745	61357	61358
5996	18000	23548
1153	10429
20	50531
763	6116
42104	43283	43284	43285	43286
661	7529
950	951	952
9350	16411	16412
10415	10416	10417	10418	10419
21002	32109	39697	39698	39699	39700	39701	39702	39703
19685	19686	29369	29370	29371	29372
180	181	18547	18774	20049	25338	25339	25340	36053	50301
533	15411	28105
11418	19572	29055
13393	16776	17163	58382	58383	68951
30499	56812
5327	16941	21320	34661
2626	2627
4627	19702	21738	21739
2710	28891
6380	9025	11294
2015	68413	71190	71191
22920	42262	46415	56498
1257	7219	13465
22143	50287	50288
16254	16348	16349
2055	18060
2599	5743	60163	60164
1823	7842	7843	7845	7846	9989	9990	41713
15051	15054	22648	22649
3293	7835	7836	7837
603	8432	8434	8528
7031	17758
29976	77562	77563	77564
1874	2809	2811	34923
2441	12455	17221	36007	38352
48049	48050
1257	13465	77442
14174	14175	14176	14177
5524	6900	24390
2043	39003	39004
198	16798
20658	45809	45810
7901	7969	20023
1082	46393
2504	5410	36111
44	2209	4389	15166	17927	32869
2282	71436	71437
3091	8891	32647
37793	37794
11591	19138	26139
40237	41137
375	1281	1862	9012	18001
1381	1383	11006
59632	59633
20989	65106	74022
17166	29489	29490	31433
1941	1942	20411	20940
581	585	5608
443	3593	4125
6105	6106
8230	36072
1162	11591	15494	60179
18848	35956	35957	43321
1490	4168
2245	29365	29366
20860	30304	30305	30306	30307
68461	74294
736	9908	9909
1177	1305	2193	3446	3901	5735	6847	23210
3366	14009	37196	37710
22040	24997	80366
6170	6171	6172
1240	5008	16643	36392	66656
1861	1862	1863
6298	36294	55751	60984	73047	73048
7077	29334
1807	19721	30365
4105	54290
24237	71120	71121	71122	71123
5311	17377	17378	17379
239	33072
8840	8841	8842	8843
7700	12713	12714
10006	14822
16071	21943	56066
1288	3242	7637	40508
196	321	10284	67464
52991	52992	67939	67940	67941	67942	67943
12455	73113	73849	78888	78889
67675	67676	67677	67678
8993	8994	15263	53349
10746	59909
13428	14387	17286
8	2498	5116	30367
6057	51533
23407	24368	27163	27164	27165	27166	27167
147	53938
2356	8713	38706
15173	57923	69672	69673
57746	57747	57748	57749	57750	57751
2850	7113	14997	21159
137	138	69772
1766	1767
5476	5713	31514	36238
3969	5529
677	678	16101	16102
21225	28005	28006	28007
4764	4765
16053	16056	17541	17542	17543
3251	4132	12433	33201
12295	65310
20174	23414
12555	67975
1192	4941	23670
783	33552
3982	7045	24480	47503
9025	63161
6399	16389	24849	70481
4151	4154	19075
61811	61812
29204	29205	29206	29207	29208
8113	24380	24381
77730	77731	77732
27604	53779
663	1755	1756
28802	58865
1607	21886	49216
223	247	511	1733	1734	1735	4545	7011	10115	17781	19272	20132	22562	27566	30421	57653	58320	58321
540	12164
49662	49663
2380	2850	6254	22605	22606
1089	25014	51484	51485
5917	5918	5919	5920	5921
2543	64879	73413
55397	55888
11377	11378
59755	59756
1354	1355	3487	12904
4000	4001	4002
6501	12178	16918	18973	18974
62761	62762	62763	62764	62765
183	1868	19086
1416	6164	10112	25049
3147	6276	46841
9205	30148	56233
498	499
135	64525
1679	36486
17786	17787
2647	11923	40455	70417
3206	3208	79941
1378	4072	32589	59908	65318	65772
8273	52784
24103	34357	74915
29573	29575	38554
2403	31045	33656
67901	67902	67903
3433	5082	25647
15731	38869
14908	15681	15682	15683	62204	62206
1091	2291	4533
69910	69911	69912	69913	69914	69915
4309	4917
9441	15872
24321	47119	47120
2022	3564
258	9264	9265	9266	9267	9268
1765	7983	16262
74166	78932
3609	12973	13013	15120	17520
14039	23861	24337	67380	67381
4545	29113	34411	40270
46181	49949	51406
15214	15215	15216	38809	56943
8757	8758	8759	8760	8761	8762	25475	25476	25477
1303	5898	5899	6823	50092	50093
2055	13900
706	21253	27792	31022
5146	15796	41718	56126
12338	17529
10432	40867
14860	28214	40620	40621
703	15767	17138	36924
13428	13429	16634	65861
12587	22165	37917
5341	5342	5343
1008	6287	18831	27918	48875
1177	1305	2677	41901	49980
1985	47302
10142	16615
51385	52061
28573	58237	58238
256	4951
3300	12821	20141	27918
16578	16579
11245	32053
60791	60792
4022	4309	17950
18380	23346	31402	31403
11905	27823	27824	27825	27826	27827
24090	24091	24092
12990	15291	25356	65279
224	19596	43069	43070
22807	52394
8896	9586	34920	46486	46487	46488
20524	26931	60104	64302
7534	7627	7628	10479
8125	17899	32778
1195	1196	15068	29225	32368	33898
6979	6980	6981
18561	19773	32157
25836	25837	25838
16678	16679
626	54855	78807
3638	20520
53452	53454	68711
12089	12090	12091
3346	3347
177	22647	41180
66811	66812	66813	66814
29211	41854	42512	79964	79965
1916	2014	2015	2016	2017
159	36286	52540
15763	16033	27214	52687
1441	12710
223	1736	4060	7011	11844	11845	11846	11847
1403	12285
11759	23169	26346	54366	54367	54368
12657	12658	12659
240	3425	3635
217	15638
6757	7884
898	899	900
16389	56025
1487	7698	36832
13565	70756	70757
11666	11667	11668
13732	56280	67112	67113
1097	35271
421	44076
15083	59869
8705	8706
474	475	477	8183
49463	49464
5846	6478	7169	80442
11201	11680	31721	31722
18217	28392	55210	68616
4587	4760
18713	18714	68491
3834	29915	34689
1673	4432	29520	31621
2687	4720	6576	6577	6578
79407	79408	79409	79410
5331	13949	34149	35043	49893	49894
36757	36758
22140	27726	27727	38530	38531	38532
259	1453	3810	3882	4075	4478	4827	6908	11802	11803	15356	19025	19322	20205	28249	39038	57051	66760	66761	66762	66763
57876	64531	64532	64533	64534
15983	16563	16566
3887	15399	26127
1161	10031	10032
2063	26263
14230	55236
79248	79249
7757	40889	42029	42030
78427	78428	78429	78430
5049	29958
799	931	2736
19498	35442	48638
581	5988
586	11401	21987	79709
1985	3424	14552	14553	14554
14467	18463	19773
1765	2533	3431	3433	4586	4587	4588	5810
11737	14058
19643	74179	74180
135	40573
1655	23416	23418	29178
1593	16156	65873	65874
11367	35208	43046
5472	61973	61974	61975	61976	61977
223	8992
12219	66579
3425	11347	69848	74267
13429	16355	16357
711	10037	70155
1053	1054	42633	42634
14438	67804	67805	67806
2372	2374	59906
1183	2174	3376	3764	4628	8040	9381	13816	17411	18762	18763	18764	18765	18769	25218	32410	32411	32412
902	67969	67970	67971	67972
35938	45637
21611	27682	52890
658	919	10712
13318	23229	79770
256	1091
13091	24492	35107	35108
10179	28676	49984	55007
38432	43582	43583	43584
1039	9644	22961	43782	63066
17876	49272	70039	70040
1437	4323	14817	35088
9349	67273	73872
239	8757	12800	12801
38850	38851	38852
19128	19130	29885
3099	11684	17533
15896	56398	71987	71988	71989	71990
17596	64428	78907
6400	14317	14804
75742	75743
3006	6555	6556
683	5705	23738
1120	7276	7277
183	15677	18099	40486
18	18162
26290	57701
15316	21862	21863
3061	7385	14864	16258	22126
21338	67208
1862	28596
68256	68257	68258	68259
19755	20679	57196	74198	77863
12152	25046	80431	80432	80433
15992	15993
1987	3614	11428
150	2343	33928
8620	27313
2245	2247
855	1848
2798	16654	16655	16656	16657
21795	21796	21797
499	14042	73273
6426	22535	22536
17443	17444	17445
16086	28847	58359
38432	38887
3626	30495	50198
10704	63044
5432	38822	41666
6436	38517	43301
6046	22216	22217
543	1766	2053	2054	2055	2056
363	365	27282	73468	73469	73470
916	2629	10618	30381	58896	59999
12781	51876
12381	12382
20174	23804
1765	5176	16262	21720
47473	47474	47475
665	13703	50055
4308	18883	18884	18885
5872	7560	10640	10641
2270	3982	7531	17915
1116	4627	22202	41970
1134	4460	60333	64971
20306	20309	42033	42034	42035	42036	42037
4373	7196	8135
466	1316
2936	2937	2938
799	1866
14347	48192
3092	11458	14385
7409	7410	7411	7412
10278	37253	52224
4895	6918	17867	25217
26201	41930	41931
13467	13468
578	20795
16596	16597
3612	8386	10846	11411
19985	51306
59480	59481
2806	23370
1559	4705	4707	4708	4709
28173	75403	75404	75405	75406	75407	75408	75409	75410	75411	75412
63295	63296
10579	20073
1302	8641	11077	21145	37161
14547	26640	45207	45208
177	1294	37760
2484	18155
35560	38466	38467	38468
6781	6784
25365	36333	36685
21545	58657
11367	13293	40318
6034	14307	57903
5146	15795	15796	17191	56141	56142
14348	23241
4987	48183
174	40317	41268	57780
44691	71939
12382	12475	57742	58933
10304	24832	24833
20541	20542	20543
679	53419	55653	59864	62911	67400
574	14947	61854	68915	68916	68917
31216	31217	31218	31219	31220	31221	31222	31223
22753	61122	61123	61124	61125	61126	61127	61128	61129	61130
31003	48621
32	14057
8273	73217	76259
1302	18519
14771	14772	14773
7188	11884	11885	11886	11887	11888	11889
10655	40472	40473	40474
18631	18632	18633
2267	60124	65038	65039	65040
1372	2209	12639	13642	17927	56980	68466
6400	9379
3746	3747	3749	30622
1095	5873	26328
1118	5209	13902
4004	11705	15887	29511
7445	36738
50855	50856
19349	51431
2941	5148	7986
335	336	337	338
14597	14598
9778	15210	45454
29931	37042	49552
61996	61999	62149	62150	62151	62152
5549	5550	5551	5552	5553
6841	44025	44026
278	1191	2941	3614
26826	43337	43338	43339
7978	12652	21342	58734	58824
3881	7598	18557	18558	22168	28904	32177	32178	32179	32180	32181	32182	32183	32184
17808	17810	24989
9116	12765	55720	58744	60594
8879	16302	16305	34609	60952	74609	74610
16678	79857
61145	61146	61147
7098	15001	17119	21462	30168
10536	15321	23353	59800	59801
2669	17719
181	2075	3589	33958
18013	18014
234	348	7861	7862
11317	11900
62506	62507
77819	77820	77821
556	3706	3707
13992	13993	13994
11765	48132
15097	42120	63205	78873
9401	15998	15999	16000	16001
3159	8004
2686	3255	16112	57544	70274
8185	36040	56156	60187
11317	50949	50950	50951
1292	15540
5419	49909	49910	49911	49912	49913
4765	14817	16854	57915
32208	32209	32210
1161	12858
30353	60958
363	365	27282	31400	59474	59475	59476
10432	32092	35887	42500
16711	16712	16713
4459	54960
4322	80342
1596	2789	4846	7898
13562	21709	21710
4010	4025	10695
14541	14542
3923	45555	46587
7775	7776	17568
19061	19062	19063
16758	16759	16760
8933	16731	16732	52231	52232	52233
27959	28458	31229	35141	70334	70335
1471	38536
20975	35835	35836
39849	39850
1534	77385
46802	46803
6008	17695	29587	46348
1324	55866	55867	55868	55869
3171	7855
464	2393	19048	20846	23866	28978
12431	49938
1005	18442	18443	18705	19828	19829
14013	42903	46092	57832
50677	63004	64454	64455	64456	64457
20566	20567	56913	56914
2100	13550	13551
94	5149
6493	17594	28733
6778	23825	24864
36569	47073	58784
41282	41284	59975	62504	62505
4809	63692	63693	70013
3099	11684	12761	17533	31609	31610	31611
44064	44065	44066
181	3940	4283	9630	10540
3366	6043	25885
10746	34691	80417
9253	34563
1647	25604
1028	36841	38904	38905
38535	44947	44948
23561	23562	23563
183	4927	19086	27367	27368
240	24377	24378	24379
59056	59057	59058
12398	64537	65259
4798	22206	23887	34227
13099	38700	41645
10954	12682	48279
6440	27847
27798	40525
40170	46984
33936	33939	55139	69677
12	29651	35101
224	8393	8396
267	6747	31238	35845	35846	35847
6447	13736	15306	35800	50425
2503	15392
12874	58069	58070
37055	41489	41490
23457	61079
25330	25331
6324	6325	6326
14855	39519	39520	39521
1091	7032
36471	41917	49864	64494	64495	64496
14627	16754	21987
8912	80418
10598	10599
38370	38371
80003	80004	80005	80006	80007
93	11839	15108	37278
10399	58386	58387
81	6812	6865
18	1565	22956
1481	1486	12591	13472	44662	44663
51521	74341	74346	74347	74348
43051	43052	43053
27211	27212	27213
15456	15692	64179	74837
2990	6585
2373	18506
1959	27791
9301	12449	16191	24383	25279	25280	25281
9012	17848	17849	17850	17851	17852
240	18726	30384
8113	16606
1196	29224	29225
7952	42414	42415
22275	36559	37320	51467
1607	10099	10226
4389	10239	16690	43820	43821
13452	22768	49068	49069
4445	4446
57253	57254
6514	6515
64426	64427
8294	8295	8296
14222	15422	17076	65858	65883
1509	5725	5726	41824
10581	27863	57894
15027	68288
5981	12273	12274	62396	66292	66293
2895	31245
18270	32780	32781	32782
2119	6400	12718	12719
9413	80483	80484
5404	35472	44788	46263	46264	46265
3231	25999	26001	26005	26006	46699	46700	46701
71825	71826	71827	71828	71829	71830
1131	6287	23997	27921	27924
6524	9657	17701	62807	62808	62809
1842	38056	38057
8269	23183	56076	56426	61195
10578	10579	28286
10921	27877
53419	55653	59846
5166	11839	50648	58934
5608	57591
10951	18493	31822
37276	41454	41455
6465	12226	67428	67429	67430	67431	67432	67433	67434	67435	67436	67437	67438	67439	67440	67441	67442	67443	67444
1507	10701	10702	10703
9170	40254	46652
1528	36979
74630	74631
79575	79576
13	47261
12164	21081
11123	11124	11125	11126	11127	11128
26292	36098	63001	63002
2435	2436	12023
15927	15928	56398	69614	69615
3043	3044	9441	14387
13319	13320
321	1131	9787
2095	55973	61773	61774
465	466	467	35677	50538	50539	80083	80084
3858	14706	16141
37974	37975	37976
1441	3061	9064	39864
13229	13230	13231	13232	13233	13234	13235
19099	19101	19107	40524	44510	44511	44512	44513
2015	7994	26700
11555	28201	34910	60789	60790
3609	12973	16797	43153
4089	65098	65099
3884	50818
1691	4609	48382
2543	11435	68645	70856	70857
1716	6585	15360	16432
28722	28723	28724	28725	28726
68355	68356
9919	18841	56086
59220	59221	59222	59223
799	10004
16764	35105
8789	9510	11813	50062	50063
2717	3146	4389	5691
14943	27007
5691	19040	19097	46873
1091	22507
839	52878
12092	12224
7713	52160
15893	15900	23352	26933
12084	12085	12086
240	1110
1844	5596	18058	23574
2217	2218
79820	79821
22040	24996	24997
20553	20554	56601
22269	38290	66684	73354	73355	73356	73357	73358
826	24566
216	9048	37107
3580	64257
3609	9723	12973	36675
799	4010	4025
4140	4789	4790
12870	18651
5250	54981
63595	63596	63597	63598
11682	17757
36538	38712	46635	50577
60915	60916
18314	34125	40096
3730	6344	6345
15721	15723	64560	79259
1235	9205	9206	9207
181	1077	2270	3106	32857
18442	18443	64668	70144
62292	62293
5731	12706	12707	13268	13269
1134	14818	35892	66200	75975
1080	9728	54504
26698	45326
15042	18360	18361
2461	2462	2463
17440	55231	80403
21275	21276
1201	19574	45118
5614	16399	23021	30348	30349
18458	34594
20175	20176
4307	10474	10475	10476
12647	13272
1565	19883	19884
413	35646	35647	35648
6426	42368
1892	6537	36638	36639
16944	21907
2989	18074	29612
2277	53696
16228	41465
22269	28978	29570	39334
48896	61039	61452
17790	56289	57953
9864	14209
1076	3341	3742	4652	41668
31972	33450	71051
2726	2727	52959	52960
6298	10432	11819	54312	56653
14566	15690	15694	16954	64040	64331
2647	36647	50672
17629	17630	17631
20803	20804	20805	20806	20807
1023	3481
1585	35219	48293	48294
6040	13962	33309	75148
35924	43073	44282
61214	61215	61216
7593	7599	22946	52678
66982	66983	66984	66985
15532	33889
9804	16849	16850	16851
6980	34145
6835	17118	21462	31526
9349	13255	15735
712	48243
11401	14355
36598	42725
9944	9945	14484	16851
4811	8023	8024
14222	17187	29790	29791
11495	22324	69339	69340	69341	69342
6496	31962	52053
1060	26225
77034	77035	77036	77037	77038	77039
53364	53365	53366
940	1162	2441
13308	33629	69303	74738	74739	74740	74741
12682	74228
1486	1487	16437	16438
67700	67701	67702
575	31830	31831
990	3425	3759	3760
64163	64164
6142	11621	14259	14260
29622	70646
961	38544	52472	79853
94	3366	5149
35613	35614	35615
782	22713
16782	16783	16784	16785
15374	15375	15376
1066	1068
25842	58256
2019	2373
13295	23835	28567	28568	28569
3638	41908	47214
1140	1141
36378	40862
23175	23176	23177	23178	23179
13102	14318	14319	14320	14321
75398	75399
7399	7400	7401	7402
8110	9964	9965
76607	76608
3858	15792	26632
3425	31107
14519	44201	68488	68489
23120	23121	23122
1005	20501	24868	25917	30658
3515	6315	17982
12773	19433
259	624	9301	17441	48115	48116
12200	17041	64290
15477	41200
12884	12886	12890	27357	27358	30522	43949
3173	11951	17560
33445	33446
3707	23781	24077
5691	19040
17896	74374
454	455
3593	4124	4125	17828
79127	79128
23327	38717
5327	18871	22889	37433	49637	49638	49639	49640	49641
1985	7969	7970	19611
7868	7869	7870
18498	18499	18500	18501
2043	15096	35712
7877	28587
8193	38922	38923	54270
62661	62662	62663	62664
3654	4195	8139	8140	48775	48776
12	26137
1281	1459	21343
3247	47496
60	51687
5084	20082
4902	39745
25924	27116	58533	58534
20065	53573	62162	62163
11675	28159	28160
64865	77440	77441
266	6019
4399	17716	19773	73541
2179	13722
45122	45123	45124	45125
4071	10554	19990	58620	58621
16415	16416	16431
655	13070	38083
966	13732	36211	63830
14060	14490
3781	8316	8317
961	11784
23183	27619
13793	16221	18966	70341	70342
17632	18463	21430	33205
22050	22051	22052
5146	7098	15796	41821	41822
77616	77617
4615	4616	10629	10630	10631
532	533
13294	13295	17137
3626	13778	13779	13780
34785	56936
4302	4548	45243
62628	62629	62630	62631	62632	62633
2373	13175
1039	45858	63065	63066
3171	3928	3929
38280	50669
13419	30255	36100	36549	50606	50607	50608	50609	50610
13182	13183
35482	35483
28626	28630	53488	53489
8352	8354
9778	15210	45410	61304
181	1846	12824
211	5116	19556	30394
12330	36871	42071	42072	42073	42074	42075
3044	9050	47610
22984	22985
35240	35241	35242	35243
4106	13793	13899	18966	51446
24934	33107
1694	26669	26670
17077	20434	20438	58149	75069	75070	75071
6481	8209	17283	21692	28699
17825	29856
16297	40679	40680	40681
95	19423
14531	16277
5849	5850
13853	16441	16442	16443	16444
3310	26480	32442
4522	8348
7125	35085	42152
9722	20404	23197
18102	18103	18104	18905	18906	18907
1785	7443	12496	27397
21342	45955	45956	45957	45958
180	2209	3742	13118	37304	47409
1177	31615	40683
38625	42510	54127	54128
9028	11948	29358
72068	72069	72071
24870	24871
14625	23202	32397
852	853
586	64867
5148	13746	37202	40690	42860
3726	3727	79347	79348
8811	8812	8813	8814
49	17190	26208
6298	21120	44128
19511	33736
34246	34247	34248
1848	47111
17495	22171	31579	33775
7112	7114	25403
1264	6633
15999	16284	18493
10543	13980
624	38647	38648
3180	6777
26644	37441	37442
5620	34825	34826	34827
12285	40785
2503	34393	34394	34395
2547	2819	5737	79396
2153	2169	15827
13304	13305	13306	13307	13308	13309
2374	5234	6823
2028	2029	5575	10202	53680
4358	79608	79609
15730	30696
7221	67409	67410
15291	15471	45199	56145	56146
2028	41389
4323	8166	8167	8168	8169	8170	8171	8172	8173	8174
5106	5107	5108	5109	5110
1299	1311	1312	1610	27312
43849	44383
419	4130
44958	44959	44960
1788	4225	18171
697	15454
3808	16099	48100	48101
1176	1177
2056	12285
10951	11288	15116	16883	31822	35725
3445	22653	59502	59890	59891
49321	67212	70536	70537
16004	16005
2179	41628
52043	52044
10584	41502	41503	41504
60620	66716	66717
224	8393	8394	8395	8396	51199
8880	66170	74572	74573	74574	74575
34196	77393	77394	77395	77396
5266	17448
9944	9945	13249	15218
10126	19380
1993	32900	32901
13228	32132	38059	68287	69970	79117
135	3188	3612	14930
1214	40383
5996	62806	62815
1192	15670
3426	6128	6154	8147	8333	48158
12938	12939
10570	10571	10572
277	499	51255
12216	40455	61672	68781
10581	30181
78498	78499	78500	78501
10239	19935	19936	63883
31592	31593	31594	31595
1324	1326	14922
11815	11816	11817
15208	48594	51487
7533	27576
6757	51421	55207	55840
25750	38406	38697	38698
1761	35743	35744
15216	16666	74352
5353	25646	45263
2732	47310	47311
6904	11682	24317
22037	37728	37729
9887	33597	33598	33599	33600
10696	19307	23097	25614	25615	42581
16093	60541
19084	61980
21647	33010	33011	33012
58226	58227
1063	1064	1065
14908	29812	35156	44240	44241	48747
1053	9030	16050
14898	37513
6042	9236	10853	10854
3901	6847
135	38760	52194	63076
2842	15939
46855	46856
49	41630
9401	14626	15999	16661	17049
1298	2228	4147	10578	18709
51454	53062	63036
36647	50398
24961	24962
3788	4107	4108	4109
7691	22341
29949	56010	56011	56012
3610	10586	20690
2542	4419	9099	10362	35773	35774	35775
8635	80390
223	12380
15851	22857	52730
5166	5167	6934
7871	31941	39467	41403
57114	57115	57116
14496	28504	42527	42528
19901	19902
1565	40596
241	5572	8936	8937	18835	26928	26929	26930
12739	47922
68877	73789	73790	73791
10278	18687	20928
21680	21804
41933	56417	56418
24667	46657	46658
51482	51483
1235	4816	19498	22370	38786
10701	11686
2074	9809	9810	9811
223	494
13755	13756	13757	13758	13759
2377	2378	36943	36944
20922	20923	56124	56125
30126	32036
9945	15140	22359	64518
968	9270	9350
4092	6753
62427	71181	71182	71183	71184	71185	71186
39038	69164	69165
135	9351	49322	67114	67907	74132	74133
6841	44025
1000	9030	9031
6191	6192	39169	39171
49264	64379
9618	9619	12994
1129	66383
2964	4389	25334	31048	49531	63695	63696
1634	2305	6256	18291	39959
2374	5234
5596	14193
62931	62932
37587	48939
1235	1324	25102	52609
969	21139	21563	55180
45	13872
1349	14017
16248	16249
1029	20794	20795
31145	41917	42066	48047	48048
1985	3820	6557	6558	12854	17319	17491	23415	28523
7370	8313	39755
58993	58994
3654	4195	4196	4197	6244	16773	26404	27838	30689	50958	50959	50960	50961	50962
2677	3067
4473	4474	4475
72095	72552	72553	72554
14622	14623	27551
1598	4893	5874	25430	45461	45462
17101	33757	58001	58002
17713	17714
14733	29075	29076
3760	32952
3091	5052	5053
2423	11778	11779	25720
27523	76323	76324	76325	76326
1290	15197	15198	15199	15200	15201
14673	14674	78340
2363	38960
3188	3613	3614	12957
12741	21209	48467
3073	9733	14449	20570	29291
5757	22865	22866
58834	58835
92	1978	22887	68091
37497	80640	80641
60	7268	16050	37643
260	3580	6994	28544	28902	42695
10785	19601	26188
59	5662	35302
834	6733	26222
9200	42435
3975	3976
38383	38384
5034	33289	57085	57086
655	15152	19015	19016	19017	19018
678	1765	5451
7581	7582	13358
2432	2433
3589	7642	7643
35908	35909	35910
1614	8232	12080
3867	45095
11601	15154	15238	15239
6007	21193
177	16573	30429
22555	22556	38070
3446	6847	31179	31784
4546	40676
1378	2802	54386	54387
7921	28324
5734	19028	51514
8079	8080
5614	17576	19156	38893
3593	74569	74570	74571
1490	5348
19349	36883	36884
475	15840	77319	77320
22305	48972	55670
1993	28271
7368	21243
905	18231	27854	46395	46396	46397	46398	46399
12177	12178	14898	21086	64474	64475	64476
3527	3529	6047
14621	14622	14623
19595	19685
644	35664
57705	64996	64997	64998	64999	65000
2501	57719	57895
64589	64627	64628
19808	57860	61932	61933	61934	61935
3654	3655	60671	77771
20395	32980
12969	12973
2586	13887	23987	45081	51928
42673	73563	73564	73565	73566	73567
45777	45778
36670	36671
23496	23497	23498	23499	23500	23501
1614	1755	19403
4735	7450	7451	7452	7453	7454	7455
22323	22328
22134	22136	22139	60076	66480
11827	46789
1679	26883
2744	55647	55648
17591	26637	26638
11705	26698	36882	38099
198	19970
75500	75501	75502	75503	75504	75505
28611	29788
13466	24268	67169	80231	80232
2172	8757	21970	48568
1161	14829	15671	15672
4577	22618
1479	1482	1485
21804	21805	21806
2179	36519	37113
3834	35749	38263	38264
1535	31515
2116	16454	20555	25705
17024	17716	18561	28274
13121	26391	57834	57835	57836
71011	71012
5539	5540	5541	5542
636	13533	18987
13335	14415	18417	28475	61923	70606
3441	8458	8459
8760	13478	14627	16875	64508	64509	64510
73810	73811
37504	55221	55222
2267	16283	16284
5735	21537	21538	58546	76953
11670	38646
575	4370	14947	18861
50773	50774	50775
12652	13943	21342	66274
10278	20928	37440
3767	9330	32319	32320	32321	32322	32323	32324	32325
1065	7769	7770	7771	8003
1007	1501
224	1139	4360
8848	51135	51136
4696	32776	32777
64899	64900	64901
3677	3678	3679
13429	45224	55048
215	29523	47688
706	1513	49281
9208	21104
5344	35853	35854
11559	12807	23526	34445
13347	13348	13349
3609	12973	14058	23242
654	13405	13406
10076	30829	30830
256	492	4022	20944	20945	20946	20947	20948	20949	20950	20951	20952	20953	20954	20955
51272	51273	51274	51275	51276	51277	51278	51279	51280	51281
2489	10785	31720
5054	78713	78714
2358	69756	69757
33813	33814	33815
5409	16059	36506	46635
75871	78681
177	14960
49	16142	22687	74336	74337
3367	29940
166	14551
494	3445	8890
2969	19315	44577
23242	56083	56251	56252
2320	8210	15249
12604	12605	12607	14768	69745	69746
2028	3416	3417	3418
3254	10608	15915
543	18395
64822	75645
38506	38507
51957	51958
18971	56810
3138	70322
5792	18000	18339	19322	20394	20646
16567	68943	68944	68945
2895	8180
3546	12599	14660	14663	16884
27450	57823	57824	57825	57826	57827	57828
3368	3370	72380	72381
1252	18529	18530	19632	27958
1080	73927
21776	33604
10887	11168
3310	15087	15088	15089	15090
6153	6154
11366	11367	28274	68883
93	11839	15108	28382
2182	2183	2184
12541	12542
2378	8880	23319	27374
46574	46575
1765	11616	17549
44626	62419	62420	62421
183	3091	10025	24217
8379	33756	33757	33758
3980	5317	5318
1604	12540	36566	39973
50914	50915	58949	58950
10527	33415	38082
15998	17000	21943	25822
24097	52005
499	9844	48878	65005
6767	13425
16095	65158	65159
13214	44114
3061	62851	62852
16305	35337	35338	42529
13222	31360
29573	44848
94	6110	33905
3855	5176	11677
3609	12973	18427	21388	54454	54455
9980	9981	9982
1513	7331
8781	17727	20775
27852	38399	38400	38401
11924	52692
3113	79590
224	19596	19597	19598	19599	19600	19601	19602
2094	4261	53177	53490
5386	5726	38080	44725	47253
10938	56262	63541
8239	30545	30546
17409	17410
1752	1930	5898	6823	7332	18194	21517
58164	58165	58166	58167
50428	50429
2272	8396	12626	15824	19359	30685	35231	45464	76145
10954	19858	55714	55715
183	3091	27440
4135	14610	59854	64108
1039	56796	61842	69214	69215	69216	69217	69218
10046	15498	41128	41129
4849	6035
2850	3858	14938	22173	23975	31421
624	626	17715
486	487	24154	35390
1305	4419	30169
183	1868	19086	22563	27440
4333	4334	4335	4336	4337
29074	48317	70510
352	37852	38425
9545	58968	58969	58970	58971
7715	8716	46251
75522	75523
6704	6705	6706	6707	6708
2943	11979	69382
15008	25582
9945	14749	15168	22535	66283
57494	57495
13184	13185	13186
9331	45249
3366	73529	73530	76269
8711	12178	69625	69626
1565	18200
30335	30336
5718	9667
76330	76331
6841	35643	37111
1338	12319	17221	42284
7804	53252	53253	53254	53255
60728	66511
201	7031	8502
2406	18023	19472	28624	29653
1320	2244	15407	32419	69747
15603	15604	42212
13004	13005	13631	30602
17829	30451
4210	11157	19583	45740
4595	7992	7993
1534	23887
20184	23810
4608	5988	64127
27127	65672	65673
13897	23558	63331
3069	4166	4488
532	4915
256	1558	2820	4980	4981	4982	4983	4984
48720	48721
464	24795	24937	33106
2470	36773
15048	15049	30047	58065	58515
14069	44027
2374	3131	12455	61041	71110	71111
1338	12318	34394	48756	66986
21367	77219	77220
3836	50014
13448	24103	34357	34358
3788	48125	48126	48127
5689	9241	22949	46031	70398
25364	25365
71407	71408
3242	7012	31053
1797	6575	27896
3527	6745	32232
1281	19755	20573	23662	74197	74198
1428	47395
25014	35765
2090	2700
19490	19491	19492	19493
58276	58277	72982
14436	35962
111	3425	29498	53284
3626	48569	48570
16678	52161	52162
6932	69801	69820	69821
192	63007	63008
1507	12908	61927
16909	16910	16911	16912
4887	4888
2418	2419
28032	28332	28333
1305	3654	10545	30169	55361
30865	30866	30867
58256	61923
15913	15914
4488	23036	23037
3278	18456	33839
15083	24218	28210
1610	22226
4049	52138
8880	14856	15427	15656	75049
2677	9930
11660	11661	11662	11663
3446	6847	37355
499	29103	39045
11725	28659	28660
6038	28143	28144
1065	17927	57918	57919	68023	68816
16339	65877	65878	65879	65880	65881	65882
6103	22141
230	52130
3218	49349
4049	9403	12822	48895
2850	9545	16918	46731
65379	65380	65381	65382	65383	65384
3632	10276	15462
2061	4012	6103	9549	21298
49	50075
11401	47666
66989	66990	66991
5948	23022	48744	67205
40663	40664
29155	61219	78224
27416	27417
8790	53669	53670
379	380	381
6043	51469
11211	11212
1706	1707
6939	49892
38517	40589	40590	40591
27377	45572	53309	76496	76497
1799	36341
60736	60737
1027	12413	71437	73627
5094	6040	9550	69997
2078	29641
14057	64183	65253
12176	15604	39954
1160	8463	8464
1366	17717	17718
3810	11984
81	14149	14150	15675
1691	3425	27655	27656
34	10831	41085	41086
1765	2441	14985	41360
13013	15118	15120	47634
62108	62109
10409	40207	44676	44677	44678	44679
2263	3445	6434	68204	68205
260	3281	3882
15096	45578
273	5116	21971
37090	38284
3475	8177	17022
968	9269	9270
8540	11864	29217	29218	29219	29220
6259	22778	42451	42452	42453	42454	42455
3730	15166	22761
6551	8757	18690	21819	47708	47709	47710
1862	4075	20646
579	2985	18847
283	17657	77964	77965	77966
2919	2920
15342	15540
12385	12386	12387
11253	11254	11255
2024	2153	2669	17719
2441	14985	17221	40743
177	14829
2842	14113	14114	14115
8907	8908
1535	9078	9079
1804	11914	13419	13420	13421	13422
47336	47337	47338
16238	16344	65274
225	4989	21124
41747	61830	61831
1358	39226	39227
135	7671
32311	32312
45694	45695
2964	9138	42890	42891
2486	2702	7339	30127
697	20052	20053
12	15216	42184
42	19179	48014
1607	25186	31551
11601	15239	38027	38028
25976	32805	48181
4075	5273	5275	5276	55772
3146	9208	9209
8295	8296	42970	54677
348	5731	12707	19853
240	715	5731	7037	10663
679	680
37945	39198	47319
1743	2527
403	404	406	407	408	21484	21485
3024	43539	43540	43541
71012	71719
1889	1890	22823
29134	36880	62169	62170
224	9301	27627	29133	29134	29135	29136	29137	29138	29139	29140
3834	35955	51767	55583
14286	58623
14136	47670	47671	47672	47673
37915	50389	50390
258	1558	4835	4837	4840	4983	6304	6305	6306
1264	3456	38447
24251	24252	24253
4888	8463	18417	39503
49895	49896
11401	43475
9832	9833	9834	9835	9836
2711	2713	3795	14497
2267	16755	16756
5331	35043	36175
41893	69035	69036
1325	1326	2850	22858
13000	13547
4680	22137	34188
43449	54122	54609
9229	71712	71713	71714
13428	13429	14660	15831	17286	68253	68254	68255
2206	2208	2209	16789	24697
14510	14513	14515	26434	58613
36460	69906	69907	69908	69909	70688
6200	6201	6202	22353	36002
10169	10354
19752	22153	22154
5689	7790	78903
3170	3171
10432	13241	35887	46347
1005	2421	9630	23613	67083
515	8585	12646	16106	32745
1403	23195
2044	3901	41476	41477	41478
3026	3027	3028
7446	25389	64976	65203
8500	8501
7469	11322	25974	42579	65745
352	2293	2294	2295	51619
8782	9269	17965
5513	51609
1788	5672	10849	11457
3196	5207	12065	20555	27361
12243	70394	70395	70397
21970	24153	35700	49849
2273	2412	6885	46922
1144	1891	60733	63027
16403	45690
55996	55997	55998
763	10341	12325	19372	21261
1685	10471	26764
8713	17468	25333
1993	2291	6560
3810	4478	32380
16439	16440
11293	12863	49153
39600	39601
17567	20479	20480
17665	17666
31	32	7077	18471
15390	15391
12412	12756	31357	67058
82	6777	28511
1653	11440	23928	26339	26851	59730
11682	52573
6071	11673	11674
7969	7970	46351
3675	15486	61482
2272	12994	30271	33469
5706	17668
4049	24650	38847
40651	40652
12213	15516	15517
6008	21298	46348	53706
5178	20600	34224
34905	34906	34907
1257	11367	13465	22924
3455	3456
3364	3788	5428	5429	5430	5431	5432	5433
835	2291	5529
9618	14898	14986	15614	16202
40720	69721	69722	69723	69724	69725
22510	51160
24584	41386
789	10675	40186
8193	25358	25359	25360
8463	15129	18680	51260
1610	3125
24473	56931	56932	56933
1292	11705	13429	15837
70647	70648	70649
15216	16666	74351	74352
12334	26224
834	4827	23779	23780
1946	1947	47258
14678	38415	38416
15604	64180	68167	68168	68169
19899	39733
1153	19214	35364	39598	41864
13444	15669	17090	17091
7275	22143	35115
56940	56941
656	18860	22340
43307	43308
6320	10646	10744
12012	12013
13082	14157	23669	23670
22274	22275
3320	20573
6001	10089	17768	47833	47834
77991	77992	77993	77994
790	10675	18959
5930	7496	20590
3654	3655	20509	60671
35643	39741	45368	45369
6066	27929	38635
1240	3542	19992
29134	36880
5689	18738	22948	63459	63460	70186
7728	19317	19318	19319
5376	8528
15893	15900	23352	23353
17899	20210	29590
1311	1312	1313
8283	41422	55114
585	25797	35612
23146	23147
2323	3247	4386	11336	42128
2263	9554	29254	31887
7859	7860
13703	15477	31987
18495	18497	20493	31458
17028	37878	73042
135	14930
16962	21326
3850	3851	3852
2179	16170	23212	40761
2492	31229	31230	31231
2845	7065
17339	17340
17945	19265	64286
2437	3358	5635
7279	10296	10298	64914	64915
7167	80156
13885	38390	44518	44519
834	3586	40377
10995	10996
8760	48553
39181	42688	42689	42690	42691
6747	14775	33325	33326	33327
65261	65262	65263
4593	4594	4595
7772	62424
14790	14792	14794	15572	31501	55986	55988
9117	10259	50937
5948	8327	16314	73646
15118	16517	65186
20298	20300	29436	33558
41789	41790	41791
3335	47034
17722	28580	32092	33742
15282	15283
1453	5444	7194	8246	8247
19556	32199
1331	5726
30058	41840
681	683	41167	80490
15540	15975	15976	15979
4011	4014	21298	35944
3395	53007
19489	20211	46235
1191	6703
12032	17024	37190	41832	59621
2351	2352
2439	7290	41000	41001	41002	41003
61403	61404
40853	55196
2244	13710	14057
4361	18341	18344	33975
99	53734	53735
34069	50684
44323	44324	44325
7978	11419	13943
6672	6673	6674
15867	18012
58781	58782	58783
6366	13530
5046	42863	42864	42865
4760	5320	6232	43587
32139	32140
16879	38070	58766
13101	26543	26544	26545
2687	18089	28334	51557
7098	53999	54000
1607	3589	4014	22704
11112	39216	44878	74580	74581	74582	74583	74584	74585
12694	36958	55468
16254	24041	30009
159	14934	22315	22316
12288	12289
20627	30535	30536
8547	33783	33784
2277	47301
4399	37190	63990
2272	3188	8713
5148	5149
4517	4533	29466	29467	29468
14242	24634	38288
2677	42173
540	543	1340
5499	11132	59894	60030
14934	15291	15475	45199
4040	4041	4042	4043
5860	5861	5862
17231	69504	77103	77104
5530	9025	11294
4225	63711
10951	72082	72083
12056	12057	12058
11147	44310	44564
1417	3836	36466
13923	64968	64969	75730
22061	22063
5899	6823	25095
4454	8829	36955	42436
9415	16768
15501	15502	17047	56665	56666
1451	10476	23013	23994	34362	69599	69600	69601
7384	26405	27061
19359	20124	20125	20126	20127	20128
1290	12422	12423	18074	22782	22783
2356	73170
15224	18045
190	191
3938	3939	3940
14520	14521	21032
1563	16926	29782	48038
2063	11242	11243	11244
574	575	46012
2206	2208	2209	16789	24697	31808
67502	67503	67504
38931	38932	38933	38934
38392	78503
7368	9736	21242	21243
28523	35711	46915	46916
1153	18080
11023	16632
16061	70628	72462	72463	72464	75020	79221	79222	79223
66524	66639
11280	11281
5726	29034	40119
5686	14355	34105	34437
272	485	5988	17641	47608
4895	6734
14549	14551	65279
9386	17906	17907	17908	17909
2711	2712	2713	48060
17770	67344
13600	16191
475	6277	6278	7649
34712	34713
18792	21679
2077	2078	2079	2080	2081	2082	2083
24271	26070
4460	7341	15667	40437	40445
2244	14890	15557	15558	15559	15560
241	5572	8936
33695	49022	54493	54494	54495
47643	59746	59747	59748	59749	59750	59751	59752
44436	48000	48001
3675	36627
26387	26713	47612
2264	2265	27229	52425
1733	3242
19498	35442
19800	19801	19802
7901	20023
22267	22268
16764	35901
4201	42206	80154	80155
90	5201	13901	41144	41145
20989	73721
6483	6484	6485	6486
31041	31042
2808	5397	5398	5399	5400	5401	5402
444	11839	22704
1281	2291	2292
3377	25162
532	533	36162
7167	24248
5204	15443	15672
2717	3742	5691	37304	37305	37712	37713
31046	61141	72417
17376	20524	52954	59888	59889
2066	30749
19325	19326	34553	34554
8660	62958	62959	62960
23542	23543	23544
13876	13877
2247	19117	20492	26220	28786
16446	25935
38588	39696
4957	22028	22029
1084	20300	35500
18682	18683
34369	45392
3081	3082	3083	3084
3247	3265	30204	30205	30206
5410	8003	8993	8994	8995	13018	13019
12003	12004	12005
7775	7776	26557
16863	31191	61191
1470	49143
5383	5384	5385	5386
7702	7703	7704	7705
23864	79903	79904
624	625	626	627
38658	41631	41632	41633
8622	18556
1944	9922	35877
8660	12290	12291
968	14317
9116	12765	78895
2263	22844
31561	61134	61135
246	247	1734	1735	4155	4156	57793
11796	16638	21390	23200
3434	3435	3734
1997	1998	27696	39012	39013	39015	39016	51739	51740	51741
16777	32267
4577	22618	32534
47628	48388
10746	69471	71327
182	909
1191	4371	18690	18982	20143
3613	7557	55206
42755	42756	42757
230	41310
2466	2467
814	14934	16237	16962	47995	66172	66173	66174
13187	13188	13189
2179	2244	3558	4966
2059	4106	5731	12706	19593
18155	18248	60031	67727
5942	6008	27192	27193	27194	27195	27196	27197
1535	4799	8770	8771
1874	28543	68189
12355	12669	25002	46580	46581	50698	50699	50700	50701	50702	50703
8209	19934
5175	77354	77355
43731	45083
32526	64407	64408
150	9925
4811	13714	17517	25419	49547
12591	19407	19408	19995	19996	19997
8323	56238
7870	23044	28758
59832	78531
18448	18971
14892	24211	33904
4608	69174	69175
1131	32506
9030	20329	48245	48246	48247
14952	29318	29319	53633
1485	58013
11306	12921	80200	80201
5464	10427	10428	10429	10430
10142	23440
11699	11700
2160	2488	6563
2169	10142	18398	30099
20	50530	50531
269	6931	19753	67479	67480
2263	79446	79447	79448	79449
17469	44398	54877
61780	66935	66936
1765	13327
5180	25322
3902	31113
889	890
1403	5526	24642	29427	29428	29429
48189	75030	75031	75032
3659	5477	6228
381	11796	14625
8713	12541	12695	37705	64855
25077	25078	25079
12852	14198
60514	67031	67033	67265	71959	71960
181	4373	15886	36619	52421
2320	4344	30773
854	18440
16764	17187	53755
37320	38534	38535
14690	15185	59895	67086	68506
2989	49433	49434
6938	6939
8760	33951
15696	15697	15698
5614	6543	20000	23035	25817	31268
20171	20172
4688	9185	9186	9187
64661	64662	64663
12906	33965
39350	54931	61823
18934	18935
14147	18507
1303	1752	2374	5899	6479	7331	11458	11545
3044	41367	71491
4210	20109	45532	50064
732	21732	46971	46972
11914	13419	40868
94	2687
4917	9746
31502	41717	49517	72456
11843	76564	76565	76566	76567
321	2950	2952	5792	6375	6916	7364	7662	9267	9952	10512	32376	32377	32378
18	1302
14825	48259
15604	41604
1153	15344	56292
766	768	770	57430
4229	18707	49239
1004	2243	2244	6440
5593	23333	56777	65567
514	2599	53426
183	5305	5306
684	685	686	687
4071	4072	13793	63519	63520	73853
11670	15971	22792
22366	22367	22368
655	2934	15856
8379	17462	19835	24343	24344
64852	64853	64854
2592	2593	2594	2595	2596	2597	2598
7756	34744	34745	34746
2374	11321	11322	11323
12781	25878
18997	18998	18999	19000
28963	28965	28966
6501	20747	38005	57951	62979	62980
20499	20500
44969	44970
21210	40774	40775	40776
11226	28988	35089	35090
26410	29029
78123	78124	78125	78126	78127
1357	10695	10696	10697	10698
8713	62797
2572	53629	54514
3449	3451	3541	5731	6746	8660	18275	18978	18979
55592	57937
12908	21338	73336	73337
11911	33175
16059	41494	41495	41496
4569	18478	18953	27186	61092	61093
1716	3983	3984
663	1755	17831	17832
1303	5899	6479	80289
70944	70945
961	13915	42408
30224	53806
31995	44911
207	35312
35957	70075
5898	5899	6823	28873
2850	3609	5586	14532	55527	55881	60881	71952	75232	75233
6835	17118	18582	18583	18585	20676	37650
1677	55674
37158	39658	53149	53150	53151	53152
14705	56084
6818	37020	37021
2374	11545
3302	8787	8788	38024
1269	6770	36728
3546	11287	14663
13354	13355	13356
2744	3453	3454
2165	4059	36681	36682	36683	36684	36685
9186	11675	12279	12703	65355
30126	32036	32357
15999	18493	23197
655	2575	7268	9547
25199	34785	42391
2385	5477	28904	33501	48102	56440
1437	35157	41017
2988	2989
1162	2710	8523	8524
1121	4520	62844
38445	38446
2127	51370
1191	12398	12399
8960	11367	11526
53617	53618	53619	53620	53621
12868	15902	17102	59691	61612	65275
15727	16081
5382	5790	12269	12270
4765	12200	12202	14131
2969	32863	32864
3546	11287	14660	14662	14663
15285	64203	64204
9844	36941	37528	70139	70140
314	1324	14864	42426
2043	3935	10675
65831	65832	65833	65834	65835
1008	7378	18339
17262	56488	56489	56490	56491	56492
11317	38088
3368	16270
1023	7279
1600	2304	2305	2306
3398	56116	65022
46491	46492	46493
3313	40200
15938	71971	71972	72363	72364
13428	13429	36672
19074	34467	34468
7354	7355
5626	37772	41690	41691
5043	8449	8450
7573	12938	15841	75313	75314
21757	59289	59290	59291
423	424	2819	4482	58483
47577	47578
2438	4515	5665	5666
4302	14800	16262
16662	32104	49250
1084	4323	29436	35500
24097	35167
4895	57539
3626	70103	71092
32371	33451
3445	13948
32686	69829	69830
1751	1756
246	247	4157	18781
2067	44104
1809	3159	28592	28593
1228	2094	27096
6550	41028	41029	41030
14268	16242
6823	17451	27042	27043
1716	21621	21622
21654	26868
38809	54779	59865	75694	76167
15501	15502	16282	29379	52911
14294	14297	26750	26751
15904	40526	40527
1600	2306	3580	17085	30236
30615	30616	30617	30618	30619
10069	22275	52736	52737
7053	52826
15118	15120	18426
230	3858	6532	19404
8874	25634	25635
2360	39282
35272	60504	60507
19212	19214	20328
1482	1798	46119
940	18220	60332
2272	8714	12994
11363	16095
3515	13021
460	46262
31493	31494	50711	50712
47189	64366	64367
7012	28209	36167	60909	60910	66937	74684
5775	12341	15046
28175	39001
57243	57244
7030	61659	61660
1005	20804	20805	26362
2264	2265	52425	53456	63328
23003	56930
6786	6787
935	11775	60484	76109	76110
8892	8893
13764	13767	35849
76493	76494
1618	1619
4902	4903
970	971	972
1647	36973
7447	26685	26686
1005	18443	19829
15996	59473
12421	14368	14369
4931	32410
9415	16854	58108
6212	25781	25782	25783
94	6543	9048	12892	15953	59832	59833
4393	6245
58241	58242	58243
14519	31653
1633	4694	53083
60100	60101	60102	60103
3955	18154
2200	9063	47088
71154	71155	73396	73397	73398	73399
2376	17190	35001	61479	73511	73512	73513	73514
16398	19924	33731	38396
11095	19659	20719
1349	16952	16953
4246	8438	10557
3689	3690	3691	3692	3693
3140	3182	3183	3184	3185	3186
857	1655	2115
41640	41641	41642
2698	2717
375	1005	33777
71014	72084	72085
3836	23476
36303	42339
36439	36440
1403	2116	4147	64159
33468	41980
30833	58736
3788	4646	4647	4648	4649
30848	30849
52000	52001
3267	7624	23238	23239
481	482	483	484	485
1941	1942	7219	14467	33310	41900
7582	16757
3367	3428	3429
2019	2021	2022	7628	39146	39147	39148
24189	24190
46234	47314	54805	54806	54807
13466	74293
3656	3658
13429	48437
41479	41480	41481
21641	32023
259	4545	9301
25667	25668
25014	35765	39156	39157	39158	39159	39160	39161	39162
230	22669
7641	46921
3398	58114	58115
10675	78149
1325	11599	11602	14568	15615
2850	3858	15743	22173	23975	31421
2065	5201	9571
11980	60495	60497	80240
16950	17689	21315
2942	62588
4608	9713	14007
69602	69603
3091	5424	15988	30145
20934	23212	48631
1453	2568	11803
3375	3377	6104
64712	64713	72629	72630	72631
32583	61802	61803
32288	59592	59593
627	9843	30142	30143
466	11021
533	13898	65052	73080	73081
46580	46581	46582
28169	28173	62608	62609	62610	62611	62612
59267	59268	59269
21290	21291	21292
11095	11570	68043	68044	68046
2273	5831
21697	21710	23291	46170
11095	37370	37371
273	2172	21963	24920
22733	22734
4312	25087	39000	48271
145	13713	16868	21438
1134	14818	63694	66200	66201
2984	7715	8716	9120
1761	9514	9515	53138	53139	53140
3609	5585	5586
39351	43779
7011	10454
3571	11554	49079
500	15626	25666
575	28279	46012
1595	9270	9350	28523
2209	15796	16060	16061	16062
1486	15939
5469	10388	10389
11924	52356
266	6019	12786	12787	12788	12789	12790
27032	27033	27034
5734	19284	19460	22490
29141	29142	29143
37408	37409	37410	42373
4524	4525	8348
3205	6105	20863	53526	53527
26639	26640
20304	20306	24451	52030
3147	72419
29573	34569
14708	14709
4389	8319	10239	14921	14922	14923	14924
240	3294	24377
49	7007
3788	3789	3790	3791	3792	3793
5000	6781	6782	6783	6784	6785
22360	32805	64698	64699	64700
3530	14549	14550	14551
3397	3858	18462	26631
2187	14325	14326	14327
27960	28002	28199	28200	28201	28202	28203
36230	36231	36232
636	13533	21879	24915	24916	24917
15820	22747	22748
7755	11073
10432	26515	37134	37135
24149	24150	24151	24152
57369	57370
835	12807	23526
1437	15083
6302	6303
1755	2024	26941	32243
909	910	54940
834	10063
44687	44688
1280	51993	51994	51995
2327	8508	53359	53360
1235	15173	16422	33346	43936
12295	14872	38609	38610
3527	4460	11676
2847	2848	2849	2850
585	43378
8908	10111	10112
966	56280	56281	56282	56283
9072	12078
6110	14705	53449
9586	27316	44072
1712	1713	1714
14952	16618	16619	18599	18600
4398	11830
1372	2421	2904	3981	3982
34069	36756	80389
914	1160	2889	53421
13566	17727	56652
36127	36128	36129
2267	4390	18808	26681	26682	26683	26684
1947	37372	47258
9169	9170
2609	69310	69311
3042	3043	9441	12137	12138	50121	68654	68655
499	12438	18918	20742	44700
1993	22265	23786	26222	33690	43474
23902	23903	23904	23905
68155	68647	68648	68649
5355	36941
47	56871	68563
3533	17363
477	10093	10094	10095
17470	28191
18	1092	1213	1214	3092	14939	14940	14941	14942	14943	14944
6993	8184	8197	19124
185	32681
82	423	28511
663	854	855	1756
3982	7531	13875	22500	48508
710	711	2360	39776
75536	77716
15321	33629	64192	64193	64194
13798	13799	13800
5989	5990	5991	5992	5993
66501	66502	66503
1008	7200	27627	58339	58340
574	52321	52322
7770	67144	67145
658	2320
3789	3920	26910	37878
2162	26344	40705	50534
54348	54349	54350	54351	54352	54353
4210	4323	9945	15469
21997	64104
7268	12763	15995
2835	2836	2837
4489	76525
6447	11436
14768	78486	78487
10202	13753	13754
1874	9947	15176	35168
7531	7532	66282
7035	7036	28840
39765	45018	50015	50016
556	11324	48371	64851
181	2904	9040	47418
8644	12396
1565	9944	9945	14484
6760	11361	11362
2169	2170
1598	5936
14824	14825	16091
698	1329	16944	23092	42927
12931	73659
1765	4298	4299
1694	2061	57105	57106
68805	68806	68807	68808
14825	16091
1382	1828	53475	53476
16427	69110	69111	69112	69113
3747	3748	24957	30621
15987	18474	18475	19606
2272	12994	37083
135	9648	12571
20997	54538
25257	44185
28340	28341	28342	28343	28344	28345	28346
11164	11165
3309	3312	3952
1866	2018	2566	13485	13486
24994	24995
518	1326	9947	14105	36616	36617	36618
20553	20554	67748
1298	7763	10578
31887	53070
1563	3334	3335	7469
1325	8914	8915	17140	17141
14540	36088	44137	44138
1530	47801
14057	34974
5244	25456
13285	13286
24012	24013	24014	24015
4997	4998
28837	32057
1358	1410	8960
6046	21986	74937	74938
18178	27021
22634	22635
1997	8956
27020	56033	56034	56035
13482	27093	27094	27095
9571	65969
4922	39186	79791	79792
17543	29198	29199
72071	76850
4553	36412	36413	36414
15538	15539	15540
20038	25426
21435	21436	21437
1797	4147	13577	14412	20848	22931	26746	57794	64277	64278	64279
1605	8438	9590
181	1868	20048	20049
1414	6823	19772	19773
813	15342	16396	19669	23429	34278
511	10123	10124
2384	2386	54511
2244	13708	13709	13710
13039	79886	79887	79888	79889	79890
3626	46494
12047	46217	49231
3728	3729	3730	3731
23497	23499	24557	28507	28508
51788	51789
35465	37569	40789	50691	50692	50693
1162	5180	10850	20019
4045	10341	10342	10343
13723	19894	19895
10223	10224
25010	25011
20686	40413
1177	23210	27938	27939
57633	57634	57635	57636
1993	2232	2492	3233	4799	5667	23532	41941	43733	49872
7978	12650	12652	59225	59226
60639	71568	71569
4399	17024	20479	20480	70608	70609	70610
280	12496	37107
198	1766	1767	10579	21340
6576	13823	15386
8504	74429	74430	74431	74432
134	1114	10846
11651	11652
112	191	240	3394	10210
1890	30200	30201
33949	33950
10546	10547	23208	29684	32930	32931
1039	17414	17415
1310	3872	7639	45220
24975	25048	32931	56718	56719	56720	56721	56722
259	467	624	1707	2565	6288	6472	6473	24241	47477
35643	35941	35942	35943
18256	69489	69490
29122	30170
30118	30119
46614	73006
5404	52318
1324	1326	5090
74490	74491	74492	74493
29954	29955	31562
10469	10470	10471
15251	15506
3098	3180	8764	8765
11482	11980	60495	60496	60497
1707	14800	16262
1139	23402	66557
19213	64251
698	1331	9186	33660
40695	40696	40697
10261	31565
1765	3836	66110
15120	66026	73087
10555	10556
16691	17014	31032	31033
19959	48849
961	3536
3247	4038	10089	20497	20498
3369	9406	72562	74209
1144	63312	63824
5382	25046	52776
5410	45573
64979	64980	64981	64982	64983	64984
13308	48802
1765	37196	50508
14286	15281	58622	58623
21658	21659	21660	47113	47114
4635	4636
16033	16034	29059	29060
31	32	33	38297	38298
1516	9834	15918
23757	42714
845	16658	16659
1076	3742	13118	13121	37306
621	622	1412
6910	19674	23781	38842
22384	57362	57363	57364
44568	44569
3044	9441	14387
8914	8915	17140	17141
9503	9504	9505
5586	57497
6550	25972	37434	63104
7113	11288	40301	40302	40303
556	6128	6154	8147
3788	5431	14285	63298	65572	70472
9877	18064	28310
1177	3099	5735	23351
78440	78441	78442	78443	78444	78445	78446	78447
3562	9011
6112	6848
5691	11095
3675	61481	61482
44915	64467
1507	5991	13477	21338	48274
8250	12115
21764	21765	21766
11796	17049	56410
22144	22145	79984	79985	79986	79987	79988
23233	35592
11880	12994	16859
179	666
5499	11134	27592	32293
1194	1195	56131
13068	44018	67101
8083	18639	21793
12543	12544
678	14800	39219	39220
5524	38469	45524	45525
49843	49844
13863	14451
10881	50331
4301	7986	11575	46842
6494	48809	48810
6074	6663	12413	21552
5204	80709
16211	77417	77420	78651	78652
259	2565
67467	67468	67469	67470	67471
28492	28493	28494
22932	39800	59536
67490	67491	67492	67493
13052	13898	21103
1280	1281	6918
2505	12175	12176	12177	12178
3858	21318	26934
4808	4811	52580	61574
703	8857	31975
3939	18255	26677	30440	73676	73677	73678
7290	9618	12025	37193
9254	12579	14119	14120
7012	7838	13699	20581	42952
59272	59273	59274
1303	2116	2337	7331	17893	17894
31581	42129	42130	42131
11513	13149	20889	37865	37866
367	2981	3708	5841	5842
5827	6469
5524	8474
2116	2214	4655	10850	26271
9254	12579	49205
71262	71263	71264	71265	71266
1416	1417	6163	6164
61785	68579	68580	68581	68582	68583	68584	68585	68586	68587	68588
60767	60798
1181	10935
6419	11251
49	36415
4625	9351	12765	14195
17136	21139
12652	45958	58735	59802	59803	59804
4071	58773	63519	63520	70113
8772	8773
2053	2055	2056
708	709
41857	41858	41859	41860	41861
3991	27083	27084
3675	5542	15763
6400	9208	14007	14307
181	182
3580	10845	26782	45594
3546	11287	14663	41107
13099	18357	18358	18359
16754	74356	74357
12184	44299
8760	33951	40409	43778
11123	32200
6496	21427	27501	31944
24469	24470	24471	24472	24473
1485	17837
15751	15752
16071	17000	30046	30047	31520
7329	32019
1486	15308	18017
560	561	566	6837
18612	43495	43496
514	11341
1604	36566	36567
15604	31051	61004	69963
11900	33655	53943
1106	45057
19223	19225	20914	20915
22906	22908	32825
7957	11993	53531	53532
486	30495
5800	14977	37803
8815	8816	8817	8818
5129	25386	32533
2061	59680	59681
1372	3982	11103	24482	30627
5633	5994	5995
575	3858	11812	16805	16806	35967	44208
532	7026	16454
1235	2259	18513	22370	42790
3395	12471	15568
3451	6746	18275	28520
5463	5464	40805	40806
2059	35131	35132	35133
12032	41832	74400
36067	36068
7952	11837	16445	55575	70731
17783	17784	17785
24992	60167	67215
38602	38603
625	6823	20137	58442
556	28924
3869	14688	73912
2717	26673	43639
1082	16715	56081
4574	18346	18347	18348	18349
6450	6451
11494	11495	55769
9767	9769	12067
3610	9276
19256	19257
15020	19832	34845
2075	2497	2879	2880
13887	23987
2423	11778	11779	18235
33138	33139
33165	33166	33167
36769	47163
5476	7426
3855	38259	51132
5385	53013
17745	17746	39397
13099	16706
2448	80707	80708
2441	14985	42745
363	365	27282	29270	29271
2505	4005	12176	18069
644	645
12447	12450	23166
1120	7277
5166	7668	11364	63182
464	30090	47689	47690
6046	7163
16907	25706	45199	56147
52055	52056	52057	52058	52059
23843	59712
9780	80632
5761	60389
57257	57258
145	4940
658	659	1673	4432
14692	68822	74975
4401	4402	4403	4404
1263	10573
46058	57787
8913	14937	26774	33123
9742	9744	54503
13015	59550	69699	69700	69701
7804	15142	47643	47644
3901	6847	16220	16221
6996	6997	6998
2320	3092	8210
10142	10261	16615
25333	68461	74054
35932	63773	63927	70202	70203
36541	36542	36543	65024	65025	65026	65027	65028
1534	1535
10196	13958	39642
94	14005	14705
38425	46877
1022	1597	4010	4012	25484	36786	79802	79803
10429	72239
3572	20390	57119
27421	34094
27682	28527	28670
3920	37065
696	1911	6703	9548
35636	38921
2066	2699	12962	39447
18185	18186	18187
18731	20291
181	18774	20049	25338	50532
50868	50869	50870	50871	50872	50873
18054	28661
6865	9717	9718	9719
7950	9005	16203
2917	8530	8531
3858	34828
1191	3113	3114
3529	6043
46227	68468
3044	54737	54738
1885	11895	23265
43846	43847	65003	65004
6264	10987	10988	32791
14111	35932	37777	61883
1733	30560	30561	30562	30563	30564
32278	32279
19349	21318	37589
1292	13429	27807	44300
4389	17927	57918	57919	68750	74321	74322
349	1384	28305
2584	10503	28707	42905
17830	60138	60139	60140
10308	10309
1222	1223
39824	43486	43487	43488
4549	30540
67235	67236
15983	16564	24354	53223	53224
6872	6873	6874	6875
41902	41903
10139	30472
11781	11782	11783
16228	41839
1468	14149	22446	26622	60901	64945	64946	65467
8718	11213	38565
6093	68049
1104	1600	1723	2818	3655	8652	9626
16655	30958	30959
240	241	18461	32980
31768	78533
4209	53590
1039	8155
31241	31242	31243
22301	22302	22303
6856	6857	6858
181	6839	6840
21030	21031
1200	1351	29561
5856	11547
8641	9354
5111	5112
27634	35885	41673	41674
30664	30665
2674	2675
1305	18443	49259	50505
1677	51558	51559
12504	12505
26877	33210	60203	60204
177	18647	29268	32838
10278	13295	37497	42087
240	30384
18255	27247	71166	71167	71168	71169
5931	14264	58061
39198	44576
2363	41734
585	13103	19850	19851
5542	11222	26558	26559
175	13393	35082	35337
2296	2297	2298	2299
8931	10061
34069	43580
18729	18730
7030	39765	39768
3254	15915	50139
1174	1175	3078	3079
29789	52428
2441	12852	44810	44811
18443	18705	24657	31175
1598	10802	25430	29880	44950
256	492	6563	17587
1918	54251	54252
47822	47823
697	8630
21647	79387	79388	79389
1303	5898	5899
2441	17221	44026
15027	19074	34784	44208	52666	52667	56504
4344	20479	20480	41164
17468	36852	36853
5072	50815	50816
18395	18682	21807
8528	8957	39310
51334	51335	51336	51337
1536	1537	1538
166	9495	9496	9545
17775	77815	77995	77996	77997	77998	77999
39488	39489	39490
22716	38476
12380	57107
3834	5280	10674
22748	56524	56525
39216	67778	78163
4132	14118	63352	77568
1892	9270	13612	25930	61410
1797	2624	2625
40705	54814	54815
2053	28191
31941	39467	52234
321	3300	6731	21102
51743	51744
4345	9086
3843	3844	25655
13287	13288
190	191	32506
575	4370
11601	69138	69139	69140
3940	40824	53918
41670	47626
11682	43505	48310	48311
1076	12208	29104	46729	52069
15886	35611
3741	27530	37304	41920
1191	79632
13726	13727	13728
7011	25570
2990	14675
41945	42369	42370
1723	21362	24277
45471	45472	45473	45474
39940	39941
35471	35678	39568	47364	66789
20516	20517
3893	17043	25855
15938	71970	71971	71972	71973	71974
2406	18023	19472	29653
16933	24603	31272
24618	24619
11147	18710	20372	20373	55334
35060	35061
6316	23389	53795	53796
2147	3795	4095	4096	4097
5671	65656	65657
556	5308	11797	48371
8541	9524
21167	56150	56151
110	8422	8423	8424
1507	12753	22105	54949	64147
38622	67164
22269	49484	49485	49486	49487
9919	74606
49392	49393
7006	10408	10409	10410
30832	30848	30849	46230	46231
2533	6301
11691	14458	32105	34786	34787	34788	34789	34790	34791	34792	34793
1489	1490	11429	11430
10692	35984	36644	36645
7545	23472	23473	23474
3293	39452	39453	39454
2607	2609	14238
30171	46124	46125
20837	27449	27450
5672	7221	13466
3654	8650	8651
13428	13429	16925
5743	73987	73988	73989	73990
2205	2209	13104	15839	30741
4828	4829	4830
6195	14778	14779	14780	14781	14782	14783	14784	14785	14786
13393	64339	72059	72060
6042	9837
1719	4349
11023	37074
13446	13448
10036	10037
7094	33274
5102	23905	60651
31506	45864
29949	54056
944	20668	29464
57057	57058	57059	57060	57061
64599	72703	72704	72705
94	6110	35844
241	18364	21331
7384	35013	35014	35015	35016
20597	21784	21785	21786
10217	10218
11708	32562
7645	7646
35626	35627	35628	35629
1535	23718	76555
8540	8541	35478
1357	11863
574	575	15342	47602
7379	21052	21258	26323	26953
1563	29782
20813	20814	20815
111	113	3425
956	70192	70193
36305	36306	36307	36308
11440	26851	26852	26853	26854
35474	78791
76831	76832
18537	20837
3180	43793
2533	62880
6052	21860	28242
63293	63294
38969	38970	38971
14495	14496
35730	58082	64974	71519	71520	71521	71522
13994	29101
49946	49947	49948	49949	49950
13857	13858	13859	13860
260	3580	24271
72669	72670	72671
12341	16623	16940	38062
14938	25604
4210	13494	18443	18705
16533	16534	16535
7561	17536	17537
5102	23469
20019	32010
6168	38392	38393	46314
35697	51167	51168
2669	63039
14965	14966
499	22709	23300
2435	6743	63999	80019
1580	1581	50509
516	655	11434
41157	41158	41159	41160
60	20301	32367	47995
375	26290	49536
3098	19323
6077	17847	32612
3364	3366	68140
46058	78077	78078	78079
7921	51301
12326	15532	21871	41647	61685	62770
7639	9189
2572	2573
82	6777	7031	20734
1647	4788
1252	13093	27804	42228
18299	49563	49564	49565
71789	71790
15224	23335	23336
149	150
6051	23876	66162	66163	66164	66165
556	16880	16881	16882
2752	14306
32804	64322
15835	72483	72484
30818	30819	30820	30821
2270	8710	33180	33181
36365	37071	38034
65544	65545	65546
41917	62315
24243	24246	41056
25935	30787	52364
1068	37954
65763	65764	65765	65766	65767	65768
1892	14145	55808
4003	4004	4005	14222	17075
24681	36992	36993	36998	37709	39539
314	17721	18917	31130	59745
6303	8532	23642	27515
18033	18391
5824	25319
1765	2566	12800	51880	69503	79003
287	1288
17217	17218	17221	29151
3626	70103
8704	26713
54224	57482
5419	10158	76276	76277	79077
3099	20037
5608	6400	14007
6346	6347
1487	6501	16824	16825
67753	67754	67755	67756
174	40317	41268
32800	32801	32802	32803
11309	12065	13982	21683
4765	34026
10406	10407	46806	46807	46808
7805	26237
20706	23478	40670	41868
13013	45936
4399	22749	73540	73541
29532	33340	33341
1947	11908
22966	62706	69469	73163	73164
1065	2184	8635
10954	11372	15342
1292	5924	8894	15166	51112
10545	11921	20800	57503	57504
1445	3161
8193	22951	22954	30491
31941	35857	39467
2247	3969
4957	23851
39563	39564	39565	39566
1634	25004	25005	25006	25007	25008
43390	48154
2435	8313	13657	21107	35487
658	977	32586	32587
8586	13070	67067
3247	35947	35948	35949	41723
3734	11109
3609	23242	29743	50718
3920	5983	37878
4990	5699	5700
12999	15657	15658
2138	50707	50708
12092	31292
532	1058
14144	22583	30380	59998	60071	60072
110	1721	36167	57656
45407	45408
3066	65715	65716
59176	59177
6496	17899	37802
8829	8894	47101	49539	54818
22489	25676	25677	25678
3941	61956	61957
15517	15939	23361	46419	56795
2378	34963	36724	41473
61131	61132
1202	11201	11680
11864	11865
8184	18275	19124
15891	15893	72080	72081
1131	3998
3855	13873	47041
31046	39653	39654
258	321	9953
3580	6805	8284	9730	39191	49690
9355	9356
2421	9550	19660	19661
230	27903
63392	63393	63394
968	13982	61722
67573	67574
8678	27828	27829
655	16110	43200	43201
12	11570	15216
14660	61878	61879	61880	65942	68103
7805	13521
16398	16622	16623	16624
53940	77379
40078	40079	40080
19707	30325	65986	65987	65988
1138	3242	20922
6573	11839	36938
19272	21034	21035	21036
65218	65933	65934	65935
3858	4049	19349
4383	4384	4385	46127
18472	18473
76468	76469	76470
19250	33496
3068	3069	4488	17914	49501
46474	46475	46476	46477	46478
18	3280	24916	36701
1530	1531	35856	45431
7181	38097
25669	25670
29862	29863	29864
7371	61607	61608
24470	24473	79247
20934	23211	23212	23213	23214
65326	65327	65328	65329	65330	65331	65332
633	1131
1647	3658	23170	23172	25396
49	14991	16142	16488
2393	5163	7006
9025	18822	18823	18824	18829	18833	40942	57777	61180	61181	61182	61183	61184	61185	61186	61187	61188
4034	46756
19488	19530	19531	19532	19533
6107	6108	22194	22195	22196	22197
25275	25276	25277	25278
11839	16445	36429	63401	70172
40625	44830
3834	5713	23878	33660
64589	64778
36447	36450
3233	8343
65783	65784	65785
5554	11259	11727
6466	6467	6468
2041	13732	63830
271	272	273	274
51981	51982
16134	16135
35909	42117
12047	32660	46217	49231
940	4302
34069	51007	51008
8540	39610
34846	53332	53333
17431	18333
135	67453	67454	67455
79210	79211	79212
3366	38822
76711	76712	76713	76714	76715
7290	68776	68777
6684	50800	50801
3809	18676	19752
1077	25147	31498
105	69085	69926
1178	1179
27662	27663
1403	23419	23420
8713	12957	38725
12	8995	46296
1453	3587	3813	3882	6993	6994	6995
7700	8913	8914	8915
3580	3809
856	5141	26954
6426	58448
1382	13013	15120	33768
3137	3138	3139	3142	3143	3144	38848	38849
4515	5665	5666
60620	66379	66380	66381	66382
7969	34641	60872
12177	12178	15191	69028
40838	51556
1077	23325
69116	69117
15852	15853	15854	15855
28901	75454	75455
1499	7982	59728	59729
5689	22948	63460	70310	75074
5383	10908	27478
735	736	737
61	5691	19040	19857
8113	16605	16606
744	745
8822	8823
2272	4301	7557	17467	17468
19867	22375
5329	38634	52080
12615	29100	58184	58185
34523	34524
2616	5622	20160
34528	34529	34530	34531
1530	35299	35300
13478	22105	62456	62457
70600	70601	70602
3654	3655	19461	42026
3446	6847	38874	38875
11796	17049
211	33705
3251	9571	20553	20554
21889	21890
533	8075	20174	22822	29784
180	4071	7901	32589	59907	59908
1441	15122	21943	56111
375	1005	20501	24868	56809
1460	2406	19472	19854	25032
46048	46049	46050	46051	46052
6462	20022	20023	28458
54398	54399
12216	40455	70560
29226	29227	50159	50160
31913	32828	32829
50280	75776	75777
1165	1166	1167	1168
181	1468	20611	20612
1104	7753	7754
2616	37678	37679	37680
110	1721	21984	36167	60112	76464	76465	76466
267	6747	46570
34069	36755	36756
1326	34440	58042
5924	15342	15475	17871	29000	31052
9025	11294
7026	68840
34069	45190
1890	40667	41978
58227	58331
224	1211	1212
3488	3489	9612	9613	9614	9615	9616
159	15929	15930
23431	41765
9945	32926	37416
6259	9018	22778	28305	42451	42454
6161	6162
7600	15853	15854	53817
3445	25390	59502	59890	65676	65677	65678
6402	6403	6404
10432	42499	42500
11076	21806	24437	35023
2423	11778	18235	18896
4294	4295	4296	4297
5329	6490	51380
6746	18883	19265
10140	10142	14014	29097
36389	41765	43358	61387
2497	13187	35694
8713	17866	75971
16182	16773	28909	30690	34297	40599	40600
1303	1414
10173	10174	10175	10176	10177
77402	77403
3878	44757
27526	27527
7239	7240
39209	39210
18171	32805	59565
2232	55093
40323	63401	78550	78551	78552
3939	27699	27700	27701
29568	29569
35438	53535	53536
1203	35877	41289
2232	36820	38501	38502
19595	45419
9065	9066
14222	17076	72171
2214	18412
18509	38619	38620	38621
17283	17284
1082	26826	46427	46428
30234	60079	60080	60081
25103	25104	25105
21759	21760	21761	21762	21763
17594	22228	22229
1116	1118
9962	9963	10272
29386	29595
2053	5450	41629
11294	54089
3740	6192
64464	64465	64466
32416	32417
1303	2153	2169
34995	63784
13004	16398	30602	33731	51802
1031	19798	28372	64787	64788
578	19130	33577
15723	28809	54991
65436	65437	65438	65439
7541	7542	7545	57570
4553	8474
29087	53805
1203	10010	10011
2497	7593	63088
8075	28576
13099	48588	48589
5728	5729	5730
20382	25604
10246	13141	14160
1324	1326
2267	17976	26448	26449
135	37738
3434	4479	5622
94	9072	13282
10724	10725	10726	10727
6298	7159	11819
1005	7933	40798	40799	40800	40801	40802
1039	1593	14777
12337	17976
64596	64597	72854	72855	72856
3515	4482
2259	3609	4929	13562
34069	39445	39446
13013	15757	15758	15759	15760
1192	26515
3586	8857
68313	68314	68315	68316	68317
25835	34631
15334	22809	22810
2243	34785	44876	56936	66230
968	68095	78317	78318
4385	55245
183	59966	59967	59970	68681	68682	68683
67745	67747	76633	76634
2129	3531	51892
14113	17340	28883	33303	33625
1534	2818	33025
1719	3233	18153
35941	62575
41882	54827
42060	42061
790	7156	11396	11397
706	20989
6439	6440	19395	22862
3434	3844	59959
6961	6962
4312	8713	50834	55635	55636
697	61751
31184	31185
2709	14005
12890	27357	30522	32316	39311	39312
6298	12243	48139	70394	70395	70396	70397
211	212	1535	9078
494	44766
16615	30826	38942	38943	38944
2887	24698
17220	32277	39020	43388
36168	36169	36170	36171	36172
34199	34200	34201	34202	34203	34204
6294	6298
585	67372
909	910	10441
1745	5845	5846
1189	1509	1946	3978	10702
54500	54501
7615	65231	65232	65233
375	22091
697	24494
12979	12980	12981	12982	12983
40304	56457
5146	15795	15796	56142	72416
54327	54328	54329	54330
2356	22771
9370	9371
7607	33721
1378	2948	5618	19766
25597	25598	48129	48130
655	2378	2934	16837
23765	23766
4537	4538
18072	20794	21044	54783	54784
1879	1880	7981
1985	5037	64644	75910
42766	57904	57905
1414	17716	24775	57976
8386	12220	12908	68384
10409	20463	31213	77023	77024	77025
1124	25344	38613	38615
3764	34120	34121	34122	34123	34124
78655	78656	78657	78658	78659	78660	78661	78662	78663	78664
10096	35801	35802
1417	36466	50014	55223	55224
223	20249	31328	31329
17038	17039
36569	47073	52682	52683	52684
2251	16031	16032	16033	16034
1288	3882
9961	9962	42854
51705	51706
321	2952	9952
2228	11458	13466	15959
29883	29884	29885
1507	2001
20501	24868	59563	59564
15469	69147	69148	69149
2709	3367	54590	70503	73150
1120	34422
13429	16772
6043	25756
467	6287	18562
16950	48389	48390
11311	60028	60029
1005	3448	7045	14257
6408	6409	6410	6411	6412
55696	55697	55698	55699
1392	1393
7933	66311
1116	4071	5368
4609	6074	6663	13283
16353	31972	71267
1372	3708	17259	28913
59073	59074	59075
65706	65707
38933	48750	48751	48752
5352	5353
9200	12905
21240	21241	58976
5620	5621	6731	19086	20954	24642	26888	31062
4374	5777
21991	21992	21993
3368	5152	5153
7269	7270
3810	3882
14883	17264
626	17024	17715	32886	78091
3527	33148
6938	19956	26204
24644	39211
1646	1647	25604	31986
45627	45628
36303	37717	50004	50005
2144	2145	2146	2147	2148	2149
834	3810	4827
15560	16081	35563
9496	14898	21085	21086
30106	30107	30108
2441	12852	52250
4150	10312
4300	5036
1192	26116
24293	24294	24295	24296
17218	17221
5207	5208
13444	17090	63884	74884
2497	2880	3589
12255	21773	39211	48442
15649	15651	16205	56833	79596
1291	7957	16403	68108	68109	68110
7370	37267	46674
67136	78474	78475	78476
10046	14975	51391
10123	13032	16215	77168	77169
11044	35272	38105
12434	12435	12436
15215	15342	17089	32257
3323	3324	3325	3326	3327
3069	62913
19796	22966	60011	60012	60013
75920	78630
9205	43601
70139	70406	70407
1240	11803	20275
1311	1312	30640	30641	30642
15475	16764	22834	48896
14059	14490	14627	14628
4374	46171	46172
1607	21886
79719	79720
659	26173	64223
4309	17281	23006
22383	40160	72087
2971	42611	42612
15658	57950
1191	4371	72332
75977	75978
579	1513	1796	2700	25934
278	22764	42404	60073	60074
1316	2497	35191
10554	18745	19028	19029	19030	19031
49193	60816	60817
10179	10180	50185	50186
23852	37705	55690
16095	16096
183	3091	5424	48330
20	15483
3344	7656	10058	15167
4322	19457
1092	2887	5672
2272	27229	30271
223	1007	1138	7012	7787	25485	25512
1535	18000
7030	54090	54091
12973	16384	43153
1196	4557	18735	48702
15251	26530	36857	36858
7427	13550	13551	65578
15070	15074	33732	33733
55641	76225
16634	68661	72005	72006	72007
14548	15893	33403	43628
22691	28388
14171	18720	39390	48378
230	5149
17701	27807	33513	33514	33515	33516
12519	28818	29815	29816	29817
181	18547	25338	25341	58052	58053
4766	4767	4768	4769
50881	61331	61332
1977	12990	20755
39083	55729	55730	55731
7077	13013	16226	21664	49161	49291
26881	37005	37006	37007	37008	37009	37010
1542	1543
17559	29272
11777	20409	22630	22631
11569	11570
10581	24918
5327	8894	8896
23003	66410
2261	2262	44344
94	6110
3567	4068	11613	54678	73374
9545	36375	61474	75349
438	25571	60652
116	1043	5640	25189
2272	37083
2380	29879	30799	30800
3810	6118
475	13921	13922
14218	14219	14220	14221	14222
1437	15083	15773	20040
15602	41080
8540	23853
1191	51866
4676	26285	26286	26287	26288
16881	39360	41939	66593	66594
72618	72628
17383	19549	19550
499	1985	2999	6557	36696
8635	61901
95	419	3442
1082	39537
6490	6951
35560	38468	64335	70732	70733	70734
7445	37820	37822	41422
11288	15618	37696	46343	46344	46345
8541	40187
1621	3637	3638
1092	9852	9853	9854
3527	4460	25401
1992	21240
8790	47771	47772
56226	57940	72425	72426
68004	68005	68006	68007
26733	26734	26735
5223	5224	5225	5226
2388	57807
70946	70947	79159	79160
21891	26668
1679	35950	36485	36486
1988	8583
179	15500	15501	15504	16068	54518
834	4827	67115
17113	17116	21936	33736
6077	13443	13444
2332	20040	40931
17033	28888	46672
9872	50784	50785	50786	50787
15054	16523	54565	54566	54567
8076	12164
16950	21746	21747
2498	2500	2501	33677
301	302	303	304
515	516	31728	31729	31730	31731	31732
5464	10428	15713
47355	47356
14650	15902	17102
34636	34637	34638	34639	34640
533	21301
46779	76189	78530
2244	3658	15560	16978
16432	32201
2673	33303	35653	40959	40960	40961	40962
9401	16758	16760	24263
30240	30241	32525
9804	73077	73078	73079
3858	14934	18462	19404
799	4010	56313
29638	29639	29640
4545	19269
9184	11205
1605	1606	1607	8990	8991	25075
21099	38402	49634
17284	27653	27654
59605	59606
65534	65535	65536	65537
1162	10850
6725	20700	20701	44550
73775	73776
2374	14420	49247
1053	2331	14650
11944	55619	55620	55621	55622
7108	25998	64200	64201	64202
1733	45136	49340
625	5899	6823	10785	18138	24254
1581	8880	13391	16024
5801	5802
24775	64547
5524	43995	43996	43997
2406	5554	8643	8644
28763	28764
2028	2029	10204	15167	41914	41915
2028	3338	3416	61290	65047	73027	75641	75642
7019	15460	15461
7000	17082
16754	22470
4866	11463
7290	45532	68777	73167
7606	7607
1440	7100	37977
5530	19322	28497
1039	1338	8003	40712
1376	4226
5167	9192	13452	41609
8591	18793	30147
52947	52948
64252	64253	64254	64255
2497	4106	20246
21997	63997	71318	71319
14496	35824	38179	53422
62125	62128	62129	62130
21129	42722	48414	52674
1530	46496	55059
11307	50461	64868
217	2272
19511	22919	22920
4324	13712
6192	31783
9315	25366	43097	43098
18920	22134	22137	22138	22139	25608
14991	15022
52167	52168
2779	2780	2781	2782
3092	6493
2165	11683	34256	42343	49181
32077	32078	32079
3176	17574
47799	47800
14496	27411	68309
13600	17941
45241	59472
44740	44741	44742	44743	44744
2803	9553
1638	11257	20480	63990	66000	66001
2805	2806
314	15889	17472
2670	2671	20627	25361	25362	25363
1125	44636
2522	2523
151	1275	5091	25452	66648	66649	66650
2165	34489
1985	59876	65636
7957	10889	10890	10891
272	485	5988
49428	54322
11873	11874	11875
965	42408
961	52761	52762	52763
60842	60843
13429	16690	23468	46270
21993	29012	65839	69082	69083	69084
8323	68414	72201
21979	21980
14086	14087
1928	4952	6478	6479	6480
29941	29942	29943	29944
17896	73993
11095	36370
18743	18746	20623	21798	70852	74900
6434	23865
1647	3658	23170	23171	23172
7949	7950	10799	10800
37039	42155	42156
1312	19538	27535	33665	44514
41643	41644
1673	4432	6621	24083
257	3584	32783	32784	32785	32786
18267	22419	64325	80596
1008	3848	5626	11121
48825	48826
62313	62314
1468	15953	15954	15955	15956
33579	33580
3580	6754	19837	28544	28902
10527	10531	15790	16135
2489	3580	27218
3502	3918
10142	14014	27904	74522
6078	16447	16453	17847	34515	34516	34517
18	1138	13111	13112	22873	22874
80139	80140	80141
4633	60799
2589	68078	68079
575	51061
7445	16166	16196	53362	64338
10725	12179	12180	12181	12182
213	214	215
37264	40226
78595	78596	78597	78598	78599
17113	17114	17115	17116	17117
26830	26831
1351	18648
1161	5204	15443	23045	34266	34267
25389	40498	40499
5037	25426	25705
13335	32102	61923	61978
223	1007	1138	3242	4545	7011	7200	7838	12787	22765	25562	25563	25564	25565	25566	25567	25568
21449	21450
3451	3541	7258	18275	18979	19614	58142	58143
494	1139
6492	17806	17807
931	8395	8396	18369	26413	28411
21821	21822
1166	1821
17710	17990
30232	68012
13199	13393	34785	44876	66230	66231
2406	31778
4447	45479	45480	45481
31642	50012	50013
3788	10008
1513	2985	58830	58831
11513	15129	19178	24435	49862
519	1672
2474	2476	52613
52826	64214
1346	6399
16096	32433	34458
6282	24008	24009
7986	36407	49921	49922
62857	62858
24157	36366
1535	4799	23718
13149	16191	22711
19786	19787	19788	19789	19790	19791
14881	21163	40928	40929	40930
183	5620	8722	8723
1399	19163	19164
26756	37367
8558	28155	55143
40807	40808	40809	40810	40811	40812	40813
241	1596	7970
66232	66233
15646	31203
181	18547	25338	25339
75549	75550	75551	75552
1007	1832
7236	22972	48024	48025	48026
3788	14912	14913
21130	21131	21132
37245	43613	43614
44985	44986
21167	37000	55108	55109	55110	55111	55112
4409	16172	40891
2934	4004	15856	45311
60970	61067	61072
2868	3098	5155
2066	12962
69630	69631	69632
8083	9025	11294
8953	9407	9408	9409	9410
706	707
4413	62042	62043	62044	62045
6107	11262	11263	11264
14236	14237
3513	8230
3544	23357	54375
10744	15840	19765	26448
230	1428	16941
30014	36504	36505
25202	25203	25204
7370	11902	46870
7592	7593	7594	7595	7596	7597	7598	7599
3609	12972	12973	14055	16071	71176
57331	57332	57333	57334
5529	5530
1065	1939	2184	10951
2682	13711	15236	44732	50825
12089	12090	49001	49002
10089	30947
17771	17772
9943	28226	28227
450	451
5691	19039	19040	39947
15118	16516	16517
357	358	20864	34268
13428	13429	14660	56128	65942	68981
12906	20304	20305
18820	18821	18825	18831	48096
192	3136	37659	39182	39183	39184
907	2689	19857
31416	31417	31418	31419
6939	17606	39471
5333	15631	15632
348	4283	4308	8421
3939	6746	13397	18953
714	715	21964
150	41353
51676	51677	51678
9877	18063	29026
24043	40217	40218	40219
2263	5281
808	897	17107	17108
5253	66626	66627
4694	9476	9477	9478
12170	36463
2043	3935	39004	80189
1189	1507	1946	3977	3978
5735	58640	61279	70117	70118	70119	70120	70121	70122
46	48	49	8894	29014
7970	17781	19284	38299
1918	4948	22137	27961
12683	12684	12685
4217	13156	15495	25479
1634	2305	42043	52333
181	17575	17576
4362	40313
43202	43203
585	586	35730	35731
16403	68754	68755	68756	68757	68758	68759	68760	68761	68762	68763	68764
14888	15839	70315	70316	70317
2839	3487
36929	58899
8704	29538
1610	16138	28765	28766	28767
6745	11395	12497	44377	52254
71908	71909	71910
16445	63400	63401	70239	74397	77982
63230	63231
7068	7069	7070
18218	18219
3376	5734	22490	32409
53746	53747	53748	53749
845	11401	32394	32395
4898	30374
20883	56374
8588	8589	8590	8591	8592
40002	40003
260	4060	8641	11077	21145	21146	21148	36908
2247	7078	15055	27098	27099
3584	24513
2677	8496	8497
8356	19818	23319
10843	10844
500	37556
13393	30283	44609
2259	29343	36123
73666	73667	73668	73669	73670
38455	73105	73106	73107	73108
19529	45866
1292	2942	3546	37041
66786	66787
24970	24971	24972
18722	42948	42949
11570	31921
22336	22337	22338	22339
1723	7059	8536	9665
2935	5166	14749	16799
1581	45735
259	58908
37192	63798	63799
15774	68884
2677	2921	13095	13096
30078	30079
236	966	4688
2261	63625	78177	78178
69655	69656	69657	69658
467	556	1280	1281	2059	3845	6287
60793	60794
2101	18920	19434	25267	25268	25269
3749	8581	33671	33672
2924	3440	4619	9779
5308	5526	33528	41941
5345	5346	5347
7920	7921	7922	7923	7924
39682	39683	39684	39685
5260	9934	9935	9936
6837	8474	10793	21803
347	12905	26956	27296	27297
15938	45320	71972	75024
11819	53496	53497
9025	46828
6129	26409	27643	29845	29846	29847	29848	29849
10239	19935	19936	78031	78032
12714	16493	43192
16951	23431
5325	11796	13478	16371	21389	21391	30871	31258	33320
1985	11103	11104
1259	17696
11366	22923	22924
19684	29634
31581	54063	56348	65544	65545	65546
12889	24097	38596	54467
234	16219	30605
2421	5000	9125
7077	19304	19305	19306
1486	69094	69095	69096	69097	69098	69099
46243	54546	54547
37179	46811
712	966	9247
19498	23670	38786	54757
4323	21654	25504
467	931	2736
965	13772	13773	38517	60732
2253	12304
1163	1164
462	1985	14077	25094
7181	51381
177	32839	37758
8704	43101
26879	26880	26881
22920	43714
27152	29532	29533
3739	3740
1441	12708	12709	12710
33802	33803
37919	71209	71210
13431	16764	51932
2116	5596	17893
375	2702	4449	4450	4451	7561	56845	57782
15475	17187	40018
275	1716	2417	11613
16952	55359
65647	65648
246	247	66871
1673	4432	26584	31621
4323	16652	17899	32068
1623	2160	4634
1202	4553	6129	7518	28890
14254	29587
27085	27086
6522	11109	35443
15358	65118	65119	65120	65121
60	37643
66899	66900	66901	66902
6975	19859	19860
13134	58004
38528	60037
2324	2325	27009	41143
5895	8285	8286
17363	29397	29398
931	1608	5633
15213	15216	59895	59896	59897	59898	59899
1064	15502	16282	20878	25019
5586	71952
21950	41795	68673	68674
77082	77083	77084
1807	3915	3916	3917	3918
3188	10202	15167	41915
1340	18540	23396
9887	17672
4946	26901	26904	72370	72371	78398
138	10441	13773	15243	44624
698	1464	13657	16944	38518
7017	58578	58579
1281	36899	36900	36901
11398	15741	20598
46406	50410	50411
35321	35322
875	8319	62436
965	13773	15532	43300	65863
18213	18214
10411	11258
15284	15285
14898	16652
6496	44672
966	1691	42556
5383	27478
14975	36734
10579	27801	30868
48402	67077
736	1985	3424	3991
902	30845
1638	7219	26035	26036
2378	39997
1441	16240
2373	44277
4264	4265
8660	49625
41484	41485	41486
37543	62753	73706	74089	74092	74093	74192	74193
1131	43455
2699	12962	28686
12	1893
71835	71836	71837	71838	71839	71840	71841	71842	71843	71844	71845	71846	71847	71848	71849	71850	71851	71852	71853	71854	71855	71856	71857	71858
6040	9550	15987	63471
7142	42262
58561	58562	58563	58564	58565	58566	58567
22765	22767	33062	33063	33064	33065	37376	37377	37378	37379	37380	37381	37382	37383	37384	37385
62681	62682	76253	76254
5938	49793
43303	43304
13187	51248
56493	56494
9074	9075	9076
10184	21664	49048	62294
1116	10014
22827	35269	38983
6192	30339	30801
13984	13985
314	4741	4742
60623	63916	74702	74703	74704	74705	74706
7404	7405
1892	9270	14317
15432	72151	72152	72153
363	365	27282	44084	44085
6539	6540
1957	2635	3632	6096	7644	8331	31626	31627	31628	31629	31630	31631	31632	31633	31634	40415
30948	30949
14857	14859	14860	68765	68766	68767	68768
820	3940
23801	31522
6501	15364
20747	65489	65490
7706	7707	7708
659	20837	25918	30419
17168	33459	33460
2179	13393	17017	26164
15904	31513	56069	56070	56071	56072	56073	56074
12646	36828
2505	13702	45206
51407	51408
32742	32743
15971	22792
4130	4131
19485	19486	27015
13314	13898	14350	36007	61006	61007
14218	14220	14222	17076	53635	53636	53637
166	61725	61726
6918	74832	74833
61582	61583	61584	61585
13393	22942	30284	49941
966	43371
2147	6803	6827	79683
1378	1380	33596
223	1138	18274	50912
13641	18406	38810	75275	75276	75277
52625	52626
6252	6254	6255
4699	43576
64753	64754
3085	44708
1109	5499	46321
1290	16523	36841
1122	1124	54039
14039	67380
18155	24642	30091	35314	35315	35316
11458	14183
5057	30876	36637
11812	15291	15472	15475
2243	2244	28269
2846	5554	7065
22064	22065
8960	29750	52100
5409	6077	6078	17847	37633
43838	43839	44974
467	1316
94	13282	14004	55879
51622	51623	51624
3675	12295	15501	15502	16282
25739	25740
250	251	252	253
29410	54726	54727	54728
1985	6223	10239
1134	11595	11675
2507	7196	8764	8890	25616	25617	25618	25619	25620	25621	25622	25623
17161	23616	50779
3339	9677	33645	33646
49477	49478	49479	49480	49481	49482
18921	25094	55191
4116	22117	66302
5596	16432
1138	9843	11543	18760	60560	65708
1677	47238
3808	4539	4987	5718
17864	17865	52439	52440
53855	53856	53857	53858	53859
7053	20852	26856	63549
8333	18882	19753	19754	19755
4547	20042	20043	20044	42967
20013	33023	33024
3247	38815	38816	38817
7616	28222	28847	28851	32931	70872
1762	1763
223	9271
1985	4210	25655	25765
6332	42787	42788
223	1138	11543	18966
357	359	53145	66605	66606
3609	18243	50339	50340
1330	32367	44333
60430	71968	75970
13844	24736	52604	52605
13393	18226	22942
1020	2480	2481	30596	30597	30598
8249	33686	35503	35504
16464	16466	16469	16470	16471	16472	16473	16474	16475	16476	16477	16478	16479	16480	16481	16483	16484	57260
2845	40117	40118
8713	76155
2261	2262	48833	48834
3512	4333	17609	23535
2423	2968	15858	15859
4301	9350
2366	25043	25044	36797
196	197
15120	66026
3246	41605	41606
4210	13496	19583
239	2880	3425	3533	3635	28000
4587	18756	18757	18758
13504	61780	61781	61782
12584	15438	15440	65272
247	1280	19449	45406
1669	5560	5561
27348	27349	27350
21756	21757
62891	62892	62893	62894
149	966
2095	32512	33044	61048	61049	61050
11818	11819	24120	79858
1196	4556	4557	4558	4559	4560
10550	10551	10552	10553
799	1866	17781	17782
18561	19773	34245
1985	20040	23899	32606	34003	37107	38633
19040	19097	19098
4370	14947	18861	41089
654	18959
1125	35444	35445
275	37706	42137	42138
31642	52425
2267	5924	14216	16755	16756
2356	41197
35524	39404
864	865	866	867	868	869	870	871
79439	79440	79441
1160	29436	45903
23407	24368
10046	14974	14975
13428	16431	16634	65861	70805
24598	57584	72937	74756
2623	7370	11902
37902	43938	43939
4790	7045	13788	21973	22775
2555	22723
6613	41893
22791	22792	39518
2272	7557	8713
7077	16226	69729
9480	79860	79861
24097	46056	46057	46058
5305	33463
37347	37348	41074	51736	51737	51738
13885	41776
16096	18902
2528	2529	2530
6021	6023	8831	8832	8833	8834	8835
36410	45662
54017	54019	65499	65500	65501	65502	65503
54694	54695	54696
11044	13066
62288	76593	76594
52345	56332	56333
64512	66049
29237	43107	43108
2441	5587
5348	31060	31061
183	2270	2421	5627	27777
4862	80699
20865	22827	42327	42328
4049	23202	35673	35674
24663	24664	24665
14711	68960	72918	75328
3279	3920	5382	12269	12270
56545	56546	68968	68969	68970
27466	27467
959	11980	39729
1228	11035	11036	11037
56592	56594	57232	57233
1125	39317	39318
5652	19580	48251	48252	48253	48254	48255	48256
2272	11755	12765
1468	55022	55023	55024	55025	55026
5705	35801	35802	55523
2964	25334	61944	61945	61946	61947
2942	7093
3925	3926	3927
14519	16564	22735	29242
20409	20410	44704	57817	61143	61144
10691	10692
4760	7883
22022	29728	29729
7775	17855	28289
4049	9401	16760
7001	7002
70965	70966	70967	70968
240	5731	12706	13395	13396
2971	3680
313	40130	50026
58984	59208
7465	7466	7467
23524	44491	53200
16747	16748
7957	60951	70425	70426
190	191	1607	8144	32506
10912	10913
18055	18056	18057
11979	16906	64128
1403	19572	20188
33990	33991	33992	33993	33994	33995
31	32	50420	66186
2320	5672
79605	79606
19544	19545	19546	20120	34764
180	25132	28484	56061
2684	35408	42821	42822
7593	9943	22945	22946	22947
1596	20205
7545	27022	29874	50983
9822	9823
7791	28034	28035	28036	28037
1323	3741	10743	10744	10746	51396
5403	20130
1486	25573	49847
3820	58088	58089
3584	29327	57483	57484	57485	57486	57487
7763	25777
1991	5672	10849
3277	14009	70809	70810
67576	67577
13521	20924	30740	76860
43502	46780	46781
2244	7921	12213	30402
7268	16777
4211	4212
7776	18453
1138	1789	12754	12755	12761	44212	44213
8790	53669
659	5297	19356
1581	39409	45735
5981	30926	54313
54908	54909	54910
488	491	19838	19842	58531	62755
90	579	2310
3231	13201	41374
17447	20547	20548
26086	26087	26088
81	2687
26173	27792
6995	19990
4514	4515
73060	73061
2184	19251	30325	60951
44475	44476	44477	44478
69157	69158
37444	38011	38012
29436	44604
29911	40108
3810	3811	3812	10505	10772	80690	80691
2474	2475	2476
7952	46996
11591	67222
62619	62620	62621
8660	55594	69103
3255	21103	61638	61639
13882	14437	38325
11341	67812	67813
2533	2534	2535
5620	9474	23681	63559	63560	63561	63562	63563
90	1414
464	7284	22083	62712	62713
9515	42565	42566
289	22885	37429
348	46090
7445	8283	41421	41422	41423
3369	3370	69714
10355	10356	10357
3742	13118	13121	46207	46994
25971	56567
15893	15900	35480	35481
44369	44370	44371	44372
3277	41300	42053
37421	37422
7713	44628	45483
655	19015
17758	31505
1191	1329	38518
8075	9120	12040
2505	12175	12176	12178
10116	10117
2596	11219	11222	11373
61868	61869	61870	61871	61872
6	2305	7544	21513	21514	21515
3456	11631	42045	52503
22130	22131	22132	22133
25844	56812	64866
4469	27602
1199	1413	1565	1755	11723	12098
135	1191	3614	25166	40385
17500	45234
10648	10649	10650
2043	2363	4422	4423
2863	7142	40172	40173
15166	66062	66063
95	9942	18615
2077	2535	10733	19668	42530	42531	42532
22778	50468	50469
353	14085
8718	19484
9025	26139
19545	19546	41885	41886
10401	10402	10403	10404	10405
2497	31603	70023
2272	14284	45725	73766
19582	61453	61454
7628	49476
5266	5267
1306	29513	59379	60392	60393
15224	69037	69038
5469	6300
36957	49752
14551	47966
13525	13527	32442	66398	66399
4246	9949	48615	58772
1643	4077	18519	26150
6169	6172	10919
29480	56483
29789	47020
5519	5520
61629	61631
10165	21112
2376	11754	11755	41453
1326	9588	15441
17713	20457
58541	58542	58543	58544	58545
72697	72699	72906
183	77503	77504	77505
54515	59591
4866	5622	22966	24519
6066	6067	45682
313	60837
481	482	485
9097	39221	39222
10227	10228	10229
53393	53394
17631	24356
8044	8045	8046
11873	47864
54496	54497	54498	54499
1993	22265	32901	33241
5734	69483	69484	69485
3044	9050	33077
158	1530	44471	63299	70130	78653	78654
29179	29181	56278	63716	63717	63718
49779	49780
965	42744	43300	60644	60645	60646
5129	41526
1177	23210	32559	49987
16155	66988
14009	60123	67207
940	4344
25924	32893	60027
17529	46857
77477	77478	77479	77480	77481	77482
3433	3735	3736
211	419	4429	79291
275	5608
1946	1947	37372	47258
1131	11515	23346
16341	16564
6936	35531	52858	78211	78212	78213	78214	78215	78216	78217
24242	24243	24244	24245	24246
6997	7107	13965	58132	58133
621	3412
13149	13150
134	10846	35960	52191	52192	52193	52194
2377	21817	73822
16389	49618	51088	58594	58595
6523	6524	6525
72734	72736	72857
467	18368	23326	28544	50763
12211	12212	32286	32287	32288	32289
12088	39761	39762	39763
499	22709	62729
1260	5253	49057
1192	13708	16523	18871
80303	80304	80305
7461	26840	26841	26842	26843	26844
18272	21899	38022	42796	42797	42798
68552	79694	79695	79696
2367	18461	20409	24259
10089	17363	31733	44534
18074	31541	31542
27362	39755
59243	59244	59245	59246
296	6769	13943
575	54333	54334	54335
10489	10490
39507	60663	60664	60665	60666
9690	9691	9692	9693
81	21995
21290	21292
1020	14694
41800	41801
32134	41441	41442
11839	14286	19751
4046	15525	53801
49196	51626	54379
40229	56052	56053	56054	61649
12781	12784
5148	39838
13668	13882	14437
4987	7594	8413
3376	3764	18722
64442	64443
11326	17523	66611	66612	66613
16228	61455	61456
3734	24759
19354	19355	19356
15686	40634
2850	21935	61589	62556
217	32746	38691	38692
5464	15713	15714
1008	6287	23692	23695	23698	23700	23701	23702	29777	35281	63303	63304	63305	63306
3513	52956	60593	77698	77699
58582	58583	58584	58585
18936	18937	18938	18939	18940	18941
7081	80048	80049	80050
2850	11796	17049	56410	66102	67109
14860	25835	52611
18949	18950	18951
266	4799	6019	8770
30628	30629	30630
42299	42302	48686	48687
9455	22502
30321	30322
966	41928	41929
10953	12213	13703	22242
7030	39765	39766	39767	39768
3546	3741	38906	38907
3284	3285	3286
11705	15887	16033	29510	29511
5981	12273	30926	62249	79761	79762	79763
1637	3631	5935	24902	24903	37132
2326	2327	2328
36505	50697
36065	36066
16537	16852
6400	7019	9208	60152
20683	20684	20685
258	5866	32434
17283	21692	30503
1993	18836
93	13452	36245
3061	7383	7384
6315	6416	6417	6418	6419
11419	31750	31751	31752	37136	37137	37138	37139	37140	37141	37142	37143	37144	37145	37146	37147	37148
6151	22825	22826
1745	7259	7260
18757	18758	35463
26747	49066	49067
42850	51154
2247	13187
7293	41615	41616
1515	3654	10961	17439	17440
1441	14864	39864	56701	64029	64030
6891	6892	6893
572	575	22234	22235
7789	7792
14944	18155	30221
22370	48675
17024	18561	41164	65629
59210	59211
3344	34138	34139	34140	34141
11366	63300	73053	73494
8474	12405	80633
1985	5499	11134
2277	13393	19712	33518
42022	42023	42024
55936	78896
12612	12613	12614
135	44295	44296	44297
2435	52835	52836	52837	52838	52839	52840	52841
11784	14889
2850	20054	64272	64273
4114	7648	16199	16200	16201
5854	10756	50090
230	2709	33889
2179	16170	26462	26463	26464
2331	2332	10701	34125
3151	11467	21289
5689	18005	77273	77274	77275
6456	6457
7445	16520	71860
13149	14452
1487	2687	6496	20277
278	22764
11726	14329
2648	32007
62294	62495
234	2803	7110
7264	55832
1076	1918	6543	23205	40008	40009
10950	14900	41052	45058
2685	2687	2689	3255
9945	22873	32999	74215
5327	19528
3848	22253	25472	25473	28061	28062	28063	28064	28065	28066	28067	28068	28069	28070	28071	28072	28073	28074	28075	28076	28077	28078	28079
18169	38106
1181	4456	10935	54616
16879	52582
25665	51781	51782	51783
8273	15931	15932
986	987	988	989
3980	6019	9519	9969	15988	20203	29738
51453	51454
7219	7220	7221
6821	10733	19666	19667	19668
33410	33411	33412	33413
5647	5648	52490	52491
76174	76617
22368	26537	48149	48150
9573	22187	40545	42441
135	352	1191	9648	17814	38232
29563	29564
4048	4049
464	8735	8736	8737
6823	17024	17715	18561
75430	75431	75432
63143	63144	63145
9947	36930
1315	47778
14650	15083	16170	16908
230	42576
18023	37196	55597
2364	2365	2366	2367
3631	21815	21816
3530	35811
8840	27429	37766	37767
663	2153	5372
1005	5007
7477	7478
6938	42405
2209	11191	15166	17927
145	3991	20632
233	36691
5344	79955	79956	79957	79958
3061	7384	7385	16259	39705
6051	6052	17960
4323	51422
13426	13429	33287	64785	64786
19488	45475	45476
31326	31327
7952	37269	40549	40550
909	910	3097
9240	9241
2576	4323	16565	30208	49113
5205	5206	11290	24641	24642	24643
37435	48726	50612
2850	9545	15033	15034
5502	16429	16430
7769	8003	56305	56306	74565	74566	74567	74568
3376	24274	24275	64444	64445
135	13452	26302
54567	60825	61979
1689	2147	4072	4079	7901
256	1490	5348	6654	35122	35123
76787	76788
462	464	7284	20524	22081	22082	22083
55262	55263	55264
3788	21862	21863	58780
15342	44311	71861
278	9472	19626	49321
6032	8462	31152	55799	55800
9796	9797	9799	25925
515	516	31972	32746
1312	3092	18398	18399	21788	33378
16778	38320	38321
1240	1242	5008	16643	19992	36392	66656	66658
5058	57907	60446	60447	60467
7059	7060
2573	3974	67197	67198
9736	48122	48123	68922	68923	68924
42025	54521
6440	23973
18123	18124
15586	15587	28562	34525	60441
2366	5464	17045	56896	65266	71382
11101	11102
46441	46442	46443
1298	1299
1389	4874	8299
8272	11934	47467
38074	38075	38076
445	60532	65696
181	4284	5426	5793	5794
21052	29134	29140	57797	63513	63525
2171	26578
4323	12609
9572	9573	9574	9575
60667	69036	70681	70682
48420	54308
402	12726	29007
175	13393	35082
5991	33933
2842	12392	12393
37109	37202
2607	2609	29115
3940	51965
11172	25537	25538
63244	63245	63246	63247
19901	19902	23005	29366	39671	51989	51990	51991	51992
20541	20542	20543	21931	54321
2503	13070	36367
12681	35292	35293
179	18713
31	32	33	14956	48605
3586	6226	19092
15851	22784
19488	55046
5270	7125
21093	21585	21586
357	28635
2687	7560
931	1137	18967	19358	57163
5409	36538	38868	71198
9301	60355	60921	70135	70136
1694	26670	41297	41298
2744	3454	18624
6684	6685	6686	6687	6688
10579	30693
12219	26264
6066	6067	17142	17143	17144
41675	41676	41677	41678	41679	41680
4390	13429	15166	17187
20279	21310	23794	60961	60962
20300	64330
18972	20683	63412
3589	5593	13366	14184
2357	2358	2359
196	223	256	258	2247	2818	4362	4697
5920	31139	31140
19654	50651	50652
4481	4482	4483
314	10431	35631
1252	10159	21494	32887
13434	13435
12474	16367	16403	41693	50533
2270	4373	24012	24014	40196
5572	7011	7013	8936	30138	30139
110	8622	19351	19352	32496
11601	19404	28698
1957	31626	40415
18437	21362	27813	70713	70714	70715
30602	36506	55405
18586	35776	71387	71388
348	12905	28306	60905	60906	60907	60908
16122	40839
13871	32367	56382	56383
3374	22779	29955	48316
5080	5081	5082
26706	27041	51333
12973	15279
13641	44223	47469
1487	7817
3344	5574
17706	36246	36247
25013	77064	77065	77066
7256	17953	20453	34539
23557	40978	40979
21410	39373
57015	57016	57017	57018	57019
1076	5622	19131	26399
8333	19754	19755	28819	55738	55739
13294	13295	13296
5325	22027	25545	25546
7268	14777	20532
33481	33482	33483	33484
63054	63055
5165	5167
1039	45857	45858
40737	67888
29425	29789	71202	71203	71204
747	64945	69204	74314
80443	80444	80445	80446	80447
6851	6852	16050	26885
259	7378
46712	46713	46714
348	494	16090
14518	14519	64512	65212	65750
8960	17739
35713	35714
3723	3725	45129	45130
9474	23681	23682	26065
9414	44573
2647	10037	38790
602	1719	14104
614	5524	32430
3974	22659	22660	22661
2160	23302	39203	40803
2590	5675
177	1294	39370	39371
34069	36366	41348	41349
518	13648	14709
6307	6308	6309	6310
29	25777
14272	36962	62200
2802	21745
1911	43399
3546	3741	38114	43483	50009
11601	12511	21861
1290	12423	18074	24486
5524	9864
5338	9662	14956
10161	44078
1408	1409
74658	74719
21842	25223	56693	56694
28276	71916	71917
30851	30852
13476	55854	78312
10665	10666
76457	76458	76459
5990	5993	7582	22143	24248
183	3136	23682
17468	41273
64512	64587
3788	29477	53538	75018	75019
38883	38884
1499	3222	9436	52009
3061	3062	7385	15303	55322
586	45867	73111	73112	73113
13428	16634	56128
1005	7234	23022	38364
5198	48079	73706	78172	78633	78634	78635	78636
2850	8390	20376	60423	68100	68101	68102
1496	37491	41505
16110	35994
1946	1947	5719
569	570
169	1193	1325	35921
23059	23060
1598	4893	13250	25641
182	5007	21869	26026	26027	26028
17977	17978
14714	14716	17548
9388	9389
61347	61348	61349
47521	47522
14822	21303	21304
6633	14033	14034
5800	22989	35650
966	2939	2942	13732
11513	24434	24435
2378	36943
22143	24248	65168	65169
3338	6578	11979	16906	25060
11670	17271	17531	17532
2668	3783	38398
25907	25908
4595	37722
12178	53788
28040	28041	28042
11197	11198	11199
1200	11073	19314
8003	8993	8994	8995
53431	53432
56274	56275	56276	56277
7700	41257
3982	7531	13875	22499	22500
43900	43901
18680	18681
18282	18283	18284
28269	52648
556	8555	8556
3730	28914	38077
181	13623	18547	25338	25341	58052	58053	63180
6613	18289	34847
5689	9241	18004
5872	6760	16011	25130	25131	27900	69396
8392	35429
2423	19111	19819
7949	7950
2448	15039	43489
175	3019	22656	37555
14905	14908
6745	55711	67305
2717	3146	13503
12893	12894	12895
15841	68228	68229	68230	68231
21883	21884	21885
1146	2863
3943	9360
4790	11106	11107	11108
25652	75178	77871	77872	77873
2411	11458	24817
17349	18142
2267	42963	42964
7508	7510	17478
26853	45386	45387	45388
9401	15331	15998	15999
110	1600	6018	6019	67306
3441	4022	4309	22663
1260	77085	77086
518	13648	14709	20236	40282
14566	16235	16236	16954	59547	64184
2367	11777	18461	20409
14297	40459	53915	53916
655	8586	14551	15152	25021
24233	48195
15863	17267	23355
2374	18024
4323	23944
31641	31642
25752	25753	25754
1534	57390
15066	15067	15068	15069
15531	26910	40661	47160	61908	65903	65904
2913	69259	69260	69261	69262
15077	26917	33698	33699	33700
11308	18498	27548	27549
287	2568
5087	5088	5089
16966	16967	16968
76752	76753
42813	49717
17697	17698
3513	30310
9887	33599	33600	69487	69488	77486
17262	56491	56492
57160	57161
13641	15540	37886
6298	44128	55050	55767
24405	31955	61411	61412
3396	8712	13746	69072
79739	79740
11288	23183	63886	66346	69839
3507	29750	40836	60612	61133
1349	17968	21129
10536	51807
1372	3487	5291	20932
13150	22125
17882	60656	60657
20543	25873	25874	25875
142	143	17830
12072	26889	45197	45198
20975	35447	35836	37622
76697	76698	76699	76700	76701
1008	6287	27918	27919	27920
358	28635	38617	38618
1349	15686
12584	15438	15439	15440
13602	13603
29275	52235
1997	36675
181	20039	21867	25132	25340
19956	60649
2590	6431	26432
1097	41213
8896	13444	20520	26992
19490	31947	31948	31949	31950	31951
181	18774	20049	46310	46311
14496	14765	27411
56918	56919
11759	16546	16547
1565	21943	39623
6252	6254	6255	45356
105	11379	11380
29480	56559	74748	74749
8338	44839
4947	26111	26115	69482
1324	18200
33709	33710	33711
7837	7920	7921	7922	20045	22503
2789	2790	19632	33480	45733	45734
8185	36040	60187	70180
2710	21432	28891
23407	24368	54730
51191	51192	61712	61713
1124	54572	54573
29592	29593	29594
2271	17813
1403	2253	2374	21769	37091	54699
2144	18068	42031
6267	6268	35691
5948	15988	20192	20676
22778	56239	56240	56241	56242	56243	56244	56245	56246
16752	16753	16754
556	5308	5309	28024
7011	18259	18260
57254	64833	64834
34254	34255
67697	67698
1303	1975	2411
8283	15358	56399	59550
1309	1310
43827	72250
4201	13071	13072	13073
7062	17116	58161	77736
47073	64166
5931	5932	5933	5934	5935
17887	17888	17889	20427	31170	31171
15173	15333	16422	22369	22370	22371
6841	14359
736	28638
74632	74633
30663	36335
2376	2377	2378	36943	36944
3529	11620
5524	12356	13585
60658	60659	60660
1947	4609	14802	14804
2494	9228	63790	75185
348	556	5731	7037
44155	61928	69952	69953	69954	69955
2850	8390	68100
275	38717	50219	50220
1788	12875	58954
16153	16155
24858	24859
67492	67493	67723
108	48888	48889
579	2700
575	4323	4765
4553	18428	18429	18430	18431	18432	18433	18434	18435
16638	19464	19690
5012	35387
2850	14593	15742	61589	73803
10371	10372
1090	3882	3883	3884
1833	17788	30407	30408
13187	13188
797	2947	20409	75067	75068
782	783
135	26716
7310	7311	7312	7313
25456	43733	43734
13397	40896	58134
12532	18447	18448	29027
52530	52531	52532
8384	8385	80577	80578
181	4284	5426
3844	55189	63046	63047
19734	50334
27779	53382	56431	59461	67374	68087
52591	52592	52593
2812	7763	40575
282	857	1655	80590
5734	13933	22389
44127	46081	48837	48838
12868	15902	18384
5383	5786	37363
10938	23558	63331	63677
16761	16762
17867	17868
29094	37838	40090	41318	41319
44141	44142
3369	42550	72562
8323	68371	68372
9919	16239	17259	56224
21817	43777	47441
76435	76436	76437	76438	76439	76440
780	58096	58315
2358	6267	12474
31190	75566
14888	15838	15839	15841
54017	54018	54019
79419	79420	79421	79422
23964	39498	48477
2942	22908	39212	39213
63192	63193	63194
94	39842	43503	50515
1723	7059	8536	52952
13658	13659
25862	25863
35643	45099
13798	13799	13800	71721	71722	71723
1417	6078
4754	40354
6341	6342	6343
3788	11616	14915	46191	52983
181	183	9630
5360	5361	12178	12957
19612	19613
3858	11601	19831
1460	1461	2492
8043	18339	18343	18345	43718
30208	38219
48018	48019	48020
22027	26943	34662	34663	34664	34665	34666
2270	5393	5394	14397	18300	18301	20252	20253
10579	20115	22092
2332	35634
1993	22265	23786	33690
64484	64485	64486	64487	64488
80346	80347
5244	36414
5761	63671	80011
35653	35655	38481
38053	47061
3834	38707
10938	79010
18917	33518	65172	71087
9301	11980	12837	36483	36484	46886
24992	54064	54065
90	3253	17677	18952
1082	2398	13082	14156	56365
2277	50442	50443	66275
18669	20015	27000	31333	39728
5116	5593	18719	20344
12343	13631	36962	60653
4539	23061	23062
11756	16968	26931	26932
48929	48930	48931
37202	57990	76026	76027	76028
31117	43379
3546	11287	14663	49162
23791	75497	75498	75499
1530	36378
1892	13612	41178	76102
79179	79180	79181	79182
3438	3439
9330	18085
1868	22081	69519	76883	76884	76885
1440	9030	9900	26384	37107
5102	26034	61230	70819
8297	69917
2247	18884	30683	57080
11395	42491
9951	29137	51526	51527
2194	2195
3529	15625	25632	25633
17878	61550	61551
6001	17326	38503	38504	70572
735	31056
37824	37825	37826	37827
1378	4072	59908	73286
62622	62623	62624
46191	52983	67103
13336	13337	13338	13339
18058	18952	25842
516	9945	14486
3227	17654	30022	30024	56984
2635	2636	53465	53466	53467	53468
6496	75654	75655
943	1402	1766
2745	2952	4360	4845	17992	17993	17994	18000	18002
6496	13173
14794	29179	29181
16950	27767	33424
2983	17727	24662	33251	33252
21641	21642	21643
19	13704
5653	5654	5655
7113	30583	72236
54	55	56	57	58
12413	21597	64836	76742	76743	76744	76745	76746	76747
13703	14991	26826	31987
8379	17025	17026	17027	17028	17029
34963	34964
76839	76840
13352	13353
49587	49588	49589
18495	24541	60968
1324	13904	23604	23605	23606
1331	4687	4688	50197
2687	3255	15754	38595
1153	53802	53803
27061	42853	67066	74189
997	998	999	1000
11455	11456
20668	25554
1453	5438	10554	22473
314	27400
12	8995
2850	9401	31702
14002	14003
1161	9851
73052	75660
1694	4014	10012	16507	16509	44375	44376
8937	20480	29667	52546	52547
2388	33423
714	715
29785	29786	29787
698	1358	3834	39227
634	9979
16367	20711	41110	41111
28316	28317	28318
14802	14803	44993	78096
491	13657	23347
14733	43911
4547	20043	24598	36796	56000	56001	56002
16536	16537	16852	66087
6909	57707	63539
7217	7218
585	6400
58395	58396	58397
28618	28619
1424	1425	1426	1427
453	49107	49108
4323	28085
6773	23449	62560	62561	62562	62563	62564
3451	4987	7832	39327
2873	7202	7203
11646	62971	62972
1799	4190	36340	36341
4306	10474	11024
2044	8302	28630	54795
1010	1172	3079
2253	23195	40370	40371
14409	22075	22076	22077
3652	3653	18918	54043
79193	79194	79195
14492	14526	14527
94	1264	5198
6772	6774	13716
30848	30849	72798	72799
3730	10089	11187	30947	37651
9780	9781
19375	19376	19377
64235	64236
11705	27198	27199
3567	14754	22305
1854	72570	72571
2251	10744	10746	59909	69471	71327
66	2988	2989	18074	21243	24486	29612
1004	2244	35259
464	24657	67856	67857	67858	67859
4504	4507	29819
2850	14938	15742
15469	55645	65992
2687	3844	36273
90	19160	19161	19162
9241	73774
17344	17345	20018	25134	25135
799	48124
11356	11357	11358	11359
5610	47334	47335
1282	1283	1284	1286	1287	55513
3180	8798
6986	6987
3600	9984
633	6637	6638
12	8600
12074	35643	41177	41178
13051	13052
6573	12975	73581	73582	73583
72320	72322
38773	52658	77612	77613
1214	10543	12096	12806
15930	28158	74885
1005	1076	20118	69364	69365	69366	69367	69368
2253	26813	26814
10252	59425	59426
4629	4630
37208	37209	37210
2268	2771
30495	36394	39678	52722
636	5172	61771	67162
2448	15906	17240	55994	72555
13600	13601
14083	14084
6040	6956	18762	20887
7378	18339	43480
5506	5507	5508	5509
183	15806	15808	19547	30669	30670
23494	23495
20409	20501	60681
4599	13962	32286	57349	59438	73211
41827	41828	41829
57754	57755	57756
7460	12161
375	33777	35502	43518	43519
15051	74087
15503	15504	16376	61287
1306	26471	26472
5148	68061	68063	76672
1918	6543	22188
182	8412	20620	21866	21867	21868	21869
9401	15719	15720
12152	25045	25046	25047
32521	54288	54289
3338	9643	24651
17024	19677	50731
6532	22964	47624	57877	67593	67594	67595	67596	67597	67598	67599	67600	67601	67602
6831	9803	9805
5357	59957	64196
76815	76816
5327	15863	15864
634	635
241	1862	4207	20152	58668
595	12698
18509	50992	50993
2332	46758
7775	15991	16697	60334	71543	78737	78738
3342	3343
764	3581	51515	51516
4790	11108	18400
14872	49646	59442	69881	72617
16284	18493	37808	54026	54027
321	8019	18726
11095	31919
223	256
5726	38432	47238
15189	16651	16777	64777	67086
11570	43535	43536
468	4302	4548	18598
2687	6939	50673
278	1191	6490	13871	40739
5689	16562	23239	34493	34494
1065	55952	55953
28017	34015
10197	10198	10199
1372	2038	3487
7293	8677
6558	19766	46498
4639	4640	4641	4642
57903	71338	71339
50838	50839
22996	36941	37528	70104	70139	70140
4765	9703
118	1195	11530	62856
41076	74265	74266
2203	21728	37111	48040
3989	3990	29036
27779	56431	59461	62535	67374	68087
1415	49514
698	13052	21104	50596	60333
64907	69150	69151	69152	69153
49251	49252	49253
65889	75734
2832	2955	3010	11638	48592
902	31700
43157	43158
14991	16592	16593
12755	12761	15586	15587	20855	28562	33664	33665	34525
26917	59510	66619
644	1486	7698	8760
168	169	170
3866	3867
2609	15875	51699	51700
11796	14625
45342	45343
6571	41913	42027
6494	43931	50563
854	855
183	1868	23938
34070	34071
55135	55136	55137
514	42715
3855	38258	38259
177	28163	47255
1645	1647	15279	16917	16918	23170
23960	80644	80645	80646
10164	37249
13882	39842
2251	8379	17461	17462	19836	51313
348	349	8421	18885	27583	27584
4459	9270	19220
48196	48197
8322	8323
14347	56144	69156
273	5521	5522	5524
34414	34415	34416
60152	70933	70934
43849	43850
23524	49290	80662
1365	1366	80330	80331
20789	56728	56729	56730
17677	27719
1008	12164	18977
2981	60568	60569	60570	60571
20859	60319	77466
75657	75658
23457	75391
16773	20768	68457
6501	20577	57951	57952
16056	21782	26497	26498
37096	37097
8396	61313	66741	66742	66743
73773	74073	74074
12198	12199
17357	60336	60337
614	8660	62960	67139	77334	77335	77336
11258	32157
28835	28836	28837	28838	28839	28840
3044	9441	47129
14010	14749	15141	61376	61377	61378
11802	11803	25455	25456	25457
15010	15011	15012	15334	15335
95	28364
16389	20330	65900	65901
9917	9919
1315	6532	14972
26567	26568	26569
1302	2302
5614	19111	49346	49347
14446	44997	52411
586	11908	11909	11910
2366	56232
18032	60973	60974	60975
988	989	73386
20168	20169	20170
6685	27639	27640	27641
500	25666	39626	39627
1518	1519
17149	17150	17151
4068	8798
17001	18375
5593	17506	18719	24805	53842
2358	7921	30090	62028	62029	62030
78753	78754	78755	78756	78757	78758	78759	78760
14721	70294
24526	24527	24528	24529
2709	13077
3855	5872	13873	16011	25131	60005
18	10849
17085	20995	25950	25951	25952	25953	25954	25955
5410	8003	8993	13019	16421
37264	40226	41879
26662	26663
16284	18492	18493
2406	21052
8585	15022	55548	56160	63757
4209	52945
515	31730	33450
4007	6238
13295	23835	28568	28569
11434	38060	38061
90	5201	5208
30395	30396	30397	30398
799	1023	8143
77179	77180	77181	77182
4694	9476	66775	66776
14625	28545	64020	64021	67789	67790
1581	47170	47171	47172
9778	15210	34614	36464
5141	16920	35353
1080	38739
5123	57280	57281	57282	64480	64481
7370	67156
1947	17876	20378
3061	7385	16259
16054	16056	21782	57231
3878	53612
63903	63904	63905
14089	55815
5586	35280
2385	2386	7078	33583	33584
7719	7720	7721
29131	29132
3449	3451	22728	34795	47737
1325	6440	60743	69876	69877
3247	10089	13657	16446	18669	20497	53871
47706	47707
183	7506	20733	23657
47154	55211	55212
8333	19753	33560
6	8
21406	21407	67966	67967
5476	37086	37087
60430	60431
2264	2265	55614
25655	59720	59721	59722
43077	53794
3369	17720
10142	12730	13605	29097
1846	2861	12344	12345
1177	1305	10547
1202	1303	1414	11458
76	259	3356	18697
3300	8043	18159	20035	20036	20037	55756
15875	16087	71307	71308	71309	71310
1634	3448	3449	3450	4694
1080	16715	60492
6043	25885	67229
61	24522	24589	24590	24591	24592	24593	24594
8718	19484	42303
14922	14952	16061	56214	75058	75059
8045	10705
9205	20747	44457
36410	40223
3826	6828	6829
13429	16690	48263	48264
43392	46996
22966	60011	73671	73672
1497	3449	10680
2214	18396	21112
3099	16012	31563
16541	32026	32027
1937	3449	4931	8451
7367	13736	14346	15306
2723	2724	2725
22749	74444
19511	22920	22960
28774	28775	28776
2271	18749	18750	18751
533	11545
3567	22305	22306
7062	17116	58161	68141
14794	29179	29180	29181
15586	15587	28562	34525	67304
1513	30442
2067	53370
4323	12341
5833	7100	41870	41871
64311	64312	64313
12646	14760	65953
1110	1116
6298	11819	28872	40033
28012	72465	72466	72467
16602	16603	16604	67456
8913	15191	17141	20108	22543
35194	57942
7666	7668	19220	60513
36052	41683	41684	41685
5081	6974	7302	56835
2398	13082	14156	17152
17321	37858	47137
17272	31233
44991	44992	44993
15604	37819	71352
1065	15503	15504	44559
5731	12707	13396
59060	59061	59062
20924	20925
2497	27590	32752
2987	47087
1331	2441
2924	3764	5022	6009	7833	9381	9932	13816	18762	18763	18764	18765	18766	18767	18768	18769	18770	18771	18772
3242	20922
2616	4098	24954	32719
79689	79690
3365	3366	3369	3370
1200	1351	2198
65681	65682
375	67426
10954	37891	37892
3146	3338	22836
1694	48063	48064	48065
4151	4152	4153	4154
70173	76877	76878
10239	22126	74707	74708	74709
3919	14490	37541
5689	16562	22948	39410	39411	39412
13132	24405	48230	48231
8770	60744
4739	6042	32747
6042	22321	54729
12787	58489
14128	20976	75848
6078	17847	18317	18318
7956	17112	74329
3958	4374
3434	4479
46823	46824	46825	46826	46827
12650	12652	13943	45958	60546	60547	60548	60549
15223	15224	71833	71834
16454	16455
2270	2542	4419	10362	26027	29924	29925
1485	42549
15430	15431	15432
105	106	55582	55841	60884
6316	7046	24071
21870	27946	30686	39966
531	13060	24644	30580
40838	53315	53317
45168	45169	45170	45171	45172
735	9896
5953	10092
4922	30904
13522	13523
12	15216	26049
574	4765
1643	20554	25160	25161
3242	7644
219	220	221	37845
4636	5535	7694	7695
18247	23279
3614	5736	12075	12077
10536	15319	15321	18813
7370	11796	19636	19637	26560
3114	4068	4069	38878
2271	11755	18548
2396	13081	13082	17152	17153
10364	13800	15767	18372	45020	45021	45022
13943	48734	58824	77323
26772	26773
2435	9927	9928	12024
24397	24398	24401	42580
1530	1531	1532	1533
4014	58445
16399	32594	32595	32596
20093	33829	39680	55898	55899	55900	55901
75707	75708	75709
31033	51237	63547
2209	14952	16061	16062	16788
42095	43547
3580	19837	19962
799	1866	3425	4010
1235	31995
8003	24146	24147	24148
20039	25132	30500
18713	44710
8540	50558
1093	10723
6847	9765	31340	35357
1754	13577	25787	25788
40323	60678	70476
1323	2493	2494	68092
179	14759	15318	65455	66053
4847	66670	66671
579	1642
72622	72623	72624	72815
6320	32461	32462
282	15573	15575
15294	15295
60885	60886
76548	76549	76550	76551	76552
51545	61224	71305	71306
17024	18561
10942	10943
45021	45022
37046	53920
2646	6791	6792	6793	6794	6795
10442	79361	79362	79363
348	349	16090
15109	49064	49715
26325	26326	26327	63337
1235	21710	34236
19826	25832
18640	22984	33251
5922	5923	5924	5925
1134	11675
47991	48830
5360	9722
15268	31414	34898
16352	16353
19283	19284	20622	20623
2744	3454	60953	79086	79087	79088
20259	36742
181	183	5614	17576
17965	20990
7565	7570	57538
71903	71904	71905
72204	72205	72206	72207	72208
7200	9489	24037	24550	24551
17597	17598	17599	17600
20302	69659	69660
105	53239
572	573	575	31831	50704
1039	17415	68522	68523
7085	13428	39404
6791	35508
2902	33536
1031	7586	28372
47535	47536	47537	47538
3061	11759	57873	66195	71920
16565	41480	46128	46129
5357	43719	78349
19028	55827	55828	55829	55830	55831
44018	59913	71642
7031	17758	31505
19820	19821
11123	11125	11126	11127	11128	29808	29809
53657	57259
55418	55419	55420
52766	52767
32735	32736
19677	25248
11759	68800
2850	9401	16001	16289	49736
1142	64285	71013	74134
45067	54452
18277	58082	62790	78030
56968	72172
31323	31324	31325
41138	41139	41140
21414	72432	72433
12629	12630
25844	32665
2045	33393	33394	33395
70007	76274	76275
17237	17238	17239	17240
3043	9441	14636	14637	14638	14639	14640
702	15467	40048
18680	28727
21563	23026	23414	53656	74773
177	18647	22647	43327
2393	6775	50678	50679	50680	50681
2839	5704	7669	7670
36289	36290	36291
3232	3533	23758
1329	4068
2568	7255
11495	65194	65195
3869	70893	70894	70895
7902	10142	75883	75884
607	608	609
13428	14793	15771	64874	64875
16638	19464
273	23482	23484	26398	28820	29624
1005	57051
1235	50984	50985
3587	12432	34378	34379
656	22692	29683	33091
2091	2092
241	2497	3589
28038	28039
4370	14946	14947
2251	16061	54842	59783	65294	70855
2253	3134
2368	5524	6057	6900	8455	8456	20076	20077	20078
20683	56024
13400	13401
790	9186	11675	12703	13638
3848	21258	21260	24222	25411	25412
10037	15535	36211
1257	23799
260	1302	3580	3849	5037	16090	18038	27655	37161	37494	37495
66872	66873
58986	58987	58988
5953	9330	9331
1534	23886	23887
3854	3855
9883	9884	9885	9886
1007	39570
2171	27737	27738	27739
127	8550
183	6818	6819
18606	21710	63877
1008	33159
11812	14934	15291	15342	15475
5527	5528
25788	26503
55614	65940	75856
29	10936	38282
38971	41997
59496	59497
19025	67012	71792	71793	75190	75191	75192	75193	75194	75195
36818	36819	43998
2376	17870
661	2623
3982	7531	24482	30627	42443
1153	23431	36389
5250	52756
31	14616	14617	14619	14620
8711	12178	12957	24959	28710	55717
2890	3593	50056
29359	29360	29361
7045	21972	32512	32513	32514
3175	29436
4449	4450	5094	7561	18761	28255
1324	3869	3870	3871	3872
1293	37039	47289	47290
15516	15517	24841
12492	17049	48454
6524	6525	13397	17701	57859	57860
464	2393	8737	8780
626	17006	18561	21753
8540	44884
120	121	122
790	19285	20081
2475	2476	70913	70914	70915
3936	3937
12450	14577	41754
3834	61636	75611	75612
1192	13310
3826	3827
1331	14317
12398	12399	58138
4036	4037	4038	4039
2059	19368	75109	75110
1039	12474	22961
8311	8312	8313
799	2272	21601	37083	46528	49512
578	9562	42701
7031	17758	39335
790	43837
15501	15502	16033	16281	16282
2421	13793	18967	20312
90	30501
1060	6703
763	10341	12325	19372	21261	21262
6252	6254	6255	34698
7589	29946	29947	29948	29949
11183	19257	75467
7046	7259	24459
1053	7860	11839	38211
1415	1416	1417	1418
61628	61631
2534	5901	31800	31801
16018	55548	64181	70667	70668
1727	12864
6448	6449
5178	5179	5180
5149	35844	38678
6231	22063	52968	61255
224	3848	24005
55936	77734	77735
11293	43798
17493	29294	29295	29296
31642	62242
105	106	38972	75222	75223
110	1721	17923	23585
6506	10230
8144	19099	19100	19101	19102	19103	19104	19105	19106	19107	19108	19109
8952	8953	8955
36257	37236
4505	12868	15063
3338	5948	6770	19506	20524	53517	69235
26315	26316
1076	3730	11187	14198	22491	22492
488	490	491	17562	70604	77092
961	13913	18195
8897	8898
15612	21997	65876
25861	73745	73746	73747	73748	73749
4812	51066	54002	54003
10423	10424	10425
3270	37956	37959	77008	77009	77010	77011
9058	22818	24307
2839	50753	50754
3980	17918	17919	32400
1507	54948	54949
38239	38240	38241
419	4429	6957
246	247	1414	57976	58502	60904
8076	16292
845	13650	13651
110	2159	5003	43634
16020	17310	20237	68921	70152
6366	13476	28468	28469	28470
70444	70445
16941	21316	21319	21324	28540	28542
5533	5534
2098	10954	16436
1234	38886
9568	49845
9805	14367	46157
21254	22340
72693	72694	72695
814	16962	20393
36843	36844	36845
14790	14792	24307	65445	65446
2009	2010
321	2952	3845	4360	4361
6937	37852	38423
16693	54710
8300	32335
2689	7791	33490
5734	19460	28030
217	11434	17720
3451	3541	12706	77939	77940
17966	23024
1018	1019	1020
11300	11301	11527	45724
17345	20015	28977	35479
3553	3554	3555
110	1281	9749	28053
27394	27395	27396	27397	27398
1225	1362	1363	12453
48062	60357	60358
14144	22739	22740	22741	22742	22743	22744
1607	6103	23714
3044	51056
36094	36095	36096
4003	15837	28583	63831	65474
1003	10432	38548
11552	11553	11554	11555
12255	18904
12450	16184	16185	16187	16188	16189	16190	16191
12235	62606
8193	38922
2246	2247
7956	17073	21876
29544	75496
2497	27590
37058	37060	38115	38116	38117	38118	38119
16935	21410	31956
11201	11680
1607	4014	21298	28369
6082	23195
50423	50424
44119	76036
133	962	963
13267	73414
50642	67529	67530	67531	67532
25956	25957
499	8960	11367
18390	23060	29504
5996	18000	23867	23868	27688
790	9186	11675	12703	13638	15535
348	8420	8421
3267	7624
13631	24492
9381	28122
6703	40389
2441	12455	13362	15764	15866	21411	51166	54484
4066	10559	10560
16623	54236
8	12	57248
905	906	5452	13201	26223
130	2715	4348	4349
6440	57681
8660	18274	18979	24178	57009
12078	23987
19155	19156	34336
20916	20917
4381	57829	57830	57831
31136	31137
24795	33105	62758	69520	76956	76957
13149	20406	24425
31459	31460
70622	70623
1280	25499
3171	11224
2497	18272	21899
328	66615	66616
5996	6866	6867
1084	41314	46783
34013	34014
961	11726	52602	52603
8323	56237	56238
28086	30731	30732	30733	30734
9191	17855
2028	3416	41914	65033
2259	7077	13709	17884	18512
289	290	291
63657	63658	63659	63660	63661
179	44265	44266
21579	21580	24266
10674	40767
5743	43874
4265	4795	4796
67865	67866	67867	67868
13081	13082	40142	54280	64023	69011
36005	36006
7291	26868
29980	29981
7045	21973
4271	5404	60500	60501	70073
3085	26564	26565	26566
1842	10569
4098	4099	4100	4101	4102
15779	15780	15781
6939	41592
419	3071	80434
605	2044	2045
1547	2066	2699	19347	20918
2710	13319	54998
8003	29899	34459	34460
1751	9879
21374	21375	21376	21377	21378	21379	21380	21381	21382	21383	21384	21385	21386	21387
72888	72889	72890
4168	26363	26364
32804	63739
59893	59894
7952	35472	37269	42997
13705	18277	57966	57967
15841	16061	55161	56214	70859	70860
4548	29908
181	18775	20048	21055	27544	27545
17209	66507
29352	29353	29354	29355
3356	23449	23450	23451	23452
67604	67605
17588	24053	24054	24055	24056	24057	24058	24059	41127
3788	3790	3792	44175	51257	51258
14519	22735	22736
19879	19880
47774	47775	47776	47777
14689	17774	28528	51341	51342
9365	9366	9367
217	47883	57500	67129
6851	8412	11445	11446	11447	11448
8	8857	18223	45488
1566	2272	16859
20012	22413	60185	60186
10290	40061	72031	73015
38660	75838	75839	75840
181	182	26958
267	20678	20679	20680	20681	20682
1402	32064
2850	14972	20055	35673
3513	9568	11773
1292	19562	40949
20493	40950	55702	68769
1480	10808	56455	68598	77572	77573
837	13871	56382	75666
76624	76625	76626	76627	76628	76629
11311	36376	57501	57502
1975	1976	1977	1978
21936	22223	56724
55909	55910	55911
10505	23932
5368	11425	11426	26213	30373
4687	9619	42350
1325	13199	14567	14568	15615	16140	20301	22622
3425	3759
24254	27393
16050	23877
1369	1370	1371
275	13544	13546	44288
3085	18118	19118	19284	36783
3982	7531	24480	24482	30627
3449	3451	3541	50912	76913
14433	14436	69433	69434
27089	40358	48920	48921
15233	15234	39038	55695
11969	11970	11971	11972
1947	1948	57597
17383	26942
5122	5123	8229
17097	22843
17713	52128	52129
854	855	17780	19356
4571	4572
53509	70604	70605
45108	76962
223	1734	1736	3242	12882	22849
55285	55286	55287
15270	20582
2366	7368
2385	3541	13793	18275	21856	33501	62114
4962	4963
27374	39403	46380
3118	5469
10126	73576	73577	73578	73579	73580
1177	7256	7257	17658
4487	72121	72122
4987	7928	40202	40215	40216
4511	11680	21967	36813	36814
29134	36880	62169
2245	2247	29366
181	1846	3008	12824	49711
32542	32543
3580	24355	54392	54393	54394
5790	68201
8210	8716	12691
1177	23210	27938	34726
71591	72046
2687	3477
7367	14465	62981	62982
518	3121	26885	63114
1372	3982	30627	36716	36717
12686	12687	61333	61334	61335
22748	56524	72475	72476
495	496	497
13464	48239	48240
11682	38394
19766	23194
22067	33800
16715	20959	75092
12183	12184	12185	12186
499	763	12327
1985	62933
3255	61638	62724
22999	23000	23001	23002
3043	11286
3845	4360	21362	32684	43146
13793	13899	18966	20312	60879
2085	54157
33172	33173	33174
73001	73242	73243
38579	38580	38581
1310	36881
1303	1610	2411	7331
18559	21963	61845
224	1116	1131	4770	50988	50989
1610	3773	5596	30445
14858	14860	22612	22613	22614	22615	22616	22617
215	218	39746
1534	23886	61030	61031	61032	61033	61034	61035	61036	61037
25657	25658	25659
13997	21216	52310
17721	17722	17723
8718	11213	16667	50464
11682	54602
44476	56199	56200	56201	56202	56203
357	358	1994	20864
2264	2265	2267	4754	26448
18227	18228
11076	37346	42120
431	53783	53784	53785	53786
21503	24916
17451	20565
12170	24584
2385	18275	25481
9415	33212	40637	52251
7000	45882
26243	31352
55564	66583
25502	57287	57288	57289	57290
19262	19266	19272	41938	61118
64	21700	69535
1264	9072	13282	26910	64895	64896
5081	5082
2272	9349	10205
1338	34394	44941
18331	28890	45026	79977	79978	79979
59079	59080	59081
1118	2201	5209
3939	28854	38300
7921	18658	18659	19552
3255	15755	16111	16112
504	23932	45219
32504	34591
5116	8857	11524	11525
25205	25206	25207	25208
17549	20407
16396	19669	23429	23430
18720	22791	22792
67052	70861	70862	70863
241	2061	6746	7045	8660	9617	21973	57256	73922	73923
15506	25822	37747	69715
79201	79213	79214	79215	79216
7045	26411	57256
7805	30868
52422	52423	52424
3061	7385	14864	14954	55520
2850	15742	30166	34265
16571	44545	44546	44547
22329	22330
43728	45053	58388	58389
7686	7687	7688	7689
14711	29489	69237	72439
4599	7982	29492	29493	29494	29495	29496	29497
3940	50685
5280	48057
1235	22370	48319
10540	19590	63751	63752
7052	15963	37398
24651	72079	75196	75207	75208	75209	75210
46107	78092	78093
1124	4300
2095	11117	55973	61488	61489
53399	53400
10637	10638	10639
2504	41377	41378
72224	72225
63249	63250	63251	63252	63253
4624	17451	80124	80125	80126	80127
1985	3424	37519
2882	3329	60046	60570	74210	74211	74212	75967
12279	35458	50930
11341	55472
46061	46062
22524	22525	22526	22527
14213	23001	29903	57425
3369	3370	14387	17252	19818
15658	43737
116	18277	19627	25882	62790
1788	2018	3196	10849	16960
181	4373
5120	5121
63654	70544	70545	70548	78138	78139
499	12438	12439
11367	13993	35729	70387
17690	19725
500	36512	36513	36514
1177	9702	23210
4754	37111	45463	45464
1072	14550	55615	55616	55617	55618
851	13311	13312
13507	37062	37063
5464	14727	14728	14729
4811	27538	45661	73162
68857	77582	77583	77584	77585	77586
40221	40469	40470
21897	54135
7200	21920	32843	51657	57056
9270	11482	39624
4459	54960	61620
5872	16011	16012	16013	16014
1039	15828	69416
1310	60267
1077	6042	11216
661	23737	40943	45399
2376	14874
260	3539	3732	3882	4961	9025	14239	36746	39191	54634	54635	54636
10226	22521
2390	2393	36497	45556	45557
81	41168
518	17109
4866	11980	20844
1191	4371	30059	30060
57245	57246	57247
17904	17905
9887	16640	17486
289	22885
54207	60464	60465	60466
7715	41224	47472
18164	18165	18166	18167
8957	8958
18	1137	1138	1139	9843	20132	57639	57640	57641
7668	11364	63687	65895	67518
3272	8401
1437	5580	6835	15929	16962	20040	21467	27601	36882	51316	51317	51318
2309	9568
1064	15502	15503
116	25882	77159	77160
7011	18179
26987	34273
1131	4014	4080
3858	11601	19404	46336
13077	70221	74515	77408	77409
34098	34099	34100
1138	7838	15586	15587	28561	28562
52777	52778
75077	75078	75079
4035	38335
13648	43709	43710	43711
4482	79746
636	16962
3159	13144	13145	13146
4553	6685	17928	23184
5755	19152	43186
3233	4206
21710	58015	58017
966	2042	2043	46554	52585
4504	4505	4507	12852
44191	44192	44193
20878	37575	37576	37577
9293	12128
1308	3332	40710	40711
1131	1832
3539	37293	46647
34827	72534	72535
72507	72508
6400	11589	16923
655	9392
15971	44412	49345
58665	58666	58667
1054	7100	25247
79466	79467	79468
181	18774	25338	25339	25340	25341
50932	50933	50934	50935	50936
6578	15710	15796	16728	31501	36821
3980	57028	66645	66646
1357	10840
7668	13334	16434	38809
2254	7329	7331	13600
8327	16314	56272	56273
14876	47212	61900	62365
16859	46026	49033	49034
6412	77672	77673
61530	61531
28523	32754	35709	39807
16110	59870
6769	7512	17478	39651
2670	2671	23368
1610	1941	1942	4399	7219	13392
12327	19435	22969
990	28576	29520
34876	34877	34878	34879	34880	34881	34882
11348	12239	60068	60069
50642	50643	50644
75469	75470	75471
5515	5516	5517	5518
90	3253
4656	51669
1131	6287	8043
53472	70295	70296	70297
17537	52581	79644
13103	14490	16262	39966
20023	26213
2855	8760	40409
25245	52268	52269	52270
2169	53970
18306	62386	62387	62388
230	1315	14972	27903
30458	30459	30460	30461
3293	16962	27205
2850	11839	20054
179	1486	15308	34068	34069
14063	25371	36007	59785
3844	36273	36274
8115	44723
258	321	1863	3299	32434
1593	63000
10748	10749
11476	32741
3337	15173	58803	72131	78876	78877	78878	78879
782	2739	4014	21298
35863	35864	35865
2214	35937	48643
7921	8003	8993	8995	13019	37423
47159	60639
3247	55486
116	1043	5640	8351
80251	80252
7518	7520	26572
1752	1862	1863	8184	8197	36985	53099
13657	18668	18670	54977	54978
19761	19762
44508	47080	47081
4370	14934	16330
12703	12704
19272	59518	59519	66636	66637
7113	15156	17776
28152	48717
314	67837	67838
60	25558
16182	16773	28909
3980	33046	33047	64490	66628	66629
4349	22780	22781
10956	57291
2193	6847	21842	37132	55541
10233	10234	10235	10236
1084	24250	25517	25518
18054	26328
2539	9239
5315	5316
8830	26213	28782
42871	42872	42873
1324	11839	35594	60273	60274
1260	31357
907	2689
16952	19905	40720
16138	58492	70001
241	3635	5529	6260
234	2803	2804
2243	8894	28399
2306	46221
7236	80135
74163	74164	74165	74166	74167
25014	42972
105	11380	59892
2535	3783
12868	15902	30885	55490	65275	71271	71272	71273
1214	19162
2209	6835	46109	51889
965	2646	78854
4303	4304	4305
965	18934	48062	50202
6918	6919	6920	6921	7838	30906	30907
35515	50745	52341	52342
57854	57855
4554	20190	20191
17829	18046	18047	18048	18049
3369	3370	16904	16905
2258	2259	49870	56671
16808	56663	56664
22246	30891
1302	1789	17352	17353
9072	45708
1325	14567	14568	15615	16139	16140
105	106	38972	65151
22142	22143	43239
2232	8073	20994	20995
116	183	2270	25882	25885
10089	51760	51761
574	575	6254
11819	41045
3368	3370	16431	65385	65386	68416
25200	25201
1269	13525	24658	65378
4222	5912
14069	16597	19868
241	2497	3589	20402	26516
1326	15531
4092	11308	11309	11310
556	3586	6226	51569	51570
32711	43457	54527
21897	43678	43679
181	18774	28739	28740	28741	28742	28743
16816	16828	48103
177	18850	69623	69624
6058	8540	8541
9887	33599	33600	69487	69488	77697
4492	29190	29191
5204	5573
35669	39083	75613	79017
2100	12791
16989	24427	32844	32845
2147	4072	6803	23383	24600	24601
12703	12994	30271
3284	5800	19146	36978
10164	10165	10166
3397	3858	26631
2253	3134	43304
79717	79718
15604	37818
29413	29414
2586	23987	45080	45081
1486	3121	18017
60725	60726	60727	60728
10951	16284	18492	20577
22805	22806	62649
9189	61153	70730
15867	22586	27946	28376	28377
49031	49032
45300	59944	59945	59946	59947	59948
4338	4339	10378	10379
13562	53458
1378	33823
3788	36243
1660	1661
38209	40226	47755
1372	4947	5291	57943	57944	57945
2075	7903
22564	27374
7705	18277	49519	49520	49521	49522	49523
579	580
26173	32481	35134
11615	11616	11617
8177	40349
13630	13631	23670	42713
37111	38991
2373	7052
35957	45362
3507	8760	33901	33902
16773	36250	52273	52274	52275	52276
6526	6527	6528	6529	6530
13444	33520	46743
7012	19828	28209	60909	60910	60911
17278	22821
4866	20844
11318	11319	11320
2504	2505
1614	1615	2214	13901
9393	9394	9395	9396
2209	15869	17927	63770	64069	64120
314	50085	50602
4323	12591	21654	30479
2656	56268
2075	17930
7970	17781	23144
72532	73003
3783	26870	26871
16844	16845
30812	36816	73652	73655
35651	36363
3270	6968	70225	70226
15450	15451	15452	16728	31501	55986
23193	28361	62375	62376	62377
12755	12761	18367	31250	33664	33665
71468	71469
32535	32536
7969	22122	39429
2378	6841
913	2055	22550
3006	11215	24577
763	31514
4545	9301	22573	25665
12164	24989
22048	37669	62359	62360
3760	34130	67183
6496	11560	11561
1646	25604	34875
3788	3790	4109	44610	54012
28896	48593
1598	1601	10577
14847	53570	65283	65284	65285	65286	65287	65288
383	31980	31981	31982
69093	78145
2685	3255	21103
1065	2209	19479	37273	37274
150	49050
15938	45320	55846
3725	39843
181	25338	58053
7225	7500	79749
1414	24775
8827	8828	8829
4005	15572	63825	63826
72758	72759	72760	72761	72762	72763
150	13022	13023
14991	25706	44207	45199	73892
13417	13418
5691	5948	19505	19506	20323
1250	29311	29313	57809	57810	57811
2374	5233	5234	51009
8952	8953	9501	12506	45538	46367	49610
8915	13108
3370	15064	61918	72310
1963	1964
11705	16408	29511	41072
348	7378
1453	1622	1623	3882	7479	7480	9551	12549	12550	12551	12552	12553	12554	12555
49548	49549	49550	49551
759	11445	35552	35553
578	18639
5694	5695	5696	5697	5698
18561	22749	27656
6905	6906	6907
3513	33716
41245	41246	41247
314	1325	24935
15427	20326	57903	74921
20406	29420	34870	56530
56592	56593	56594	68952	68953
59200	59201
2218	17349
5833	7100
2378	39242	53397	53398
32780	32781	73589
43418	43419	43420	43421	43422
36216	36217
8541	28156
70660	70661	73939
6952	18621	22378	22379	22380
10921	62027
32819	32820
4680	8870	8871
25467	25468	25469
5763	44584	44585
35780	35781
3354	3355
3730	3742	26392	44020	44021	44022
4548	59549
12153	12154	12155
16396	19669	23430	32679
1765	5176	16262
1985	14419	17318	17319
22161	22162	22163	22164
5021	12523	12524	21663
10803	17547
67332	67333	67334
39853	39854
17926	51832	71689	71690	71691	71692	71693	71694	71695
28572	73769	73770	73771
4236	8883	8884
15233	15234	32526	51471	51472	51473
18860	23854
3831	14446	29930	44194
2062	2063	2064	2065	2066
1065	19307	23468	31322	34849	35479
3655	8333
14972	15469	15470
23504	23506	32865	32866	32867
2698	2717	12892	35778
500	1084	1085	1417	9947	11456	14232	17271	62210	62211	62212	62213
8894	15316	28399	34920
14932	16161
13429	16690	17172
6891	11980	23441	59915
16923	56262
6496	50929
1125	38778	38779	38780
1060	9648	13452
3246	3247	44682
2065	2066	30878	53261
4309	17281	20946
38334	38335
3005	9338	9339
11873	44689
15251	26530	51521
6158	6159	6160
15651	16205	16206	16207
1177	60317	71052	71069
4637	21725
2066	28527	28670
9736	38345	38346	39743	39744
7952	39143
50406	50407
59865	75677	75678
2790	4242	19632	24655	24656	45705	45706	45707
23939	23940	23941
2366	4385	11840	15501	15504	16068	17045	17046	17047
2358	62219
6103	31089	31090	31091
5324	5325	5329	21507
4866	19042	19043	19044	19050	21196	23103	33960	33961
18282	43562	44908	44909
11905	23340	66324	66325	66326
2277	11010	42098
9300	9301	70298
2406	17710
2646	67105	67106
92	1191	5225	6703	13132
41433	54837	54838
1196	19796	59950	59951	59952	59953	59954
9732	14449	20572	27458
464	2390	2393
14623	27551	39866
2983	11736
11213	29420	34269
15398	15399	69973
17383	17384
8113	16606	61318	61319
12178	12647	12648
8731	8732	8733	8734
1469	1470	1471
2393	4587	7560
5614	19111	42252
1485	38406	38512
35643	78310
6496	27883	35288
575	15869	31052
35643	35836
4373	10295
7698	40763	47740	51144
3708	9598	65641
2850	32921	32922	32923	36911
419	3070
2209	22761
8421	17363
67745	67746	67747
15912	36831
3068	3069
60	27572
968	5755	11954
44	10887	11168	11191
4476	4477
6042	30982	30983
3091	8891	14203
6743	42396	75857	75858
2368	24052
1759	1760	1761
23013	52698	52699	52700
4798	7787	9489
3808	5744	7608	7609	7610
12970	12973	56446
655	30871
27127	41161	65672
13556	13557	13558
5948	17376	20323	52954	77094	77153	77154
2390	2393	36497	36498	36499
2839	22753	22754	24582
2380	29879	69646	69647	69648
31855	31856	31857	31858
4210	26166	48665
3297	17383	28991	30028
49841	49842
1647	23173	59769	66224
943	4997	33706
6154	79597
3593	19986	19987	20671	20672	20673
28527	75686
5981	17011	17012	38865
42274	42275	42276	42277
34971	34972	34973	34974
15808	23613	52479
16979	16980	23105
11010	25287	29905
7743	9668	9669	9670
36040	44128
25844	28347
35625	42906
5116	16502	17138
35110	46817
27092	36042	36043	36044	36045
30126	32357	32358
175	10536	15319	15321	18813
15321	59800	59801	73868	73869
6490	13871	32367	56382	56383
77767	77768	77769
20208	20209
2793	2794
13257	37782
72618	72619	72620
17924	17925	20412
9917	9918	9919
58260	58261	58262	58263
7290	14364	45532
181	1077	5427
2098	3121	16877	64429
8713	50866
519	520	58787
4793	15918	20482	22668
35643	63898	63899	63900	63901
22246	39742
940	961	27493
12178	19511	50335
5386	5726	10597
21058	61244	66276	66277	66278
11293	38641
4389	43820	56872	56873	56874
3231	25999	26000	26001	26002	26003	26004	26005	26006	26007	26008
1326	11399	71420	71421	71422
34425	34426
18793	50562
1608	20279	21062	23794	44450
59881	59882
14171	23013	58058	58059
4019	80436
6663	13550	13551
1372	3487	5291	20932	28261
32351	32352	32353	32354	32355	32356
52915	52916	52917
24080	33314	68449	68450	68451
556	3111	3112
5856	23544
15281	28269	45985
6170	6171	6172	38746
31531	31532	31533
19543	19544	19545	19546	36300	36301
1305	1372	1373	1374	1375
1235	34973	41797
3752	3753	3754	3755	3756
35448	57123	61106	61107	61108	61109
3131	3133	35177
499	6274	76488	76637	76638	76639
2850	13190	13191	13192
17132	56362
40225	40226
1441	54453
1081	63021	63022	63023
1530	10113	11901
5836	5837	5838	5839
145	5440	6046	26383
10026	10027	10028	10029	10030
11925	11926	11927
501	55335
1734	55733	75178	75179	75180	75181	75182	75183	75184
21950	32361	40341	41803	45304	45305
37685	37686	37687	37688	37689	37690
2498	59613
55265	55266	55267	55268	55269
1933	48424	48425
574	27464
158	3790	15189	16649	55449	55529
43046	43117
11233	14677	43405
32963	32964
2493	2494	68475
11613	14074	46973
1259	1260	1261
6471	27642
2048	2050
1565	2441	14985
1305	3654	10545	10547	13153
26253	42605	42606
16950	18200	48913
6399	46347	57758	57759	57760	57761	57762
1292	13429	15166	39855
6142	14117	17392
38971	47803	47804
2179	2709	49496	50074
5475	5476
5592	12697	46762	46763
47453	50525
18535	40141
7870	47518	47519
12594	12596	13058	33642	80190	80191	80192	80193
177	68438
10938	78327	78328
11562	11563
43971	68628
46242	73487	73488
7848	7849	7850	7851	7852	7853	7854
14733	29076	48514
71409	71410
45113	45114	49770	49771	49772
7264	49167
1441	28393
25163	25165	25166	63875
364	19040	26352	26353
36864	36865
2028	3416	65047	67282
1003	8718	11213
72	75	76
40238	40239
14222	17075	17077	17187
41768	48495
9376	27704	27705
3044	9441	14546	14547	16884	56565
586	1124	16262	35857
11928	11930	70774
1596	4846	7898	10400
909	910	42583
57143	57144
3858	11601	15154	59845	69139
8283	37822	56399	59550	60955	70806
1008	1131	2802	6287	23997	27761	27918	27919	27920	27921	27922	27923	27924	27925
241	1453	2497	3589	19535
64576	72707	72708	72921
2228	4659	14069	18390	31350
16954	19099	19107	40524
8115	50943
12116	74577	75161
26875	26876
29608	64244	64245
3788	4646	4648	54463	54464
1039	16139	17415
4116	66744	66745
1513	12773
23241	74264
6496	14749	24597	24609
4373	17173	17174
1065	1939	3698
15498	30901
46710	46711
18920	32995
13890	15678	74654	74655	74656
17484	57170
2402	2403	24420	24421
46070	46071	65255	72037
11759	74128	74129	74130	74131
6298	7160	60559
706	2234
7170	8757	18690	28873	31732	53569
1535	3373	3374
18510	21332
256	931	3041	4952
179	7098	15166	17259	28491
3675	15763	45605	45606
6496	41795
2028	4171	10204
41883	41884
15166	16771	16772	16773
183	3091	5424	14764
913	1162	15268	18710	19347
48	2205	2209	15148	22761	23291
20109	43109
18860	19356
54738	71284
23579	60284	61841	75896	75897
8953	8955	9408	9409
13898	23571	23572
28895	28896
41954	48678	51945
80102	80103	80104	80105
28753	28754
17468	25333	55074	55075
13919	24077	44079	44080
16647	16648
1177	6812	7527
51673	51674
656	855	6753
2368	17397	35965	43889	55086
3529	24186	24187	24188	53671
1292	8193	15342	17462
11074	33510
5431	36609
41513	41514	41516
2201	34419	39939
464	3844	6931	20524	22081	24523
7837	15715	15716
62302	62303	62304
214	10958	49244	49245	49246
12412	12413	60268
39039	39040	39041	39043	62743
16523	25247
1232	7384	48237
25835	42412	42413
7113	15617	15618	72199	72200
704	9945	21587
658	1673	27652
12216	40455	40456	40457
2209	18606	21812	24466
2268	13318	20549	27519	53716
5592	6836	6837	12302	12303
18373	18374
11682	14217
16950	16951	60654	60655
30047	58065	58515	68331	68332	68333	68334	68335	68336
73185	73186	73187	73188	73189	73190
18498	19653	35134	52174
10037	27377	75979	75980	75981	75982	75983
5170	5171	5172	7047	7048	7049	7050
278	1331	12703	16138	42571
12216	40455	40560
134	3615	25270	25271
4450	56845	56846	65828	73863	73864	73865	73866	73867
5228	5230	6058
26057	26058	26059	26060
1305	10547	20706	26018
1076	13675	13676
9919	16239
42099	42100	42101
10142	29097	50713	50714	50715
14317	69099	70148	70149
1534	1721
20451	20452
13899	46706	60919	60920
7902	13070	64361	64362
314	4741
16034	26998	27000	61590	61591
2435	6743	6744	21728	27016
31597	31598	31599	31600	31601	31602
5404	46265	60333	76106	76107
74055	74056
352	2293	2294	2295
12200	46628
1007	1008
32119	55851	63401	78850	78851
79728	79729
10276	10816	45782	45783
21987	41354	41355
16909	67316	73571
5047	5048	12976
3044	42032
16858	23810	76882
959	27109
5034	14457	14978	14979	14980	14981	14982	14983	14984
1266	1267	1268	1269	1270
20229	20230
59017	59018
2771	21254	25294
16071	17000
2374	5234	5898	6823
15059	15061	74345
13600	14351
2942	3920	37197	40661	62576	62577	62578
175	10536	15321	18813	24941
6777	35616
18330	29813	29814
39724	39725	39726
7469	15129	20373	25309
2179	5662	39664	44047
13578	37001
3252	5596	61496
8512	8513	8514
6192	14619
7012	32227	60117	60119	60778	77513
1985	6557	31436
21341	21343
8704	9270	14077	16879	19064
16446	18074	25935
1054	1326	1440	9030	33607
3580	10845
3369	14760	40318	40319
1653	17657
183	5622	19810
3367	9406
20198	56817	61028	61029
1530	2272	37483
3835	3837	7085	48423
2441	38352	39441	39443	49854	55737
15321	16339	18813	19912
22744	29629	29630	29631	29632
2203	12078	21728	35560	36631	36634
21766	73601	73602
9619	36185	47423
3398	66308	66309	66310
179	23848	23849
18277	77534	77535	77536	77537
38737	38738
287	663
7021	7022	7023	7024
4699	43577
68821	68822	68823	68824
8283	19402	40685
1991	38039	38040
76396	76397	76398
3445	3481	69258
1143	12461
12196	22998	46797
22134	22139	25897	69288	69289
224	799	8394	8396
7943	42292	42293
10515	22127	22128
8	702	40622	40623
14515	72145	75278	75279
3445	38308	38309
11839	13923	15658	63939
2061	44776	44777	44778
2344	2345	2346
790	4550	7221	11675
105	106	30694	30695
224	5633
3365	3368	3369	3370	4515	15064
2806	11625
224	8960	28432	35230	35231	35232
3788	22304	37541	44610
8630	12741	12742
45260	45261	45262
13791	13793
19984	21357
23361	36199	64722	64723	64724	64725	64726	64727
37338	37339
79021	79022
624	627	799
1789	45691
54145	54146	54147
14436	36112	36113
77984	77985	77986	77987
18741	32573	32574	32575	32576
950	952	18410	18411
24236	24237
7367	15434	62981	62982
16388	16389	16390	20330	47339
2095	22247	55973
241	3424	18835	60324	60325
10632	10633
782	8072	8073
7957	18467	32196	38508	38509
45841	45842	45843
1892	12994	13909	15125
14803	54008
17483	25478
5273	17478	45566
960	961	13885
138	78735
26473	26475	33534
1600	6698
1848	18440	22477
1998	71811	71812
1139	57692
9241	20817	55755
35872	53259
2924	77413
39494	41905	53984	53985	53986	53987	53988	53989	53990	53991
43849	44608
25935	49128
5970	5971	5972	5973
7128	7129	7130
579	49778
24397	24398	24399
52476	52519	52520
73038	73039
11001	11002
9145	9146	9147	9148
5056	20120	40074	40075
45803	45804
7258	29351	57193	66784	66934
17166	29489	61797
16211	72394	72395	77417	77418	77419	77420
3212	12594	12596	13058	15578	15579	15580	15581	15582
28876	60142	69191	69192	77232
19669	56340	56341	56342	56343
7950	49266
375	1005	20501	24866	24868	42935
7144	7145
1082	26825	56081
55810	55811	55812	55813	55814
4177	10098	20428	31057	31058	31059
47035	47036	47037
46282	46283	46284
4777	33943
18899	30979	30980
10795	10797	33039
312	313	314
4866	30379	30380
2421	18301	56411	64405
7628	9619	31187	31188
14272	14914
8327	33337	51578	58525
6440	19395	22862
11600	23167	23169	24289
15145	61791	61792	68927	68928
14991	15185	16623	29356	58377	58378	58379
19928	42837	63795	71314
11010	80131	80132
3369	3370	14761	15440	64129
3100	17345	20015
20601	21367	22225
5431	10113
7726	21196	30426	30427
14147	14148
29542	29543	29544
45739	72510	72511	72512
135	1191	4068	8249	8250
16565	20102	78288
34850	34851	34852	34853
826	20406
2622	39184	78852	78853
17190	62573	62574
15475	15540	22891	22892
17187	29790	29791
25264	25265
56046	78607	79031
64823	64824
28938	70313	70314
13551	14523	14524	14525
11873	43817
2759	42801	42802	42803
14222	15422	17076	56075	65858
997	1000	20476	74213	74214
12848	12852	43618
4476	7712	17001	20652	30111
1080	65282
4866	21196	23103
68343	68344	68345	68346	68347
348	2952	11691
11926	19529	31158
1638	24991
13135	23379	35067	35068
4633	8184	19124
30698	30699	30700
15918	26621	26622	26623	26624
65594	65595	65596	65597	65598
14427	14512	19349
7627	7628
16614	16615
15506	16071	17000	19473
1985	22134	22138	60006
13772	13773	15095	48046	57752
15540	56048	56049	56050
23407	24368	27164
15900	32166	45739	53069
190	20038	38431
22079	22080
3091	31084	31085
1993	6733
935	11755	11775	43927
77691	77692	77693
79742	79743	79744	79745
217	4447
5403	32505
9767	9768	9769
11980	60152	64668	73681	78061
59574	59575	59576
1259	17696	38871
11682	15652
2435	3788	11755	12023
8329	33560	60729	60730
4092	15044	20244
11011	11012	11013
1263	9827
16851	17427	53905
348	1600	8897
2698	2717	78496	78497
24473	29003	29004
1917	1918
19411	19413	32722
2214	13898	14415	20808	23572	32070
2790	60800
3474	71651	71652	71653	71654	71655
8782	10253
1817	25388	25389
799	4010	8307
13641	15706	15871	18877	18880
2099	12648	32779
16879	42186	42187	42188
10239	12869	55965
15719	31554	32821
2699	17900	52856
5524	19546	24457	28911	36268
3881	17559
7901	20024	33308	33309
6841	70197	70198	70199
46234	55510
3105	9465
1941	1942	43693
26201	49062	49063
15129	50549
15604	37818	37819
2053	2700	30167
263	32277	47459	47460
9571	47135	47136
44579	44580	44581
3771	12013	16646
19250	38762	38763
13429	15540	27530	41920
1004	2244	16155
1507	10951	16533	20493
2606	27787	27788	27789	27790
94	1264	40737
12360	12361	13037	13038	13039
17565	23243
15258	15259	15260
240	5731	5735	18011
30571	46374	46375
70896	70897
183	3445	7986	13948
14878	14881	17256
4895	34356
60	2934	5991	14777	20066	22979
51688	51689
1716	33851
12	15216	16928
17168	52773
875	16605
8947	35611	50728
78196	78197	78198	78199	78200	78201	78202
48800	48801
9072	12456	35194	53456	57942	78730	78731
6006	10586	17657	22208	32937	32938
1323	2493	2494	2495	2496
10030	20455	48813
14991	15477	16592	16917	17218	70831
1468	35124	36583	36585	39315	39316
12355	12356	12357	12358
1007	1008	2555	2952	10512
260	2232	3580	9843	18364
1264	27377	73550	73551
80204	80205	80206	80207
46101	46102	46103
2753	2923	44015
19684	62768	62769
11179	16923	77646
7994	34244
7594	7598	12105	18557	18558	20581	22167	22168	26516	28904	32178	35350	58072	58073	58074	58075	58076	58077	58078	58079	58080	58081
110	1721	14536	14537
9595	16058
14876	30754	62186
183	18272	21899	31254
11951	11952	18857	18858
8910	8911	8912
3006	11215
16927	55996	55997	71536	71537	71538
20647	22916	24193	24196	24579	38077	51468
1565	21943	63109
2147	4072	6803	23383
11638	12931	12932	39035
23897	48901
1283	1284	57261
13285	54700
20997	22815
12096	30625	30626
22199	22200	22201
1497	8333	53793
40627	43123	43124
50902	50903	50904
7952	11837	13256	13257
3887	13714	13715	14885	28457
11984	39123
92	8273	22887
7986	49922	50970
2497	10546	19397	19398
1596	30666	30667	30668
5464	11650	35169
38062	45191	45192
5148	42715	74007
13076	33747	33748
1722	1723	21362	24277
2840	18097	18098
57805	65322	65608	65609	65610	65611
2901	2902
556	3706	6754	10851	10852	53894	53895
1303	1414	5899	6479	6823	41380
1076	19131	29182
799	4010	4025	4308
1798	13704	52376
18061	18062
62891	77345
67592	67759	67760
1566	2272	12765
2732	47311	67151
24855	24856	24857
1007	7200	20280	23793	23794	23795
22367	22368	42587	48805	48806	48807	48808
657	1673	4432	4998
14144	19766	23194	26948	26949	26950
1179	1600
9849	39141	68918	68919
1090	1091
14805	14806	14807	14808	14810
13091	40403
18220	66732
13227	13228	42012	49182
8825	25597	25598	68905
80165	80166
27679	27680	27681
17552	22554	25894	34536	34537	34538
8055	8057	57959
9916	11458	71072
3546	14663	16884
13659	15181	15182	15183	15184
1765	9584
45975	45976	45977	45978	45979	45980
702	3085
7791	14222	28035	35964
9276	10353	17636	17637	31261	31262
8847	27231	27232
159	30650	43214
10436	40135	40136
12609	29952
6298	11819	41043	41044	41045	41046
211	5731	19853
26978	26979	26980	26981	26982	26983	26984	26985
110	1721	6762	30400	60949	60950
36052	45655
8333	18882	19753	19754	19755	19756
43958	43959	43960
16691	63009	63010
26691	26906	47770
62397	62398	62399	62400
1079	43591	43592
968	11994
4811	10687	12266
789	40186
1316	2497	66578	76709
13445	13446	13447	13448
1621	3637	13444
3302	8779	8787	8788
260	3824
31525	53435
1565	5355	40787
37483	37484
4046	6938	19956	26204
42728	42729	42730
1248	39351
5706	39753	39754
3273	3274	3275	3276	3277	3278	3279
19265	60615
43752	43753
2279	2280
2850	15794	64272	64273
1755	2024	26941
4460	49824	60333
2378	14503	14925
54866	54867
4918	4919	4920	4921
2607	77269	77270
79394	79395
22841	74916	74917	74918	74919	74920
635	2066	28489
17001	53043
3169	52800	52801
1076	3341	23203	23204	23205	23206	23207
1191	4371	68809
6918	17867
4323	12609	12610
15503	15504	16064
22932	30395	30397	30398	65691	65692	65693
15145	15146	15147	15148	56004
40943	45399	46609
2378	3254
3397	3858	9919	15154	23202	56263	69161
1874	50091
34948	34950
1305	3099	5735	19118
30929	48383	63664
10655	13998	13999
2373	24218
181	5622	5872	25129	25130	25132
7045	9125	23028
1302	1303	1789	5596
29226	29227
26767	26768	26769
25961	56348
44732	55569	55570	55571
14991	15061	56562
6501	16410
5225	37472	37473
14991	15021	15022	64929
14751	14752	14753
3206	3207	3208	7083	20863	24537	79934
25601	42062
655	7141
575	4323
266	1822	1823
14711	15654	26878	69237	69238
4845	8020	8021	41918	41919
27377	75587	75588
11401	12741
4045	9538	23726
5141	19556	33914
6399	17968	28156	49333	49607
175	71680	71681	71682
6066	23440	27928	27929	27930	27931	27932
6068	6069	6070
633	12777
2066	22520
17098	19740
1305	10544	10547	24620
4696	62473	62474
58811	58812
26367	40496
18561	62605
48521	57405	65259	67329	67330
4471	7951	12730
1401	7969	18272	19284
14276	23271
14653	48042
8003	19497	29898	29899	79765
1195	1196
7163	22938	22939
7290	13635	41000
20772	21977	39327
1162	2271
17565	33350
5253	37923	45157	45158
90	1414	2053
57849	57850	57851	57852	57853
11293	17051	43273	43274
14057	43026	46417
35932	41108	48051
11395	73002
1084	40712	42150
575	6252	47602
81	29321	29322
25313	25314
23772	23774	39803
7804	7805
16367	39871	39872	39873
3370	64080	67312	74208
9736	18992
1310	38441
5940	38894	38895	38896
3	4	5
18796	18797
4070	4071	4072	4073
35337	43930
1051	9924
7445	16519	16520	53362
7764	7765	7766
3448	3449	3450	3451
24614	64516
10346	10347
32007	32008
5419	10159
2607	62173	76928	76929	76930	76931
14456	19545	19546	24455	24456	24457
11381	11382	11383
5361	11796	17049	19637	26560	56410
943	27208
3159	34659
1196	12628	15068	32368
26118	26119
57034	59346	66712
30823	30824
3546	11287	14663	16884
1008	10498	24037	24038
29275	30935
45	3855	13872	13873
43333	67216	68118
14922	14950	14952	22126	50172
258	3580
5620	9474	23681	23682
3218	14776	14777	68842	68843
275	5608	13405
6745	55711
7331	33775	62488
22811	22812
2850	21935	62559	63815	64358	64360
52339	52340
15022	18406	55548	61495	63757
36474	36475	36476	36477	36478
45	961	11191
4310	4312	4313	6367
16035	16036
1497	3451	63590	63591	63592
12074	35643
80343	80344
15012	15335	16943	40902
1323	2494	9228	9229
23545	23546
76590	76591	76592
7791	14222	28035	63045
2021	22065	27362	48200
38115	38118
4330	11929	14328	75903
11217	24062
6151	17137	17641	17643	19441	19442
22321	22322
6210	18447	74227
93	9030	13850	13851	13852	14567
2102	2103
5094	5734	19284	20622	28779	28780
20924	45709	54405
38279	38280
16464	16466	16472	16479	16483	57274	57275	57276	57277	57278	57279
179	50157	50158
14943	18334
8120	27716	52567
40892	40893	40894	40895
60422	60423	60424	60425	60426
1565	9944	9945	21587
201	966	11365	13732	46603
5001	5002
15603	15604
12325	19064	23737
3449	23748
2272	2441
49758	51900	58124
311	2439	40471
223	4709
6496	18806	19776
12034	65786	65787	65788	65789
61337	63028	63029
2622	2623
49144	52729
20480	46216	51082
79206	79207
41280	41281
2538	57722	57723	57724	57725	57726	57727
6633	14033	14034	55478	55479	55480	55481
4271	5404	60500	60501
14436	61691	61692	61693	61694	61695	61696
10040	19520	26960	26961	26962	26963
17240	39837
11445	16230	59439
6753	7331	55458
4699	6098	35848
35677	35678
2669	11073
9732	9733	23839	23840
2441	11614
1751	2310	18795	28446
575	6252	45966
72492	72493	72494	72495
4210	9945	15469
1144	14161	16879	19195	55327
5462	10019	10020
10480	10545	42381	42382	51080	51081
1191	3615	4068	8250
21070	21071	21072	21073
50632	50633	50634
2164	2709	3367	13882	39350	58915
56083	65663
3367	14194	70503	72310	76037	76038
2378	18959	29461	29462
7775	15990	15991
16859	65163
16421	60382	60383	60384
12213	15516
76	10554
4866	45105	45106
7085	54259	54260
7950	9005	10800	16203
21355	30875
4605	6886	6887
9947	18841	18842
8	702
1437	4323	16565	24557	35035	44211	47918
15764	62841	73734	73735
29381	49682	49683
7638	41548	41549	41550
61354	61355
17655	19659	30192	38409	57453
11555	80046
16245	21325
68813	68814
655	13069	37655	37656
2246	8341
2505	12178	50123
11682	34256
4098	24954	24956	34131	34132
697	72323	72324
1791	20651	59129	77455	77484	77485
655	37398
3553	3554
1665	11947	56180
8694	39093
38432	52893
6496	17899	44139
664	18546	80629
19213	27104
13108	43500	43501
857	8857	58484
2716	2717	2718	2719
260	3281	3580	14239
14222	17075	17076	17077
8781	18514
2398	7921	10536	22252	42597
1934	1935	1936	1937
4323	8125	17899	20210	24557	41794	56631	56632	56633
375	1281	6803	18068	25652
12905	20936	27399
2272	7290
12	21900	31718
3300	3848	4770	20141
14905	14908	61506	61507	61508
11839	12493	12494	12495	12496	12497	12498
1338	17988	47533	64766
10692	35984	36644
2259	16301	35817	36123	36221
31084	31085	31086
752	59700	59701
62008	62009
36917	36918	36919
5338	13456	68469
18	7714
13075	58678	58679
765	766	767	768	769	770
1138	4644	14318	52921
7350	16425	46840	49672	49673
183	1868	26641
17884	72336	72337	72338	72339
13657	35124	35487	36585
14952	16618	16619	16620	16621
31396	31397
20734	69089	69090
7657	7658	7659	7660
13025	13026
17028	50841	50842
4225	9475	63323
107	10256	22248
79795	79796
1346	1349	15964	42623	42624	42625	42626
1002	73019
1315	9211	38433
37288	37289	37290	37291
90	855	9901
13227	13228	22187	32132
799	1240	4010	23210	45280
1716	4888	5016	46249	46250
944	4077	4078
18310	18311
52109	52110
1082	36238	37405
16053	16056	17541	27762
531	24644	31924	35957	36725	36726
16742	28413
14023	50121	74319
7200	39326
940	18501
5148	6501	38005	38212
961	55819
579	1513	1796	2700
37148	51326	57451	57452
2439	40471	45830	45831	45832	45833	45834	45835	45836
20118	24043	62734	69365	76906
24528	24529	25822	71274
11444	14307	24774
22509	22510	31414
3061	3062	7385	16427	26444
18	1092
515	31728	33450
18272	24256
11682	32483	36210
15741	34056	34057
2184	8635
12295	15614	26706	31293
37936	61070	61071
14687	14688	14689	14690
8855	8856	8857	8858
736	16841	30290
10179	28673	28674	28675	28676
15727	15728
138	5941
49884	49885	64304	64305	64306
1076	5948	6931	23205
8144	51098
14297	51259
32013	32015	32016	54054
2354	49220	49221
1627	5843	5844
1487	21654	22809	30479
55484	55485
12827	12828	12829
134	10846	12870	35960	39350	48915
466	7812
278	2265	3417	49321	64435
7099	17111	26710	53186	53187
3901	64153
2448	28614
45095	45096	45097
15477	16800	33346	70021	70022
23721	26267	26268	26269
3131	3133	12235
1752	19959
3593	19004
1193	37476	46030
105	11619
1838	15145	58497	58498	58499
24795	69517	76980	76981
40004	40005	40006	40007
3893	20321
2393	31493	31494
1085	44431
3366	3788	58045	58046	61706
9189	64370
5766	13383	52372
40768	49957
21817	43777	63606
2709	9900
19956	56704	56705
4696	11876	11877	11878	11879
1994	21075	21588	31748	53145
5792	7787	8641	18000
8630	52137
30768	78418	78419
1050	4991	4992
4214	7763
14856	15173	61509	73086	78871	78872
24103	34357	41082
1135	2492	47185	47186
7113	15156	18867
2882	38409
4546	19337	20573
4114	7647	7648
2272	7290	7952	35472
19402	35650
3487	5290	5291	5292
29545	55966
1177	2497	5735	10544	10545	10546	13151
4587	8704	9188
16533	16535	24848	24849
15027	56504	57044	57045
31412	31413
2165	12721
31513	56070	56071	64497
1	53236	53237
4773	7624	9666
3747	3749	5593	33339
13844	24736	24737	24738
44871	44872
266	1007
14351	30526
111	12651	13836	14429	34067	44254	47267	47268	47269	47270	47271	47272	47273	47274	47275	47276	47277	47278	47279	47280
5204	8875
13187	75853	75854
4505	4507	16914
1441	54116	54117
17931	17932	17933	17934	17935	17936	17937
8622	8623	32496
36738	52157	52158	52159
8536	9238	45852
11463	14144	19796	21167	60052	60053
1290	15201	66244	66247	72053	72054	72055
1005	12905	19994	20117	20118	62921
3609	29742	29743	45555	51040	51041
7699	7700
44581	77139	77140	77141
10287	26219
1097	12170
6739	7828	8546	10323	10324
16228	37836	37837	37838
6066	6067	56164
25072	35160	58012	68675	68676	68677	68678	68679	68680
52754	52755
3533	17363	52898	52899	52900
2670	2671	2672	2673
3098	3099	5614
37244	52618
1755	9025	19250	26652	26653
3570	3571	3572
16182	47849
16773	36283	54032
14888	15839	68260	68558	74636	74745
5387	5388
94	1191	3615	4459	8386
9951	56710	56711
8282	8283
105	106	19040	34237	34238
108	706	44975
712	959
111	1132
933	52853
35653	44582	44583
27588	71131	71132	71133
5932	6057	18957	38986	38987	38988	38989	38990
20438	26011	26012	58326
735	4917	10276	53768
24934	35019	35020
27056	35385
71946	71947	71948	71949	71950
4515	15064	15065
6746	18953	25000
38199	38200	38201
13013	13193	34693	35297	35298
3310	6228	15055
1916	2824	21135	22937
14359	34135
3921	3922	3923	3924
11682	17187
944	2055	24642
377	17388	17389
23903	57186	64480	68272	68273	68274
2771	51787
11796	16371	21389	21391	21392
1082	29345	45165
4014	34046	61271	61272
4389	17927	57918	57919	63764
1389	10058	34751	41609
179	7801	13069	53711
23727	34843
17060	17061
1707	10063	18229
4210	13494	35177	68089	68090
39614	53744
4668	4669
13099	18358	20702
14793	63787	66089	66091	70866	72444	72445	72446
14711	14991	25374
1280	56513	65193
30871	50650
1916	2824	3546	16884	27714
27903	30869	30870	30871
1196	4557	33898	34533
1338	12175	12319
2101	35306	35307	35308	35309
2267	2964	25334	64864
36903	36904
9030	14286	16638
1418	16245
14790	14791	14792	14793	14794
13258	63779
1281	1461	13221	27573	27574
2942	19507	45506
46102	56607	56608	56609
205	2819	3515	7567	12931	15231	47373
5338	14956	23202	46430	61369	68469
93	56290	56291
7077	16226	16310	16311
30548	74376	74377	74378	74379
3858	11600	16517
1985	22134	22138	60006	66480
12146	12147	12148
5176	7030
3272	13753	13754
516	14486	51987	51988
8630	16862	69553
49805	49806	49807
25379	74145
1093	1094	1095
916	2629	10618	11438
6348	6349
7045	20623	30391	70644	73710
11367	44792
9302	51753	56992	56993	56994	56995	56996	56997
74638	74639	74640	74641	74642	74643	74644
9058	22818	41491	41492
65419	65420	74185	74186
6891	10058
60826	60827	60828
2028	3416	3417	12075	13514
13907	13908
1985	3820	6557	10929	22269
3114	4068	6152	37580
3441	22441	22442
2120	38455	60360
3513	24992
3481	31436
543	913	914
3836	23885	29051	29052
5207	11276	20417
6400	10888	53098
2744	31365	62141	62142
1326	8880	11572	15191	55328
3416	3417
16438	64241
1077	1401	3645	18272
6969	6970
3293	7837	14744	25719
7011	18260
25094	25095	40293
2376	58927
588	5360	32392
736	1789	2018	3425	12561	12562
15116	49605
51328	51329	51330
2209	14776	14793	32565
10261	10262	10263	20831
2543	14576
31305	31306
13793	20312	52506	52507
14009	45928	54835	54836
3376	3764	10689
2251	25338	25964	25965	25966
19	3698
72789	72790	72791	72792
3741	23944	50025
1191	4371	22610	30060	44224	44225
4915	21044
10527	10529	10530	10531	15750
8660	18979	55594	55595	57009	61114
5572	9303
51265	51266	51267
811	812	25961	31580	33578	36837	36838
7114	26749	27171
8711	55347	76648
1428	26176	26177
7572	13083
36991	36993	37709	41807	52798
23327	23328
1299	1565	20240
965	7276	16974
44670	63808	63809	63810	63811	63812
37909	42345	42346
1124	34257
9660	23333
51191	51192
6303	62739	62740	62741	62742
15841	17927	44446	62047
349	1384	42193
698	3834	9186	33519	33660
13764	13765	13766	13767
74239	74240
21619	21621	21622	49900
4226	7279	10296	10297	10298	10299
8630	11401	31122	57181
1719	11258
602	12092
1240	4012	49141	52581
3233	34204	41329	41330
11582	15972	15974	28866
25897	77239	77240	77241	77242
2331	16033	16034	29059	29060	68671	68672
633	9786	12821
4004	11705	11839	15887
47586	63162	63163
9571	10286
16355	16357	20144	20145
9804	73077	75733
72641	72642	72643	72644	72645
55190	55191
11739	21187	29526	29527
1276	21713	49684
1280	25780	64750	64751	64752
16024	40654
17123	17124	41449	41450
7030	39765	39766	39767	39768	50015
35796	35797	35798	35799
10978	10979	10980	10981
579	26174
6496	15787	21427
9072	12078	43839	48478
1014	3102
9415	16024	16768	16769	16770
1738	34246	35461	36445	36446
63879	63881	71047	72047
2206	2209	6268	12474	16788	16789
579	51690	59835
9624	27240	47257
41698	41699
16935	46613	46614
8083	63170
1605	1606	1607	1608
5731	12707	13269
14794	24307	35518	35519	35520
6320	8789	32461	32462
12	1039	56795	69419
14565	14568	16402	17538	28883	61080	70150
3398	9545	15813
5554	32250	32369	32371	38135	40399
80594	80595
2441	12455	37157	37158	37159	37160
2028	3416	67282
58808	58809	62214
2378	15454	15678	51775	64331	69684
6842	6843	6844	6845
55591	55592
2366	11840	11841	17045
14984	17607	17608	17609	27940	27941	27942	27943	27944
3553	48282
6812	29047	29048
238	239	240	241
3631	35671	40000	40001
4866	19380	22137	22581	22966	35880
2209	22246	22362	29998
9455	18374
2390	2393	7560	30150	30151
3043	9441	11286	14637	74439
790	11270	52139
678	7891	13827	45328
135	9413	26716	61371
1292	13429	19562	40949
230	11450	11451	15098	15532	59178	59179
1890	39420
624	1734	5735	18792	33959
13000	66042	72586
3272	19340	19341
1346	1349	15964	17969
2679	31092	31093
72918	73843
16332	16333
4265	4796	10807
3586	5572
38812	38813
7671	51916
7784	30021
14844	14845	14846	14847	14848	14849	14850
35247	56062	56063
18443	56069	66281	75243
8641	17947	26956
5593	5594
3218	24097	46058
230	5172	30479	47453
13070	49614
5792	6375	7662	31937
14557	15830	23291	35621	35622
14297	22841	45327
1197	1198	34271
60	2575	14777
53305	53306
31548	31549	31550
763	10341	12325	19372	31125	31126
2873	29656	29657
1177	1373	30299	30300
3840	5461	5462	5463	5464	11042	17606	54224
3278	45273
68550	68551	68552
6836	6837	79613
20772	21977	31330
8273	22887	30696
20837	24560	28526
3602	65642	65643	65644	65645
14272	34951
1039	2503	14777	23651
2373	36085
12164	13963	44877
3399	36974	51628
58470	66800	79113
5424	9241	15988	38453
5146	7098	15796	41718	42333
27485	27486	27487	27488
260	467	6994	18364	23792
3136	20602
12178	31795	38186	44494
76612	76613
2573	33878
466	13023	34398
43991	43992	43993
21254	24359	24360
2353	2354
34291	34292
35070	73834	73835
1487	17829	18046	18047	46316	46317
28632	28633
4948	55165
3449	23722	34293
3073	20569	20570	20571	20572
496	977	29013
13102	76183	78275
2162	15503	15504
14857	14858	14859	14860
39313	39314
2607	3167	4946	4947	4948
1264	9071	9072
2625	19005
3631	3632	4942	4943
8710	69336	73959	73960	73961	73962
18072	18073
8879	73592	73593	73594
50165	50166	50167	50168
2484	18971	28766
43558	73479
12235	12990
15604	37818	75224
515	516
790	1058	1059	1060
3546	14663
10740	10741	10742
43426	50804	50805
4014	6476	6477
1063	1065
2261	2262	41191
9030	11839	14286	26384
31642	50012	50013	52425
22248	24759	25983	66360	66361	66362	66363	66364	66365	66366	66367	66368	66369	66370	66371	66372	66373	66374	66375	66376
12474	16367	16403	31212
1232	7384	47614	47615	47616
15789	16951	21505	21506
1507	10240	44733	44734	44735
227	228	230
1728	1729	1730	1731	1732
6320	39436
62107	62553	62554	62555
180	181	5622	5872	35479
30043	30046	30047
223	3519	47791
6178	6179	6180	6181	6182
19796	21167	22966	69468	69469	69470
4687	50197
9872	25935	36568
2061	20389	20392	20468	20469
8193	39324
11873	42763	47864
19956	73793
15022	55548	61803	63757	69219
12343	13631	45719
224	260	40061
1124	5608
2506	2507
13428	14660	15333	15831	17286	64835	72173	72174	72175	72176
2648	2649
1326	15191	30492
13710	14972	16851	35086
2421	15808	34461	54994
14519	23497	23501	41215	41216
1453	22474	63587
1854	72571	73121	78829
2628	6757	7884
2609	15875	16087	16088	16089	50924
1402	20670
4752	4753
5653	5655	18726
61656	61657	61658
35659	35660	35661	35662	35663
63402	63403
279	280	39507	42148
679	1789	1895	35326
1153	15344	15345	28467
4038	4039	62585
16952	16953
2052	3844	5532
1595	7967
13	14
820	821
5167	39588	51759
13775	15532	35160	53593
75492	75493	75494	75495
3091	30281
21862	21863	44649	44650
2277	19712	39126	47301
12854	55576
10432	13241	35886	35887	52139	71720
21268	38216	41359
3631	33068	33069	33070
53014	53015	53016
994	4068	46163	46164
499	11367	22764
6437	9095
1694	41533	41534
33912	33913
9732	9733	14449	55430
24579	24580
69711	69712	69713
2247	6288
20434	20438	58149	58318	58319
4988	46881
230	3858	6532	10903
7952	13258	37269	46605
1160	25330	25331
15978	16931	16932	16933
2969	18751	32126	52018
2534	54938
5734	6956	22389	22390	50761
15464	20120	23942	23943
11979	15477	15841	16317	59427	59428
2899	6591	6592
3233	5572
56184	56185
23753	23754
47831	47832
15010	15011	15012	18890
3675	58572
2850	9401	56750	60564
5407	5408
6435	6557	9953	12998	18277	20036	59644
7037	18834	20319	20320
13871	45683	45684	69173
44202	52672	58635	58636
240	241	2018	2497	9634
3147	35643	41177	70275
39981	39982	39983	39984	39985	39986	39987
652	8726	8727
181	5622	5872	25129	25130	25131	25132	38919
20374	20375	20376
51693	55752
6496	16677	62613
2393	7006	53959
3980	23112	69496	69497	69498
17389	23539	24244	24245	24246	28228	28474	40445	41024	53883	55774	55775	55776	55777	55778	55779	55780	55781	55782	55783	55784	55785	55786	55787	55788
16455	57843
2232	28308	28309	28310	28311	28312	28313	28314
14686	47604	52793	52794
706	4997
278	2666	49595	78568	78569
9339	9943	26783	26784
913	2986
13784	13785	13786	13787	13788
1689	23302	27657
5934	26383	35245
7902	15335	71655	74369	74370
61153	61154
73695	73696
15529	22005	45533
4545	25565	25566
4312	6367	22852	43606	43607	43608
13600	31348
1376	7115
256	1276	1598	3041	5826	7685	9122	17084	17085	25430	25431	25432
10460	75862	75863	75864
1110	3453	28607
59004	59005	59006
11311	60028	71076	71077	71078
9945	14484	21587
7019	11595
4208	26869
13000	66039	66040	66041	66042
3844	44373
48334	48335
2732	13887	15342	19856
36026	36028	49956
32002	32003
10081	10082
12235	58069	60501
6837	8474	8475	10793	12697
2435	6743	9928	11755	63998	63999
47	16009	16010
13703	15477	17620
1203	16432	16653
1290	1292	8193	34956
2097	5329	51344	51345	51346	51347	51348	51349	51350	51351
1863	5791	5792
12219	20492
16033	27214
14385	28699
5641	5642	5643	5644
185	1291
5338	14956	20959	46430
19642	19643	29059	61240	61241
13013	15120	17520	18425
10534	10536	40341	44946
8832	54953	54954	54955	54956
494	1694	3604
10480	10545	10547	58871	70285
488	491	19838	19839	19840	19841	19842	19843	19844	19845
4140	4789	4790	9731
42545	42546
2890	29669
14115	16204
1437	15083	21467	24557
348	28305
14486	14832	14833	56578	56579
15009	29982
3980	5009	32460
2850	15794	31421	75491
9025	23985
181	182	183
11167	16390	44188	44189
11010	27644	27645
7449	15433
7445	16196	16520	37820	60965	64568
12722	15101	64832
54605	54606
57528	57529	57530	57531	57532
75915	75916	75917
3743	23181	35420
14222	15561	56260	74008	74009
14876	14959
35160	39268	41647	48046	57657	58012	63860	65076
32900	53068	69869	73485	73486
7031	20734	30588
68838	68839
36873	36874	36875
17187	40018
1109	1110	1116	5499	45424
1892	40607	40608	40609
4116	9131	22117
11992	15260
4246	23829
2373	7085
11473	11474
11039	16386	27472	27473	27474
3366	4210	34654	72177
28169	28173	46000	62725	62726	62727	62728
3016	3017	3018	3019
14872	21970	31941	50835	50836
14312	16548	16549	16550	16551
1916	2824	18122	21135
1110	28978	30756	56915	56916	56917
2272	8419	35472
2267	4754	18920
20264	49473
41573	49853
1868	19960	19961
1145	1146	26048
40531	40532
72667	79244	79245	79246
43337	43338	47756	47757
7011	25510
14276	25935
4460	27268	40445	65631
2028	5574	5575	5576
9723	66404	66405	66406
6496	19187
5622	6544	18118	54544	54545
3102	19920
3832	22690
2565	41904	41905
21	2276	41841
35470	35472
3826	6828
28045	28046	28047	32169	32172	52414
9586	13723	21623
428	429	430
2421	17394	74900	75333	75334	75335	75336
12820	17887	17888	17889
14496	16565	23046	27411	35825	39188	39190	40963	40964	61753	61754	61755	61756
1985	6557
4383	4384	4385
27463	41792
2939	6436	21431	21432	21433
17772	20988
55375	55376
2421	3982	17394	17634	19699
6937	35560	37535
566	3095	44709
3431	27059
113	18793	24831
15651	16207	56833	59512	59786	59787	59788
40677	40678
968	14049
7794	7797	9754	9939	9940	9941
4475	4878	4879	4880	4881
3675	15501
11994	11996	37327
2179	3508	3509	3510
29436	43275
33414	33415	33416
2053	2228	11616	52701
54913	54914	54915	54916	54917
1192	13708	28269
2710	17221	42284
15438	66266	67034	67037	69706
5574	36222	38533
12677	12678	48105
3820	9075	64728
7012	62904
6440	19395	35186	43569
1346	1349	49333
20120	22208	45303
23050	33759
111	47276	52861
17643	40294	47608	77904	77905
11828	36264	36265
8874	25634	25635	61105
32071	34571
961	30764
31014	31015	31016
1315	2378	3369	3872	9919	55248
6074	31002
11944	16056	16986	17543
7331	10253	17941	28475
522	523
4765	6058	17871
49048	61436	62389	62390	62391	62392
31087	31088
3255	42864	60060
16176	34472
625	6823	58478
6320	6463
13138	13774	15532	55457	63800
282	702	2455	4382	35294
13465	13466
19659	20669
4754	45265
9881	9882
259	3571	15912	50250
29117	29118	29119	29120
1130	29292	29293
49043	49044	49045	49046
4049	23202	36975
3233	19181	19182	19183	19184	23936	51104
25016	25017
9380	9381
14512	56407	56408
15602	41080	41081
3893	26709
659	9901
1565	10808	19884
5686	33176
3980	27566	27567
69087	69088
5092	75609
46936	50899	50900
15042	15043	15044
10859	68651	68652	68653
1469	15630	65267	65268
2179	34069	46905
51458	51459	51460	51461	51462	51463
5524	7511	36268	38838
2265	2267	4389	48630
8929	19697	19698
30126	32036	59829
11600	23167	24680	24681	24682	24683	24684	24685	24686	24687
20268	30540	32486
60	4323
26925	26926
6298	7160	36294	60559
12931	12932	42892	42893
8238	14183	43278
15051	15054	32052
2272	15808	30669	52479
6066	6067	68646	78631
4307	10474	24291	24292
18713	35323
10432	46660
1874	2887	23168	39302
76668	76669	76670	76671
852	3544	19523
40223	47613
1051	8405
18586	20197	20198	20199
4340	4341	4342
1991	33388
10807	47156
9977	9978
1403	1413	5201	12098
4821	19243	19244	19245
2622	2623	9200	21642
4733	10275	34621	50217	50218
17242	17243	17244	17245
88	3573	5372
23416	33389	33390
33323	33324
1941	1942	22704	46501
20064	20065	20066
3247	50483	50484	50485	50486	50487
6485	8536
3687	25760	25761	25762	25763	25764
1331	11367	54098	54099
17001	43661	64044
63920	65520
4683	38658	41632	41633
4659	6353
3882	5445	24798	41114	41115	41116
23935	23936	23937
1798	35121
3239	3240
4210	34654	76249
40765	61853
79527	79528
13657	18670	19366	25037
35317	35318
3374	19053	22779	29955	46861	46862
72685	72875	72876	72877	72878
12489	12490
58282	58283	58284
6993	9943	19124
11874	16224
35677	53533	53534
2699	28686
24097	46058	50370	50371
241	1866	17953	42785	71125	74489
7052	43245
7921	12213	79676
64669	64670	64671	64672	64753	64754	64755
16284	46297	46298
6237	43341	45314	45315
23293	23294	23295	23296
2398	10536	22252
1610	52305
5965	5966	5967
7098	15001	47226	47227
4599	36920
9590	18984	18985	18986	24222
8356	13428	23318
16601	16602	16603	16604
2052	2460
12809	24049
3887	13715	17333	17334
14496	18262	23291
77	78
65	230	2709
1235	68422	68423	68424
39668	39669	39670
1758	3726
6298	12243	48137	48139
1707	8393	52715
1192	8894	8895	8896
357	358	1994	20864	20865	20866	20867
1846	2539	80529
10278	23374	58751	58752
20781	20782	20783
7434	52562
12200	36016
8601	11670	17271	17531	17532	37479
793	795	797	18759
6558	8419
5691	5948	6931	47955
4486	4487
4492	12841
36421	38471	38472
20566	20567
177	1428	15725	15726	61602
2160	8128
14944	48276
1233	9695	59797	64000
2890	6380
7015	7018
6500	6501
4987	5140	8413	30219	30220
1065	1291	3675	42539
9270	10887	21302	45959	79990
3757	3758
2503	7268	47214
12338	18876
5207	20668	21563
12765	68461	68462
782	2291	5529
21206	21207
10060	71557	71558
5178	20019
21315	28989
6073	12213	12279	15516
14272	41397
48961	48962	48963	48964
7894	11105
240	22657
14760	78294	78295	78296	78297	78298	78456	78457	78458
2378	16108	41647
7933	15808	20501	23613	44765
13792	13793	18966	20312	36403	64264
7011	12842
579	33997
76807	76808
8541	58271
15415	17101	30939	68418	68419
18200	56107
12868	18505	18506
11682	24317
11401	15610	15611
12325	23737	29144
3369	56285
6945	17485
3061	7385	14864	16259	55520
225	3694	17268	57781
6073	12474	15667	25655	56212	59720	64118
246	247	4157	56514
2530	31785	31786	31787
20992	23252	56806	56807
5102	26034	27103
6370	6371
6320	8789	54923
10974	50121
1581	8880	28156
11831	11832	11833	11834	11835	11836
31941	40804
67320	67321	67322
12279	40330	43507	43508
678	12717
15971	55941	68223
46829	46830	46831
11208	11209	11210
1082	38743
348	3537	79992
1479	1485	28482
5601	5602	5603
9695	48161	48162
20434	20438	26013	58255
735	1985	4917
4750	4751
1023	1985	3573
135	8386	10674	15824	53216
10432	14515	15027	15302	15334	16316
65440	65441	65442	65443	65444
452	4107	16171	16172	50598
37255	47969	47970	47971	47972	47973
2437	3358	5635	25188
5857	13774	18805	38211	57607	76783	76784	76785	76786
12497	13822
6057	9641
8462	46363	46364
12473	18022	29826	29827	29828
16025	16026	16027	16028
5464	10429	14729	15857
7053	62842	62843
278	2666	19626	59985
9901	11591	15495	26139
14387	48585	74269	74460
28553	33311	44261
3609	12972	12973	16743
2502	5167	46309
42104	48009
79876	79877
10045	10046	21892
14436	38306	40974
2981	2982
1534	1535	4799
35696	45900	45901
6701	12255	36294
181	4283	10540	40824
64024	64025	64026	64027	64028
16052	16053	16054	16055	16056
224	11990
4049	53250
3527	6745	40203
2236	2237	2238
1716	2983	66197
59490	59491
29029	77694
37897	63770	64068	64069
3043	9441	14637	70904	74889
5633	6866	6867
6087	6088	6089	6090	6091
3368	16271	20551
32146	79049
7077	13013	16226	21664	40633
16513	16514
502	503	504
1848	3253
38392	46314
1486	13082	14157	15307	54280
90	17677	17678
2160	76805	76806
260	2232	3537	3580	9843	9844
14675	19610
3840	5464	10428	55002	55003	55004
2850	3369	9545	20054
1039	19226	19227
42299	42300	42301	42302
7256	17953	34539	58589
2406	7982	22755	22756	22757	22758
6634	6635	6636
155	156	431	432
59224	63608	63609	66426
76950	76951	76952
1060	9648	35696
2276	8273	8274
913	9120
2854	4735	8478
75472	75473	75474	75475	75476
11288	14156	21997	40055	40056
17296	17297
14760	15978	64785
28545	49727
13873	38259	42268	60243
57539	58845	58846
39387	39388	39389
38273	38274	38275	38276	38277	38278
2502	55686
7804	9142	11258
181	5872	18547	25132	27902	34321	34322
942	2771
5608	14803	14804
2169	10261	24688	24689	28431
177	19673	22647	34351	34352
8	6918	7838	36447	65174	65646
15212	58688	58689
5252	5253	10679	22566	49057	49058
3377	22469	24938	24939
3138	70833	70834
1324	14707
2504	13013	49753
4955	10785	18138
3883	17690
12	19956	26137
3180	34134
22769	55854	55855
8333	19756	32414	32415
10474	17483
25072	53308	53309
13648	50593
1546	1548	45047
13641	16777	20983	45859
13394	13395	13396	13397
21687	21688
27321	27322
22603	22604
18090	18091	18092
2095	5126	6576	61048	77097	77098
16564	16565	29590	29591
419	1303	8206
223	3242	7012	12757	21567	53329
11908	63638	70722
7922	14991	31987
2829	2830
19956	62209	68973
2766	39593	57171	57172
14648	51733
9756	36551	36552	36553	36554
7968	21084	25051
3675	24821
79079	79080	79081	79082
820	19556	34136	43033
55346	55347	55348
2503	23651
166	24390	25958	37353	80138
3547	3548	3549	3550
38932	38933	48752	55661	55662	55663
3935	4222
3978	44734	44949
7065	11774
1091	1714	7743
4409	16233	27731	57913
1279	1280	1281	59799
2075	3589	5570	5571	5572
7902	10142	10290	14566	59547	59548
1326	28815	28816
4241	4242
1278	1280	1281	28894	50476
17886	17888	17889	20965	27289
1280	40998	47452	50048
1247	1248
7698	16764	40373
7869	12898	19900
3511	30739	52955
7969	19283	19284
29931	37042
12646	14760	78095
17545	17546
72613	72614	72615	72666	72674
1202	4147	5201	11458	22956
2710	13638	13639
1697	4357
30751	30752	30753
182	19659	31315	34510	57838	57839	57840	57841
3449	3451	17990	20167	27390
2015	50766	50767
17798	17799
19331	19332	19333	19334
1745	7259	27202
44917	44918	68841
9595	10067	10068	10069
14790	14794	15572	31501	55986
3376	20530	20531
3580	24271	30236
1325	1383	14568	15615	16586
9120	9571
9796	9797	9799	17131
45375	45376
6904	11682
6812	9087	33917
2599	2854	29151	38212	45463	63205
29016	29017
41057	65131	65132	65133	65134
22132	24947	24948	24949	24950	24951	24952
75354	75355	75356	75357
9185	9186	12703	22556	25479
1065	33655	45826
4222	6366
914	2253	21481
177	179
16678	39119	49782
18919	18920
41850	41851	41852
5540	31905	31906
448	8789
4014	34046
21711	33630	33631
247	931	1453	18967	19358	19359
240	715	2367	18720	20851
7300	18309
5166	77383
7112	7113	7114	25403
32296	32297	32298	32299
196	1170	18604	62754
110	11964	11965
1065	15166	35241	48128
20304	21400	21401	61212	61213
26623	66791	66792
1486	1487	7698	25371	36832	40034
3604	7997	9985	9986	9987	9988
49	47117	47304
7167	44312
622	10282	10283	10284	10285
16061	68318	68319	68320	68321	68322	68323
59571	59572	59573
15233	15236	80264
4361	55093	57624	57625	57626	57627	57628	57629	57630
2685	2686	2687	6939	18920
7179	13720	13721
11152	11153	11154
6482	21471
51809	51820	52116
4409	11445	16233	16855
18272	21899	30160	30161
1339	73394
3194	3195
45	10887	45959
78920	78921	78922	78923	78924	78925
4655	53750	53751
5338	27012	35366
8536	42547	42548
3788	3790	10008
15987	15988	33627
16271	22080	69987	75234
8249	44725
1402	2771	18390
9086	37726	37727
40273	56859
4068	10092	14770
8040	34309	34310
10954	15930	20878
4458	6490	7012	19828	42952	75164
15145	15146	15148	15149	61791	61792
13656	13657	18668	18669	45666
4938	38253
15358	29773	30415
11607	11608	11609	11610
13116	43191	49007	49008
2406	4599	22698	49713	49714
8329	20573	67354	67355	67356
8064	8065	8066
679	6232	8803	8804	8805
12474	12475	12476
2464	2465	2466	2467
1635	5934	52651	52652
7833	23434	23435
2421	3982	7531	34169	34170
21868	56025	76528
29001	29002
3784	3785	3786	3787
784	8025
1161	3528	15443	50039	50040
11258	15494
36151	36152	36153	36154
3069	26099	67084	67085
9301	19220	36483	37200
10824	10825	10826	10827
7367	14346	66229
18272	19130	21899	66731
90	12433	28320	30746
5596	24061	24062
7031	17758	39335	39336
2244	15673
26042	26043
2850	14593	61589
1745	47794	47795
14794	42857	42858	42859
4805	5227
30308	34365	34366
10704	10705
42980	42981	42982
9907	36010	44462
105	106	65154	65155
17001	50739
9907	11901	54126
2924	3519	27703
59642	59643	59644
7258	31237	31238
13267	20205
60825	75389	75390
7891	13827
158	159	22316
40733	40734	40735	40736
201	966	4460	42556	42582
15001	30168	69856	75128	75129
1987	1988
1486	70873	70874
1789	10543	28727	53369
1610	2986	14788
33521	33522	33523	33524
2744	6174	28561	48134
60115	60116
36792	36793
43759	69473	69474	69475	69476	69477	69478	69479
36057	80064	80065	80066
90	1751
14825	43926
241	3424	25731
19307	33852	33853
116	1076	8083	40380	58700	58701	58702	58703
49807	54992	54993
177	49798	49799
7142	11179	30976	30977
188	288
5176	16446	18669	27000
408	79052
1694	33743
17495	17497	60530
1022	1023	4309
12158	12159	60979	60981	76837	76838
3675	15009	15763	42469
11555	21354	65260
2744	3454	18624	22021
2022	3837	7085	53194
14079	14080	14081
53757	53758	53759	53760	53761	53762
166	13853	33574
17474	21997	65875	65944	65945
2889	16696
76431	76432	76433	76434
910	8797
44862	44863	44864
77203	77204	77205
3048	3049	17419
68247	68248	68249	68250
13951	20054
2698	37665	37666
2682	61192	75871	78371	78372
134	135	3188	36736
6055	13347	18390
579	17670
32700	32701
1116	5367	5368	5369	29054
60283	60284
236	25560	76298	76299
15814	15815
45727	45728
3092	4344	5854	20115	20116
1303	1413	1414	5207
7982	46649
799	2232
2380	6252	6254	6255
16530	47295
3836	23885	42627
12674	12675	12676
12170	42901
19284	20623	33491
7956	31163
8558	9455	54735	54736
1564	1565	37578
1122	1124	1125	38779	51684
3858	14934	37245
2320	12285	13899	34448
5862	19769	19770	19771
16104	16105	33872
47390	47391	47392	47393	47394
5988	14889
256	1993	4569	4570	55228	56836
3044	41367	72061
15342	15475	16764	22834	22835
19315	19316	39883	46604
11808	11809	11810	11811	11812
9648	12571	37941	37942	37943	37944
1595	23601
16537	61546	66020	66021	66022
13319	63671
2448	48242
60	7268	14777	27572
16773	24246	36986	36987	36988
377	378	17389
183	2421	7532	9630	17394	43545
533	11588	14415	21301
22542	63782
36477	36478	43366	43367
1076	3730	11187	22491	41668
1871	52774
25094	34469
5761	7290	48079
3858	34828	36122
1565	1566	35726
6030	6031
3858	11600	15118	16517
1797	6575	20848	27896
5167	9592	51759
52238	52239
29227	44100	44101	44102
23026	23027
15051	15054	19251	63490
12093	12094	12095	12096
47872	47873	47874
696	2179
58268	58269	63709	63710
4208	5018	13979
467	6288	27387	27388	27389
5344	17376	27901	52954	60543	60544	60545
37878	49573
855	7329	9901	19534
2356	36288
26733	26734	26735	80244
19691	19692
19117	19322	20205
16950	33424
1211	2977	2978
52924	52925	52926	52927
15936	17803
1292	11705	13270	13271
655	7268	16851	24270
17074	57164	57165
17752	54595	61265	65949	65950
10335	15763	16112	16446	18669	35512
47138	47139
14898	38173	38174	38175	38176	38177	38178
2890	10465
2172	21970	33442	49576
14093	26179	26180
93	35594	56290
13393	56516	75187
3939	20601
13386	17769	17770
1596	50437	50438
61558	71332	71333
44499	44500
7077	40852
41571	41572	41573
45272	67575
2423	2968	15858	34101	34102
1848	21715	23266	30378	30746
19959	24228
17399	17400
27449	65739	65740	65741	65742	65743	65744
913	25842	25844
13562	21710	21974	21975
13088	13091
4447	35700	49314
2065	3513	5201
35416	36354
94	16944
7011	19272
4323	8003	13019	44211	52197
5981	12060	17012	34034	34035
11980	23441	60497	60715	60716
8001	42388
931	2739	4547
7236	22972	29408	33363	47540	50765
3449	3654	8333
40490	43343	76334	78321	78322
4459	8704	9270	16879
3120	3121	15041
419	3070	3071
44476	56199	56200	56203
381	10954	15930
12532	12533	18971	30499
735	10516
20066	71405	71406
1054	1326	1441
183	37967	76498	76499
4735	7452	8478
419	9174	9331	20521
13544	13545	13546
586	45500
6496	36014
25502	57287	57289	60976
657	1673	24083
4587	5102	21415	26178
5097	5098
24250	25516	25517	25518
2572	14613
15233	15234	15235	49601
1191	4149	32537	32538
94	5176	7030
3446	6847	8105	8106
16353	74295
21691	39200
3980	23112
46547	46548
10271	10272
2160	49460
616	617
5503	6738	6739	6740	6741
9300	9301	12837	16267	16268	16269
13391	14218	14219	14222
4765	15008	31534
5167	63666
37192	61767
9907	36010	38037	38038
4302	29573
16678	39396
2872	32696
34872	34873
15049	30047	47952
5091	21190	29175	52909
49	42683
2842	15316	35808	79816	79817
7108	28340	28343	28344	28345	58504
260	3537
1177	17328	60722	65247
5524	6900	8300	51050
7205	8000	20011	21115
1582	63056
58199	58200	58201	58202
4114	7648	16200	29768
14760	17720	38105	63645
37058	37059	37060
18561	25979	29145	29146	29147	29148	29149	29150
941	2337
3118	45587
180	7045	21973	24657	24658	31240
18776	18777
17655	19659	57453
1610	2214	13243	15547	30275
19646	40056	40248	40249
1331	13392	27817
181	1985	25897
19156	69338
8085	8086	8087	8088	8089	8090	8091	8092	8093	8094	8095	8096	8097	8098	8099	8100	8101	8102	8103	8104
5938	53926	53927	53928
16226	56543
29579	29580
2842	41788	50846
177	14960	22647
2770	29997
1428	68476	68477
1733	1862	1863	30560	45136	51964
1153	48965	48966
2378	11909	11910	18959
1565	52866	52867
854	1716
14888	15839	61426
715	17345	18720	25915
3425	7277	11347	12239	37652
8508	9019	35874
2505	27362	41331
3589	5303
34380	34381	34382
32932	32933	32934	32935	32936
1453	2232	3882	23532
357	358	467
5724	35038	47987	47988
76679	76858
1895	5942	9988	35938
2366	11841	42789
5357	7370	42694
15054	16523	54567
5166	13341	65023	67214
5731	13268	19593
8012	20014	20015	46696	46697	46698
63144	63145	63405
2406	7982	22755
31051	48519	60703	61004	67559
20696	20697
54689	63418	63419
1177	1374	13788	19326	57863	64825
13228	32132	38059	68287	69969	69970
5792	6731	7662	26170	26171	26172
6577	7341	51285
16882	22764	59986
11326	17521	17523	17524	60647	60648
80467	80468
977	1755	1756	5450
14063	44940	44941	68625	68626	68627
25706	32792	45199	69791	69792	69793
7200	43732
6212	9259	9260	29446	29447	29448	29449	29450
2249	2251
8652	20806	27803
23997	23998	23999	24000	24001	24002	24003
10077	27309
44599	73495	73496	73497
2703	2704	2705	2706
2699	29013
30647	30648
2289	2290	15605	15606	15607
15604	19360	19361
94	1161	40170
1610	11250	33305	33306
624	20936	54822
2842	36861
37169	40512	40513
10086	10087	10088
45344	45345	45346
5231	5232
22674	33210	61282
2244	5327	8894	8896
575	51953
15358	47581	67240	78742
31622	31623
4418	10239	76010	76011	76012	76013
4764	4765	35109
1192	1193
12	15216
181	25132	52331	54775
7163	41537	66543
541	21621	24588
46122	46123
1977	10578	43346
7204	7205
3507	49622
24623	24624
23431	38072	38073
13515	30708
32746	51186
56171	57663
812	31580	31581
11670	36275	58749
9205	74673	74810	74811
14998	14999
5596	23307
8230	50860
23652	23653
11810	11812	15342	29000	32257
9340	9341	9342
138	13518	13520
18417	39503
4386	27239	41173
18586	35776	54840	59783	68421	70994
26473	26474	26475	26477	79535	79536	79537
7222	7223
8738	8739	8740	8741
185	186	187
1263	3336
71164	71165
2184	56747	56748	56749
48070	51614	51615
32840	32841
4986	10482	20784	20785	20786	20787
17628	19920	19921	19922	19923
38612	51037
60354	68745
65569	65570	65571
71218	71219	71220
14996	15915	60335
3887	13714	32001
1039	11570	25438	30454	37433
28363	28364
5735	11770
130	2269	2715	4349
1315	40661
35037	35038	41151	41152
1133	2272	12994	67993
18157	23403	54859
13904	48052	71237
64588	64589
1444	1445	1446
2323	33866	42128
2421	66949
63739	76403	76404	76405	76406
4309	4988	7898	23691
556	17449	20587
5838	54897
2273	2274	2275
1303	5207
38076	56794	67263
23642	27513	27515	29192	29193	29194
2496	7922	14557	56559
29940	70691	70692
24848	47573
19006	43247
1610	14151
10675	35336
4997	9141	9142
15189	16649	16650	16651
2439	15053	15380	15902
4046	33655	41565
71096	71097	71098
43603	43604
5554	7065
35681	35682
1281	1993	2291	10133	10134
3790	11842	11843
23490	23491
1468	3940	16855	18945
5871	5873	5874
3589	44278
7290	22555	22556	38070
36256	36257	36258
5146	15796	47377	56672	56983	57210	57211	57212	57213
2448	21095
26519	26520
1911	13441
658	1673
1355	1356	5718	28548
16748	16851
20684	23742	31248
1232	7384
8177	80566	80567	80568	80569	80570	80571
4398	45853	45854
29574	29575	38554
2882	46888	50395	50396
29750	43971	75643
6400	35069	36276
882	883	885	33240
57896	57897	57898	57899	57900
1193	15506	36950
4072	4178	4179
543	826	4023
13713	18155	31466
18535	55005
16056	27762	29198	49816
17567	21226	21227
6524	7284	57860	77109	77110
2437	3358	5996	10400	17939
2687	5170	18086	18087	18088	18089
9568	12985
4908	4909	4910
1437	4323	13104
2059	2060	2061
17767	75323
9799	17566	38111
540	943
9381	10508
14317	64897	64898
3855	6033	38259	48943	48944
235	79495
1804	11713	37621	43125	43126
8704	53348
6142	6143	6144	6145	6146	6147
18920	18982	32994
13562	34973	36513
4357	26424
64865	65705
3609	5586	42815
9401	12178
3533	6733	7037
2075	5572	29553
21812	30876	57647	57648	57649	57650	57651	57652
6287	23693	23697	35000
15166	22817	28703	28704
79483	79484	79485	79486
4530	27672	34250	34251	34252	34253
6823	11545	45216
1839	3568	3569
1004	13013	15757	38979
7978	12652	21342	51808
40887	41980	41981	41982
24200	24201
5331	55139
27628	27629
34069	36363	36364	38328
9330	10219	10220	10221	10222
60	16050	37643
467	494	556	14239	16262	24679
11812	15291	15475
59215	59216	59217	59218	59219
8713	56549	62889	73754
4546	8641	20573	53044
14111	16019	16020	16021
3356	17331	35195	35196
506	615
5886	5887	5888
24127	30079	51206
8641	51510
1054	1440	9031	44149
12542	13532	13981	23852
16446	26039	53821	53822
48479	48480
57719	57720	57721
1144	16556	63824	78154
9358	16781
4798	22206	23887	34227	34228
287	34575
3537	3538	3539
166	15947	15948
61535	61536
46954	46955	46956	46957
11641	11643	53553	53554	53555	53556	53557
7125	12105	12427	12428	12429	23189	24403	26657	33724	33725
518	1326	15083
69891	69892	69893
2489	35940	46508
13226	13227	13228
466	3335	41339	47641
574	44501
6767	13425	32162	32163
9462	9463
56549	62889	62890
15820	15822	72014	72015	72016	72017	72018	72019	72020	72021
5146	15795	15796	46668
3255	60060	70274	78931
4226	7194	11468	49331
6501	15034
968	9270	34127
1065	17190	23468	35479
90	24236	33341	66171	74335	74454
10215	10216
14228	50557
60572	60573	60574
461	11073
3061	3062	3337	7293	7385	15024	15025
2623	8083	50905
12427	12428	12429
12213	47482
16502	16505	53934	53935	53936	53937
3461	6513	40747
17729	17730	17731	17732	17733	17734	17735
55489	65181	65182
7114	20562
94	44471	58047	78928	78929
19482	19483	19484
12032	41832	59455	59456
31	32	14057	16698
9512	9513	9514	9515
14228	47943
277	11439	18107
10991	10992
53470	53471	71393	71394	71395	71396	71397	71398
2789	20394	21529	47215
2028	7656	45211
80198	80199
14077	55657	55658	55659	55660
663	11073
7265	7266
15116	15281	15385	66043
26139	56023
1329	2116	8499	9034
13705	19380	58082	62788	62789	62790
2118	2119	18105	55755
18105	18106
18019	43941	51801
7969	19284	36965
5689	7790	18004	22949	63849	63850	63851
35098	43532	53263	53298	53299	53300
49	1065	36793
2771	5201
1084	8003	42540	42541
4105	19344
2448	21095	41203
16317	26640	34646	44812	70807
1785	3265	20365	20366
5540	5542	36158
12318	20551	76257	76258
90	1848
5587	29750	32365	47994	47995
8003	8995	13019	37426
9900	14930	14931	14932
20233	20234	20235
5731	13395	49186	57523	57524
5800	15965	15966
1023	10838
26943	26944	30747
8889	12400	12401
2265	5719	57597
10785	25434
5641	5642	5644	43267	43268	43269	43270	43271
16399	61989	75820	75821	75822	75823
22449	26038
37710	49292	49293	49294
352	20796	35533	79953	79954
1401	4450	27568
1976	4740
2116	7026
11395	14034	39827
20601	34196	67122
11582	20827
22819	51548	51549	51550	51551	51552
1530	38652	41141	45362	47753	48302
5990	12966
1000	9116	12342	18698
3533	28266
358	1994	1995	5744	11119	41083
6376	6377
15321	33629	58877	70958
16446	16944
52297	52298	52299	52300
1085	42717	42718	42719
332	333	57310
23805	23806
7775	15990	17145	19640
240	2497	2880
5662	42337	47326	47327
16595	35878
4708	4709	6469	31725
576	577
37874	37875
8541	11401	12295
1413	15675	19740	22534	23554	26259	27418	27419
48	14557	23291	32862
60082	60083
16396	19669	41087
35388	61790
1096	5205	42141
1260	17491	26590	26591	26592
644	69653	69654
15573	15575	22796	22797	22798
181	13119	18773	19307	19469	23468
12079	28256
68388	68389	68390
14009	60123
8791	17471	17474
968	1911	6132	68097	78272	78273
2448	11653	15906	17240
22466	31901	31902	31903
789	790
5665	21480	60558
55853	67331
5309	57071
2270	7285	16562	17376	31464
225	53829
1614	1615	1617	2310
6701	6703	45922
3069	26099	62909
27818	27819	27820	27821	27822
504	30006	30007	30008
36274	73756	77114	77115	77116	77117
23144	23145
49122	49123
61683	69840	69841	69842
2326	35527	35528	35529
11941	11942	11943	11944
633	3041	5633	56590	56591
13428	15333	15771	16634
5325	22027	23980	31258
2320	9210
4997	17168
35412	35413	35414
9205	64224
3631	21816	35058	35059
2629	58896	58898	59465	59999	61970
11914	13419	58006	58007
18058	18680	25842	27021
17164	17165	17166
7114	20562	25403	68782
7581	7582
1535	1863	3376
28819	50445	50446
3458	48571	48572	48573	48574	48575
9206	30401	30402
1507	44896	47553
8540	11864	29219	29220	33076
5614	40882	40883
7030	61660	63624	63625	63626
14287	14288	14289	14290
22576	34658
235	4577	53679
11901	42462
6287	13824	23699	23700	23701	23702	63305	66476	66549
14568	16402	17538	28883	61080	61081	61082
4538	6139
1925	1926	1927
8273	23900	23901
53159	53160
9445	9446
49101	49102
944	11457	19959
41057	71088	71089	71090
17983	17984
177	572	575	15726	22611
18427	38010	53767
13844	16018	52604	61552	64181	74667	74668	74669
17363	31109
5745	19321	40597
6298	42326	44128	55050	55751	60984
3549	42653	42654	42655
158	55529	67076	74205	74206
1623	22482
5333	13723	15631
36501	36502
1082	18713	24877	24878
7445	14057	16519	37820
19964	27069	27070	50584	60813	60815	70535
7539	7540	7541	7542	7543	7544	7545
2147	7915	7916
71049	71050
116	5640	22085	25881	25882	25883	25884	25885	25886	25887	25888	25889	25890
44031	80552	80553
55388	55389
467	3437	6287	6288
2423	18894	18895	18896	18897
58711	58712	58713
3589	13366	13367	13368
14546	59862	70573
352	37240	37242	37514	37515	44849
10330	10331
21482	21483
3112	12108	16774
27047	27048
67273	73605	73606
5089	46811	46813
179	39609	44358	44957
5686	14355	30735
5437	54343
14760	70388	78326
16050	69219	74138	74139
15475	17077	64121	64122
27475	38230
11751	11752	11753
18134	32071	32072
56357	56358	56359
14222	15475	17187	47402
240	3394	3425	3635	3760	10210
53100	53101	53102	53103
14648	39400	56673	56674
66848	66849	66850
5499	59894	60030	69410	69539
12890	19664
2153	7805	18540
14908	15682	62204	62205	62206	62274
63264	63265	63266	63267
24329	38403
11381	23139
15463	15464	15465	15466	15467
3279	3920	5382	13015
5143	5144	5145	5146
12105	16115
2043	2363	38878
11419	13943	79078
2277	5775
46327	62146	62147	62148
10123	16213	16214	16215
5948	6770	19506	20524	69234	69235
2447	2448	21095
32971	32972
14898	14972	16638	26698	48257
58887	58888	58889	58890
13444	35364	43601	43602
44119	78666	79870
6891	17486	47303
10817	11984	26935
3479	21567	29733	70912
13428	13429
105	2250	71995
586	1257	13465	75969
12215	67654
10846	12572	30921
1595	18902
1276	21713
8713	43721
14595	14596	61752	72247
18105	57843
10536	14829	56753
22143	39002
224	799	1131	8393	8396	19596	29100	43070
36052	46240	48250
1301	10740	10741	10742
2479	6352
6142	24160	24161
18712	18713	18714
1161	5204	39035	48841
10704	26212	27500
34950	41273
1413	23554	31912
1290	8003	12423	24486	28505	44155
22778	28305	34370
14972	70109
50199	50200
38799	40723	41959	41960	41961
2850	21935
20048	60333	69016
198	2499	31588	31589
11682	15543	17541	64655
22769	55855	57463	57464	57465
18881	54918	54919
816	20811
856	857
17	18	37399
6368	6369
22253	22845	22846	22847
10831	10832	43199
15978	47366	55241
702	25714
1507	42120
4454	7236	21711	22970	22972	29408
256	2869
2842	48043
3609	14058	15967	29209	39192
40142	40143	40144	40145	40146	40147
11759	19168	23169	33561
63240	63241
3188	11820
47606	47607
35560	35643	35942	38296
3367	10008	11340
1077	3589	49422
42139	42140
15407	68534	68535
90	8781
8193	13641	15540
3196	4344	4398
6237	7088	7089	7090	7091	7092
3299	6883
1202	1204
7901	7970	10420
31630	31631
3813	53816
8894	14543	15145
13225	14895	28696	42308	44198	56165	56166
6002	17653	17882	21167
1723	8536	24277	28960
1291	16398	19924	34847
4358	79506	79507
1252	19632	42228	66914
47087	48989	48990	48991	48992
20855	20857	34525
12763	20476	20477	20478
158	3790	6532	47624	57877
1610	2197
7329	7331	9901
13147	16846
81	784
5686	17450
12341	57206
1623	4634	51996
1130	10276	26104
24963	24964
31642	50012	52425	52426
6918	30876	35789
12914	19359
28173	62544	62545	62546	62547	62548	62549	62550
13524	13525	13526	13527
76196	76197	76198
11682	21953
1823	7842	7843	7844	7845	7846	7847
2542	2689	4419	9099	53623	53625	54218	54219
23558	60288
1988	52525
1008	4455	5942
7950	45514
11382	37638	37639
4068	11375
3622	18993	38344	38345	38346	38347
9545	61474	74219
10278	37255	47012
7628	19466	39130	39131	39132
11401	43617
6733	8789	9509	18320	21061	54943	54944
54979	54980
28214	28215
1719	18463
8836	8837
18501	71476
3675	15763	16033	36627	37508
20404	46417	53216	63897
12285	36246
698	67874	67875
24439	24440
9945	10142	15691	21587	28441	28442
17218	17221	31188	47222
3114	17820	17821	17822	17823	17824	17825
20104	20105
15407	40599	68291
14465	61586	61587
14021	14022	14023
724	6509	6510	6511
8894	29179	29180	29181	56013
1586	53326	53327
53001	53002
10089	13357
6733	8284
22711	24853	24854
29221	29222
3247	30206	47496
15763	16446	19796	37199
1162	4302	39704
905	41658	71073	71074	71075
5360	18035
5672	14412
57441	79385
72349	72350	72351	72352
12519	28818	29817	56920	56921
1007	5633	32843	51657
9205	74672
7627	42353	42354	42355	42356
1975	12238	49821	61768
3061	66808	71375	71531	71532	71533
29030	29031
7196	50747
968	9270	55769
77539	77540
2272	3133	37782
24392	24393	24394
3188	35875	65213	73148	75972	75973	75974
4866	6891	11980
9270	61445	63027
28080	28081	28082
80454	80455	80456
24031	24033	66340	79946	79947
1177	23287	60317	64904
9224	20196	53580
17376	52954	59888	77093	77094	77095
5800	19146
15054	23166
6440	56286	56287	56288
1766	2116
19392	19393	19394
7172	7175	25187
789	790	940	1162	2985	11545
72907	72908	72909	72910
1299	1716
2699	17900	29784
3320	19075	20573
43820	59873	59874	59875
2850	15742	15743
2727	2728	42205	42206
8633	24053	57585	57586	57587	57588	57589
4389	43820	64250
8114	50527
1039	16139
3091	5424	9994	15988
2448	2796	13703	22099
12295	46252
7045	17628	22775	31169	43880
63138	63139	63140	63141
4520	12114	12115	12116
10944	10945	10946
15602	23612	69213
62967	62968
11167	32558	35186
239	8757
1944	8209	8210
1327	21793	23195
1331	3396	7891
29750	30462	30464
24992	77627
4122	38626
8713	40490
18509	31398	31399	31400
11638	59314	70480
9778	15210	15786
467	6288	34795
7163	24840
12081	12082	12083
10142	72847	72848	72849
22700	30957
49908	51600	51601
3133	16859	35472	37782
1581	2272	2441
11410	25797	46958
7837	22544	27372
3024	42775
21356	27945
38671	47093	47094	47095
5608	13391	15041	16348	17829
2599	5198	34949	45130	65111	65264	65265
27375	27376	27377	27378	27379	27380	27381
15118	29647	29648
30495	39678
1930	4060	5898	5899
10954	15930	17620	19831
15281	16288	59826	78518
40638	68934	68935	68936
961	42408
9312	49866	49867	49868
14272	22361	22362
11294	17534
39350	54931	61823	78747	78748	78749
10693	10694
11691	23730	31381
10089	49776	49777
4159	4160
8446	16387	33821	33822
21688	26298
3376	3764	32895
3231	4208	9012
348	4308	8421	9417
4917	7833	9877	24209	24210
15192	47228
23497	29750	40836	60612
5425	7045	18715	18716	18717
71410	79260	79261
12868	15902	16247	63066
224	3848
28610	28611
28045	28046	32172	52414	63326
20934	23212	41655	41656
47628	47629
1944	2700
13600	27862
9733	40647	40648	40649
30314	30951
1162	11591	73586	73587
53351	53352	53353
53810	53811
16595	43840	43841
5293	5294	5295
6156	6157
626	12456	17024	32886	58442
17402	17403	17404
1305	2904	35828	36615
6298	11819	56703
14876	14960	40581
3788	5431	52941	60313	63637	79875
1950	23272	23273
35934	48188
3920	5245
6660	6661	6662
679	5615	5616
15224	69037	74993	74994
14689	17774	28528	58366	58367
5175	15638	39710
16357	16689	60972
273	4536	22009	22010	22011
1372	2038	4959	4960
14898	14972
1892	9270	11954	41178
2267	60124	60125
62231	62232	62233	62234	62235
15246	54643	54644
70399	70400
36009	48997	53672	53673	53674
8314	8315
1403	13776
5386	38080
13898	56181	64006
14790	14793	73913	73914	73915
4385	25492	25493	54884	63147
11464	72159
67038	67039	67040	67041	67042
11293	46192
30152	30153
46984	46985	46986
1029	12134
6204	6205	6206
1074	63788	65514	68974
2153	7805	21793
1868	34386
10517	10518	10519	10520
6496	51649
14818	77569	77570
32208	34154
4077	18519
4068	53318
16138	18303	30826	58492
715	3593	7506	18461
46425	48969	48970
57432	59363
20329	64849	75764
14193	33365	56751	56752
6033	38354	61568	65070
4014	58624	63432	63433	63434
40228	40229
9617	27534	27535	27536
2259	13562
10278	18684	37254
8660	12706	23722	75690	75691
10608	46391
1008	6287	27761	27918	27920
826	7331	13600
2200	9063	42004
809	810	811	812
530	531	49518
7496	29654
1065	3675	39960
6939	44412	49687	71504
15675	19740	27518	34586
79076	79837	79838
3338	6578	11979	16906	48530
56217	56218	56219
2964	10746	19765	24467	25335
1515	8687	31437
1453	6909
16529	16530
78035	78036	78037
5094	6040	9550	19284	25088
15503	15504	16763	16764
2380	15339	15340	15341	15342	66047
36609	48482
18540	23820
9626	14163	14164
10181	45566	54758	54759	54760
224	2736	8393	8394	8395	8396	26834	29098	29099	29100
18019	28045	43941
13199	54006	54007
4049	20476	21935	35727	56503	56504
2138	2139	2140
15792	75219	75220	75221
9530	31040
52283	67931
322	323	324	325
227	228	229	230
17813	40700	40701	40702
6002	45244
15930	17619	17620
3529	43371
11065	11066	11067	11068
15303	21015	56619	56620
21806	74220
8051	32748	32749
76374	76375
25863	35080
633	29087	31180
7011	17328	57958
2421	18797	24633
1788	19772	21717
6692	17470
5930	7496	8819	20590	37277
1839	1840	1841	1842
14436	38306
3980	5318	23391	46147
22	1566	4301	18959
8237	8238
1372	4021	19932	23215
8352	10135	10136	10137	10138
5996	6174	21986	70905
3527	3529
9590	21257	21260
15083	79287
33242	33243	33244
18	13112	39424
181	21522	22389	25884	60049	69463	69464
3445	58470	66799	66800
3145	3146	27188
2263	19898
838	839
39832	39833	39834
9414	19455	22654	25733	28011	28012
14860	33655
6252	6255	19759	56101	56102	56103
181	5872	18547	25129	25130	25131	25132	27900	27901	27902
7161	7368	21243
4226	11467	11468	11469
95	5657	18615
29008	29009	29010
1020	14693	23156	61902	61903
33982	33983	33984
6001	20015
11427	34313	34314	34315
8034	8035	8036	8037
13225	33708
23548	58489
14387	19818	68540	68541
36557	36558
1153	15345	15774
29425	35128
230	3366	5149	10832
27588	51502
14274	24854
2496	7922	56559	69402	69403	69404
43777	46142	60007
37904	37905	37906	37907
13004	30602	42811
180	24657	25338
1196	4556	4557	18734	18735	26406
17166	60423	65259	67330	75579
7505	42661
12361	13039	56307	56308	56309
13227	13228	77506	77507
6020	6021	6022	6023	6024
15000	15001	15002
4948	22137	22869	37174	37175
1645	1647	23170	23172
4665	4666	4667
1378	5618	17332
4323	35500	46073	51309
367	2882	8784	8785	8786
10113	35684
1378	10863	19766
32361	56207	77423
273	59689	65407	65408	65409
20	4754	16585
5244	47018	47019
49	7996	19253	19707	30325	56818
5691	19040	64297
1806	19468
1189	10240	10241
27809	28732
7791	28035	74761	74762	74763
3457	3458
1302	2091	9025	17260
15061	76228	76229
9721	23704
8250	45437
30209	30210	30211
2744	3454	15586	18624	20859	32128	77363	77364
2744	3454	60404
59514	66622	66623
14897	14898	60527
33451	77251	77252
1177	1305	5733	5734	5735
6618	37596	37597	37598
38393	41439
2172	2173
9254	52195	80285	80286
10514	22167
3369	15440	69714	74957
11548	41276
1918	3218	24097
18447	22987	71592	71593	71594	71595
5376	23703
14551	66116	66117	66118
224	10785	11990	20009	56192	56679	56680	56681
1951	1952	1953	1954	1955
17165	17166
1192	8896	13181
259	19125	23003	73040	73041
19048	20846	23866	28978
20138	50853
7901	20022	26213
2850	16271	49736	61542
12178	12956	12957
375	1281	6803	25652
2202	53294	53296	59377
1252	27959	27960	35139	35140	35141
14545	14546	14547	14548
533	15411
38901	38902	38903
47	14991	15691	56193	56194
28377	35848
10447	10448	10449
36724	38512	42524	62750	62751	62752	62753
3546	14663	32166	41838
1595	8704	28523
38250	38251
1005	1401	18898
15269	29275
1486	19445	19446
3916	17278	20245
543	914	21481	42838
223	12754	12755	20134	27566	30421
2934	4004	16775	45311	69377
33963	33964
19191	49215
3955	20956	23817
21306	56414	56415	56626
8268	25149	36790	36791
1116	5367	5368	11425	11426	31038
30832	75639	75640
2180	2181
6550	57520
3445	26791	26792
52299	52300	56172	56173	56174
294	56891	59727
2441	15056	37158
2272	3218	24097
5656	5657
8660	55594	56842	57788	57789	57790	57791	57792
73702	73703	73704
2374	14183	22700
14286	15367
9906	9907
5383	5386	24856	46381
5175	13082	39421	39422
4323	35500
4147	21356	22931	30249
2267	13431
4573	57301
9586	36023
26976	26977	35765	62571	62572
2193	5996	7257	25498	25499	50479
11708	15971	47889
14286	43092
5832	5833	46737
13813	13814	13815
19074	20334
47657	47658	47659
15224	34192
2634	9139
2607	2609	19958
5144	5145	41739	41740	41741
8031	8032	8033
60	2503	25558
2542	2689	4419	10362	19857	26027	53559
24595	24596	24597
3105	3106	9694	9695	9696
217	40359
56359	57255
10618	58896	58898	59533
5996	18000	23548	37149
21039	21040	21041
4262	4263
25338	35543
1886	1887
2056	20183	20184	20185
9351	36569	47073	64563	64564	64565	64566	64567
3742	5689	26388	26389	26390	26391	26392	26393
38216	69812	69813	69814	69815
58500	58501
2277	50514	50515
33485	33486	33487
21025	21026	21027	21028	21029
35498	35499
5981	12272	12273	12274	12275
15039	15174
994	5360	15074	16265	16266
717	718
64650	72603	72604
166	22027	25544	25546
9028	16873	16874
13391	15614	16202
16954	22746	37297
6053	6054	6055
26670	60165	60166
59859	69836	69837
6103	52499
6550	77452	77453
1003	1004	38548	39401	39402
3740	8283	31791
11041	16384	36686	36687
3004	3005	3006
2097	25094	55306	55307
79642	79643
17425	44570
8109	8110
3196	30112	34541
50059	50060
6496	41795	44139
11363	44204	78425
467	1707	6473	9530
7446	64976
906	20480	28328	31535	31536	31537	31538
37045	37046
6769	17479	25111	25112	28890	71733	71734
46	47	48	49	2209	14991	15148
5653	5655	61280
30061	30062	30063	30064	30065
73259	73260	73261
18765	19813
9142	18398	25853	42614
15388	31050	31051
9588	11519
21156	46753
76580	76581	76582	76583
4547	10226	15658	44567
3242	11801
46771	54373	77414
3368	15691	16272	53288
17436	79354
64012	64013	64014	64015
4376	4378	9176	9177
3935	13910	45128
41400	41401
2203	3428	11451	13138	13774	15096	38212	39268	40972	41647	48569	55457	57657	63860	68617
25649	57415	57416	57417	57418	57419	57420	57421
16909	16911	16912	67316	73478
2331	3840
625	626	20137
72111	72112	72113
3741	3742	5691	26392	80218	80219
8922	42916
16952	40720
1985	12854	24098	24099
3654	3655	6933
256	1535	1993	4568	4569	4570
2911	6697	23551
3469	3470	3471	3472	3473	3474
73881	73882	73883
6918	35459	35460	35461
18072	24854
1952	1955	4553	8474	21803
8946	15346
2160	2488	6563	8128	9377	43319	43320
3300	5792	35847	55827	55916	55917	55918
12327	20602	47693	47694	47695
9555	9556
14950	14952	22126	29320	50172
2258	2259	36214
1563	15202
30945	30946
1280	45519	66454	66455
467	1316	22569
3376	5734
79230	79231
16791	24473	47843	47844
2378	16837	19530	19531	36541	36543	65090	65091
39601	57091	57092	57093	57094	57095	57096	57097
260	3732
5569	35623
177	15725	69623	69624	78254	78255
289	2539	9236	9237	9238	9239
3878	31101	31102
183	38947	38984	38985
321	3300	4441	23479	23480
10674	21862	36245
4988	44279
1326	15281	15531
3935	6276	78570	78571
34069	42025
3527	4460	33999
3918	25478
7098	15512	15513	15514
278	2116	7026	14073	51636	51637
1674	49668	49669
5817	5818	5819	5820	5821	5822
19685	74384
8996	8997	8998
17071	17072	17073	17074
1213	28727
30390	39784	39785
25314	57089	57090
31582	31583
8595	8596	8597	8598	8599
8238	22985
20048	63756	65110
5940	42630	42631
314	8113
14891	14892	15396	28219	28220
22704	30125	47347
1335	59825	61201	61202	61203
14749	16799	16800	16801
8185	8186
3369	9406	14194	67776
35454	49761
566	47808
2244	16160	16161
839	11446
4025	26988
13641	14690	32257	38810	67086
22634	56687	69132	69133
7637	8028	40106	40107
940	27493
15026	15027	15028	15029	15030
8182	38235	38236	38237	38238
820	821	10540	19590	19591
16502	17137	17138
73729	73730
9660	9661	9662
1766	21740
60	14817	53815	75080
2498	2500	2501	19802	37983	37984	37985	37986	37987	37988
10239	14446	24793	24794	24795
2020	2022	3837	5337	5338
57533	57534
14669	24460	24461	24462
11812	15291	15471	15472	15473	15474	15475
5918	21471	27763	27764
13793	20312	51355
19466	19467	45354	45355
70478	70479
13742	13743
3368	8880	45439	72184	72185	72186
8319	23191	23192	23193
5431	55482	68876	73237	73238
49	4343
679	18465
211	2263	2639	5731	5732
2344	17846	37191
4370	14947	18861	46178
34896	34897
12739	41653	49353	49354
2268	11647	11648	11649
1014	4953	4954
67236	68182
10123	51096
47350	60893	60894	60895	60896	60897
49	11376	15212
17001	74576	74577
3368	15691	16272	16431	66131
35472	43589
54119	54120
1066	1067	1068	1069	42558	42559
24286	24287	24288
25097	25098
24651	72209	74934	74935
68825	68826	68827	68828
13515	14607	14608	14609	14610
33755	56438	56439
37900	37902
177	15726	24466
3369	9919	14734
37497	48305	48306
16045	16046	16047	16048	16049	16050
130	131
590	591	592	593
7828	7829	7830
14790	14792	14794	69054	69055	69056
9619	55390
6440	57681	68358	69005
3795	9527	9528
181	1985	2272	31108	31109	31110
16129	16130
1817	39418	48622
3872	7639
1944	9922
15399	16006
11682	17187	40018
74381	74382	74383
32102	63648	65851	68350
17596	21683
11513	24435	45501	45502	45503
9877	9909	38163	38164
9294	9295
7574	7575	7576	7577	7578	7579	7580
2209	3742	13118	13121	46206	46207
2116	13392	15884
10903	10908	16934	38977
9937	9938
6931	17432	19508	22870	40213	40214
1020	25489	25490	25871	25872	55159	55160
1077	37301
3335	28878
1615	7755	7763
5383	5386	10908	36807	36808	36809
7011	7013	30138	30139	37056
4822	6462	18722	20786	54074	54075
15900	32166	45739	67338
20097	20098	20099
30953	30954
13797	58808	61402
5762	6659
24992	31766	31767	31768
2687	15754	34733	75299	75300
3609	14746	14934	47995
31786	64932	64935	64936	71269	71270
3788	4108	12640
4398	7332
32312	40995
4301	13885	36321
44214	44215
5027	5028	5029
799	4010	4025	19803
1600	2305	17938	50087
1977	4939
61224	71306	77590	77591	77592	77593	77594
94	5176	6152	7030
3609	14532	17899	30517	75086
105	4210	4371
5146	15794	15795	15796	17191
8960	49100
177	19673	28163	50620
8434	30342	30343	30344	30345
14315	14316
15872	74283	74284
8379	32645	55544
540	541	542	543	544
1755	18519
5689	12061	16562	22949
19728	19729
15851	41796
15928	56110	62998
13861	49686
60485	60486	60487
22295	22296	22297
16691	40154	40155	40156	40157
18506	69007	69008	69009	69010
8601	17271	37479	68622
17713	32097	32098
5804	30171
782	4105	43978	43979
5665	60557	60558
9945	16010	39513
11914	13419	59867	62887
23501	24556	25520	25521
57280	57281	57282	57283	57284	57285
12	53818
73772	73773
225	11423	78256	78257	78258
19339	29231	29232
33141	33142
66804	66805
1798	41474
5872	6760	14444	25129	73292	78060
5556	5557	5558
2687	25168	25169	25170	25171	25172
19988	59931	77050	77051
55560	55562
11812	16805	44208	50799
1563	1564	1565
28589	59478	66529	66530	66531
983	984	985
5689	26391	43147
21044	21045	21577	32917	33827
2677	5162
556	557	558
35665	35666	35667
2015	68412	68413
2364	7368	14972	79416
655	2177	2503	13393
24650	63072	63073	63074
8306	14186	32280	32281	32282	32283	32284
906	17567	20479	20480
1302	2091	9025	10302
7113	18867	27112
13562	15173	22370
2390	2392	2393	45556	53337
13280	13281
1008	13997
10123	13031	33392	65376	65377
4049	42503	42504
2850	9401	9606
14297	71399	71400	71401	71402
5731	12706	19918	57709
5662	29919	78987
16762	29124
29725	29726	29727
299	300	350
150	10194	10195	10196
11615	47033
1708	1709
1310	55592	60266	75943
12	16177	16487	19478
1118	45647
7077	13709	63077
6675	35545	62919	62920
35984	35985
2179	48262
26531	26532	26533	26534	26535	26536
70139	78718	78719
35601	35602
47865	47866	47867
183	1005	20232
38212	65051	67860	67861
13799	13800
21728	61647
15649	15651	16206	67894	67895
8116	61571	61572
800	47181
177	28163	50620	59111
35850	35851	35852
5689	5691	26391	37308	42050
9301	12837	28585	28586
7226	7746
26400	38608
4536	22011
19497	29898	38204	39799
11839	57796	65241	70779
61900	62365	74160
1486	4323
11227	11228	11229	11230	11231
32062	32063
38070	54312	55845
3085	3202
13452	39953	80275
6725	44550
16655	53647	53648
2355	2356
11796	16638	21391	23202	24207	39864
7805	10579
198	2700	11545
783	34274	34275
28474	40438
5291	5292	58359	63410	63411
10540	11392
7787	13130
33374	33375
13199	30871	43898
14486	14832	14833	14834
2075	7903	24427
7906	61581
21997	28462	28463	28464
12063	55124
3883	4634	6471	33887	33888
1499	12196	12197
1441	17962	71188	71189
17679	19000	23913
5462	5464	6939	10428	23705
3417	49321	70536	78033
26310	47187	47188
13178	13639	52279
1535	34228
518	3121	8587
11292	11293
661	35354
8461	8462
26391	59722	77290
18390	27100
8331	9910
1058	13432
6823	21517	27101
4546	40708	49152
20736	20737	20738
6506	6507
4271	12235	58239
13320	16138	61722
27480	27481	27482	27483
259	4545	23220
37114	37115	37116
1515	3654	4195	8139	8140
1023	3635	3636
911	912
4050	4051	4052
8	5141	20733	21430	30368
1645	1647	1648	16917	31986	53501	53502	53503	53504
10850	48426
18921	25094	68496
678	715	2955	6558
3809	5138
20404	28054	28055	28056
52121	52122
800	10349
2647	10037	50694
59258	59259
18043	18044
23202	25417	25418
26359	26360	26361	33133	33134
789	10675	31203	53942
211	4532	14939
14971	14972
2833	2834
4440	33471	33472
1694	10915	18194
13074	13075	13076
2209	10743	12637	12638	12639
32652	32655	45678
2850	14794	30166
25824	25825	25826	25827
2061	5996	60442	61529	73707	73708	73709
19616	19617	19618
799	4010
32142	32143	32144
747	18255	74314
28767	32019	32020
5735	28418	28419	28420	28421	28422
507	9276	27799
23012	23013	34960	50623
31803	63292	67639
13444	15670
1608	20279	20280
47043	47868
44874	57215
12019	15811	15841	62046	62047
466	41334
1280	2971
4075	11068	12898
3727	10750
35920	52965	52966	80510	80511
2436	12023	39385	39386
3376	3764	5058
2384	2385	2386	7078
7952	11839	16445
799	4010	4532	12011
11622	33653
15415	37180
3487	5292	42146	42147
20022	20024	33308	66974	66975
1848	2066
1133	12994	51693	67993
6046	79035	79036
68687	68688
36738	40541
11401	53217
4947	76482
13397	57422	57424	69427	69428	70161	70162	70163	70164	70165	70166	70167	70168
3044	41579	41580
7161	22059	22060	24522	44239
438	16403	68754	68755	76004	76005	76006	76007	76008
183	747	6989	27702
5608	57590	57591
7513	7514
10831	51597	51598
2165	8541	11401
512	1440	7100	37977
38432	43392	63631
3540	7231	64845	64846	64847
32849	32850	32851	32852
1403	34473
62559	64358	64359	64360
7757	26137	40889
4599	17401
51933	51934
783	73598
2043	11422
19619	19620
2232	3580	9843
3374	4569
67243	72563
4271	11449	11450	11451
8960	51226	58049
66835	66836	66837	66838
1338	12175	12319	13831
1240	23210	41865
2011	38270
12727	12728	12729
11737	12973	14058	22531	65987	74587
135	2271	5329
69032	69033	69034
951	952	69590	69591
9945	15056	25369	25370	25371	25372
15505	15506	16033	29511	41072	58885	58886
4940	23559
59	60
5244	9515	59623
13104	31983
2497	5318	17319	75081
18374	29160	49578	49579	49580
4022	23690	28519
55982	55983	55984
735	15944	27160	45904	49918	49919	49920
4463	4464
13454	13455
19759	34280	34281
2263	38573	47647
944	18680	26957
42944	42945	42946	42947
2263	27111	35939
763	5554	6116
1830	2845	31420	46648
4311	11326	11439	16882	22764
5851	5852	65668
2942	12248
26333	29737
1515	1516	22901	65762	77941	77942	77943	77944	77945	77946	77947	77948	77949	77950
11911	80663	80664	80665
3675	14991	16033
39875	39876	39877	39878	39879
10677	43207	43208
1903	5254	5255
183	17127	39251	39252
14359	14989	53494	56828
2032	2033
7031	30588	37644
52501	52502
9770	9771
4200	4201	4202	4203
72894	73089
12	29651
11841	13951	80095
12	42184
20600	22956
17549	24002	25729
18133	18134	18135
696	2179	40447
45496	66279	66280
55029	55030
516	9945	14486	14762
76923	76924	76925	76926	76927
6170	6171	6172	55507
1252	18528	18530	60985	60986
11744	12906
35933	49097	49098
57222	57223	57224	57225
33217	33218
2647	10037	40455	70417
20038	20039	20040	29307
1437	4323	24557	44211
2709	2855	13313	13774
20708	20709	20710
20706	20731	23478
6298	69431	69432
5948	20323	44704	72653
799	2406	4010	31778
25084	30250	30251
6128	26994
26299	26300	34402
21601	39526	53030
3940	20716	20717	20718
1871	1872
69777	69778	69779	69780	69781
73714	73715	73716
10123	26713	33392	77308	77309
116	180	1043	22085	25886
10134	18161
32369	73832	73833
2850	13429	16355	16357
10239	25817	31268	77019	77285
4092	43351
17882	21167	52923
5138	27116	40350
29043	63040
3580	9301	9843	13824	17794
8193	11705	28583	55980
1323	2494	60779
40671	40672	40673
37158	51987	53151	61904	61905	61906	61907	61908	61909
18820	22453	40936	40942	57763	57764	57765	57766	57767	57768	57769	57770	57771	57772	57773	57774	57775	57776	57777
7441	44099	50999
8879	31560	31561
6903	6904	11682	38394
10788	15333	22369	22370
5024	5025	5026
5146	15795	15796	56141
24756	24757
11324	11326	11327	37581	37582
7713	13123
52528	52529	77415
1440	25247
15719	25109	26230	53812
73808	73809
18125	22765	22766	22767
25499	55652
314	9588
1331	12957	65269	78387
500	46468
79313	79314	79315	79316
44979	44980
1789	2059	19918	38821
8381	14678	80499
41724	41725	41726
21141	24074	76224
913	4608	58271
10973	10974
15179	35858	35859	35860
19721	37764	63105
6778	24864
858	859	860	861	862	863
12870	67210	67211	67212
14292	26649
313	314
28732	42847
42334	42335
5854	17594	24448
4265	14611	35535
348	7378	8421	18364
76231	76232	76233
49074	49075	49076
1000	9116	18698	24219
1733	44005	44913
2497	20246	33273
2599	13845	52980
1789	2018	3425	12561	12562
14057	16875	16876
9778	15210	45410
10951	16284	37808	50579
7822	52542
15927	15928	56398
965	14703	39857
286	287	18396
18506	24676	30053	30054
15315	16445	36429	45439
6633	12967	13632	13633	13634	13635	13636	13637
18380	18383
13468	71553	71554	71555
19960	70712
10089	49776	49777	54247
35884	35885
1213	10543
2213	40475
2475	2476	29658
1596	3233	4480	7553	7554	12915
504	16249
19604	22932
71702	71703	71704	71705	71706	71707
9301	12413	21552	59838	61588
19870	22255	22256	22257	22258
501	36109
11363	11440	35189	35194	63216	73574	77398
3247	4386	20860
16646	19929	29027
8	811	812	5593	25961	26623	33578	54062	54063
7561	9254	57060	57173
1023	25911
1139	3376	28458
2842	3565	3566	3567
64772	64773	72920
26656	54600
15970	15971
17243	17245	79974	79975	79976
4557	24172	60235	60236	60237	60238	60239	60240
7161	21243	29380	38795
34257	46183
2832	19463
1723	7059	21362
278	2666	3417	21104	49321	71068	75904	78081
3281	3580
38178	44528	53896
3449	3451	3541	6746	18979	19615
502	503	504	14136	15016	57082
17164	29789
3368	13391	44267
74240	76303
466	50130
1955	30682
5644	34868
1091	1714	4533	4543	4833
41650	41651	41652	41653
7000	7769	8003	50028	62985
8287	8288
1324	1325	1326
1497	3451	28154
40906	64066	64067
18965	32482
16380	29180	48488	48489	48490
2263	49825
12	19226	26313	48066
3723	36007	74026	76070	76071	76072	76073
16954	64184
16996	16997	31714
2964	6702	14063	22445	38547	44941	47015	47016	47017
2496	14557	61517	61518	61519	61520
19595	35102
12413	15730	21680
9276	42516
959	6269
3605	3606
3043	9441	61598	63639	63640
5554	11259
1989	1990	15712
139	15893	23353	52828
475	2270	6277	7649	20271	20273	20274
1723	1724	8536	21362
39413	39414
17813	52656
1050	8678	8679
23874	62756
1080	54503	54504	54505	54506
4312	30957	33365	61513
1788	42424	42425
12079	12985
2863	48583
4988	5873	5874	17712
20068	20069	20070
1065	34849	35479	37273	63324
7544	17938	25583	25584
3609	5378	22374	22683	36569
2055	2056	20327
181	17525	17527	27718
4765	37765
15599	15600	47906	47907
519	520	521
17485	31273	40193	49960
479	480
3512	4333	4336	5365	5366	12563
3742	12208	18787	18788	18789	18790
36727	67787	78053	78054	78055
5996	21986	23869	57068	57137
3631	27127	37457	43835
16855	59709
4265	14611	37433
7906	23964	39498
267	559	60225	60258
20934	41655
644	34689
17574	33572
7573	12938	74591	74593	75048
1378	33823	37218
15719	26230	26231
21414	31611	68896	68897	68898	68899
13885	46191	52983
1507	74011	74012	74013	74014	74015	74016	74017	74018
9071	43971
1076	2823
1358	29381
8524	13895	13896
494	21850
69158	74118
3742	13121	37304	37306	42221	46207	53870
14660	16634	65942
3940	48357	48999
1452	1453	2568	6117
64596	79168	79169	79170
6298	38069	38070
8376	8377	8378	8379
15782	15783
64134	79050	79051
183	9241	77150	77151
2249	2251	10743	10746
12	1418	8600	8601
461	1200	3918
20300	29436
5726	36609	44542
6496	28714	28715
48465	48466	48467
54832	56310
196	3233	9490	40129
3730	5689	18982	26391	52623	52624
15212	21414	39141	61825
44878	44879
2378	36943	39242
105	106	11618
62467	62468	62469	62470	62471	62472
217	3280	6400
34714	34715	34716	34717
3247	4386	16102	34042
1076	3742	13121	27530	36235	37304	37305	37306	37307	37308
80491	80492
17125	17126	17127
6298	11819	40330	40331	40332	40333
6128	6154
9778	15209	15210	15785
19766	47216	69512
62094	62095	62096
4675	19766
556	12603	32831
52080	54474	54475	54476
38334	50356
1909	4210	13494	17289	65671
4277	40502
36505	37070
17952	17953
38248	38249
9241	20817	67169
10895	10896	10897
71591	72011	72012	72013
24550	37698	37699	37700
79236	79237
56588	56589	65183	65184	65185
44993	46502	60168
1636	6576	21827
58615	71459	71460	71461	71462
181	21522	25897	26552	77123	77124	77467	77468
1372	3708	16924
32312	40995	49712
9376	19103	34220	63526	75027	75028	75029
240	4022	5735	20954
22131	41616	69141
53738	53739	53740
31145	42225	43309	43310
3614	25401	65454	76584
1985	6965
989	5766	55488	55489
3330	3331	3332
35084	42152	46510	46975	46976
26193	28686	46489
59364	59365
6823	10675	11545	45055
17808	17810	24989	25928
14588	14589
183	3445	23246
3872	41764	44834
6918	7838	7839	7840	7841
223	22900
10070	13793	24975	36361	36362
64033	77069	77070	77071	77072
3208	10183
3663	11387	20903
6843	6844	25648	25649	25650	25651
36931	36932	36933
7445	16196	16519	37820	41422
6321	48260
5526	30701
14412	22700	32459
21177	27494	53591	53592
9031	52106
4045	5940	7161	12330	19380	21688	42630	44853	57444	67194	67195	67196
3247	22107	47107
8699	8700
1946	5572	8644	22023	22830
3764	20776
11839	36380
10674	53216	55514
22920	46415
1192	8829	8894
1892	4210	78131	78434	78435
15096	39282	40972	48569	55494	55495	55496	57658	64363	64364	64365
105	11380	27731	59266
29085	29086
1079	50492
27347	62895	62896	62897	62898	62899
5996	8770
1065	2209	13429	16690	32946
59389	59390
3533	5884	5885
55822	55823
13774	33889	39409	70212
26995	26996
14794	14991	15022	61919	61920
285	13656	32148	32151
4883	4884	4885	4886
1985	22269	22932	23371
3836	42627
10618	58896	58898	59465
1325	1326	38830
36594	36595
183	5305	44605
37320	41932	41933
3872	44834	47581
839	12054
2497	19272	20205
839	13752
1076	3730	6080	55219	55701
7258	22247	34456
239	3533	11259
16623	39438	39439
9040	32058	42310
2887	60354	60616	60617	60618
1534	6051	12754	12758	48766	48767	48768	63423	63424	63425	63426	63427	63428	63429
15022	17219	17221	55548
1565	2942	3788	10674
15173	60152	75907	75908
7280	10350	10351	10352
15912	24553	24554
259	834	835
2850	49410
9575	17465	17466
14860	47291
36939	50750	51362
811	812	12395	13292	57706
3980	19964	20203	47682	47683	47684	47685
2945	38043	38044	38045	38046	38047	38048	38049	38050
1596	3080
708	35945	35946
1549	1550	1551	1552
52258	52326
18	1302	7331
12238	61768	70151
16367	20711	31018	31019
14689	17774	35135	63154	63155	63156
13566	14415	35937
8894	24651	61471	61472	61473
1823	5034	7842	23729	31820	31821
20015	20016	20018	52463	52465	52467	59918	69438	69439	69440
20565	53424
18279	62487
180	24444	28487	67869
71906	71907
2327	8508	24176
8660	55595
4663	4664
17674	17675	17676
76635	76636
23499	68964
33492	33493	37595	69119
23026	53656
6080	58316
1328	10579	19959
11367	60857	60858	67165
1305	7011	55361
1918	18363
9630	25522	28025
5329	43345
22167	22168
90	9269	27722
29634	36400
9078	10670	79335
196	7885
2584	23269	23270	35898	35899	35900
1181	47405	47406
39134	39135
17013	17014	29489	74768
72365	72366	72367	72368	72369
179	3368	8880	23847	23848	23849
15506	23242	41067	58228
4135	14610	18361	64108	76977	76978
35885	41673
6938	46081
30431	36146	36147
14444	14446
3300	6731	8019	12821	20140	20141	21102	27918	48297
17217	17221	63758	65936	65937	65938
22246	29998
3855	5176	11677	13898
42268	60243	68122
5940	6533	7341
9401	16288	16289
20014	20015	20016
6045	6046
8630	12742	14165
26205	26206
159	27914
41841	49047
29155	61219
961	52935
3848	5057	21258	21260	25458	36381
1945	32881
784	9642	9643
7011	22078
116	67110	67111
3166	3167	3168	3169
5141	6535
230	2271	5149
11293	51806
6628	6689	6690
6770	80290	80291	80292
3806	35091
367	21928
4075	20646	20647	21529	42217
47590	47591
180	181	1868
40359	40874
1323	2494
1196	4559	33898	55954	55955	55956
18980	24175
19284	20622	20623	20624
7731	7732	7733	7734	7735	7736	7737	7738	7739	7740
15443	34620
6490	7050
18033	23536	26216	26217	26218
32331	35736	35737	35739	35740	37759
35484	53189
9500	9501	9502
5386	43431
1004	24080	54323	54324
10965	10966	10967
2270	18967	74548	74549
10432	16316
6129	7518	7519	7520	26409	52725
10210	26470
273	17363	21970
10040	67839	67840
38000	43677
726	7202
36584	47435
22355	22356	22357	22358
5990	13393	13703	19528	34694
1252	8177	8660	11555	18528	18533	24178	27958	27959	27960	28002	28004	28199	28200	28201	28202	43160	43161
15999	16283	16284
11992	11993	16223
27423	27424
27997	27998	27999
6134	6135	6136
1690	4301	13898	41775
2244	38547
4154	50068
2441	15691	17221	37157	55688	55689
1413	15779	22404	69201	73515
423	3515
14906	14908	70517	70518
12890	24172	39312	48596	48597	48598	48599	48600
51894	51895	53228	53229	53230	53231	53232
68277	68278	68279	68280	68281	68282	68283
3734	3970	9250	9251
26359	26360	33133	57461
3849	10785	44415
6315	23315	40478
966	22669	27362
60423	67329	71925
421	5706	20039	22790	25132	51092	59356	59357	59358	59359	59360
44396	74613	74614	74615
2868	8164
2503	22470	23651
7122	8239
24892	24923	24924
1826	1827	1828	1829
12078	42125
14619	19707	26922
2232	3587
5410	13018	33695
13070	14964	74488	75152
5376	5377
51009	58312	58313	58314	68635
34815	34816	34817
518	58656
60	2505	7142	18135	55990
15971	36785
9630	64427	69246	69247	69305	69306	69307
25637	25638
8012	23141	29884	36580	36581
12809	29068	33881	58768	58769
1396	4866	20844	21196
3732	3882	4961	8284	18741
11670	17271	17531
2824	16902	16903	18122	62401
63397	63398
14555	14556	14557	56850	56851
33371	65463	65464	65465
7154	7155	7156	7157
2863	18648
2677	11283
14118	14607	29682	72568
3091	3602	48773
14991	20030	21674	29465
5542	11221	11222	26558
11827	43011	43012
12872	12873
13494	13786	19506	24657	67856	67858
6733	26222	66720	66721
1384	7378
2331	3293	17561
1947	6033	25554	65070
56951	56952	56953	56954	56955	56956	56957
2363	50309
7282	7283	7284	7285	7286
3529	5172	7050	15625
16210	16211	16212
5755	38084
25844	56811	65635
6967	6968
8338	9397
4261	4842	4843	4844
711	959	53246	53247
14222	17076	56259	56441	73830	74802	74803
13772	13773	15531	15532	41647	47159	57752
18920	18982	72949	72950	72951
965	11410
21406	21407	40314	40315
3741	5691	10857
5948	17432	17433	22870	22871	22872
14496	17038	17039	41207
4821	11214
800	2031
5102	24585	24586
1605	1606	1607	4246	8990
8338	42243	55275
1647	14900	36293
2952	9953	17999	28622
12450	16190	38493
11801	29387
166	18818	37353	51289
1890	39057	53493
1852	62637	62638	62639	62640	62641	62642	62643	62644
461	663	7805
9030	11705	13429	16402	21801
3872	48832	65928
33590	70683	70684	70685	70686	70687
7100	16710	31233	31234
9185	30255
1563	15323	15324
1138	7787	7831
7428	14589	17313
4167	14024	14025
3449	8451
18700	20067	34579	34580	34581	34582
38155	38156
1614	2572
65820	65821	65822
79338	79339	79340
1785	1786	4396	52865
39551	39552
5116	5593	9536	20892
20839	20840	20841	20842
2095	36915	47176
21997	65628
41240	41241	41242
7770	19474	77861	77862
2129	12437	12586
45090	64903
635	2066
4301	8272	41512
3546	3741	35409
12721	12722
16101	42695	42696	42697
1732	31374	62191	62253	62256	72134	72135
2277	50442	50443	50444
26960	33531
4823	4824	4825
1471	24347
1193	48929	48930	48931
1089	2818	2839	2924	7202	55176
14270	14272	22361
21290	34276	34277
110	6560	9749	11964	11965	11966	12169
13926	13929	36396
18911	18912	18913
15983	16563	16564	16565	16566
1372	2270	4960	24851	32771
25366	31154	35693	47853	52170
16863	31191
4754	33858
2504	2505	5410	15994
4373	39179	39180
1200	10704
2265	12591
54043	67213
8114	12510	25778
7970	18461	26213
266	26195
13818	31552
22370	24602	28336	28337	28338
71187	75211	75212	75213
8196	8197	19715
13082	15307	56108	68658
16909	39495	74063	74064
80532	80533	80534
73816	73817	73819	73820	73821	73826	73827	73828
3844	45044
348	349	66017
1138	12879
13621	47066
44017	44018
20505	64719	77874	77875	77876
7656	36579	58661	79560
1005	6770	24459	24690	24691	24692	67401
6501	64217	65239
43057	43058	43059
10954	15889	15930	17619	18406
16424	16425
3980	9968	23391
2178	2179
1565	2441	49509
4808	4811	52580	62464	78525
17217	17220	32277	47869
36929	38706	52407
70002	70003
1170	26307
11366	28274	69071	73315
38216	69812	69813
3445	22653	59502
4759	31172	31173	31174
15150	15757	64042	64043
10432	16902	18122	26952	35887	62401	62402
49759	60948
27690	66182	79120
1765	7982	41170	79384
50740	50741	50742	50743
15586	20855	20857	28561
513	65114	65115
966	13732	75813
5175	5176
22716	57800
11903	11904	11905
2119	46579	68041
3881	15356	30558
1097	1098
76372	76373
8982	8983	8984	8985	8986	8987	8988	8989
1530	73035	75610
216	217
63083	63084
74	18884
8601	11670	17271	17531	17532
6298	11819	38070	39120
5334	16195
7902	10142	14856	41453	74540
6081	6082
1315	1997	37438
499	5234	5899	6823
183	22317	23874	25301
3587	3813
35632	35633	35634
10432	44235	45721
94	1264	53691
3580	13664
14060	14490	67772	67773	67774	72983	73699
16783	16785	78644	78645	78646
1413	1414	23603
1453	1993	3882	5445	6994	6995
1091	10458	17775	30565	30566
35653	75963	75964
3251	33932
73634	73635	73636	73637	73638
59329	59330
1196	3800	4557	47455	47456	47457	47458
8209	8210
27150	27151
854	11277
1534	24507	33025	58029
9746	26015	26016
29628	80196	80197
44119	62816
9844	25691	25692	25693	25694
845	25913	37407
4983	4984	8534
9191	41609	48037
11058	11059	11060	11061
23425	44037
22259	24167
47696	47697	47698
12450	16190
6613	9205	16438
26201	35271	50017
6573	9116
19595	30650	74334
47433	47434
256	1863	8126	8127
11444	78849
1267	4055	10706	10707	10708
79366	79367
5518	7066	7067
5386	43527
12283	12284
27041	49646	69880	69881
25132	62731	62732	62733
8414	8415	8416
6997	7106	7107	7108
38925	46793	46794
4271	13898	65122	72307
14947	20291
37111	42077	42078
7370	27362
1177	31615	31616
1507	2505	8713	34368
12177	15191	24978	32092
5404	5701
2199	11100	43724
18052	18053
3929	44125	49840	53371	53372	53373	53374	53375
6254	25991	25992	25993
22447	22448
13937	13938	13939
1144	16554	52425	59611	59612
16773	52273	54745
1064	2209	10743	14793	15148	15501	17289	56249
135	12870	51366	76958	76959
57803	57804	57805	57806
19497	38203	38204	38205
3935	12276
3808	4539	5718	8479	8480
5386	67737
2825	66534	66535	66536	66537
44528	53896	79968
33701	33702
3609	9415	17968	20326
4754	26911	36612
12644	12646
24651	72209	72210
3872	12170	38633	48367
3788	10008	39908	39909
7236	7603	7604	7605
7227	14869
14804	44992
4754	53845	53846
47159	50019
47025	47026	47027	47028	47029	47030	47031	47032
24943	24944	24945	24946
92	1264	15932	40737
21562	21563
1952	1953	31860	31861	31862	31863	31864
63198	63199
15096	22669	40972	55495	55496
15246	15247	15248
1084	8003	40712	41867
14648	15864	54133
6082	27287
185	2019	2020	2021	2022	2023
8960	16848
697	9625	36506
3939	18413
4754	35194
223	3242	7012	14318	53329
2116	13392	43833
68003	68088
1647	24693	24694	24695
3774	3775	3776
60224	60225
19595	23819
26502	29982	60092
2378	34963	35328	35329	40651
352	37240	37241	37242
6399	6400	6401
1020	14694	46526
7952	11837	11839	13258
14297	17148
41574	44190
1183	2902
7620	7621	7622	7623
15216	56610	56611
13429	14387	17252	17253
1969	1970	1971	1972
12	16928
19889	19890
78488	78489	78490
52644	52645	52646
69802	69803
1530	3367	18525
8760	12292	16019	33951
624	627	6823	20936
7970	26213	38659
11708	57014
32602	32603	32604	32605	32606
11147	44310
4312	50834
2259	16301	35817	36123	36124
2209	17341	17927	56980
15210	17415	36932	50262
8379	34874	42956
3567	22305
9241	70085
6077	11480	24609	27575	31891	31961	31962	31963
53377	53378	53379
7715	16684
2377	26706	69300
1634	10039	45353
20510	20511	20512
12431	12432
26670	41060	41061	41062
13882	22137	23194
2949	5655	7303	7304	7305	7306	7307
25758	25759
2685	2687	3255	15754
1131	2790	3849	4012	26993	26994	49398	50348	50349
2850	9545	19282
5899	6823	17715
1005	3981	20118	20606	24064	28608	40798	40799	40800	57883
8880	12295	19454
25014	35765	37341	37342
10279	27491	27492
34941	34942
9206	21466	21467	24318	24319	24320	24321	32954	37802	44930	44931	44932
18526	18527
1834	1835	1836	1837	1838
12343	16948
13823	14183
13444	15669	17090	27696	43481
3580	6994	28544
159	1438	12295
2505	50358
35219	37334	37335	38789
3781	7237	7238
278	1191	2599	2854	31958	50883	50884
16950	21315	40411
42174	42175	42176
21779	41854	63630
5389	13981	38839
2873	32260	32261
8660	18835	66554
8309	38925
864	21210	21211	34060
13013	53185
22411	54016
15224	25588
35218	35219
8757	18690	28873	46019	46020
5166	12868	14145
20048	63756	73131
2268	6952	13318	42594	42595
47	4389	18261	68650
65521	65522	65523	65524
2622	2623	6493
177	22647	57916	74242	74385
248	249
1189	8313	10674	21862
3368	9619	20550	20551
575	15538	15539	15540
3368	8880	53000
21075	21588
81	8615
20211	40875	40876
5094	25578
931	5264	5265
2368	56624	56625
45075	45076
1235	2259
1276	8685
3788	5115	5430	54264
3725	38856	38859	63741	67715	67990	77389	77390
965	5244	5742	5743
23707	69555
54657	54658	54659
18820	18821	18822	18823	18824	18825	18826	18827	18828	18829	18830	18831	18832	18833
7629	7630	7631	7632
5636	5637
11782	36097	36098	36099
2834	64831
23976	23977	23978	23979
15084	15085	15086
181	2689	19857
12515	65346	65347
13393	30283	30284
10035	48897
10803	51450
5409	6078	36506	46635	49728	49729	49730
24661	31573	80174
2364	8003	13019	28505	47546	47547
1848	2062	2066	12962	37192
9945	14484	16859
13033	13034
6725	20701	68237
560	561	564	566	5592	6837
12103	12105	12428	56650
10064	10065	10066
1945	56381
3808	4539	5718	10571
177	3675	17163	30302	30303
654	4302	38613	38615	39435
2646	6791	6795	11347	28334
715	9339	25915	26268	51174
1961	7381	7382
66188	66189	66190	66191	66192
21156	63333
15998	21943
272	485	11784	11785	11786	11787	11788
3612	10846	36468
3580	28544
278	1191	3188	8959
9804	16851	17427
8912	15274	15275
1534	67357
2331	5167	35504
47148	47149
60275	67239	73556	73557
15502	16282	25173
28877	43193	46937	46938
58984	58985
94	7341	23404
16110	43355
38625	42510	42511
4312	4313	42990	42991
29042	29043
944	16116
4210	41574
57145	57146	57147
18210	18211
34586	58258	58259
15006	15007	15008	15009
10755	18369	24352	28411	56643	57562	74693	74694	74695
21987	25366	40165	44543	47667
299	300	13530	22609	22610	36735
177	19673	32839	43327
1647	23170	23172	27713
5790	15297
5505	15667	19999	20000	20001	20002
37269	37540	37624
943	4997	13020
461	46203	46204
20795	33022
14872	44673
107	4997	5207
3137	3138	3141	3142
13428	14660	15831	64835	68253	68254	68661	70808
11450	13773	15532	22669
6426	42368	53547	57462
201	4624	22908
3006	64817	66945
13776	20581	23783	23784	23785	23786	23787
14444	14446	24793	46419
13227	13228	20788	20789
1453	60650
2913	3425	59614	59615
1275	3344	7656	56667
14446	32957	71485	71486	73346
2542	4418	4419
17750	17751	17752
7921	14952	16061	25755
4898	8319	56804	56805
179	39590
11796	16638	34185
66385	66386	66387	66388
22384	22385	22386
14272	16937	58951	58952	58953
1123	1124	1564
13811	19806
7290	42737
1039	15516	56795	72028
21936	22223
348	7378	7379	7380
10142	16614	48718	48719
17262	56492	79891
6440	19395	19911
585	14317
24715	79555
81	19045
42519	42520	42521
11556	14292
11984	66841	66842
1338	17988	22820
177	15725	15726
1595	8704	16879	28523	49103
41744	41745	41746
76	27318	27319	27320
15939	27374
5503	8181	8182	43509	43510
31117	75524
34032	37313	44158
3376	5734	19460
2363	18212
9413	14513	22025	22027	36596
22134	22139	27137	33137
1468	14264
5572	8936	8937	27138	27139
5361	11796	17049	48454
3760	46936	50899	55060
177	22647	24505	69727	69728
5207	58911
59031	59032	59033
52634	52635	52636	52637
5173	5174	8750	9632	9633
7518	21812	28128	28129	28130	28131
9945	15218	32926
3777	3778	3779	3780	3781
9385	43502
19542	69707	69708
236	237	6399
14802	14803	14804
3356	23451	23452
13660	13661	13663	68360	68361	68362	68363
77988	77989	77990
9562	17483
4310	4311	4312	4313
28139	28140	28141	28142
11201	31720	31721	31722
2393	2968	7035	7036
6073	12279	52358
969	17136	37582	53701
2421	9630	20501	25917
1032	1033
2669	34811
26970	30847
1005	20117	20118	20606
26910	40699	53054	53055
1135	1138	23580
65045	65046
20048	63756	72468
66706	66881	66882	66883	66884	66885
3580	4142	9624	45377
6261	6262	6263	6264	6266	30794
55506	78583
266	56093	60199	60200
27859	27860	27861
837	44331	44332	44333
4763	40323	55779
7585	7586	7587	7588
64710	64711	64712	64713
11317	38709
14860	19041	20846
4389	15297	68931	68932	74098
77346	77347	77348	77349
7787	29703
2261	2262	5338
287	1288	1289
2272	37782
3740	55114	62026
110	2160	5003
16054	16056	57987
1357	5452	19803	49019	49020
10746	14149	17190	69576
17069	75127
11341	25333
12091	22858	77649
14298	14299
18	1138	13111	22070
223	10276	11139	24909	49364	49365	49366	49367
11726	64328
1565	5329	16623	17353	45961	51148
5204	15443	39035	41727
18834	20319
7744	7745
9765	31340	32528	32529	32530	32531	32532
8434	40337
27492	60605	60606
2539	8535	8536	8537
8586	13070
2572	18470
77020	77021	77022
1060	3771	22305
1116	1378	1380	4627	21772
14617	14619	14620
11653	41174	61625	61626	61627
3334	3335	40153
2377	36954
20668	39205
22634	22635	31415
3159	23057	23058
8540	43253
9723	16764	22835	27537
2470	15418	15419	15420
7239	20586
25080	48147	48148
5129	6823	21517
42244	42245	43756
3788	5431	26910
1985	3478	3479
20581	22826	38648	45064	45065	45066
5930	7495	7496	7497	25916
20590	25390	73266
44377	71042	71043	71044
9401	15998
14898	16202	16638
5037	34136	37494	43449
9945	15218
36274	73755	73756	73757	73758
20505	32908
20028	20302	20303
5094	7969	20416	28255	33386
19802	25106	38131
79292	79293	79294	79295
3247	18511	43002
40083	40084
909	26805	31875	31876	31877	31878
1507	12752	13477	13478	13479
4330	60333	69627
1374	13788	24975	57863	76798	76799
62408	62409	62410	62411	62412
12188	79455	79456	79457
2409	10142	12992	22423	39625
5308	16881	62997	66307
7445	53362	60965	60966	60967
6937	35560	35997	64335	64336
7350	39278	39279	39280
19362	19364	19366	19367	43763
12651	12669	79076
177	15053	15403
2942	19507	30768
5498	5499	5500
3301	5161	12419
1338	12175	17988
80581	80582
2253	12806	21769	31586	37091
2363	39776
1039	14777
31282	31283	31284	31285	31286
3546	18384	18385
1194	1195	1196	11530
13429	16772	22861
22541	22542	63980
92	2942	13132	34264
23872	23874	33499	33500
17447	29932
22134	22139	77291	77292
2267	47378
8717	25613
14611	19552
48020	54226	54227
14518	14519	68488	68489
42750	42751	42752
3593	6546	14292
76475	76476	76477	76478	76479	76480
10938	25918	25919
19766	21629	21630	21631
21252	21254
1874	17062	17063
9874	9875
499	17760	17761	17762	17763
6496	15787	29551
15832	15833	15834	15835	15836	15837
26910	32526	40699
5208	53854
12341	19621
16421	60382	68185
1441	13861	35921	54873
17190	37760
22246	29998	50615
9229	15810	15811	15812
5116	5141	21964
48921	53380
64522	64523
2378	3370	17049	23138
12587	22719
1941	1942	5208	44392	44393	44394
2456	13176
228	280	36468	54661	60163	68617
15658	17558	64822	67124	67125
15388	15389	31051	60703	60704
2600	42053	43506	51691
29094	35104
7341	35723	48680	48681
11293	17581	23996
531	24644
1793	8125	33750	65411
21510	21511	21512
15971	54570
22444	22446	37534
20659	20664
113	5452	11777	45799
988	75815	75816	75817
1177	5735	45367
2492	31229	58051
14538	14539	14540
2331	2332	20040
2949	2950	2951	2952	2953
8327	16314	50171
1324	3043	9441	11286	58907	71153
9012	43921	43922
3570	17775
1968	2277	7980
11839	14749	15383
2090	20091
2098	6817	8756
6109	6110	6112	38016
1252	18528	18529	18530	18531	18532	18533	18534
39306	39307
69805	69806	69807
5832	63288
234	348	57297
3816	3817
80202	80203
1	10506	10507
29544	60851
18387	18388
29573	38554
2024	4668	9161
18070	18071
3147	7952	18848	46841
38255	38256
15216	18664	21129	22405	22406	22407	22408	22409	22410	22411
4246	9745
19909	35092
14987	14988
14048	14049
2272	18105	37705	45725
1936	9256
62295	62296	62297
1240	2421	12905	17394
3461	20404	28054
3631	6096	13110	33727
177	18850	72481
3253	8717	17677
2368	17397	54795
4243	4244
12413	59837	59838	59839
159	814	13703	14650
1139	9843	18760	66557	79279
5708	8187	8188
580	1716	11736	15237
7885	11027	11028
3233	28476
28583	65277	74765	74766
2310	8957	23625
7901	12615	12617	34456
14874	61889
3310	15087	15088	15089	18903
1937	33899	33900
6243	42418	42419
11796	16638	17049	34185
1022	4012	8307	8308	8309	13397	24241
1822	5864
20934	39886
39835	39836
5386	42989
278	10089	12020	42404	61090	67096
8233	50851	50852
969	21683	22888
1305	5620	10544	10547
3581	21993	46630
36614	52764	52765
5501	5502	5503
4721	4722
4265	7350	35535
464	7284	17376	20524
12343	13631	68906
28504	35692	35693
18417	20684	45441
25086	25087
10287	11458	57399
4587	9188
43845	79018	79019	79020
11605	12881	18076
14972	22098	59820	61842
4553	33127
2243	5353	48685
2497	2565	19272	20205	74750	74751
7045	10409	13793	20312
13703	31987	35451
12	36822
1985	9834	28898	28899	28900	28901
12604	12605	12606	12607
71329	71330
24317	24318	24319	24321	53827
1181	47405	47510
36101	36102	36103	36104
45712	45713	45714	45715
2390	2391	2392	2393
279	280	20107
13786	13788	72385	72386	72387
556	5445	11719	13267
5930	7226	7497	8821	25916	38520	51130
1829	50964	54896
376	8923
5000	17002
39867	39868
11874	15835	54672	54673	54674	54675	54676
9756	10261	34130
3646	3647
42271	42272
18035	39695
5620	34826	50792	54108
3056	53023
17549	17963
14711	14991	53141
5856	12367
38279	38280	45710	45711
13281	15533	15534
15037	15038	15039
5734	22490
4022	8615
13887	14067
21052	22063
655	2378	5869	7268	12762	14926	77267	77268	78982	78983
59052	59053	59054	59055
27244	60050	60051
31871	31872	31873	31874
51039	61458	61459
4106	4546	13397	24776	57422	57423	57424
3584	3585
13482	27095	46453
6008	17695	46348
75567	75568
19041	21196
18921	60538	70004	78329
19812	29452	58360	58361	58362
15475	22834	49581	49582
906	36451	36452
1985	8504	8505	8506	8507
16071	17000	31520
12298	42315	42316	42317
73940	73941	73942	73943
2227	2228	21430
49243	66036	66037	66038
6066	27929	74774	74775	74776	74777
16059	55323
28746	28749	33333
17409	17410	27765
313	75291	75292	75293
81	747
3810	61950	61951	61952	61953	61954
1020	25489	25490
3281	3282	3283
6496	27798
1677	50175	50176
4518	4519
8622	24171	25802
10008	13771	14008	14009
20178	45914	45915	45916	45917
1275	4319
3461	12178	17751
1993	23786	25317
24411	24412
11994	11995	62819	71815
902	10083
2436	34604
3597	18198
13861	24127	24128
12065	77579
289	290	59830	59831
19174	19175	19176
1139	13899	18689
2244	28588	28589
7400	7402	33189	33190	33191
44321	71341
9339	9943
54967	54968	54969	54970
9870	9871
1765	15658	45392
10059	37945
41988	41989	41990
18397	19852	32226
26905	43258	43259	43260
6577	18256
1324	1326	14707
5204	23045
4625	8760	14034	45974
18	132	2252	2253	2254	2255
2448	17197	17198	17199
6819	26496	72583	80128
14486	63956	63957
23417	23418	34975	34976
64664	72766	72767	72768
2448	15906
157	158	159
11705	15837	16407	16408
3407	3408	3409	3410	3411
18700	22684	22685
3884	10276	79377	79378	79379	79380	79381
3146	77206	77207	77208	77209	77210
11258	21430
267	60225	60258	60259
3858	16764	22835	61570
33981	60824	60825
17504	17505	17506	17507	17508	17509	17510
57914	65055	65056	67976	72765
6633	10939	35643
1804	8831	53310	53311	53312
5686	11735	11736
11613	35336
31790	31791	40685
45199	49581	78249	78250
61737	61738	61739	61740	61741
46772	47283
15675	15677	16369	16370
1519	2572	8122
2502	63652	63653
20896	20907	79412
25247	39574	39575
14991	68962	78266	78267	78268
37954	74386	74387
15706	15707	70752	72245
21331	21332
16104	16105	18182
17074	28153	32721
11305	66708	66709	66710
181	2904	9040
10287	14183
1323	18583	18584	56734	56736
12295	36282	36283
5325	8118	9496	56317	74034
17788	17789
2320	3092	6585	15360
2646	2647	10037	60328	66273
185	38073
1716	35472	36247	36441	38926	47217	63681	63682	63683
49622	49623
3955	20956
3568	56884	56885	75154
26642	26643	26644
13898	15129	18923
1892	40609	78027
17190	20300	29436	38628
5714	62458
38999	47579	47580
14574	14575	16045	16050	19015
24357	24358
12990	14903	17139
4370	16146	62438	62439
2689	4389	4866	11463	19857	61981	61982
63054	63070
28243	28244	28245
44834	46665
31654	31655	31656	31657	31658
5172	17201	57881	57882
14641	14642	15772	63953	63954
4386	16102	18511	20860	26571
18981	21574
259	3848
72597	72598
13393	17620	23945
4827	41784
6485	25583
14577	44731
14743	33673	33674
75	241	26707	26708
58206	58207	58208	58209	58210
1734	25894
206	207	63848
15148	56559	64061	69169	69170
1225	1359	1360	1361	1362	1363
3810	19024
36492	37742
16065	16066	35950
7428	12413
21876	22674	22675	22676
16357	70086	70087	70088	70089	70090
4309	21543
2832	29839	29840
2870	2871	2872
22243	22598	39859
20020	30784
10184	10185	10186	10187	10188
22489	49060	52731
26647	26648
3675	58806
256	3882	8177
22922	25361	55210
6505	40351	40352	40353
12225	18607	18608	18609
2889	14412	14413	14414
38216	38217	41359
1530	38652	38653
6663	13559
2964	53146	63696	73393	73539
71901	72049
2209	14793	15501	17289	17927	55542
15633	15634	15635
7617	7618	7619
27263	27264	27265	27266
65951	65952
1303	1413	1414	25074
1305	5735	17661	33790	33791
2850	14938	22858	49937
3979	3980	5009
2646	11347	38516	53933
3878	15121	15123
9030	13850	13851	13852	13854	16495	53634
21728	35942	37111	55907
21099	52176	52177
22125	54489
31	6073	12474	68934	76841	76842	76843	76844	76845
179	15318	59134	65053
73858	73859	73860	73861	73862
9043	17653	19289	45494	45495	45496
55936	64024	64028	67054
5586	60420
1634	2305	6256	47220
1566	22889	22890	35512
65421	65422	65423
943	20937
5740	62757	66832	66833
755	5593	18719	27917
6879	35237	35238
1191	4301
36199	36816	38456	40287
53208	79787	79788
224	1138	4360	21617
27933	27934	27935	27936	27937
1600	17085	17938	25393	26792	30727	30728	30729
707	27830
21046	21047
39253	39255	39256	80101
1264	6743	37109
10121	10122
11444	14307
7341	61098
9732	9733	27458	44048
110	1281	3190
2262	2263
3980	35278	57028
31642	52425	70209	73398
3974	18246	19959
4389	18261	74152
2378	14503	17018	17233
52657	52658
36209	44943	44944
3878	15123
2277	35727	35728	55793	63684
3011	16492
1647	26461
26755	26851	32886
1643	15529
1563	20734	31514
1281	31726
47597	47598	47599	47600	47601
6294	76158
1007	55391
4302	36441
40606	51295
16691	40154	75138
14898	53338
6316	23389	36688	36689	36690
79922	79923	79924
32455	32456
5711	5712	5713	5714
6575	11366	63300
5447	14180	14181
10278	52067	52068
3685	13112
11705	29510	29511	34711
30172	30173	30174	30175	30176	30177
1694	33743	33744
6146	17741	21576	21577
1382	13013	15150	16523	64042
2934	9548	9945	14650	15168	20066
2845	11869
5621	6993	8184	18325	18339	19837	23683	27347	28061	32738	32739
3073	55563
224	43069	47758	47759
46502	71456	71457	71458
5644	7227	30584
2193	8338	42234	42235	42236	42237	42238	42239	42240	42241	42242	42243
5148	7859	37202	57990	64041	68061	72994
39755	43468
31941	51906
28045	28046	32169	32170	32171	32172
2710	21432
6831	14366
19124	23703	44517
15517	24841	29651
1795	12115	13764	13767
7763	33430
90	578	28576	29233	29234	29235
16424	16425	59878
12255	21773	21774
181	6549	6550	6551
256	3041	8830
73348	73349	73350	73351	73352	73353
192	60196
29532	70850	70851
15540	15636	15975	15976	15979	65054
6046	21986	59719	74937	74938	77772
1138	7787	13111	48058
63748	63749	63750
44254	44255
1414	15289
655	6932	15152	50595
66920	72408
16233	31109	46769	54539	54540
23964	32790
16427	19584	19585	19586	19587
961	2209	11191	17927
27345	27346
7207	30383
348	3849	5731
3386	57104
9828	9829	9830	9831
1193	3293
1022	7279	11277	56463
52429	52430	52431
626	18560	18561	65689	65690
1326	10201
934	74135	74136	74137
3200	3201
47108	47109
4866	11463	36959	47260
16633	16634	64937	75250	75251
3541	13793	13899	20312	76297
36495	36496
11914	13419	59867	64115
3730	11187	80280	80281
11986	11987
23494	36255
59945	59946	59947	59948	60458	69297
15096	25943
54480	57687	57688	57689
58036	58037
10304	10305	10306	10307
4790	12351	12352
31073	31074	31075	31076	31077	31078	31079	31080	31081	31082
9208	11980	60152	71001
175	24942	33838
275	13544	13546
29381	53419	55653	59864	67400
36303	46433	46434	46435
1647	15013	16734
14286	65948
531	3529	30580
240	1008	8189	8190
38460	51197	51198
12474	19307	26704	51692	68502	68503	68504
38992	44760	44761
993	5116	42015
7580	40517	40518
59000	59001
20494	55833
71452	71453
94	7535	7536
9018	28305	29734
135	19061	19062	19063
1621	48511	48512
14218	14222	15561
3497	40362	40363	40364	40365	40366	40367
15706	15707	56345	72230
17175	17176	17177
17231	69504	69505	69506
1131	2406	19913
10753	64428	66786	73930	73931
7	556	6910	11797	12291	13876
33508	33509
2244	14890	15557
6521	6522
2380	15342	74989	74990	74991
34708	34709	34710
35271	44268
76476	76477	76616
12990	78352
12506	19388	19389	19390	19391
11308	11309	11310
69177	69178	69180	75155	75156
9423	9424	9425	9426
20869	20870	20871	20872	20873	20874
22988	22989	22990	22991	22992	22993
4765	12200	12201	12202
2421	18301	56411	57837
1634	10039	54190	54191	54192	54193
965	36211
706	1513	5201
10432	63697
3675	16033
5689	10412	26391	43348
905	906
7094	37047	37048	37049	37050	37051
13736	14345	14346	15306
1023	2233	9845
4857	37432	37433
2272	36303	37188	37189
3580	3882	6291
7782	7783
80073	80074	80075	80076	80077	80078	80079
22446	37237
7508	7510	7512	17478	17479
36966	36967
1040	1041	1042
53418	53419	75996
32469	63117
9765	33157
116	4045	5640	19812	31608
464	24795	25980	50749
3610	6538
6046	33418	33419
7684	7685
944	18058	21459
7225	7226	7500	26815
11688	43365
13201	16614
5874	19199	19200
8323	16033	20580
7943	42292	59816
4866	20844	21196
17585	17586
40346	45609	76609
2999	3000	3001	3002	3003
59992	72036
6748	67385	67386
14595	62636
78581	78582
9946	12907	12908	12909
183	462	2367	20409
8177	11555	12616	17923	77492
22221	22222
20259	20260	20262
18018	18019	18020	18021
29841	53844
54543	78830
21233	47419	53270
2731	10985
12474	16367	41692	45111	45112
48053	50496	50497
3654	3655	20132	20581
29936	29937	29938	29939
1004	16153	16154	16155
16022	16023	16024
6439	6440	14692	23395
77968	77969
1065	2209	44790
1716	2572	35113
14615	54274
5175	25166	38872
1428	44155	47395
45639	45640	45641	45642
6652	6654
10561	10562	10563	10564
1059	1060
544	663
20048	69015
991	27499	27500
25749	25750
6356	6357
21506	37349
2272	7557	17468	25333
54816	54817
12235	69384	69385
12	7337
4112	26457
3844	4250	4251	80044	80045
3098	9733	20570	49516
3376	7045	64702	64703	64704	64705
1874	34725
13958	40616	41670	41671
7167	43239
179	7084
2220	20687	40397
375	1005	20501	24868
2246	6186
19	20	2350
13771	15096	55494	79830
51228	51229	51230	51231	51232
15083	15773
57357	57358
259	9301	22573	22732
11317	21949	21950
9301	42111
14397	36969	42221	51818
159	1437	14898	16638	27914	27915
13132	17761	46038
1634	10038	10039	10040	10041	10042	10043
34870	56353	64410
33651	33652
14760	78294	78295	78296	78297	78298
1191	6777	12455	45574	45575
9599	20015	26111	29121
7176	7177
7668	11364	12245	51917	63687	63688
1090	1091	4112
61559	61560	61561	61562	61563
655	5869	12236
10335	34409	34410
13669	13670
278	10089	42404	61090	61091
106	16274	38972	74869
11900	48723
5791	10001
1053	38211	38212
20685	75898
3855	42769	47453
6939	16380	48413
7077	11345	43098	61399	61400	61401
2700	3902	7331	12988	12989
13393	13703	33384	40720
7167	17297	26999
14267	14268
18443	18705	29325
10527	10531	26896	59636	70463
11511	11512
31837	45932
15055	59996	61174
9415	15286	28517
225	3694	56453	56454
177	179	13069	22647
114	115	116	117	118	119
39351	45233
11434	38060
42	17168	33459
5530	19322
4007	57128
4285	79808	79809	79810
5996	72065	79064
503	14136	15016	15017
6937	35997
15027	20476	56504	61451
3730	11184	28997	28998
2179	14749
74141	74142	74143	74144
8952	8953	8954	8955
71677	71678	71679
36331	36332	36333	36334
3980	4987	10498
23013	34962	39426	39427
5208	5596
14991	15501	15502	16592	41717	56665
32883	32884
1162	27493
61514	61515	61516
171	172	173	174
8783	14406
518	1326	9947	14105	36616
5790	47102
7384	26405	42852	42853
1233	16666	22049	68850	71625
2176	34926
3872	36027	43884
5129	6823	21517	25386
712	2647
20032	33712	33713	33714
26998	27000	36678
4210	13494	13495	13496
30387	30388	30389	30390
5596	13392
7957	15118	27112	36565
240	1305	5735	17432
1607	8152	10099
17389	28228
8233	26711
36058	36371	36372	36373
61407	61408
2326	79639
4049	9402	44831
24652	62625	73280
7518	23682
11712	26052	26053	34722	35395	61983	61984	61985	61986	62881	62882
9030	11839	14934	18216	27914
12616	17923	60188
855	2066	2566	9901	21683	26219
25195	25196
11993	71477
1732	12632	12633	12634	12635	12636
19074	35921	49169	49170	49171
14412	18155	27811
37161	59507
1302	3196	16960	18519
37592	37593	37594	37595
1298	5854	10578	32328	43847
34963	35337	44023	44024
18980	18981	20485	20826
1874	35168
3513	18476	49899
34069	37509	37510	37511
6496	27501	27502
51885	51886
70677	78068
2492	22496	22498
10746	34691	34692
33268	33269	33270	33271	33272
69301	69302	69303
2839	50414
79800	79801
314	4742
1005	40798	77826
41277	44533
16594	16595
14496	19168	20591
5554	79357
19111	19819	64248
67707	69943	72048
36311	54900
39778	39779	39780	39781	39782
181	19960
21615	21616	34635
1357	4071	5253	9231	22566
2194	47779	47780
16616	16617
24154	24155	24156	24157
15966	38477	38478
241	1131	1596	1597
3376	20531
8622	8623	25502	41188
6737	25318
1418	15686	16094
20	11796	13015
3128	3129	3130
2160	2488
3	4	26625	26626	26627
25055	25056
32435	41980	59354	59355
3531	44586
3726	3727
11810	11812	15471	22835	26790
1716	5596	17390	20561
25932	25933
22043	22044
2366	15501	15502	15504	17045	17047
11324	11325	11326	11327
4370	14947	18861
65338	65339	65340	65341	65342	65343	65344	65345
18256	21394
987	989	40868
18221	25002	55054
10432	26515	53046
1191	4457	4459	4460
3043	9441	14637	72142	74258
13507	37062	37063	54778	54779
4809	4811	35590	54532
1324	1326	35066
90	706	2771	4997
260	3580	6805	26186
5733	5734	5735	17576	42338
7560	10640
75573	75574	75575
13723	40719
2380	6252	6254	6255	28282	63197
183	375	1401	18272	24256	38022
3445	12073	25390	25392	38343
20683	60593	71145
961	11191
443	3593	4125	12530
8508	9025	9301	14939	35874
60870	60871
72689	72690	72691	72692
1860	2310	18476
23951	23952	23953
13566	14415	24992	35937	56811	61923
6585	22259	22260
3837	12781	38993	38994	38995
3940	10540	19857	25189
10761	19711
19316	29395	29396
78228	78229	78230
1865	3316	10757
22652	27623	27814	27815	27816
14800	73611	73612
67731	67732
4303	12930
3368	5991	51499
5991	48274	48275
4463	21802
10772	30326	50776
25744	34804	34805
11434	14057	15280	15281	29534
14034	14194	72588	73144
19545	20120	45322	45323
21780	46353	46354	46355
21368	21369
1303	6823	17715	26420
1090	2291	3232	3233
13885	47063
4061	4062	4063
3462	3463	3464	3465
228	2066	3367	22711
116	600	19380	25888
940	2116	7026	13466
11588	18335	18344	18345	18643
578	29234
145	54449	54450	54451
3898	3899
13427	13428	13429
18719	18720	18721
1316	9301	16267
1880	21879	21880
3609	13931	15120
10642	10643
9148	61991	61992	61993	61994
3091	14203	17389
7100	40944	40945	40946
75710	75711
3980	17803	22597
1243	2817	2818
1906	1907
468	469	470	471	472	473
818	819
15055	59996
24911	24912
29181	71031	71032	71033	71034
14952	16619	16620
8297	62220	62221	62222
8315	31845	31846
14057	27696	69801
655	5870	9392
3368	8880	28107
14470	14471
2132	5386
1303	1694	2374	3604	6479	10915
14749	22863	22864
15966	30653	60963	78720
13185	79700	79701	79702
487	11395	43302
6073	12474	15667	56212	56213	59720
25558	35249	35250
2365	2366	7368	49620
234	2263	7718
1798	53767
33537	33538	33539	33540
4235	4236
3146	9209	69144	69145	69146
655	5990
19963	19964
5734	23107	47409	52187
1326	44526
1139	6550	48133
12890	24172	24173
3368	8880	72184	72185	72186	74842
2607	2609	62617
21603	31642	63680
3580	26781	26782
7370	37265	37266	37267
38442	38443
40142	40146	40147	53626	53627
12862	12863
3247	35947	36391
3920	5983	5984
656	23854	67743
36365	37071	37072	48146
1848	27404
515	516	655
5172	6420	6421
1329	3610	10586
1324	11839	36048	37109	37202	45905	60274	67348
2209	18606	21710	56229
1460	64548
2247	19461
20651	59129	77454	77455	77456
79282	79283
9900	11796	21389	35439
54240	54241	54242
18256	77125	77126
51907	51908	51909	51910	51911	51912	51913
6490	13956
5146	15796	41718	47377
63314	63315	63316
1331	1437	15083
259	835	19536
10	64325	67880
3337	3338	56419	56420
14579	14580	14581	58372
1719	19250
53482	73267	73268
3580	22856
2586	38386
9780	80558
78683	78684
2505	12176	24978
5601	5602	5603	45800	45801	45802
556	8147	12603
65648	71058
1929	6190	67927	67928
2018	4010	4025
3099	40342
56429	56430	56431
3433	9203	9204
70880	70881	70882	70883	70884
931	6560	51291
1291	1293	26839
790	5035
21216	34240	34241
15230	71311	71312	71313
15967	15968	15969
3437	41335
50065	50066
10743	21306	56626	69782	69783
7164	7165
7397	7398
3580	23510	24355	24356
21529	23526	34445	34446
19325	20806	30462	31479	31480
14991	15614	16202	29465
1220	1221
1485	6646	6647
12648	28563
38787	38788
21766	55061	55062	55063
4705	11801
17001	43585
55140	55141
28449	28452	28454	57402
49233	49234
9155	37955	37956	37957	37958	37959	37960	37961
655	10142	14749	15141	69706	74760
1202	11201	13665	18509	28018	28019
5996	51742	72065
3708	3709	13486
375	6944	54200	54201	54202	54203
62582	62583	75607	77514	77515	77516	77517
47979	76422	76423	76424	76425	76426	76427
667	668	669	670	671	672
13551	14523	14525
280	11395	46126
72613	72615	72674	72764
5447	9225	9226
839	1976	3698
34069	44572
13393	17620	33518	36676	36677
19259	19260	19261
5898	5899	6823	20521	20522
76484	76485	76486
45683	45684
1804	26052	26053	26054
48556	48557	48558	48559
12691	69155
10808	18243
80440	80441
36805	45811
28778	65013	65014	65015	65016	65017
1862	20394	20396	43979	57359	57360
1065	16228
52929	52930	52931
620	12110
1889	72126
998	17033	28886	28887	28888
47	16008	16010
1085	12512
3338	19506	24657	76903	76904	76905
38460	41119
3253	17677	32402	32403
14272	16937	61292
12073	25695	25696	25697	25698	25699	25700
60376	60377	60378
13600	17136
5655	7306	18726	27280
3072	9733
38076	41103
13318	52348
79552	79553	79554
8001	8002	8003
12285	19929	36246
18298	18299
11439	11440	22764	35194	63216
7445	37099	64338	67909	71860
14451	46770	46771
9229	16033	29511	41072	74102
3844	23755
16968	18017	72497	72498	72499	72500
6033	55824
940	941	942
68300	68301
5991	14972	24557	27903	35378
14991	16038	16039
42023	44111
25598	52642
8955	39053
99	27429
76683	76684	76685
27652	28576
2374	17715	26120
25084	25085
1665	9947	11520	51769	51770
22932	51432
2936	2938	8120
3098	33192	33193	33194	33195
15647	15648	15649	15650	15651
46151	46152
7573	30780
4630	5873	30646	48820
58505	58506
4587	8610	8611	8612	8613	8614
32544	32545	32546	32547
5376	28249
13161	13162	13163	13164
7797	9751	9752	9754
33580	59014
9301	19525
20038	42121
9076	10192
16849	16851
4688	67131	67132
29719	49557
7445	19026	19027
3367	11444
32033	32034	32035
9571	18680	20668	51768
23838	25673	34747
1007	1008	31516	49596
4071	4072	5253	7969	20588	39078
4308	18774
21715	31809	38122	38123	38124
45880	47871	55181
5327	8585	78575
3559	3560	3561
9241	18774	20817
3188	3614	8713
21406	21407
174	8713	14462	14465
35452	35454	39236	39237	39238
1502	1503	1504	1505	1506
2727	79488
94	135	9072	12235	13282	15097
26816	26817	26818	26819	26820
43651	43652	43653
7085	39578	43976	43977
14825	43585	43586
4489	13914	32714	60315	60316
9736	21242	21243	55573
11167	16390	16495	34642
10749	35511
1315	3366	40661
2095	7314
1323	6835	18582	18583	18584	18585	18586
1179	80150
5996	17939
19036	30572	30573	30574
14952	29320	45547
13951	13952	13953
13214	48674
10226	29188	52195
2685	2686	2687	2688	2689
586	69577
6315	17981	17982
1558	4835	4836	4837	4838	4839	4840	4841
1605	1607	8991
2687	3844	48089
12994	74619
38615	44987	44988	44989
63264	63266	63297
30376	30377
2053	25136
5447	9382
502	503	14136	15016	57082
110	2159	2160
1089	1090	1091
181	18774	29645	29646
3099	24308
72714	72715	72716
3085	3444
2118	2119	13297
1469	1916	3535	15630
1191	12455	13132	29545
1329	12279	13752	32365	50930
169	3461	32896
23851	36134	36135
2609	6001	11714	20015
666	13703
5056	60898
17713	25249
5756	8627	45056
574	30259
1645	1647	14997
79045	79046	79047	79048
712	965	16974	39351
20536	23233	23234	23235
8003	8995	34460	37245
5672	7221
14625	14749	22359	22360
35683	38755	38756	38757
68713	68714	76020	76021	76022
3448	3449	3450
4330	7982	35448
67813	76024	76025
11414	11415	11416	11417
2147	4072	4079	16261	25454
3517	3518	3519	3520
74736	74737
1610	2053
48601	48602
3546	14663	14989	14990	14991
7907	7908	7909	7910
2699	17900
5938	13276	35822	48886	48887
1303	3196	5899	6479	6823
12973	15279	56446
18110	21096	21097	21098	21099
14218	14222	15342
22984	29053
2814	2815	2816
43395	43396	43397	43398
1125	16290
1054	1325	2934	11839	14567
135	67508	70870
40223	46835
4545	19272	19300	19301	19302	19303
1868	10746	69471
5642	5644	28092
24097	42325
1275	54043	67213	67262
12074	35643	38079
3609	16342	70832	71898
12962	27897
2531	2532
813	5325	15342	35988
3320	7011	20573
175	179	47173	47174	47175
19383	19384
3233	21865
3044	9441	58907
11023	24716
49475	62158
41453	68559	68560
15388	15389	31051	61004	67559
3550	62532	62533	62534
59133	59183
43798	51111
179	15500	15501	15502	15503	15504
8540	17720	27800
18255	26677	30440	53517	73676	73678	76916
3730	18117	18118	18119	18120
5689	7790	18004	63849	63850	63851	70564	71175
19010	19011
2267	46236
712	961	966	27384
10551	27783	42853
1339	51097
38925	78545
14218	14222	17076	56075
22029	63687	64799	65895	67518	76094
75484	75485
13428	15333	16634	28367	64874
17788	44616
15873	15874	15875	15876	15877
3218	42481
14352	14353	14354
9205	20746	30070	44457	64730
16764	16950	51778
1079	13281	43428
657	24083	28448
14908	39756
4136	6730
10938	12446
6843	15841	33513	33514	68376	68377
8231	12499
3654	3655	6965	50344
38556	52606	52607	52608
2119	2120	2272	9351	16786	16787
1326	2575	14777
1563	1565	1566
66652	66653	66654	66655
13773	50357
145	3991	20632	67013	67014
11759	23169	51962
2505	12176	15636
1441	3061	3337	16259	58803
1153	15345
1564	3318	3319
11341	13341	60614
10831	10833	52417
62367	62368	62369
150	46329	50648
25558	25559
31816	31817	31818	31819
2505	12176	12178	15636
23086	28540	28881	38635	38636
1003	8718	11213	11663
499	39045	39961
59721	59722	68740
42764	42765
12833	39455
3368	20983	20984
3845	4917	7388	13457	13458	13459	13460	13461	13462
2496	14555	14556	14557	24677
34345	34346	34347
633	736	5274	5276	5277	14020	54362	61296	61297	61298	61299	61300	61301	61302
13711	41775	44533
3544	64844
1024	1025	1026	1027	1028
9120	19534	29721
16638	23202	39864
1375	11979	16906	27671	57936
30888	30889	30890
20875	20876	20877
13920	56792	56793	56794
4092	10253	35180
1534	4075	12898	28830	32055	57051	62141	63517	66575	71791	71792	71793
15027	16623	22307	22308
77596	77597
8996	8997	60174	60175
1955	38169	38170	38171	38172
13013	57062	57063	57064	57065
18806	34024
14409	30280
2709	13313
8724	8725	11698	11699	11700
1862	8184	8197	18275	20039	36985
183	6234	18099	21248
43838	43839
1299	2952	8019	10512
177	18850	61863
10954	13199	15455	15930
4046	11900	35373	35374
2209	15872	16789	24697	44639
8393	14779	21775	23009	30191	40452
52986	52987	52988
11626	11627
4595	12123
2376	74324
1323	10239	19935	19936
13648	37809
6192	35834
91	92	93	94
94	14430
11443	57745
1065	2331	40141	46387	46388
3788	3790	4107	4108	4109	5431	13370	36007	36319	44610	47282	54012	55794
14679	14680	14681	14682
3982	7531	13875	17394	64451
13319	53940	70213	70214
2680	15233	15234	15235	15236
13091	14272	34951
24224	24225	24226
11591	15495	57021	57022
55393	55394	55395	55396
13444	48332
66786	66787	66869	66870
13818	34643
16403	45690	54701	54702
39559	39560
434	9186	11675	12703	25479	60407	60408
18112	18113	18114	18115	18116
413	39820	39821
7183	7184	7185
8713	13249
4896	4897
14230	14689	20430	36037	36038
227	230	14059	14060	14061	14062
5130	7219
63569	63570	63571	63572	63573	63574	63575	63576	63577	63578	63579
53831	53832	53833	53834
8455	8456
2839	5627	43254
6103	26051	77331	77332
1804	21664	26052	62941	62942	62943	62944	62945	62946	62947	62948	62949
1065	15022	15501	15502	56665	68817
43801	43802
5116	15936
22927	22928	22929	22930
348	2818
11590	20989	26410
2968	11129	11130
363	365	27282	31400	44084	57408	57409
1281	5007	24238	24239
2685	3255	60060	62724	70274
29021	78949	78950	78951	78952
2406	4154	20421	20422	20423	21695
15902	35229
12022	19286	22049
11279	12202
5734	22490	61002
2258	2259	16341	61534	63955
15506	37747	69715
24100	24101
15602	55131	55132
39819	43990
2116	6490	27229
6573	64569	64570
3098	66644
2327	2328
8083	22815	31255
1976	45679
352	11755	68037	70669	70670
13562	34973
824	2307	2308
22640	22641
7113	44335	57167	64109	64110
1162	20019
29134	36880	63513
1471	24347	31433
18303	29767
13276	35822	36419	44852	44853	44854
56570	56571	56572	56573
14452	23068
7257	7258	7901	22247
30079	51786
5173	5174
78448	78449	78450
1329	3366	5609
61628	61629	61630	61631
6159	7459	7460
3571	70114	70115	70116
42471	49104
15053	15054	15381	23875
6587	6588
5832	5833
12601	44597
13082	15307	20985	24314
14793	17289	78074	78075
13984	48301
1084	2504	40712	41378
7590	7591
6110	53449	60850
375	26290	57701	58032	58033	58034
655	16110	43200
279	4068	6150	6151	6152
790	6436	37372
16419	16422	55962	55963
3233	20616
3293	13429	15540	19410
4071	13793	18967	20312	32589
2845	9357
21700	40035	40036
3180	40310	40311	40312
1355	3939	18415	20601	20602	20603
36614	53127
17588	17589	17590	17591
20651	20885	20886
8660	58924
46328	80051	80052	80053	80054	80055
1862	4074	7094	12564	12565	12566	12567	12568
7866	38269
52796	52797
4507	12868	15902	17538
181	1065	2689	19857	46688
34903	34904
1638	26387
2363	7459
6110	21127	21128
3241	12777	19803
2687	2698	2717	12892	13503
181	183	25586
2489	3580
842	843	844
1326	8880	20551	35366
20302	73852
65649	70574	70575	70576	70577	70578	70579
8540	13316	35989	35990
36631	45880	48688	48689	48690
14017	48007
30786	34324
37348	40973
17314	17315	17316
11147	28022
13393	16770	16983	17761	56765	56766
8585	9945	14486	15217	18891
5596	18058	23574
3631	4246	4895	28645
196	358	556	3021	3622
8704	63872
13426	13427	13428	13429	43476
21717	28659	51069
6237	16847
686	687	2853	5524	14213	56733
41597	41598	41599
13641	15868	15869	15870	15871	15872
2264	2265	52425	63328	64435	70679	70680
32510	32511
614	8660	12290
1416	1417	30896
211	212	419	4430	4791
14947	40832
17001	24529	43785
9630	25522	25523
24958	26732
6298	35081
4866	20844	21196	23103
11591	26139	55801	60179
2053	8083
416	417	418
13508	39594	39595	39596
15900	23352	23353	40487
15625	28461
42526	54326
931	15622
3530	14550	38212	55493	65580
5853	5854	12532	21231	60354	66344	74216	74217
13871	40323	60678	72558	78076
8855	8857	26621	59324
7715	23810	41224	64452
26193	56623	64269
9277	26698	39121
29277	29278	29279	29280	29281	29282	29283	29284	29285	29286
518	32405	32680	42014
37832	37833	37834	37835
1162	1331	32746	39914	55252
913	18952	25842
1077	2270	18272	30659
39849	44703	44704
43661	72968
36993	37709	45330
1217	1240	9549
4459	56293
11589	36007	45572	65939	78743	78744
12464	12465	12466
11458	43957
90	7331	7805	11545	31589
13887	46013
2850	50972	62908
3808	5744	7608	7609	7610	71859
3368	15691	16270	20532
14790	14792	14794	29644	31501	55988
36026	36040
4735	35073	45944
26640	54403	55428	55429
12755	12761	20307	31610	33664	33665	33666	44159	44160
5404	78945	78946
11900	44942
3367	65248	78959
3515	13021	13804
14490	51310	61841
44664	50006	50007	50008
1985	4488	46500	59877	77823	77824
18501	77722	77723
5604	5605	5606	5607
35442	40189	40190
11367	35729	53651
3644	24459	66248	66249	66250
15553	15554
4248	4249
11412	11413
5329	39507	40170
6303	20985
5142	6882
1058	4301	77623
6294	6295	6296	6297	6298
15225	15226	15227
656	1513	2771
36007	73850	73851
856	25936
6006	6007
13099	35389	43287	43288
6496	35753
1600	5942	6103	58146
1600	3980	17938
23018	28603	39491	39492
9412	50736
6437	46708
63812	65848	65849
5872	27900	58916	67944	67945	67946
12	48650
1916	2824	18122	27695
13423	13424
21155	21156
1403	4092	4147	21430
9376	21944
5647	5648	11115	16955	16956
4895	24984	28052	48448
1358	5404
585	654	13405
24382	62417
46181	48187	54619
3619	3620	3621
37264	45189
3125	18886
13767	35849	75995
11603	20701
13370	13371
1338	71926	71927	71928
57843	61422
1647	3658	6440	19059
1985	9732	64644	64645	64646
11372	42086
2061	7252	49071	49072	49189	49190
53169	53170	53171
1977	12990
2388	18614	29342	80461
3855	4210	7019
41634	41635	41636
8003	19497	29898	29899	29900	29901
1892	9270	48645	55596	63027
3616	63644	64411	64412	64413	64414
9588	10968	14017
3995	44098
6746	18953	21075	21588
1196	12627	12628
15475	17077	24505	64121	73231	74715
66823	66824	66825	66826	66827
2179	2707
2744	60285
3265	15783	20071	47018	65525	66912
4813	7075	7076	7077
854	11241
13013	57062	66026
4431	18952	38124
15971	41095
26211	26212
1755	7011	9025	24792
27566	30421
13641	15342	19936	32257	34711
1003	8718	50355
1892	15125	40863	40864	40865	40866
22286	22287	22288
1490	5351	6506
633	33159	42497	42498
38563	38564
30435	30436
63947	63948	63949
1985	9732	25960
882	883	884	885
1130	9942
27653	33578
12849	12852
5948	19505	19506	20323
35643	78208
1007	7200
18506	26634	26636	67082
236	237
2272	11880	13052	13898
987	28572	58062
12073	29836
3872	12170	79487
13393	13703	42885	42886
9687	9688	9689
27234	27235
90	2699	18952
10785	18138
23734	23735
3675	15486	15487	15488
40671	45227	45228
20541	20543	22895
3238	37722
10887	14014	38354	63635
29425	48848
2263	4938	38253
36873	36874
1598	6287	32450	39874
20893	20894	20895	20896
14984	17607	17608	17609
1116	5499	45424	56261
467	4106	18364	18365	18366	18367	18368	18369
45683	45684	51762
2243	20878	25019
4922	36503
2081	79773
1299	2024	40815
12036	12037	12038
836	5587
74050	74051	74052	74053
16787	34505	34506
275	789	790	1058	1060	2417
5476	47964	47965
43649	50641
2263	4357	9553	12611
14292	58438	58439
10239	29014	72400	72401	72402	72403
7581	7582	16170
2244	15281	63396
2829	5737
26756	69389	69390	69391
2209	15022	15501	15502	17927	57919	63764	64140	64141
42214	42215	42216
10239	19935	19936	63882	76937
1170	9115	10456	10457
36958	55468
4515	12595	48400
53603	61359	61360
116	18330	18331	18332	29184	29185
14207	40191	40193
578	25506
3529	4903
4081	11427	53109	53110	53111	53112	53113	53114	53115	53116	53117	53118
228	14194
11545	18417
40577	40578	49351
13094	16685	16686	16687
2291	6559	6560	6561	6562	6563	6564	27740
644	8283	16565	59550	60955
4989	7367	15998	37860
2850	8390	60423	68100	68101
2689	4866	21999	22000	31888
7135	15912
7518	20619	20620	20621
30146	30147
5141	5142	22950
1060	2417	26225
2259	15454	41717	49517	63757	65959
67555	67556	67557
9901	26138	26139
14056	14058	19402
4271	55799	65122
183	22134	22138	76935	76936
36477	52385
16950	71117	71118	71119
19909	33116
4221	4222
23907	23908	23909	23910
25072	61832	68067	68068
1177	1305	3654	10545	13151	13154	55361	56080	65247
8713	9116	12765
3788	7956	72448
275	4550	9186	12703
11682	16287
8846	8847	9040	55174	55175
4323	12077	16565	18563	20102
20627	30536	47424
4696	11876	45453
7551	15910	15911
1076	38783	38784
13112	21502	21503	21504	52586
2209	16061	17927	56741	68238	68465	68467	70628	72462	72463	72464	75020
58607	58608
1544	1545
38809	67607	67608
49	13799
181	20067
9947	15176	15177	15178	15179	30082
13980	20685	24062
4116	4177	7968	9129	9130	9131
2842	38066
6298	44128	70432	74528	75801
10921	51929	51930	51931
75	1005
69607	69608	69609	69610
11759	48285
39824	41837
314	17474	21997	51685
69347	69348
22275	22567
5357	7370	53363
7200	20036	39326
181	4283	19960	47234
15454	15455	20326	27778
10411	11258	26174	47593
20739	20740	20741	20742
1608	25759	32498	41811
35098	39474
47	56871	75330
663	854
313	1441	17962	56701	60837
10882	10883	10884
13693	13694	13695	13696
177	28163	57916
1292	2209	3741	6835	41920	49474
68606	68607	68608	68609	68610
2267	3146	4389
15129	32820
3609	12972	14055	71176
4129	36244	38017	38018
1260	3449	3451	6746	22728
11670	52140
1162	1509	5469
11796	13013	15120	21391	25870	41712
1645	1647	15013	30466
6440	14549	14551	63733	63734	63735	63736
67509	67510	67511	67512
655	6932	12235	12236
8541	58271	64262
48551	48552
129	2044	8233	15950	41477	50852	53789	53790
3356	23449
9590	21052	32049
2374	8084
4389	14790	14991	15145	61791	63786	63787	68931
40664	45692	45693
5734	22389	22490	61002	63603	63612
56877	56879	56880
18919	18920	55014
3188	11873	18893
47784	47785	47786
11401	26671
31344	31345	31346	31347
12761	54999	55000
1487	48015	48016	48017
3376	24274	24275	24276
835	9549	9550	9551	9552
4922	4923	4924
1064	1065	14446	47352	49510
13312	47488	47489
5569	32058
3609	15967	20336	29209	29210	29211	29212	29213
15782	33643	47622	66624	66625
15281	70465	70466	74282	78343
1281	1734	1735	11691	25652
72570	72571	78468
1235	15477	17218	33346	56204
21362	60740
14922	14952	16061	36226
2043	41254	49621
585	654	2441
990	17283	37350
60410	60411	60412
5180	14130
3208	7081	7082	7083
13222	31360	38584
8540	8541
76380	76381
52452	64237	64238	64239
2270	6760	31464
37211	37212
30048	30049	30050	30051	30052
14060	67772	67773	67774	72983
8296	8788	15581	42970	48286	48287	48288	48289	48290	48291
32361	61873	70504
2406	17711	19472	21695	26593	26594	26595	26596
5481	5482	5483	5484	5485	5486	5487	5488	5489
4735	13068	63203	72212	77640	77641
1841	5593	31975
80259	80260	80261
35678	55838
1269	24658	38019
26242	26243	30517	32048
45380	45381
25366	35693	47853
32957	71483	71484	71485	71486	71487
12450	16184	16185	16186	16187	16188	16189	16190	16191
1530	40650
9097	58063
14510	14515	16813
38925	77337
763	6429
5689	9241	18738	22948	63459	70308	73145
1428	67253	67254	67255
95	12524
8178	8179
3546	3741	43483	46959
2056	2214	11290
2917	13565	47411	47412	47413
43155	68083	68084
7469	24806	66862	66863	66864	66865	66866
50310	50311	50312	50313
4917	20332	20333
22446	26964
38115	38776	53690
35915	52825
6909	46833	57707
3795	5807	5808	5809
6384	25490	51500	51501	56927	56928	56929
893	65526	65527	65528	65529
12325	21261	71505
2246	58363	58364	62778	62779	67373
7	3707	23781	23782
52493	52494	52495	52496	52497
44049	80616	80617
11044	35272
1565	2024	4907
159	28156
80241	80242
43505	47366
47049	47050	47051
4546	5206	23981
2434	2436	41324	41325
18060	67852	67853
543	1158	1159	1160
18299	49563	49564	49725
1281	6378	6379
5460	12295	16699	47217
32013	32014	32015	32016
1985	22134	60006
3366	14777	64559
38228	38229
7094	15325	15326	15327
9026	9027	9028	9029
2505	12646	15118
33001	33002
4957	9121
59108	59109	59110
2934	9548
5313	18863
2378	17927	51775
10545	10546	24975	32931	74986	74987
16037	33968
13198	13199
16742	22289	22291	28413
4482	7302	58483
181	2270	31576
2590	2591
11010	27644
3515	9401	16000
29094	47100
5440	8199	8200
1065	7769	7770	7771
39170	55423
15966	38478	60963
4088	4089	4090
190	20038
3335	8289	8290
9189	62539	62540
3347	29722	29723	29724
39124	39125
3627	3628
31791	40685	56378	56379	56380
2484	18448	18971	33430
18307	18308	79961	79962
4857	55455
3188	11341
4208	8700
7698	46836
2698	2717	29722	61417
3610	5042	23688	26827	26828
3356	43725	43726
735	27160
31189	52088	52089	52090	52091
14611	18658	18659	19552	26966	26967	26968
3233	16607	16608	16609	16610
6578	11979	15710	19001	19002	19003
1259	1260	17491
13821	45137	45138
5524	6898	6900	6901
260	9025	18364	34230
25333	35534	37697
716	43368
8615	34353	34354
10514	17664
41220	41221
1115	1116	1118	31386
6103	27547
12441	12442
1985	17319	27685	44787	51490	63856	63857
6916	10001	17410	17411	17412	26017
246	3881	24733	30558	75486	75487	75488	75489	75490
3434	4479	18059	24488
19257	19774	28394	32519
2165	4685	4686
3121	16176	57566
2059	60763	60764
2179	2707	53350
6937	52857	68592	68593
644	7698	22049	23735	68661
13227	13228	38059	42012	42013
5872	6760	32581	32582
6494	6495	6496	6497
6298	7159	7160
18320	27262
2385	18275	25481	33501	58431
659	4432	5296	19610	26173
2376	30863
7969	42841	42842	42843
488	62629	62630	71633	71634	71635
10169	11710
661	23737	40943
4866	21196	22581	22966
223	7012	60117	60118	60119
15399	26126	51438
241	1866	9339	11491
54017	54019	65500	65502	73321	73322	73323
67234	67772
151	14128	20987
21633	21634
19179	19180
35053	35054	50001	50002	50003
8880	13391	15316
1985	3820	6557	6558	8504	12854	23415	50161
12158	12159	13848	60979	60981	75699	75700
5797	5799	5800
2850	22374	30811	43112
6654	16957	16958
7837	34460	37245
6481	48012
1306	7045	13788
352	1509	74088
9028	45534	45535
11914	56958	60313	68072
50277	50278	50279
2173	22830	31436
4409	6851	16095	16172	16855	16944
49646	59440	59441	59442
1177	6833	6834
3878	28091	56157	56158
8323	61876	75288	75289
2489	3580	5885
46492	52561
10921	43542
11796	16371	21389	21390	21391	21392
6995	19990	20377
93	9919	64515
2859	3376	5500	6462	66981
8333	18882	25703	41519
23426	23427	23428
15792	73750	73751
10045	14876	14961
1139	3356	3358	3360
4459	13169
5838	12416	12417
17259	26350	59820	63744	76146
7163	41537	61405
1918	38761
27374	39404
3629	3630	3631	3632
1257	6209
10086	10088	33220	33221
13099	31011	42870
1196	4557	12628	30910	55883	57667
571	572	573	574	575
2246	10718	20398
36155	36156	36157
7969	12707	20416	21089
19012	19013	19014
11398	34157
224	29138	34113	49567	49568
11545	23261	43067
2178	2179	2707
108	18860	19356
19684	41057
2393	5163	5164
6866	14458	33291	34786	34787	34788	34792
60319	77111
3338	13430	13431	17190
1326	42490
2406	24021	24022
2850	35673	35674	35675
37111	42078
5505	15667	19999	20001	20529
11722	11723
9596	9597
5734	19460	22490
4105	15942
20971	20972
29068	32669	32670
941	1797
4116	4553
13082	15192	15307
28093	28094
65914	65915	65916	65917	65918	65919	65920
16396	16397	16398	16399
33469	36233
7969	22122	23547
10406	10407
13793	20312	26514	51446
240	241	3586	7818	9551
3974	18417	21232	67198	67518	68150
15407	15408
1203	5596	35877
1985	15573	15574	15575
4821	14472	14473
35957	44729
15224	24552
6571	11655	37077	41174	41175	41622	41623	41624
29805	29806	29807
35517	38660
580	31708
112	1789	2018	12561	12562
41648	54691
4075	11068	12898	20492	28830
10287	38702
61496	73761	73762	73763
158	1765	5170
826	51290
22324	24445	51966	51967
15712	44745
39135	65080	68518	68519	68520	68521
1078	1079
259	835	26917
2687	3255	21103
1065	13429	16690	27530	32946
10831	10832	43750
655	5870	9392	14564
5744	7608	7610	11119	26726	26727
40916	40917	51315
78155	78156	78157
45469	56968
7445	64338	67909
3654	43180
575	4370	14947
50	51
49102	54357
837	44332
181	17231	41849
1734	25893	25894	25895	25896
1326	2179	5991	9945
50415	50416	50417	50418	50419
10432	22105	29034	42499	42500
8504	11322	65745
832	915	15328
3580	24355	25014
41404	41405
216	1499	26387
419	7904	9174
1039	3893	4857
1280	31660	53574	53575
6584	6585
2265	35936
282	17657	55154	55155	55156
6041	9626	58549	58550	58551	58552
2378	9350	10808
7921	14949	14950	14952	14953	29320
177	15726	16034	18850
579	5201
17469	28102
7045	13786	13788	42028
9801	31328	32889	32890
24104	24889	24890
36818	39384
22424	22425
5726	38432
8880	15656	16023	39409
1941	1942	20411	25844
407	408	65798	65799
2209	14952	16061	29318	36226
217	1716	6400
14521	52280
1050	11140
60590	60591
259	2291	5529	6742
1191	9648	17814
22233	26656	55978
18	2116	5205	9923	49914	49915
3553	3554	7749
2887	30288	30822
46571	46572	46573
4866	5622	11463	11464	22580	24396
1581	16024
73475	73476	73477
9619	10887	22704
278	10089	19626	61090
4718	4719
11908	11909	11910
2842	38348
10579	19852
8502	25364	37483	39348	40053	40054
1751	2309	2310
2055	12285	14117
8379	25143
2342	5404	13022	52522	52523
35515	45925	45926
45981	45982	45983	45984
6633	10940	13257	13635
2018	4024	4025
2101	2685	2686	11482	67252
7956	19758
2832	6287	9301	46746
3369	3370	14641	14642	14761	61379
15233	79525
6860	47524
13949	13950
50677	54021
15260	42196	44728
233	2219	12951
7805	23668	33913
35954	35955	35956	35957	35958
37740	37741
29425	29789	35128
1372	3487	3982	15808	47544	54994	54995	54996	54997
2366	46750
443	3556
72319	72320	72321	72322
23615	25918
14898	14986
19246	19247
18884	74611
277	278	2666	9472	59985	59986
75556	75557	75558	75559
1090	10458
32524	63118	63119	74923	77907	77908	77909	77910	77911	77912
72864	72867	72891	72892
44490	44491	44492	44493
50363	50364
2687	28334
2978	36610	38154
27229	46404
8770	9339	62667
3218	46058
37306	49754	55076	55077	55078
3368	3370	16431	65385	65386
1060	44532	44533
2543	56030	56031
14749	61377	74767
31042	45523
6478	44869	44870
3567	22305	48972
39361	46834
22143	24248	56776
20064	61413
4902	5172	7982
2364	2367	26324
585	11410	35612
15167	65057
49877	49878	49879	49880
3593	4125	17828
78942	78943	78944
1441	3061	9064	14664	14665	14666	14667	14668	14669	14670	14671
20556	34806	58721	58722	58723	58724	58725	58726	58727	58728	58729
4545	23003	66723	66724	66725
1563	15323	15324	21987
32129	32130
20413	20414	20415
18	1092	2887	5854	19006
1106	1766
2494	9228	74602	74603
4659	4997	4998
11095	14529	25320	25321
13429	15689	15690	15691	15692	15693	15694
16950	78783	78784	78785
8548	32457	32458
1413	1414	1615	1756
32524	63118	63119	74923
10275	14900	50928	52487	52488
13096	18213
63273	65703
13533	18918	51092
3147	6490
230	3367	40924	53218	53219
42268	70682	76334	76335
111	112	113
1177	1305	2612	2613	2614
9586	14648	17354
4798	23887	52399
12980	79991
27682	27684
1137	24206
15179	35858	35859	35860	38023	39269	39270	39271	39272	39273	39274	39275	39276	39277
14589	15675	15677	16415	16418	36995
1677	49308	49309
1413	4714
1306	2497
183	5622	59422	59423
7920	7921	7922	7924	25833
3675	12681	14063	16107	17163	19407	19408	19409
68430	68431
9571	11276
8224	34279
6904	24318
7648	17249	17250	17251
53924	53925
14616	14617	14618	14619	16404
6795	11347
116	1043	23845	23846
41479	41480	60084	60085	60086	60087
15900	45739	47126
1039	56795	56942
14829	15443	17778
16403	50164
2406	4154	20422	20423
177	32838	42367
13703	22099	22100	22101	22102
23579	61767
1121	5204	44977
1280	45519	66454
13393	18226	39662
17262	78388	78389	78390
53072	53073
1598	4893	5616	30853	30854	30855	30856	30857
45408	54974	54975	54976
11810	15471	45199	56145	56146
3742	4652	6654	12208	37170
45038	45039	45040	45041	45042
3437	40270
5409	5410
6171	6172	17234
10753	28411	28586	76775
964	965	966
11300	66391	66392	66393
15971	35896
19183	59270	59271
653	13139	14490	15764	21411	43251	43463
10781	10782	38830
105	62011	63634
814	12295	13703	39321
15808	34461	34462
8465	8466	8467
1292	15540	46402	46403
20652	45078	45079
19848	19849
278	3417	7026	9473	9663	49321	49322
2669	10377
1677	47306
6492	11290	21430
13030	15841	16317	16320
14711	14991	15829	58568
18537	21254	25918
7052	43929
9116	12177	55487
1064	2243	9945	14762
1595	51464
1985	8504	14187	28209	42322
4827	5438	10554
1413	1716	5201	12098
5440	11802	68902
9756	29235
3882	33741
33186	36026	43971	68628
5464	10428	10430	31002	33906
11576	35727	36468	64890	64891	64892
1985	17489	33392	55349	59876	59877
16254	16350	24041
1454	1455	1456	1457	1458
10329	18606
64575	72850	72853	72931	72932
965	966	2647	3771	11924	27362
13429	16690
4800	8288
11469	32666
57120	57121	57122
5325	14520	22027	72501	72502	72503	72504
2572	21232	33406	33407	33408
77617	79092	79093
11631	60514	67031	67032	67033	67265
1091	4766	10458	77761	77762
34994	67199
33655	35446
225	3694	57801	57802
28158	36015
40358	48920	48921
1005	9108	9109	25373
22989	22990	44451	44452
7836	7837	15716	60959	60960
43596	43597
10665	10666	10667	10668
9170	35989	35990	54921
1627	1628
719	8233	43863
7207	10015
2272	2754	8396	17875	17876
20773	20774
64685	64686	64687
12	1418	43205
2542	4419	7790	9101	35774
26257	26258
22321	22322	38947
2421	7532	9630	17394	43545
59303	59304	59305	59306	59307	59308
3369	64054
1694	17523	17524	60648	62957
22853	22854	22855
1002	11570	31921
14922	54828
40820	40821	40822
21362	21363	21364	21366	21367
467	24241
10201	22180
13102	14318	76182	76183	76184
5199	48062
28852	68972
6436	6437
2863	20019
1653	26339	26504
1991	2018	3196	5672
17187	37482
18855	21037	21038
37718	37719	37720
905	51356
44423	79129	79130
1177	1305	6847	12214
5646	5648	11115
6033	17103	78491
287	39675
2699	2700
2483	18448
19257	61315	61316
6052	32913
5389	44599	44600	44601
19057	19596	19602	20581	23594	23861	24759	25981	25982	25983	25984	25985	25986	25987	25988	25989	25990
13920	38612
40059	40060	40061
60	14777	16136	64559
1039	4857	24522	40507
6038	6039
51736	75337	75338	75339
1607	1694	18138
518	14373
5745	28558
6585	21237
4049	52990
35697	46459
1338	41800	41801
5731	13268	19593	63589
3855	60152	63821	67875
3251	4132	4133	4134	4135
2042	46554	46555
7167	17297
80028	80029	80030	80031	80032
5689	18738	22948	63459	75746	78358
19484	24993
75063	75064
21561	22472	47643	59751	65475	65476	65477
2376	9350
39126	39127
5362	50177	50178
12990	74284	78611
1324	11839	60273	75461	75462
2850	14996	14997
3654	3655	8139	17440	17661	33391
530	531
2277	5775	43080
1191	27901	31256	48644	48645	48646
8155	45818	46863	46864
1240	17518	20275
21902	21903	21904	21905	21906
3616	3618	65315	73335
3449	3654
8364	8365
3069	3581	4517	24659	24660	24661
42463	42464
4688	9185	9186	12703	39806
1003	8718	11213	13983
7200	21920	40291
3375	3377	11549
9855	38088	54216
11682	22215
77977	77978	77979
498	499	54044	55163	55164
49	36842	47117
1372	11103	13452	30627	36716	42031
3725	3788	4108	5430	13138	49653
16682	16683
14519	23501	24556	25521	71156	71157
5511	5512	5513	5514
1921	3091	8007
697	15454	38831	41258
4389	60152	61981	61982	68931
11095	14529	14530	14531
15976	15978	16933	31272
16813	44905	69689	69690
80334	80335	80336	80337
33285	44657
111	112	46602
799	4010	23210
1138	23003
11258	11591
2378	33140	39216	63842	63843	75345
19322	23703
15721	15723	16456
26899	64432	76973	76974	76975	76976
1022	4931	56614	56615
11381	23966
1126	1127	1128	1129
2433	80559
80226	80227	80228
3098	23013
1120	44916
3694	63529	63530	63531
5148	63085
62370	62371	62372
5824	8582
41546	64325	64326
1404	1405	1406
51633	51634	51635
19684	20812
1191	13132	17761	43231
9184	11205	56782
15586	20859	62885	62886
4064	4065	4066
40174	40175
8120	17074	33969	33970	33971	33972
1007	3071
22324	27552	77130	77131	77132	77133	77134
2744	18625	35213
4373	10315
654	1124
2952	4845	8018	8019	8020	8021	8022
2489	13657	18668	22286
9064	17927	74821	74822	74823	74824
28978	33059
15761	15762
6057	10836
7221	9112	73647
16662	32104
2607	6001	6891	11980	32672
1139	13899	29027
6372	6373
21724	69220
12158	12159	13848	13849
2406	19278
419	4191
1315	14734	14972
1765	37196
2267	18920	26447	26448
30232	30233	30234
4685	6266	34673	34674	34675
21408	40778	40779	40780	40781
7135	7249
2364	2366
1862	4074	4075
4421	16069
75	241	5058	57907
31705	76859
49497	49498
7957	24848	57319	57320
2273	2412	6885	10127
1733	3080	17938	21836	29701
3099	9350	40342
14711	14991	28496	54118
24233	37204	63584
16389	18663	45699
39499	39500	39501	39502
26426	26427
2680	2681	2682
1384	4060	7378	23219
1610	30503
4450	75912	75913
510	1595
26296	30476
217	47883	57500	67175
23850	23851	36134
2246	22227
38440	49385
1673	4432	29520	34119
2839	9025
18563	71868	71869	71870
6015	6016	6017
5792	6374	6731	7662
6577	47401
33655	35049	35050
2272	3131	3132	3133
12990	15692	16954
15012	16943	53382	56112	72166	72167	72168	72169	72170
9015	10794
20264	46466
9025	22729
11570	24842
3446	6847	32729
1437	4765
25574	25575	25576
1169	8865	8866	28395
15039	15174	15175
2612	20399	29263	29265	29433
2456	32917
12874	12875
22243	22245	35780	35781
38062	38063	38064
10432	32092	35887
7200	57153
1228	14851	14852
4989	21124
6939	17606	45560
15083	16110	71926
14878	14879	14880	14881
1977	8591	8957	9756	9757	9758
3255	60060	70274	75667
1918	3844	23755
3573	8757	15686	31938	31939	31940	31941
1005	18899	28608	56978	56979
1961	10302
363	365	29271	32242
25336	25337
21099	23493	38797
2055	8209
7838	13087	13700	57099
3105	29518	29519
2141	63032
15677	40486
15166	21673	21674
7082	36019	71199	71200
22143	33670
1138	9543	28411	58445	66868	76775	76776	76777	76778	76779	76780	76781
5530	5745	19321	40597
79580	79581
3901	9765	16221	19028
77618	77619
1234	13562
5167	45972
16001	18493	27948	73870
9270	11481	11482	11980	16098	60495	63840
20239	44000
49	1065	37210
14128	34797	34798	34799
7982	7983
4515	9215	9216	9217	9218	9219	9220
6496	44248
1303	11458	20081
19349	47024
5094	19284	20622	27954	33581	33582
17440	33391	34607	40188	55231
5233	58900
24469	24473	57302	57303
320	321	1558
1039	2378	14503	17018	17415	39894
18757	42640
1357	18068	22566
27885	27886	27887	27888
2133	2134	2135	2136
989	21250	49954	49955
1214	1788	11179
5896	6154	10498	17432
7329	32019	53964
16061	29060	47243	54842	65293	65294
837	39083	49783
57036	76100	76101
80378	80379	80380
2702	4450	9328	19346
2377	8586	16500
40919	70259	70260
4122	48182
20189	44628
6613	25461	34847	47132
1581	12295	36954
12686	12687
812	33974
2945	44119
135	3188	3613	3614	7557
11616	41199
3429	6631	6633
1997	17962
14242	49846
212	5113	5114	5115	5116
782	2568	5530	9025
1292	2496	45255	45256
12868	17092
9586	15263
6745	55711	63942
11142	11143	11144	11145	11146
951	952	7113
46058	50371	55249	55250
17781	58320	69869	69870
8540	14504	66076	73359
6043	6790
12219	12898	33667	33668
19339	51367	51368
7031	20734
2028	3416	3417	5092
4688	11410
12078	75649
7045	18717	44346	49459
7786	7787
20241	20242	20243
7127	19871
63338	63339	63340
1716	1717	1718
2470	7573	12938	15418
4277	4278	4279
75372	75373	75374	75375
42553	42554	42555
25083	29289	29290
12152	16140	37790	37791
4277	6939	40502
4829	32404
2377	64583
36631	44122	44123
3872	13000	36560
5996	18000	23548	23867	23868	27688	27689
38392	68965	68966
40838	43195
468	471	472	702	703
5524	9943	12355	48124
6965	51409
1752	1862	8184	8196	8197
13671	33303	51947	51948
46614	73104
2942	8960	12248
40635	50257
419	2639	4025	10018
25665	34992	53642	63704
3788	5431	47282
5066	5067	5068
3437	28620
32661	32662
1252	2744	3454	21491	21492	21493	21494
6578	47950	47951
3188	3613	60275
2890	2891	2892
12279	24672
31	32	33	14956	23071
5614	37245	38891	38892	38893
3335	65290	67170	67171	67172	67173
60481	60482	60483
48754	63891	63892
14020	17478	33027	58414	67365	67366	67367
1008	27923
7546	7547
494	4457	30322
43169	43885	56360	56361
1765	17288	45392	48470	48471
13097	18358	20702	25241	25242
6451	9275
201	42411	79635	79636
24826	24827	24828	24829
1563	1990	13825	22483
7775	20480	45570
835	2820	4967	4968	4969	4970
3247	14591	22107	80122
36620	36621
3797	3798
41728	41729
175	68217	68218	68219	68220	68221	68222
8333	20270	30475
961	13913
8631	17418	24930
14471	44671
4714	19513
3246	41605
486	30495	41977
29899	33982	34459
9385	10737
38884	54613
22259	24290
14156	17428	17429
6909	10063	46833
17588	31400	38283
1468	10089	18945	19581	36583	36749	39315	46020
513	1494	1495	1496
1192	8894	15670	42266
13428	15333	15771	16431	64874	64917
9951	79873	79874
488	2375	11482	24112	48893
2437	9489
90	40093
64666	72945	72946	72947	72948
11309	71559
6944	38519
1118	34018
12477	12478	12479	12480
1310	3854	3855	11677	40461
7094	7095
2095	7970	17742	17743	17744
11181	15918	41472	55979
4623	5192	5193
6103	11797
2669	26664
7200	21921
5503	8182	23339
32688	32689	32690	32691	32692
227	228
10165	36092	53407	53408
90	706	2771
1134	14204	60333
2270	34734	54502	73219	73220
17962	40322
49691	49692	49693	49694	49695	49696
14317	33467	48382
182	5008	8412	22276	22277	22278	22279
61798	61799	61800	61801
3887	13714	13715	14882	14885	32001
2700	6082	6493	34093
27522	34830	34831
16496	16497
12450	23166	29443
5383	5786
3098	22845	51451	51452
16881	66540	66541	66542
18447	67707
3826	3827	6828
31046	49124
59069	59070
6209	11588
4168	5348	29853	30614
358	5477
7263	31706
58151	58152	58153	58154
49890	49891
399	400	401	402
181	18775	20048	20049	25338	44538	53565
1065	4389	15001	16807	17118	17119
40576	40577	40578
44449	51836
13566	16923	69372
10360	10487
1998	41770
501	37929
4653	4654	4655	4656	4657	4658
15723	28809	57069	57070
4021	19932	54185
2374	14183
35211	35212
1788	5206
6825	41894
41617	41618	41619	41620	41621
2409	41801	45282	45283	45284	45285	45286	45287	45288	45289
11591	11621	15494	19138	55801
60	4323	14763
35517	52627
518	14373	34861
23043	33893
12868	14650	15380	15902	16173	16246	16247
75248	75249
6496	23030	36902
712	961	38544	52472
2209	17462	19835	68420
7329	18022
71021	71022	72488
813	15342	50386
4045	6772	6775
34897	55342	55343	55344	55345
1480	2934	9548	9945	14650	15168	20066
5602	5603	66701	66702
607	928	929	3152
920	921	922	923	924	925	926	927
21142	73130
19572	19574	43870
23258	37271	37272
22062	22063	68086
78289	78290	78291	78292	78293
79691	79692	79693
905	2268
21362	21365	24508
3367	10438	11340
34601	34602
8712	8713	8714	79386
33087	33088
1331	14284	29457
11631	67031	67032	67033
1280	1281	22312	25780
6835	17118	18584
10499	10500	10501
2377	15286	60242
10938	56262	63846
9958	9959	9960
1275	38749
3893	76595	76596
15570	67559	71411	71412	71413
3057	3980	12006	12007
5867	5868
15328	43543
15830	21697	23291	52070
4765	17871
1196	25366	52460	52461	52462
3511	37813
9923	20553	21459	21460
7789	47340	47341
5146	7098	15011	15796
5688	5689	5690	5691
17211	17212
7535	11932
47886	47887	47888
2839	11720	13265	13266
3900	3901
2439	15053	15054	74270	74271
3215	3217	3218
64319	69683	69684
22537	22538	22539	22540
3398	11796	46990	46991
16537	61666	66111	66112	66113	66114
14017	14069	61805
17727	47115	47116
57968	57969	57970	57971	57972	57973
37933	37934	37935	37936
7099	15841	17111	26710
12178	12957	26877
63867	63868	63869	63870	63871
21179	21180
32133	32134	32135	32136	32137	32138
11326	11440	18565	65728
3654	40942
7053	7775
11446	28659
3893	19979	19980	19981	19982
62510	62511	62512	62513	62514	62515
13788	57051
36811	36812
16565	20102
655	24270
10369	10370
2243	3675	15502	15503	30681
44627	44628
2098	4678	24269	24270
858	860	863	55923
18232	18765	20427	32336
183	77503	77504	77720
4323	14817	45238
179	23849	42932	42933	42934
948	16980	70666
1065	3675
4545	19303	23003	64351	64352	64353	64354	64355	64356	64357
14561	14562	14563
35573	35574
4701	9385	10737	28184
14471	26881	49524
2790	9117	19632	30085	30086	30087	30088
4210	26166
5081	5622	5873	9536	17138
19710	19711
31195	31196	31197
11817	39195	39196	39197
6841	35934
968	14049	14317
4370	14947	15765
16511	23133	23134
12092	14249
845	38380
6746	18883	18967	19358
3347	5893
15145	50076
3375	3376	3377
3321	3322
499	2372	2373	2374	2375
37110	37111
3795	80526
1079	13281	14043
4055	8300	42281	67973	67974
240	241	23253	36500
44807	44808
1292	11705	13429	49974
4046	6938	36590	36815	46081
15872	50559
1341	3091	8891
6209	26174
110	1534	1721	36167
3541	6746	19754	24297	29349	29350	29351
3567	35071
940	21683	75679	75885	75886	75887
11705	15834	15837	29535
3369	14760	40318
5091	21190	52909
7508	7509	7510	7511	7512
1233	14717	14718	14719	15816	15817	15818
30121	30122	30123
13150	20244	67501
17468	45991
4553	6837	12697	23292
10252	77243	77244	77245	77246	77247
12609	61286
13432	18959
21563	23884	29520	29521
23258	48280	48281
5996	25498	25499	28533	28534
5130	8210	23555
7016	13295	66715
30440	77303	77304	77305	77306	77307
27682	27683	27684
1082	2398	13082	56081
36711	36712	36713	36714	36715
11616	40903
1991	5672	10849	25715
2089	8115	13828
10086	16502	16503	16504	16505
726	2851	2853	4350
12557	39836	64463
7086	7087
10670	10929	45815
260	3732	3882	6273	36746
12502	12503
15469	64315	70839	75124
3631	35670	35671	35672
31155	40165
7875	30951	49697
9030	16402	18216	18217
51553	51554	51555
9907	35884
2272	3132	69509
14479	14480
16389	24849	70481	70482	70483	70484	70485	70486	70487
1192	18871	39319
1918	4149	4150	31539
139	3708	14546	32166
13393	54872
10432	13398	13399
5476	18508
1440	35977
32398	77184	77185	77186	77187	77188	77189
2011	3427
12398	12703	25479
23533	23534	23535	23536
6298	10432	38070	39120
1346	1349	15964
28938	52127
2647	40317	78678
8788	36462
3252	9901	14983	19653
266	7011	48090
2028	2029	5575	49192
1607	6008	21886
4450	6040	9550	19284	25088
966	2040	2042	2043	3935	15096	32836
15145	15146	15147	15148	15149
3980	23112	57614
16879	41178	60670
462	7970	26213
183	8325	43023	79732
14605	41870	61784	61785
3708	55520	71885	71886
5383	10908	24856	37361	37362	37363
3974	64957	64958	64959
8356	13428
41581	41582
2209	10335	16112
28086	28087	28088	28089	28090
12	21506	26049
17006	21297	22725	22726
2656	11459
18498	18501
9301	55950	66959	70693	70694	70695	70696
5689	9241	18004	63849	63850	70564
188	189
6425	6426	61664
16138	64428
2245	2247	22112
13223	13224	13225
14590	14591
33495	40242	40243	45792
4022	17950	20954
2021	35042	35043
9945	14484	15217	16851	23110	67603
7835	7837	72359	72360	72361
34841	34842
17535	39631	52328
2717	3742	5691	37304	37713
11682	21953	43505
5524	9943	12355	19757
19026	25389
3808	4539	4540
12602	17049	53161	53162
3367	3369	14221	14760
26066	26067	26068
77774	77775
12051	12052	12053
175	24942
1827	71136	71137	71138
11457	19739	19740
790	4550	7221	12703
543	914	944
7290	13635	43971
15531	15532	47160	57752	57796	61907	71495	71497	71498	71500
16389	24849
464	1076	6543	20525	23035
417	57030	57031	57032	58039
3333	3334	3335
2941	2942	35190
1329	5329	35866
1607	5534	6160	7460	9253	9254
1793	8125	26874
328	57321	66512
60854	60855
7700	45487
17790	57388	60278
6496	17899	42088
9945	21587	39445	45776
14350	26164	65243	65246	67399	68123	68124	68125	68126	68127
16380	43459
211	715	5141	21964
8865	8866
5166	5357	30336	37705
679	7865
438	16226	16410	60652
130	1023
42513	42514
382	383	384	385	386	387	388	389	390	391
4261	17537	53177
26661	37573	37574
38309	80478	80479	80480
14876	14877	45465	45466
37931	37932
54243	54244	54245	63012
20	1485
3293	10954	36087
26691	26906	47770	56427
24281	28252	28253
6060	6061	6062	6063
76556	76557	76558	76559
20607	20608
6650	24747	32059	32060	32061
62139	62140
7052	8541
1007	4712
11616	65632
4409	35925	50400	50401
38366	38367	38368
4489	27347	32203
192	80108	80109
14625	23202	26019
10831	10832	10833
196	1170	18604
5452	40088	40089
38667	44560	44561	63873
12532	18248	18971	30784
9030	16493	16495	53634
8857	59324	66555	66556
31927	31928
11796	23200	23201	23202
10600	41251
5360	16265	32822	32823
230	50460
1441	3061	3062	7385	16259	16427	61806	64289
3901	9345	9346	9347
7270	68202	68203
5706	8757	22750	52879
2374	18918	65001
40612	51899
1497	3449	6746
21099	23492	23493
6765	9086	23768
4089	21496	23446
26173	34772	60592
8470	57324	57325	57326	57327	57328
2206	2209	2964	18606	22372
5672	29415
16764	41256
15071	15073
36772	41769
2505	12646	47182	47183
2457	2458	2459
3218	49090
556	11797	12291	43869
1290	15201	66244	66245	66246
1610	25844	30503
15026	35727	56503	56504	74213	74214
4049	6501	35178
3544	4154
14519	16565	23497	23501	52150
66267	66268
2839	20581	23788	34470
6103	31089	31090	51488	51489
2406	17709	17710	17711
6294	14223
10438	41671	42735
28963	28964	28965	28966
2616	8633	8634
5167	30770	39589
57402	59509	59510	59511
11882	11883
36241	36444	45649	45650
6953	62916	62917
39635	39636	39637	39638	39639
575	15869	31052	31955
6753	21754
105	278	11380
11697	31497
48052	48053	48054
56547	56548	56549	56550	56551
3639	3640
1403	4147	25536
2551	11870	11871
7200	17621
7580	42659	42660
3247	4039	22107	51176
13887	29281	37064
73651	75226	75228	77283	78781
4550	76014	76015
602	603
134	3615	11548	48915
7053	17145
54927	54928
59361	59362
18549	18550
26956	66356
16564	16565	17338
10537	10538	10539	10540	10541
45685	45686
14419	72038	72039
8540	46245
11589	11591
1788	43918
17567	18246	21226	21227
4271	12235	58239	75922	75923
2934	14650	16770	16983
2989	36508
19572	43870
5207	11276
314	8791	17134	17471	17473	17474
2744	35213	60285	60814	70489	70490
20896	20904	20905	20906	20907	20908	20909	20910	20911
4793	8347	11593
14328	14329
1794	8319	66144	66145	66146
1937	3449	33899	43383	43384
111	25001	47271	59625	59626
9300	9301	9302	12837
158	67076
1410	35564
1797	20848	27896
1998	69800
3098	19156	22845	58300
20174	22551
16403	21506	41366
18561	19538
15938	47610
2599	5464	10008	10430	55642
17029	18093	18094	20972	23063
63861	63862
5410	31268	39263
5981	12273	12275	62395	62396
5862	41906	41907
8366	8367	8368
1400	1401
3146	4736	4737	4738	4739
2862	2863
7556	7557
75446	75447
5930	6287	7496	34727
5472	61974	61977	62179	62180	62181	62182	62183	62184	62185
3832	25219
1736	37969
6077	11480	19188	40020
14	3567	65100	65101
2687	3146	9208	9209	45973
1441	12710	28283
401	402	2802	12726	21312	21313
26012	63242	63243
467	1137	1316	4106	6288	9600	29134
3425	5572	29698
6835	15835	17118	29625
21084	25051	25052
1326	7268	8880	11572	15191
5325	5329	16623	29356
945	6663	6664	6665
26851	26853	40816	40817	40818	40819
2890	10466
14201	43809
5386	14929	41381
46926	46927	46928
90	4431	18952
1170	6765
17779	62298	62299	62300
15324	67193
1724	16598
1116	1378	1380
9520	12428	42598	46777	50635
118	71187	77148	77149
225	12115	17268	62845	62846
72923	72924	72925	72926
271	4147	22931
2406	6226	19472	21695	21696	31553	43066
5309	11797	16979	42627	58593
14749	61225	61226	61227
367	7803	11148	11149
36276	36278
2699	2700	12773
42914	42915
826	12962
1326	1441	13861	43827
6837	8475	21803	21828
2441	5404
73350	73351	73352	73353	77196	77197	77198
1302	1789
5596	30957	45675
19816	19817
39773	39774	39775
22966	78459	78460	78461	78462
4300	77333
367	5013	8490
21266	21267	21268
90	855	9901	49968
212	12452	23314
931	1137	18967	57163
556	2767	11718	11719
12625	18335	19124	23703
5761	13905	13906
798	799
9926	11726	44043	44044
21252	21253
5981	12273	28425	28426
743	49457
15603	15604	44748
16783	16785	68611
2202	53294	53295	53296
3377	4917	7970	16735
31338	31339
12845	35544
9270	21479
21430	30367	33205	45275	45276
13958	75747	75748
7986	42020	69118
1393	20831	29642	29643
9415	15286
13885	38544	53249
8714	16342	16343	16344	16345
28813	28814
41765	52228
3848	21257	21258	21260	25411	25412
1900	1901	4949	4950
39167	73570
2466	6191	60598
1008	3041	27923
13444	50807
13015	57799	68196
4129	36244	36939
7331	17941	19653	24662	33760
43933	43934
433	65505	65506
475	48617
11994	60948	62819	71815
181	1065	17190	18773	23468	42773
15139	16748	16851	18012
135	37241	37446	37447	37448	37449	37450	37451	37452
826	9385	23196
3893	45646
3435	3734
747	69203	74313	74314
2213	49080	49081
8880	36722
1957	2635	3632	6096	7644	31625	31626	31627	31628	31629	31630	31631	31632	31634	38418	38419
9609	79549
14888	14991	17064	17065
81	4866	19045	20844
1153	18080	18081
3098	23104	33149
556	5217
6154	27314	28458
177	22647	24505	57916
14611	18659	19552	43159
26200	26201	26202
959	2445	2446
60	4323	7290	14777
1305	5733	5735
15985	15986	15987	74834
16764	22835	30936
2332	30355
22125	53042
655	15152	16168
16851	71921	71922
16950	43026	43027
1082	1083
7698	22045	22046	22047	22048	22049
80672	80673
2709	14005	16110	28656
1085	51444	51445
2128	2129	2130
28257	28258
14207	14208	14209	14210	14211	14212	14213
12497	44377	52254	53190
1192	4941	53954	53955
145	1736	3991	31174	51867
26414	26415
14743	16424	16425
965	2646	36646	36647
9030	11839	16402	18217	39621	39622
13989	13990	13991
23983	23984
266	1007	10128	29935	56089	56090
13710	14972
1281	21981	57642	57643	57644
33786	33787	33788	33789
60451	60452	60453
17077	17186	17187
15144	43279	43280	43281
6650	24747	24748
1065	11683
13428	16634	70805	72397
1077	1401	18272	21899
14876	24375
2534	2535
90	3253	8717	56652
10329	14357	14358	14359
59112	59113	59114
59789	79492
13429	15315	16690
45109	45110
37269	37540	39089
862	863	58836	58837
1153	15344
35709	35710	35711
352	44823	68801	68802	68803
38580	42989
17829	18048	33826
14793	70866	70867	70868	70869
15912	19536
16032	16034	16976	16977
2850	8388	8390
13015	22031	57799	73501	73502
24543	25635	60683	60783	60784	60785
2203	3773
15170	74177	74178
16690	20829	20830
16989	49873	49874	49875	49876
9619	10940	37564
6146	44868
2842	41787	41788
21809	21813	49570	49571
35546	62836
4092	8716	10253
38329	38330	38331	38332	38333
8384	15684	55366
5686	14355	20012	34105	60126
54967	54968	54969	62847	62848	62849	62850
1281	19448	24610	70538	70539
260	8640	8641	8642
11808	49581	69415
4060	7378
661	12438	15142	52353
5614	34460	37245	46386
24543	75580	75581
2601	12857
29459	34545
4866	11463	11464
1138	1139	9843	20132	60153	60154
3251	12433
50657	50658	50659
135	1191
797	2947	22916	24193	28847	47978
7205	7997	7998	7999	8000
983	984	2137
321	3300
3573	26419
2096	2097	2098	2099
1997	37115
4539	8479	8480
41456	41457	41458
34994	55421	55422
1138	20581	27338	31053
94	7536	28949
28474	40445
26886	26887
60601	60602	60603
80270	80271	80272	80273
14069	35017
56479	56480	56481	56482
8515	8516
7053	32055	66683
179	3056
59606	79674
3376	5734	32409
14614	14615
2305	7539	7544	19749	19750
11573	11574
223	45772	55471
2272	11755	41672
14952	29320	35021
15189	16649	16650	16651	55449	61794
11304	11305	11465
15567	15568
57185	57186	57187	57188	57189
1201	6321	17754
28676	49983	49984
39324	39444
3098	7006	14171	36497	58300
3512	4333	5365	5366
2503	15392	68604	68605
73628	73629	73630	73631	73632	73633
37524	64828	64829
12413	18106
24681	36993	37709	44221	44222
224	241	321	1131	4014	4081	30916	43311
1745	2368	9067	59905
7533	38823	38824
4358	12315	12316
1291	51529
7995	7996
7114	20562	22529
47664	64332
61	62	63	64	65	66
2288	2289	2290	49533	49534
70459	70460
6320	19287	19288
1305	26573	28222	29684
4373	10313	10314	10315
32939	32940	32941
758	759	760	761	762	763	764	51854
1657	1658	7560	18319
23958	30505	60631
17864	56386	56387	56388	56389	56390	56391
5404	49316
4046	14801
413	36622	36623
8120	57298	57299
17270	68378
79722	79723	79724
27993	27994	58358
1193	41426
5864	44304
67582	67583	67584
1279	19755	57921
1060	79526
13574	18560	67821
28209	60910	66937
4265	40137	40138
3118	47812
1022	1832	4931
1196	15875	19958	70211	71187
7224	7225	7226
3061	3062	7385	11899
1403	10849	15959	22677
16698	16699
13765	14317	38076
2267	3091	26447	26448	31404
464	20524	20525	20526
7059	20601	21362	21367	24508
3725	78858	78859	78860
230	5429	22669	41788	63101
6930	23394
61	16446	16944	25935	37702
486	487	25598
12646	36337
76800	76801
60269	60270	60271
16717	17166	29489	29490
8685	16686	45672
66969	66970	66971	66972	66973
658	26173	32466	32467
5386	41610	43616
37027	37296
5685	5686	5687
9030	9031	19777
13444	20520
590	12766	12767
1065	2209	19474	35479	44014
1722	1724	2745	2952	4360	4845	8770	17992	17993	17994	18000	18003	19720	20556	33419	55607	55608	55609	55610
1133	1134
19229	19634	38194	38195	38196	38197	38198
13428	16634
7099	26710	35854	72375
41572	41573	78704	78705
18713	32711	36841	38231
5594	6777	20012	20013
62530	62531
15976	15978	16764	16933	20156
658	2320	12285
3614	5736	39706
28530	61229
31827	31828
3788	44175
21253	22692	22693
3125	27533
15869	21749	24489	24490	24491
32	6426	36176	56987
11914	13419	55885	55886	55887
2218	15886	17291
31669	54498	60437	60438	60439
13765	13767
556	5301
1397	33632	33633
62673	62674	62675	62676	62677
8297	62221	62324	65974	65975	65976
14960	40223
241	29027	56934
2819	5123	11638
4987	7594	8413	16387
3723	3724	3725
17262	71929	71930	71931	71932	71933
1378	34275	80106	80107
21997	29074	33944	33945
55011	55012	55013
1993	16263	16264
72734	72895
2374	11321
29074	52628
2061	20468
358	9518	10880	17664	22651	22652
10055	10056	10057
6665	7506	7507
3581	41815	41816
13746	18034	50542
1716	3196	24558
8477	9276	17635	17636	17637
90	1615	1755	1756
64905	64906
6980	10182
26446	53688	53689
743	44727
1634	2305	15462	21157
17754	20889	20890
77830	77831	77832
247	931	1211	21177	24352	24353
1584	1585	1586
541	32619
3376	18272	24274	57036
63128	63129	63130	63131	63132
14194	60471	60472
1213	4714	20480	21241
57239	57240
23043	40992	40994
2607	2609	3644	29279	29283	29284	29285	29286
659	5297	18952
193	28818	80677
15464	22797	47826	47827	47828	47829	47830
4251	16099
16147	16148	16149	39293
34069	35655	42971
3461	12178	45418
9567	20997	33650	43445	43446	43447
3251	3252	13898	18952
80549	80550	80551
27416	58730	58731	58732
1143	9300	9301	55950
1085	5459	46116
43226	43227
11914	13419	40868	47476
8704	49210	49211	49212	49213	49214
48873	71738	71739	71740
6474	6475
53345	65516	65517
22716	31134
77248	77249	77250
241	1023	4020	5529
14492	14526	14527	14528	50865
49768	49769
14678	58095	58096
11944	16056	16985	16986
556	3631	4226	7279	29837
1329	12279	23593	60733
4987	27751	27752	27753
6501	38005	38006
5359	5360	32392	32393
14991	15021	15022	15023
12190	12191	12192	12193
2184	10947	10950	10951
28471	28472	28473	28474
5058	60445	60446	60447
18138	18380	18690
16742	20991
656	854	1513	5207
41595	41596
3313	3314
6129	7011	23575	23576	23577	23578
464	26659	59934	59935	69251	69252
31188	54037
11839	12868	33566
11450	11451	15096	68337	68338	68339
9543	50915	58043	79043
1985	2639
3255	21103	61638	70274
2470	24423	72410
43549	43550
211	4532	52311
59027	59028	59190	59191
13444	26992	52060
11205	27729
9832	9833	9834
7710	7711	7712	7713
14958	47480	47481
916	2629	10618	30381
1116	10013	10014
3376	20023	28458
6425	44691	44692	44693
5542	14895	58850	58851
3707	23781	38842
35636	37648	37649
518	17109	66242
2246	23082	23083	23084
69878	69879
13393	13703	34694	44876
2890	3593	4308	4309
7258	34454	34455	34456
9618	13456	70611	70612	70613	70614
3788	3790	49114	50845	54832	54833	54834
2601	2602	2603	2604	2605	2606
14254	23407	29585	29586	29587	29588	29589
9086	37726	37727	52757
9043	44271
38306	43816	46213
13944	13945	13946	13947
19257	19774	19775
1000	24219	24639
4866	30584	35880	50829	50830
3747	3749	22415	22416
1005	2421	3982	11777	21929
450	33998
2502	2503
6103	60289
1211	2272	21177	46528	56839
1836	56938	79665	79666	79667	79668
968	9270	13612
63038	63311
4888	51612	51613
2093	2094	2095
1065	3278	18456
2941	2942	2943
2744	18624	18625	22432	22433	22434
27081	27082
3837	44550
5226	8250	47252
260	320	358
227	228	3429
1085	14496
8880	53195
780	55254	58096
1721	74612
13013	46220	54220	54221	54222
1911	6703	49586
5420	8008	65019	66906	66907	66908
1387	14075	14076
14596	52031
51448	51449
14451	41966
2423	18896	26246
1749	1750
17965	69838
1139	34325
3320	8249	20573	23662	23663	23665	28786	57123
99	17738	46631
11111	50537	50538	50539	53328
49178	49179	49180
59823	59824	59825
18867	26438	26439
6747	32305
5743	45578	73281
49	47117
6046	9518	25162	27623
15224	72269	72270
13444	17090	71174
2060	2061	3586
280	20107	35634
230	15097	61833	73082	73083	73084
10411	15129	36134	56181	56182	56183
2272	8462
6969	6970	16122
655	9548	55634
5273	14020	45566	52705
1064	15218	15915	17190	23468	56946
11048	11049	11050	11051
26103	30207
10844	60818	60819	60820	60821	60822
62310	62311
852	3544	17923
8896	76069
12600	15342	32257	70990	70991
13082	14157	23669
9844	59548	60477
6487	6489	29931	35410
58796	58797	58798	58799
62288	66421	66422	66423	66424	66425
6633	10939	44340
158	57877	63719	67076	67285	70488
3212	3213
15988	20192	30371	30372	30373
17710	17990	17991
1263	5776
4822	29979
71021	71022	71023	71024	71025	71026	71027
45659	45660
11973	11974	11975	11976	11977
13074	14849	14850	18614
35651	45003
11183	23105	54347
42535	54004
13393	23945
26103	30418
3376	11921	20800	27991	68008	68009
16071	17000	17001
587	59366	59367	59598
8471	8472	10168	10169
6042	28288
7628	50922	50923	50924	50925	50926	50927	50928
166	9545	21392	22026	22027	22123
3527	3529	11620
2850	6501	15034
845	51155
3844	45108
4988	5874	17712	57920
12200	36016	36017	36018
4866	20845	23103
9946	12220	12221	48274
16735	32549	32550	32551	32552	32553	32554	32555	32556	32557
16655	16656	16657	30958	50896	50897
1138	3242	12787	25511	25512
75591	75592
105	55582
38091	38092
17404	57066
35927	35928	35929	35930
13429	15166	16772
2056	31674
2244	12178	12341
1327	1328
579	940	17670	20581	24652	51690	56655	65105	65106	65107
18697	37224
4122	12469
6537	16250	61444	69100	74124
1977	17470	24688
105	106	7233	19039	19040
179	14883	44358	48121
2018	5206	8641
16436	29074	39122
1269	13541	13542	13543
30154	30155	30156
16440	79626	79627
1819	1820
991	2127	12080
7356	7357	7358
19272	59518	59519
20883	74149	79264	79265
1401	8485
18920	35561	35562
15397	15399
813	17561	50710
13631	37990	52557
1918	7555
2850	9545	16918	20054
313	53075	53076
13429	14964	16688	16689	16690
4432	20142
13429	14387	48585	48586
1765	48283
854	39377	39378
33210	33211	33212
15216	37850
30696	30697
5102	26034	61230
14359	14496	18261	18263
826	33474
27000	35337	45789	45790
1329	7982
18284	32398	32399
4987	5497
1765	6043	9788
1260	26591	59973
1196	25366	45281
3810	4478
1039	17001	42917
348	1302	8421	18885
279	280	37107
30696	38369
3392	3393
6001	17768
77926	77927	77928	77929
7099	14991	21462	31987	55296	61885	61886
22411	55856
1014	3102	70415
3121	14650	15041
6274	6275	6276
9962	55452
1065	3830	3831
9339	72415
1161	5649
13886	13887	13888	13889	13890
64617	64618	72846
13373	13374	13375
44305	46082
5325	14805	16971	16972	65929	65930	65931
1892	9270	13610	13611	13612
9241	20817	39363
18254	18255	18256
3654	3655	3828	3829
2384	2386	18275	24814	24815
14596	44134	51261	63327
1975	4546	20574
2236	2237	40952	40953	40954	40955	40956	40957	40958
586	11910	18958	18959
2783	2784	2785	2786	2787
1004	2244	79611
10695	28110	71124	76932
7290	20109
29436	45059
3370	64129	74625
47	16234
5755	48950	70565
19519	19520	19521
2053	2056	12304	39205
4492	12841	12842
4599	7982	29494	29495
19041	44313	44314
24936	24937
32719	42224
22121	22122	40871
18256	74418	74419
23551	31897
1665	9947
30891	38708
1097	6140
105	4210	16414	17289	70061	70062	70063
1091	7716	7717
14991	15022	16592
15706	15707	15709	56345	56346
14709	32233	32234
14615	46346	46347
2262	16110	43355
1823	7842	7846	9989	9990	18791	37492	37493
854	12285	16646
56349	56350
69769	69770	69771
23756	23757
33492	33493	33494	33495
1842	2839
10016	10017
2378	36724
13617	13618	13619
1305	9103	9104
64772	64773	64774
10134	11098	22443	27186
8249	14273
11316	11317
10802	12432	15912
2120	9351	58090	58091
27144	27145	27146	27147	27148
1004	43994	80494	80495
58746	58747	58748
1789	3196	30499	71378
48611	48612
4898	44070	44071
4333	4336	5034	5366	10825	14457	14978	14983	14984	57507	57508	57509	57510	57511	57512	57513	57514	57515
2094	9819	9820	9821
36447	36448	36449	36450
4777	4778	4779	4780	4781	4782	4783	4784	4785	4786
31422	31423	31424
7062	17116	58159	58160	58161
19074	20334	38632
6105	6543	6544	6545
15586	20855	20859	32128
14444	14445	14446
12781	40476
13149	20405	20406
3742	12208	29102	29103	29104
13429	15166	16772	20676
2698	2717	41778	41779	41780
1076	46407	55219
1181	4456
5760	5761	43531
6830	6831	46300	79522
3742	6316	6317
9677	9678
13196	13197
715	3593	4124	20851	36866	36867	36868
1139	1563	13824
4917	25162
1437	30208	36367	40558
24366	24367
13768	13769	13770
73893	73894
2850	32921	32922	32923
36410	64542
3771	11923	46174
17727	17728
36594	41002	42576
602	1357	11862	11863
467	6288	29881	29882
2934	15083	24218	25730
35643	37202	40723
11024	63376
278	3188	3614
5873	5874	28539
1338	12175	17988	22819	22820
37846	37847
2406	10795	10796	10797
17549	44702
8006	19435	35466
43364	43365
69992	69993
16533	17833	60987	60988	60989
518	29764
13279	44395
14057	19295
310	311
1106	1755
28927	58481
10246	14159	14160
3974	4957	14412	16920	18447	21430
2271	38094
29573	29574	29575
63382	63383
1162	2710	3834
7284	20524	60104	60105
3449	3451	34795	34796
90	7331	8781	9901
159	814	3293	8880	14650	19454
4605	6887	20111	20112
41225	41226	41227	41228
230	11603
7545	34546	34547	34548	47259
4423	9785
348	4308	12905	29684	30683
36363	36364	36365	36366
166	9495	14749	14970	25958
59132	59133
2263	41497
654	789	790	7942
8789	11813	11814
8295	8296	12506
4301	13926
11980	33082	64668	77770
1673	4915	5362	29520	55130
3061	7385	14794	17322	68667	68668	68669
14297	41751
20570	60017	60018
2247	5638	5639
4323	17899	53050
146	147	148
5386	37169
15900	47126	52975	52976	52977	52978
12191	12192	12193	41518
37334	37335	54306	54307
4460	11675	11676	11677	55864
2165	43761	45379
37998	43277
31358	31359
3368	5084	17113	21480	27315	41344	68379
44119	78665	78666
715	2367	25915	39265
15001	21462	30168
712	9621	37652	43680
1076	4947	21050	21051
64576	64759	64760	64761	64762
3773	16842
702	2455
81	746	747	748	749	750
3125	17916
14471	15851	52660
11796	17049	71984
15070	15071	15072	15073	15074
27620	27621	27622
181	10540	11628	25132
20064	20066	32429
1602	1603	1604
499	14042
40723	43583	53156
1612	1613
11513	12162
23761	37346	39484
16564	22374	30811
18372	19244	79032
3298	10155	10156	10157
25055	28570	28571
8880	13391	16024	17829
47409	50345	50346	50347
16020	64026	68920	68921
10061	33843
6129	7518	7520	26409	37761
2020	3835	3837	37256
6040	9550	13397
352	2293	2295	35371
5787	78908	78909
48845	48846	48847
2165	11400	11401
244	247	19358
41341	41342	41343
21779	70142
15009	73192	73193	73194	73195
2623	5609	18606	21710	63877
79529	79530
10579	19959
33684	48067	48068	48069
10618	58896
90	22711
625	2374	8083	8084
5131	47529
2119	2120	37553	65061	72992	72993
26893	39328	46012
36377	36378	36379
2332	41710	41711
8694	9183	9184
24405	31955	61411
4553	6685	55254
5764	5765	5766
9828	9829	9830	9831	13284
42651	45943
2421	3487	20501	24866	24867	24868
16535	25109	46304
15602	35566
12341	19644
5659	5660	5969
23681	61160	61162	61163	61166	61168	77801	77802	77803	77804	77805	77806	77807	77808
664	18545	18546
16858	16859	67782
1023	1228	2902	3632	9738
758	13533	24915
1614	8083	20019
17539	17540
6496	9278	9279
8486	12592
16564	28085	61001
19864	19865	19866	19867
15570	77584	78129	78130
7871	44162
5633	9489
1177	1305	2613
4219	8207	10150	10151	28953	31851	31852
1977	4659	8957	20755
4323	8193
4044	4045	4046	4047	79372	79373
7446	25389	33202
14881	19417	20211	54551
35072	35073	35074	35075
54614	54615
7821	7822
2864	2865
33	56757
49543	49544	67841
284	285
1985	5329	10192
24989	71093	71094	71095
2366	4385	25492	40338	40339
3437	14721
7349	7350	14743
4374	38036
2360	2361	2362	39282
2622	57989
1039	12213	15516	25438
17240	18522	18523	18524
20434	20438	58150	58292
42769	42770
3507	31105	43877
7830	63816	63817
8177	28178
7370	37265	53446	53447
3837	40696	40697	41092	49737
38424	41589	50956	50957
49665	49666
15012	16943	53382	56112	56113
13696	61068	61069
10375	10376	10377
419	715	1303	2406
7006	39380
166	13853	18818
1559	17223	52327
9496	9900	64434
1235	12474	15132	56204	74666
7518	37761	38575	38576	38577	38578
961	2209	11191	52481
1916	2824	12099	12100
49219	63627
7575	7579
11086	46620	52452	60804	70740	70741	70742
3974	21226	21227	21228
11582	47986
22546	22547	22548	22549
64595	64596	64597	64707	64731
1719	28713
17000	24528	25822	71274	72110
5766	55489	63005
1480	2378	7268	10808	19530	22656	65808	76144
94	7536	11493
17842	17843	17844
7006	19139	19140
5102	7040	21539	21540
224	321	21499
2327	66915
24037	56568	74618
14058	50592
5572	8936	27138	48984
21935	21936
42790	50032
217	17720	29573	43186
19556	20038	20039	20040	20041	45673
1137	18967	74770	74771	74772
12703	12994	14161
67609	67610	67611	67612
15999	16284	18492	18493	27948
15779	31321
7113	15156
27841	47711
16138	24992
7385	15264	15265	15266
44	11996
8900	79349	79350
3376	4986	26573
46152	79614	79615
5382	5790	12269
931	1137	2733	2734	2735	2736	2737	2738	2739
18535	37154	47715
2801	2802
17965	20020
1305	5735	29215	29216
3461	6513
4007	13453
14270	14271	14272
14088	14089	14090
2423	5627	11778	18235
5809	16722	16723	16724
33343	33344	33345
4476	7712	17001	20651	20652	35023
9301	31664
9482	23670	46417	46418
5800	22989
10142	25316	28212	28213
10409	10410	42517	42518
70354	70355
2890	3593
6316	7046	20467	79450	79451
12285	22984	31456
9300	9301	66959	66960
5129	6479
27693	27694
3293	7836	7837	28869	28870
14872	17075	49646	56716	68779
15869	39373	39591	39592
79238	79239	79240	79241
14892	24211	42913
16190	26381	26382	50768	50769
40012	80235	80236
943	35039	35040
25844	56811	56812
3121	16176	16877	57566
67825	67826
6868	6869
7969	20409	21399
1329	1331	9185
183	6818	6819	37020	37021
14503	15218	16112	51588	65958
44029	50874	50875
16744	50270	50271
1228	2896
14034	73144	76879	76880
20066	26931	27422	48861	48862
34950	37168	37169
39640	39641
15082	64512
4049	17275	17276	17277
39802	55153
35697	46459	49136	55437	55438
15572	31501	55986	55989	62334	62335	62336
6400	7052	37287	41214
466	17201	43609
14664	14666	79114
8717	17677	17678	24662
9349	15735	58928
20409	57817	60681
7648	30897
135	3614	21862	39755	40573
52258	52259	52260	52261	52262	52263
11434	15280	15281
63720	63721	63722
65338	65339	65340	65341	65342	65345	65410
2374	4010	14412	22700	34829
2687	6578	7341	23404
2572	5168
32124	45517
3773	11476
10974	45253	45254
71383	71384
23616	23618	55145
8560	8561	8562
1609	1610	1611
65306	65307	65308
8641	18530	27960
4487	15482	48032
13406	14465	30505	37878
464	1378	2802	45839	45840
854	17595	24221
14878	14881	46222	46223	46224
20924	20925	20926	20927
6597	6598	6600	6601	39970	42351	42352
28443	28444	28445
16879	34008	34009	34010
19307	28839	32637
7163	61405
11367	11440	35189	76857
14091	14092	14093
21466	24317	24321	32954
15368	15369	15370	15371
40222	40223	40224
3519	23121	33833	33834	33835	33836
3470	3472	3474	15023	15773	17163
39725	39726	67095
58303	58304	58305	58306	58307
1276	1607	6697	6698	6699
3368	16270	21480
71804	71805
21862	30770	30771	37580	40573
59224	66426
16421	60382	73558
13002	13003	13147
1862	4207	20394	39407
14825	35717	43585	43586
14254	23407	29586	29588	29589
3048	17419	28689	28690
18034	18035	18036	18037
14549	14551	16210	16211	60627
11796	20329	21391	24207
12651	56556	56557
16725	16726	16727
1382	13013	15120	68686	71304
696	697
6999	7000
43322	43323
2489	31720
28348	59835
6551	8757	18690	40592
46744	46745
17665	34172	79097
4103	4104
1993	3232	33690	77565	77566	77567
1862	18291	19556
7805	26250	28440
14539	14540	46755
4546	8641	20034	35478	60409
3632	6734	6735	6736	6737
35470	35472	43920
7805	11644
2376	4515	61256
44471	47237	78984	78985
37171	37172	37173
17262	71929	71930	74943	74944	74945
10142	11644
72616	72663	72664	72665	72666
44449	51184
12243	37110	37111	58733
4265	46308
11790	16778	31055
3333	3334	3335	12670	24806	40153	47034	56055	56056
135	352	1191	9648	17814	38353
3161	3162
2699	3513	9568
5564	5565	5566
46390	53725	53726	53727	53728	53729	53730
15054	16523	36528
42557	60473	60474	60475
16494	16495	64263
12542	22996	67875	73911	75707
32369	62595
8390	71019	71020
79550	79551
4399	7219
18256	19435	28423
9588	10968	10969	10970	10971
23812	23813	23814	23815
4071	20023	20269	20462	22365
76537	76538
679	62645
220	358	367	3764	5744	7078
514	42564	43506
23616	23617	23618
1565	19884	26665
4754	15324	33858
58939	58940
942	2771	17565	17566
1416	53053
819	2374	11258	21355	43196	79912
5168	34474
27277	27278	27279
80647	80648
27917	48818	48819
1059	1564
50920	50921
8040	10454
179	44358	44359
1487	4507	12868
4733	10275	19466	34621	34622	34623	34624
16031	16032	16034	56675
8043	8184	8197	9987	9992	18325	18336	18339	27730	27731	27732	27733	27734	27735	27736
1789	13335	30499
53901	53902
3858	19404	34828
3076	3077
51982	79774
31669	31670	31671
21	22	23
6831	9805	40898	40899
545	546	547	548	549	550	551	552	553	554	555
37762	37763
2283	2284	2285	2286	2287
40990	58690	58691	58692	58693	58694	58695	58696
20478	30792	30793
12957	49321
1007	8640	8641
12377	46093
4642	12203	12204	12205
6440	34499	34500	52714
10850	18601
5676	5677	5678	5679
3741	3742	3743	3744
4792	4793	4794
59232	59233	59234
10336	12185	15188
5710	51010	51011	51012	51013	51014	51015
5930	7496	8821	34727
3329	5264	7775	18569	18570	18571	18572
8541	17720	52721
4450	26380
217	38955	68866	68867	68868
1487	14777	65051	65273
24246	25790	37701
1259	17265	30605	80561	80562	80563	80564	80565
4038	10089	20497
16615	22887
12830	12831	12832	12833	12834
24834	24835	24836	24837
3914	4228	4229
23431	41933	56417	56418
77682	77683	77684
40997	40998	40999
845	53897
2709	13321
90	2053	4659	11613
10346	60584
34029	34030
61322	61323	61324
2277	11010
7729	28946	28947
44	45
51059	51060
1196	4557	4559	33898	56712
698	10037
138	39964
14898	16693
26817	26818	26819	26820	46461
913	9713	12065	14284
15915	15918	17190	23468	56946	59716	59815
23959	23960	24254	24255
16863	36819	61191
16880	16881	17803
35628	41131
37313	53675
1831	2908	11829
1007	1131	9375
3902	13713
13600	19534	67487	67488	67489
15281	15518
4450	56845	56846
71751	71752	71753	71754	71755	71756	71757	71758	71759	71760
461	35001	48513
68675	68678	68679	68680	77598	77599	77600
43561	43562	43563	43564	43565
5372	15943	15944	15945	15946
4917	25057	25058	25059
6383	6384	6385	6386	6387
5327	9586
525	19313	19676
6078	17845	17846	17847
21751	48860	73139	73140
50826	50827
2272	42371
21017	21018
3725	63910
78469	78470	78471
24401	59550	67960
1563	12047	15324	16926
16254	78189	78190
1196	3800	41175	43043	44665	44666	44667	44668
45910	45911	45912	45913
30928	30929
12868	15902	17102	59690	59691
47	74462	74463	74464
1090	20941	20942	20943
518	35436
3530	8470
17588	24053	24054	24055	24056	24057	24058	24059	24060
715	60247	60290	60291	60292	60293	60294
2028	3416	13514	41649
3313	54195	54196	54197	54198
25655	74929	74930
37999	38000
835	12807	23524	23525	23526
13760	13761	13762
1065	2209	42955	42956	42957
5080	5081	5082	5083
12602	17049	53161
15010	15011	15012
1065	1323	1868	10746	15841	31322
3099	3100	12577
4025	34464	34647
17527	59696
26809	44088	44414
3397	3398	3399
5996	27688	51742
15454	15978	24626	41717	44619	56211
8892	34475
39347	39348
6163	36885	36886
1707	8393	14779	21775	23010	47297	47298	47299
755	27917
29023	67961	67962	67963
224	799	29134	39723
1727	26971
27041	58785	58786
69988	69989	69990
6282	10578	10579
1525	10822	10823
12058	31375	31376	31377
28383	28384	28385	28386	28387
12455	78234	78235
35716	35717	35718
10543	13980	17094	31768
940	2116	14412	30971
22142	22143
24250	24824	24825
64860	64862	64863	66134	66135
2710	13638	78734
6298	19973
2505	4005	15571	15572
2356	8713	60843
2251	8379	17461	17462	17463	17464
1610	14788
2686	2687	3255	6939	51584
3589	13366	27685	44787
37348	52302	52303
1401	2421	4450	17634
10702	37309
44469	44470
16033	25582	32667	32668
14064	14065	14066
24214	24215	24216
31486	31487	31488	31489
49048	61435	61436	61437	61438	61439	61440
3368	8880	12295	15191	28107
59644	62223	62224	62225	62226
2066	3251	11588	17965	28657
488	19838	38639	62791
5181	5183	79727
633	1131	1862
3347	23613	23614
61698	61699	61700
13876	47058	56897
40768	51312
4116	4360	6883	9131	25742	33160	33161	33162
29459	29460
27300	68341
25389	25680	74253	74254
16773	18128	18129	18130
3980	33046	33047	33048	33049	33050	33051	33052	33053	33054	33055	33056
9120	18155
540	541	543	544
79880	79881	79882	79883	79884	79885
7377	20685	39585	39586
12164	13898	31072
5332	5333	36343
11637	11638	12931	12932	18240
5431	10008	64106	65219	68139	72024	72025	72026	72027
2203	12074	12075	12076	12077	12078
4760	5194	5195
22269	59429
14596	20768	29116	42973
8791	50616	50617	50618
18402	18403	18404
8791	8792	8793
17844	21232	39200
1252	21494	32887
15893	70100	70101	70102
49	32405	45654
464	20524	24043	26898	26899	26900
22638	56334	56335
5386	27374	43954
35669	39841
67	68	69
5726	47824
41595	41596	42006
53549	53550
139	1292	13429	37775	48647	48648
15166	60152	63821	66062
182	20501	23613	24868	25917	62138
2850	9545	19282	46731
3654	3655	6965
15217	38462	44669	44670
7085	35524	35525	35526
1844	22005	22006	22007	22008
2710	5726
29982	29983	29984	29985
47207	47208
3980	6019	8198	38652	55016	55017
797	5094	13376	13377	13378
826	2253	25599
1315	14898
6995	20377	31510
191	2075
28517	48616
183	3445	23246	33454	33455
3935	6725	20700	20701
3616	3617	3618
65077	65078	65079	65080
12355	12356	38245	38246
7162	7163
3935	40152
22753	60195	74235	74236
2855	13774	13775
196	3622	24763	24764	24765	24766
14776	14777	17499
4370	12584	18014	18861
6298	13210	24479	63874
1519	19451
65077	65080	71545	71546	71547
24987	24988
5596	11309	18537
20304	54739
3369	3370	30895
54174	54175	54176
4517	11427	31333	34314	53110	53112	53113	53114	53115	53116	53117	53118
3631	37457	79812
2955	39035
22509	22510
12072	45197	45198
10142	13341	15576	15577
7656	9887	13935	13936
1977	17470	34921
1677	25080	47238	49376
3397	3858	7700	8913	13631	15191	22246	56999	68906	68907	68908	68909
15475	15540	37100	37101
64689	72745	72869	72870
35825	61754	61756
17899	29590	57517	64116
29045	75416	75417	75418	75419	75420
75889	75890
1007	11502
4302	13639	17890
17136	17168	32917
4045	6775	25707	25708	25709	25710	25711	25712
12366	32288	73588
7200	11638	57808
56592	56594	73936	73937
2347	2348	2349
697	17968	44712
30775	30776	30777	30778
25671	25672	25673
90	38124
12057	12058	21766	45918
19810	31357	77183
12413	59838	67283	67284	67285	67288	67289	71086
44334	44335	44336
9047	9048
52022	52023
17070	74961	74962	74963
2923	2924	27585	27586
7300	26189
6043	33644
17027	17029	20972
18561	39914
2363	17265
116	1043	80282	80283	80284
10217	29557
3836	17218	17221	29051
280	23763	47622	79565
9030	11839	18216
2053	11616
6947	41099
14492	14526	14528
139	15893	15899	39569
77606	77607	77608
1399	41373
15822	68064	68065
10239	16691	19643	52717
50575	50576
89	20149	21690	21691
2890	3315
5691	6040	6955	20810
15318	15321	16338	16339
8297	62112	62220	62221
13091	36374
2421	2904	9109	22017	34217	58317
54068	54069
655	2378	5869	12235	12762	77267	77268
6937	13199	15454	52857	52858
135	21862	37446	39755	40573
9405	10435	10436
38220	38221	38222	38223
12481	12482	12484	14436	19733	35962	39023	39024	39025	39026	39027	39028	39029	39030	39031	39032	39033
26910	37543	65733	65734	65735
46588	46589	46590
67533	67534
181	12905	17231	29049	29050
37536	37537	37538	37539
11678	17363	22831	22832	22833
3218	6654	30489
2337	33350
20093	20094
9335	11337
376	633
92	8273
13372	42850
6279	6280
49	7982	16142	29497	61042
110	6560	7407
1716	2985	12195	35062
9858	9859	9860	9861
7163	10297
513	19147	19148	19149	19150	19151
808	24134	24135	24136	24137	24138
14432	18231	40522
77653	77654	77655	77656
21437	59738
13150	58770
1257	1610	31711
26617	28097	28098	28099
22143	35115
28829	57833
6440	35186	56286	57681	57682
72612	72613	72614	72615	72616
17411	17412
4715	4716	4717
4874	7091	7092	8404
159	14934	27914
76090	76091
5924	8894	40900	40901	42266
76359	76360	76361
11724	11725
556	9200
1507	13667	42744
1191	4312	21107
21608	21609
4111	4112
13405	15638	21104
60508	60509	60511
74309	74310	74311	74312
7771	8003	16846	37206	37207
6633	12966	19731
8024	66976	66977	66978
20776	20777	20778	20779
9590	18984	18985	24222
3609	12973	14746
107	18391
31361	31362	31363	31364	31365	31366
8004	33017	33018
1200	32047
2934	4004	45311	66077
7805	46941
8602	8603
3171	3928
11283	66603	66916	66917	66918
6165	6166	6167	6168
3730	22758	65299	65300	65301	65302
4258	6675	62875	62876	62877	62878	62879
7837	43782	78906
1144	13865	13866	13867	13868
1918	4149	4150
1021	4226	51914
8407	8408	8409	8410
76878	77406	77407
4507	16033	35012	39764
68886	68887	68888	68889	68890	68891
26943	26944	26945	26946	26947
913	7331
500	10953	22242	25666
116	3731	39647	39648
2824	7445	19026	41422	67893
13994	16857	72566	72567
13525	14881	17254	17255	17256
1039	15502	16033
1050	5913
28475	62488	64150
6129	23576	34374
12073	36414
4676	16646	19687
1003	48762	49632
247	931	1211	21177	24352	30685
2132	42347	42348
1848	30442	69315
5170	5171	5172
110	11964	11965	11966
34950	39608
6304	10279
79303	79304
14226	14557	14558	23441	23442
223	1138	12761
4225	4608
4027	4028	4029	4030
363	365	27282	66932	73437	73438
71215	71216	71217
256	5058	21440	70343	70344	70345	70346	70347	70348	70349	70350	70351
10540	21114	49754
50214	50215
14069	15685	15686
1985	5091	8763	14128	20976
4373	6683
62240	62241
28937	28938
32643	32644
1534	1721	3587	17960	33025	45411	45412	45413	45414	45415
6137	6138
41230	41231	41232
2056	42377
3398	4049	35674
6967	6968	8864
13428	15333	16634	28367
1191	12455	12456
1813	6769	50305
3581	3884	3932	3933	3934
4608	13405
6625	6626	6627
6440	22173	22174
17207	50671	52568	52569
712	965	2647	42408
40578	43735	43736
1320	35427	35428
6320	10958	54438	54439	54440	54441
381	16638	74512	74513
1985	8452	8453	8454
6298	67589	70394	73732
1892	9270	11482	35474	36816
37435	44561	44562
49	41722
5168	47344	47345
6582	6583	28601	28602	28603	28604	28605	28606
19880	56935
57321	59391
12474	15667	59401
181	1077	3030	45032
21415	28700	28701	28702
34055	42788	46197
2850	9401	11796	56750	66102	67109
633	30911
1202	9766
6516	6517	79713	79714
3587	4633	14429	48916	48917	48918
19545	20120	22208	33119
15454	16770	19455	65577
1403	1716	4147
9030	11839	14222	44476
21099	25690
2056	2625	34908
14515	26434	26435	29830	29831
1199	31291
73844	73845	73846
7389	7390	7391	7392
1325	44531
71508	71509	71510
1816	1817	1818
3445	8738	8739	8741
419	4791	37161
6040	6956	31438
2850	9545	49958
14272	15723	36961	36962	62200	67027
19257	61601
6332	34557	44612
5670	20648	23302
1890	63208
7571	7572	7573
2184	60075
902	30846	47446	47447	47448	47449
57469	59676
9473	14073	21864	48284
11367	42248
1324	11839	14707
9270	12412	21893	21894
42920	42921	42922	42923
644	1065	1486	3698
2505	8713	9442	12177	42385	43720	55347
15722	15723	16791	63346
13641	15334	61714
18561	24254	38518	52331
11584	23458	50919
20790	20791	20792
1403	1638
2568	2569
13319	43424	45030	45031
23011	23013	24000	32051
35225	41887	41888	41889
2061	20389	20392
13428	14888	15332	15333
6621	7329
6628	51812	51813	51814
3808	62680	76502	76503	76504	76505
19500	43291
36151	36153	37602	37603
13236	13237	37778	37779	37780
7200	24331	24332	24333	24334	24335	24336	24337	24338
23838	27908	27909
12	36139
42629	66072	71187	75346	75347	75348
59091	59092
58995	58996	58997
4116	23915	23916
1985	14128	20976	20977
12989	20472
8622	24171
46863	51694	51695
13399	68602	68603
1005	3487	9108	9109
6577	14135	18054	19120	19121	19122
1311	1312	21269
3237	3238
2170	31687
2263	35939	38573
6098	49449	49450
8717	31579	57126
706	20173	20989	21048	24702
4161	4162
22222	28424
3622	6154	10609	10610
26640	34646
1437	4323	10954	35978
9945	21587	55113
1039	44075
1312	1610	2214	21621	32202
5094	5809	8848	8849	8850	8851
21765	21766	41511
1324	15477	16800	22359	65272	65970
68566	68567	68568
77105	77106
8050	8051	18429	33668	34375
6493	63990
1607	9253	9254	34330	34331
5352	5353	34847	34848
2166	19883
182	5008	8412	22276
6298	12237	12238	44128	53814
2710	42285	42286
1355	17376	17699	17700	17701	17702	17703
30833	66651
13393	15477	41200	50319
10539	63375
1565	21943	28654
6320	50653	50654
14905	14906	14908	17034	17035
16879	18277	18675	19626	19627	19628	19629	19630
1564	49316	52318
29460	38351
6909	57707	63539	77866
5208	8406
88	14945
26028	68221	79561	79562
7700	8913	15191
4068	6963	6964
11819	12238	58371
7099	15841	26710	56684
1305	28221	69343	69344	69345
2941	6703	53509
556	13876	36245
22905	22906	22907	22908
1478	1479	1480	1481	1482	1483	1484	1485	1486	1487
27687	44820	44821
64612	64651	64652	64653	64654
23076	23077	23078	27116	30316
6023	20883	49048	49049
19870	46960	46961	46962
14347	14348	39714	39715	39716	39717	39718	39719
2840	59731
166	13853	57308	71816
3527	4460	12384	13303	49361	61826	61827
15054	15477	61881	61882
839	11360
782	2486	17559
6496	41453	60551
40980	40981	40982
1329	10586
60	37643	38013
14054	38339	69986	71353
2270	47743	47744	47745
4866	19796	23103
4312	30957	44145
25798	25799	25800
8193	8194
46063	46064	46065
14922	14952	16619	29318	65180
556	6910	12291
76735	76736	76737	76738
40059	40060	42838
18738	67621	76266	76267
44640	44641	44642	44643	44644	44645	44646
21568	21569	21570
108	18860
9713	14284
1076	4947	34667	34668	34669
20050	20051
4271	12235	65433	76237	76238	76481
655	9414	15926	15927	15928
7227	19763
3089	3090	3091
1060	13544
46246	46247	46248
12605	12607	17556
11589	11591	14412	26139
16537	30434
585	29573	35612
20132	34002	73451	76342	76343	76344	76345
7290	12047	32660
72622	72623	72624	72842
92	278	1191
2262	78676
857	13170	24201	29178	57865
33426	33427	33428
7125	7941
3099	17805	26645	26646
4595	13970
20975	51757	51758
4491	4492	4493
2533	49142
14415	70557	75828
14991	15540	20030	61421
1757	1758
256	8622
12741	14017	63188
9599	20015	26111	29906	29907
13429	20676	46058	53745
2842	30811	61648
45	10887	13872
105	16274	22366	38972	65151	71994	71995
4071	58773
10484	10485
95	28364	38656
7969	13793	18966
3091	3601	3602
4595	13008	13970
26883	54134
14222	41261
72902	72903	72904	72905
13759	48033
9778	34959	44345	55380	55381	55382
9072	14705
3849	5899	6823	10785	26188
9415	15286	15287	15288
80414	80415
7494	68733	68734	68735
2839	22754	36368
636	11363	16095	33643
5505	15667	19999	20001	20528	20529
7113	63833	63834	63835	63836
1797	1805	28488
12755	12757	34598	46007	48766	65003	66801	66802
79133	79134	79135	79136	79137	79138
2952	4845	8018
36657	36658	36659	36660
50781	50782	50783
13108	27112
2497	7200	20400	55546
20383	20384	20385	20386
1153	36388	36389	36390
3461	6501	12178
839	1093	4210	5172	45740
11042	29431	46299
10239	12869	13709	74670	74671
230	2272	80481
1486	18017	24270
46005	46006
3061	14954	68170
56833	59787	66322	66418
4600	4601
17410	20304	23628	23629
4049	48444	48445
9548	14650	16170
3742	13118	13121	37991	37992
1723	8536	24965	24966	24967	24968
3461	12178	50335
2075	7785
6714	6715	6716	6717	6718
1868	22081	69430	69520
8660	11555	31361	31362	31363	53395
32483	37257	51606	74190
7085	39578	39579	39580
6057	6916
229	230	15764	37637
1235	14972	65029	75283	75284	75285
6674	78100	78101
15281	22080	57372
2169	2374	7332
183	1005	2421	17634	42057
2041	6208
2272	5166	9349	35231	46577
5073	5074	5075	5076
3920	5382	12270	39522
17566	22259	25605
13393	16775	16776	16777
5588	44502	44503
5464	17606	38242
6212	43634	44945
1862	8196	8197
6394	6395	6396
935	11775	12394	12395
11994	49759	60498
27208	52772
28594	28595
4574	4576	4581
2378	20724	46846
44028	44029
1634	19750	53045
232	233	2220	39399	69633	69634
944	2887	10849
1139	6550	29406	29407
11570	30736	30737	30738
6570	6571
3773	30445	44001	55889
18527	42302	68310	68311	68312
7030	40142	40659
913	9473	9713	14284	65041
75951	75952	75953	75954	75955
7787	13129	13130
15361	15362
79587	79588	79589
180	28484	69316
223	24733	58125
14596	20768
43647	43648
214	50480	50481
3203	3204
7698	9643	27032	40762	40763
18753	18754	18755
17872	17873	17874
2075	34570
1125	41198
47724	53613
16398	16623	33731
26675	42557
29784	34541	40359
1807	19721
419	7904	11515	31516	31517	31518
14908	15682	62206	73503
64390	64391	64392
7952	8880	16445	20551	55575
34967	77365	77366
28362	64473
11372	16952	55944
51640	51641
169	25054
4895	79594
4385	25492	25493
9434	9435	9436	9437	9438	9439
7085	54865
32655	66451
2962	2963	2964
256	1559	10279
29558	29559	29560
79155	79156	79157	79158
1200	2669	11073
11701	11702
40159	40160
9191	18463
13938	54515	59591	65803
11095	21638	54922
1125	46549
33978	54115
314	10201	37925
33330	33331	33332
278	15712	31500	65074	66093	66094
20638	34163
13393	18226	31203	56783
29472	69885
8233	24823	61489	67578	67579	67580	67581
7259	20583	20584	20585
1947	5719
50981	66261
13393	14063	16776	24248	72221
1513	13347
5833	47842
1162	52704
11367	35729	53651	63785
11290	17632
6535	20038	32095	32096
31584	31585
8913	22246	57162
19316	29395
23556	23557	44763	44764
46727	46728
11639	11640
77837	77838	77839
585	6400	37777
26213	38299
3658	15507	15508
5149	41670	48821
53433	71997	71998	71999	72000
2213	42344
6891	9208	30914
4683	10247	79427	79428
4454	7236	21711	22972	28106	41384	41385
14112	18902
30353	30354
4195	34498
45567	45568	45569
1809	3159	43757
2689	19857
1879	12213	23761
7986	12470	12471	12472
52179	52180
13723	17954	17955	17956
4092	11310
4515	41035	41036
4642	57812	57813	57814
27632	27633	27634
3614	8274	38798	38799	80257
16232	36380
2018	2566
7350	61362
37348	42403
12990	27040	74284
12355	12356	14207	58348
2328	3861
499	17739	17760	54044	54718	54719
3810	3882	4827
6320	8789	10646	33249
2378	10808
42467	42468
9025	11294	32903
3656	3657	3658
3855	13873	63669
21897	21898
196	1965	22158	32638
19025	23703
659	3196	6479	6823	13600
8	12	57956	75236
57459	57460
1280	1281	18478	18479
94	6633
804	4285	8012	9849
10067	10068	44730	69086
8718	42593
11293	16392
4811	10687	17517	52580
58470	80634	80635	80636
6904	24317
10543	31768
26564	66904	66905	74792	74793
1600	17085	17938	25393	26792	30727	30728	42896
42258	50847	50848
5166	50648
11708	33750	68569	68570	68571	68572
9386	13149	20406	20794
15477	15928	69734	69735
53489	80679
2689	35806	35808
2053	28832	28833	28834
1697	1698	1699
266	6019	12788	12789	12790
5689	22948	63460	70308	75746
3764	20776	25854
3589	13366	44278
175	24940	24942
16564	16565	46129	56127	56558
14446	46419	68292
663	1716	11418	13613
3536	35669
1563	15324	16926	29782	63291
6576	15386
3376	6462
4323	53178	53179	53180	63896
2789	2790	29995
62433	62434
16562	45074
6573	9116	12974	12975
14794	44073	44074
10089	20463	77027	77028
1985	17319	17489	17490	17491
42095	43547	49323	49324
60513	77469	77470
17157	17158	17159
3368	16270	16271	16272
18493	68875
1608	20279
7030	39765	39766	41103	45837	45838
14711	14991	26878
21059	21060
77740	77741	77742	77743	77744	77745	77746
499	2374	7706	29641	59906
1137	2739	4547
17383	26155	26942	40769	40770	53605	53606	53607	53608	53609	53610	53611
17415	36932
26718	55177	55178	55179
2270	16562	31464	48114
135	278	1191	3188	3614	23947
3396	11932
4504	4505	4506	4507
31145	40920	42225
1908	1909	1910	1911
3580	4060
90	3513	3514	19160
3358	7866	15153
58596	58597
12677	42041	42042
18	1138	11994	13111	13112
3044	9441	17236
35635	35636
7700	16493	17623
3061	7385	14954
17906	18072	20174	28576
4045	22085	32245	58580	58581
37705	55690	55691
3553	49259	62301
110	2160	5003	9750
68613	68614
2360	27377	65818	65819
33285	44657	44658
2270	17376	18967	54502	59938	59939
2710	11839	17221	42284
4952	7170	45564	50188
108	706	1402	1403
7715	24992
6453	6454
940	5754
7037	70350	74787
1417	12751
2066	3367
8009	20015	30677	30678	30679
8770	10400	29466
9713	14284	16455	64307
28766	62625
105	106	5691	19039	19040
23670	28945
17217	17218	17219	17220	17221
14359	37966	76136
1946	1947	10881
1985	8504	12854	14128	20976
39035	48664
9466	9467
29911	55670
3729	3730	23263	26249	39906
851	22214
2497	2710	20246	20247	20248
159	5210	5215	5216	6235
6731	28622	28623
19041	20028	20302
14711	15164	15165	15654	61898
1338	12176	47533	69887
468	471	472	473	53625
2863	22975
133	3546	15719	61971	61972
14908	29812	44240
35871	35872	35873
14486	70358	70359	70360
15192	39870
1240	19992	66482	66483	66484	66485
1138	17781	57653	64460
30532	43372
14496	35824
665	666
4800	5660	50073
1979	1980
223	224
1608	29157	29158	29159	29160
54704	54705	54706	54707	54708
16085	65896
5368	7901	25642	25713
1416	1417	6163	12751	25049	29436	44716
1565	19884	40596
11621	11622	14260
67656	67657
1008	25053	33812
21284	29015
16638	19464	32882
4812	4813	4814	4815	4816
32787	32788	32789
3788	3790
15971	55941	68223	78173
6081	39854
33755	47901	47902
8197	18324	18325	18326
52743	52744
30076	30077
15763	16446	18669	26999
10921	19886
35872	53659
931	2737	33934
2485	2486	2487	2488
626	5899	17629
223	18966	64063
18540	21357
15393	15394	15395	15396
31734	31735
10744	19784	19936	24960
36329	66234	66235	66236	66237	66238	66239	66240	66241
1497	8329	22576	28155	40572
2943	3367	3369	4210	68621
4399	27493
1077	3445	3446	3447
2218	8947
33279	33280
177	24505	49222	55296	61862
348	5731
35651	45881	63505
7341	13830
13187	15136	15137	15138
1761	53139	58575
499	6274	67457
2418	8439	11559
2441	4271	37158
41011	41012	41013
658	2055	31674
8193	22952	25360	43595	56648
5172	5940	15304	15305
5378	5382	5789	5790
18245	39163
1177	1305	6927
18305	18306	18307	18308
267	26290	30779
13083	60152
3980	9968	9969	23751	55311	55312	55313	55314	55315
6250	9803	9805	51251
59093	59094	59095	59096
2179	68495
7031	12572	20734
179	3474	15773	17163	23448
3561	10590	10591
15260	29626	29627	29628
13448	24103
1372	2421	3982	13875	36239
19964	19972	27069	31927	60809	60810	60811	60812	60813	60814	60815
69021	69022	79139	79140
1903	1904
1326	2179	5991
3893	17043	54518	70753	70754
2709	77663	77664	77665	77666
212	17795	17796	17797
2376	34794
3376	7791	20800	27991	75100
23202	56263	56264
16114	17051
1325	9030	21636
3368	38067
11513	12162	23344
23575	29858
3431	21670	21671
499	625	12413	18559
5382	5790	38828	38829
14228	58630
2609	6001
12461	64902	66042	67671	74266
45166	45167
1486	13082	14157	15307	15308	15309
1039	52939
1596	3233	4480	7553	18695	18696
4546	11777	18325	20397
23873	23874	25301	25302
224	4569
6002	17187	28581	29790	29791
708	2971
9343	9344
173	57867
10335	34410	45629
24102	28449	57402	59763
4323	12584	16766	16767
40665	40666	40667
2709	23508
3098	27294
3369	3370	14222	72246
7902	10142	64151	64152
1607	25183	25184	25185	25186
31268	34510	34511	34512
6110	6112	36011	36012	36013
44399	44400
3395	4068
2625	18246	20480
1091	5559
34883	34884
13013	15757	21077	21078
105	106	36342	53900
1288	1289
2939	2940	2941	2942	2943
68506	73965	73966	75939	75940	75941	75942
3444	5883
812	5046	20131
1716	3984	24992
13433	13434	13435
1280	45519	65193	66454	66455
1008	22663	33082	49298
55934	55935	55936
35515	35516	35517
2028	5575	7656	41208
11736	24069
13386	47251
7533	44136	66987
10275	39266	39267	42640	52973	52974
49386	49387	49388	49389
10900	10901
4301	21601	39526	46528	53030	53031
2555	9489
43704	43705	43706
9415	16768	16854	33824
3434	3435
7871	7872	45513	46261
7506	7507	24220
23472	23473	29874
8872	8873	8874
20438	58150	58345	58346
1160	1985	14419	19741
1098	3395	15568	42494	49282	49283
14888	15839	17064	68557	68558
5617	40747	56706	56707
2845	5193	12339
10579	32730
467	6473	24241
30955	41416
990	1719	1754	7763
27882	27883
4545	19272	20948	25061
256	1007	4951	4952
24989	32011
3112	29731
8859	24081	24082
56990	56991
6298	12243	13238	13240	13241	48085
11167	61748	61749	61750
1581	76329
7113	30583
60970	60971	61067
69387	69388
6073	43456	67102
12413	14088	59838	67283	67284	67285	67286	67287	67288	67289
4445	4446	14068
75692	75693
5351	6945	6946
2378	41681
55625	55626	55627
33541	33542	33543
718	719	720	722	723	2104	8233
19478	53588
34032	37312	37313
23	38765	57702
27779	59461	62535
26954	42627
9957	25375	25376	25377	25378	25379	25380
7290	11340	37193
4154	58512	59706	66417
99	130	2715	16609
1941	1942	4399	5207	13392	24652	33801	41289
913	14284	24992	30957
12889	16441	16442	20387	20388
9742	9743	9744
8352	8353	8354
43807	43808
4381	9711	33284	36905
9096	39805
2819	2866	2868	29708	29709	29710
20417	32152	32153
3631	6096
392	393	394
3092	3093
4019	57052
35634	45953
5970	5972	48531	48532	48533	48534
12196	22997	22998
2043	30768	45871
6576	15386	15387
3289	3290	3291	3292
9883	9884	9885	9886	43799	43800
358	5658	5969
34551	34552
18952	47841
266	5996	62806	62815
35428	61963	61964	61965	61966	61967	61968	61969
33	52885
37705	41738
11638	12933	12934	59314	59315	59316
4147	72240
16950	16970
13958	28017	63724	78164	78165	78166
698	3834	35749
9401	9495	25958	56363
3832	63358
15296	15297	15298	15299	15300	15301
3255	76933	76934
17221	65256	67860	77368	77369
5870	14492	19777	19778
961	11191	38544
183	5620	19086
7100	19510	19511
1349	15543
944	11457	12413	59839	67992
28659	37434
10881	18561
1005	20118	62921	69365	69367	77858
23660	23661
8596	15255	15256	15257
979	980	13733
11796	12492	16838	17049	65320
28979	28980
1161	15443	72969	75593	75594
14543	15869	16764	16933	20156
54101	54102	54103
62326	62327
178	179
2239	12556
9126	9127	9128
27809	32028	32029	32030	32031
25616	69356	69357	69358	69359	69360	69361	69362	69363
9722	29655	38855
1131	6287	8043	18159
12373	12374	12375	12376	12377	12378	12379
2018	4025	24004
3069	4488	4489	79651
166	9495	25958	37353
4461	4462
23417	23418	76817	76818
21887	71084	71085
12295	18180	20478	39321
6073	12279
1331	4687	4688	4689
9330	39010
624	3580	9843	18700
24075	25094
2375	3589	24112	28871
797	2947	22916	31521
2184	3609	30325	60951	61852	65607
21879	74250
66817	66818	66819
7094	24339	25272	25273	25274
28999	29000
8306	32284	65804	65805	65806	65807
8313	80056
348	3533	28305
5662	42336	42337
3723	55614	65940	67168	75888
16748	16851	22908	37041	37218
1307	14135	14136
3788	50762
1331	4688	12585	48521
18	22070
4409	59580
1264	55481	67390	67391
1788	19772
4046	6938	27248
177	25892	43327	50413
21686	22792	50021
23179	54469
75	241	23722
33616	33618	73944	73945	73946
21757	59289	59291	66640
2154	24290
9736	21243	35179
1376	1377
15971	40823
3546	39140	51923
11444	16660
21332	22750	32176
18335	19124	32515
65187	65188	65189	65191	66808	71374	71375	71376
17727	33715
30881	48884
3836	23885	51059
2210	2211
3858	14934	35320
17006	18248
181	182	1372	2270	4960	10392	19846
22236	47115	63352	63353
9624	73341	73342	73343	73344
2882	9520	37454
2376	11755	13340	41453
8355	8356
4809	4811	35591	38225
15971	38106	41049
12202	45969	45970
4765	13656
19321	60019
30569	30570	30571
14815	14816	14817	14818	14819	14820
2263	32924
1892	8703	8704	9270	11482
2744	3454	18624	60953	60954
15109	51791
20938	20939
2717	3146	16773
8004	76418	76419	76420	76421
1060	65794
11796	14625	22118	22119	22120
18231	27854
2061	7252	49072	57345
27266	40533	57400	57401
14749	22535	64511
2709	15999	76129
16881	17803	28433
7869	29087	29090	66538
19684	23162
4004	11705	20888
8664	8665
5854	10769
20464	20465	20466
39578	43977
1798	13704
8113	16606	62860
2263	3593
543	18398
3609	15120
3445	59502	59890
1234	1235
8483	39933	39934	45718
192	260	3537
37353	74710	74711	74712
19189	19190	19191	19192	19193	19194
433	434	57993	57994
15132	15171	15172	15173
4822	20564	20777
181	18773	22253	47239
5990	13562	15132	15334	26706
22150	22151	22152
21715	23266
50179	50180
3593	4124	36945
1862	4074	4075	7094	12566	25751
60	3120	7268	16050	16777
1179	8343	8344
9595	10069	48890
1259	1260	1261	17696
2420	2421	2422	69996
4226	7460
5653	5655	20152
2744	31989	31990	31991
501	40230	40231	40232
13677	45617
31294	31295
9588	39021	39022
260	467	6754	6994	18364
499	64175	64176	75752
33310	33311
3902	12304	31988
1325	49000
5996	6867	25151	25152
3855	13873	75880	75881	75882
5870	14492	14526	14527
1634	2305	6256	7544	22652	55018
4360	6883	9585	20556	20557	20558	20559
17267	34583
2698	2717	9241	35778	35779
29413	29414	39679
1403	4147	10849
35220	35221	35222
4082	4083	4084	4085	4086	4087
8557	8558	8559
14991	18713	26826	29105
4550	4608
7952	32119	55851	68874
6436	38518
1302	18519	28102	28103
9724	9725	9726
6936	6937
19704	44349
13545	15234	59840
5376	23703	33657
514	42545	42546
81	1689	2147	4079
166	45027	45028	45029
2095	6620
22674	23704	48272	55717
10140	10142	14014
37268	37269
39399	55532
1460	2406	11098	17711	19472	19854	25032
834	6995	26222	32947
2272	15640	15641
5018	5019
6747	8641
33001	48450
21693	21694
5389	5390	5391	5392
13429	16690	23468
15083	17353	27892
21223	21224
1264	6859	6860
8558	10803	17547
4437	4438
5166	9116	11839
10261	19983
7085	15878
10432	11076
239	3533	21331
11759	66018	68380
42171	48451
1765	5393	13327
16284	19899
9804	16748	16851	18012
77576	77577	77578
