11682	22188
17872	17873	17874
31353	31354
6830	6831	56893	79343
25014	33608	33609
14908	15682	62204	62205	62206
38096	64142
11601	69139	75188
25734	35012
4587	8610
1977	8957	16615	18181
353	967
19575	19576
1647	16917	16918	19060	23170	23171
33951	61393	61394	61395	61396	61397
32726	32728	36167	55919	75324
1485	6646	53057
4370	14947	18861	46178
2184	30325	60951	65606	65607
4754	40354
1161	2067	3529
20178	45914	45915	45916	45917
61904	64880	64881	64884	64885	67225	67226	67227
1596	3537	9787
1324	13904	14707	23170
16284	37806	37807	37808
13140	13141	18181
1303	5898	5899	6823	50092	50093
6837	8475	21803	21828
15388	15389	31051	60703	60704	61004	61500	74199
2850	11796	17049	56410	66102	67109
7561	58920	58921	58922
24120	35160	35447
64090	64091	64092	64093
8309	38925
15529	56641
192	6435
4049	38847	54005
80457	80458
1403	2116	4147	64159
2670	2671
966	13732	63440	63441
9887	16640	17486
17513	17514	17515	17516	17517
17864	17865	17866
5996	18000	23548	23867	23868	27688	27689
16744	50270	50271
625	6823	58478
3235	3236
16094	35206
1079	50492
498	499	21486	21487	21488	21489	21490
5569	32058
7113	15156	18867
6501	20577
60718	60719	60720
67771	67772	67773	67774	67775	67776	67777	67778
37347	37348
29899	33982	34459
77604	77605
1346	1349	15964	42623	42624	42625	42626
3218	43077	52850	55925
1486	12022	25665	42850	51747
35472	38573
23195	32674
3114	17823	17825	42079
13544	44288	52099
1479	1485	16651	24557	25573	28683
2270	16562	31464
224	799	29134	39723
13098	13099	14722	14723
1595	1831	2832	2954	62437
1946	20599	22022	22023
4465	4466
10406	10407	46806	46807	46808
16099	20272
2935	12852	14749	61377
17574	33572
499	5614	12325	28173	31514
22753	31676	31677
3119	3121	16877	57566	65319
13341	67214	73440
29489	33629	68871	68872	68873
17217	17218	17221	29151
12991	13103	75679
10070	13793	20312
6481	48012
7541	7542	7545	57570
32002	32003
2677	33349
1621	3637	13444	36635
5981	30924	30925	30926
12561	12562	20635	25971
14446	32957	71485	71486	73346
419	4791	7904
6042	9837
5476	18508
21897	21898
20865	22827
15156	22960
708	709
38076	41103
15027	68288
9767	9768	9769
51864	51865
1707	10063	18229
57805	65322	65608	65609	65610	65611
60514	67031	67033	67265	71959	71960
12691	41073
6380	9025	11294
1305	3376	5734	19460
3742	12208	13118	13121	14198	38655
13562	34973
4323	16565	37997	37998
160	161	162	163	164
76460	76487
69021	69022	79139	79140
12849	12852	14198
452	50596	67159
42104	43283
30768	68979	70184	76044	76045	76046
4210	43499
1276	2442	38975	38976
3537	3538	3539
4307	10474
54979	54980
1610	2053	8395	11250
943	1327
77082	77083	77084
735	4917	10276	53768
2542	4418	4419	10239	21344	23149
43745	43746
31146	41097
38209	41050
14236	14237
27244	60050	60051
2098	4678	13023	15844	15845
5148	7859	37202	57990	64041	68061	72994
32361	61873	70504	71116
1892	14145	14146
12422	24146	24147	34091	34092	37423
4587	8614	12160
241	1866	71125
16731	52176	52231	66270	66271	66272
72632	72633	72634	72635	72636
1496	37491	41505
2492	18979	31229	31230
13106	50086
43496	44367
11428	37521	51366
2437	3358	5633	5635
6748	71606
218	35566
11147	18710	20372	20373	55334
180	25132	28484	56061
13335	14415	50012	61923
13419	43657	43658	43659	43660
19556	26845	26846
241	1453	2497	3589	19535
12	19478	53588	62192
14113	14565	14568	16402	17538	28883	61080	70150
38998	38999
2503	22470
46923	55757	78516	78517
1936	4940	40968
8323	14733	15189	15604	15719	16649	16977	17474	21997	29075	37819	55529	61876	64104	65875	71345	71352	74360	74361	74362	74363	74364	74365	74366
6496	20901	44248
16655	50968	50969
3517	4581	7094	17662	17663	17664
43450	43451	43452
10527	10531	26896	59636	70463
21842	25223	56693	56694
1118	1985	2999	34233
14876	24375	24376
18395	18682	21807
17727	47115	47116
4507	12852	45993
1485	6646	6647
234	2803
30775	30776	30777	30778
902	4574	4576	4581	6414
375	1091	1600
3858	11601	15154	59845	69139
5731	12707	19853	30767
21167	28581	36999	37000
644	1235	23440	34973	36513
13641	44223
59063	59064
2127	9675
46625	46626
41051	49766	49767
66663	66664	66665
7445	7446	8283
2172	22073	22074
14793	68596	74958	74959	74960
77926	77927	77928	77929
3610	6538
5686	14355	20012	34105	60126
1302	22704	27655	34021
735	16841
30271	63030
10903	15517	16175	22937	64347	64348
3425	30113
80008	80009
22161	22162	22163	22164
17558	19778	64603
25166	38872
16952	51672
1416	16228	45148
14496	19168	38179	53835
11419	13943	79078
2376	64571	68811
33684	48067	48068	48069
1441	15122	21943	56111
3366	4210	13494	17289	50883
2484	4214	29977
7518	7520	27643
419	421	1985	59876	59877
18253	29744	29745	29746
2627	20978
4694	9476	9477	9478
826	9385	23196	28184
63893	63894
1005	20118	62921	69365	69367	77858
7804	7805
13222	51799
41456	41457	41458
1766	12338
9630	44278	67152
518	2505	37390
20	11796	13015
16300	76123
1596	2789	4846	7898
59056	59057	59058
16403	68754	68755	68756	68757	68758	68759	68760	68761	68762	68763	68764
23561	23562	23563
45038	45039	45040	45041	45042
23489	55971	55972
7287	7288	7289
10570	10571	10572
41404	41405
9476	48659
24575	27754
4475	4878	4879	4880	4881
22730	22731
16357	61819	61820	61821	61822
14088	14089	14090
59867	67213
2366	46749
47433	47434
27614	61449	61450
20632	29417	29418
1281	36899	36900	36901
7264	78080	78815
3133	40368	40369
240	715	5731	30774
14009	45928	54835	54836
29574	29575	38554
3974	22659	22660	22661
73736	73737	73738
1303	1413	1414	25074
42360	42361	42362	42363	42364	42365
38306	43816	51963
22411	37111	42078	63952	70723	70724	70725
5376	23703
655	13393	16851
6109	6110	6111	6112	6113	6114	6115
1005	20118	28608
1694	4014	10012	16507	16509	44375	44376
2687	23404
2699	8781
11446	28659
62965	62966
7077	14900	16226	44902
21798	65530	69235	77286	77287	77288
3953	15723	55319	55320
7952	38856	67989	70188	73283	73284	77102
1453	1623	3882
16305	40726	48754
4766	4767	4768	4769
348	3849	5731
22805	22806
12859	43369	43370
1007	1501	4441	4712
12755	12761	15586	15587	20855	28562	33664	33665	34525
1608	20279	20280	20281	20282
6954	8593	14137	26220
2244	15281	54214
735	31056
7952	35472	37521
11796	14551	22388	44356	44357
8563	9468
150	9925
4765	16846	37453
2744	62141	66575	67371
79517	79518	79519	79520	79521
1161	3929	5894	5895	8205	10129	10130
3568	27224
29712	45791
21315	61414	61415
1306	26471	26472
223	25387
20015	49676	49677	49678
2244	28269	45720	45721
36069	36070
46425	48969	48970
6835	18583	37650	47883	47884	47885
16597	19869
17224	17225	17226	17227	17228
9270	11481	11482
3811	19024
47154	55211	55212
16353	65398	65399	65400
1160	15129	16615	17592	17593	30157	30158	30159
5360	9721	9722	29655
2259	7077	13709	43335
36491	36492
11664	32707
2053	2090	5208	7805	51794
9887	33599	33600	69487	69488	77697
183	5614	17576
2267	4389	17190	22098
8083	17483
12781	51876
14790	14794	61793
18277	58082	62790	78030
14359	18263	67093	67094
12235	62606
4115	30104	30105
2744	6259	22778	22779
13419	30255	36100	36549	50606	50607	50608	50609	50610
73185	73186	73187	73188	73189	73190
1302	18519
8512	8513	8514
43838	43839	44974
21665	21666
75728	75729
5149	38678	48682	48683	48684
7902	10142	14856	41453	74540
42	17168	51477	51478
8193	51314
16228	41274	41275
19497	38204	49225
12532	12533	18971	30499
2406	19278
5870	14492	19777	19778
16302	16305
3233	3426	18151	18152	18153
14114	64162	65059
9945	16010	39513
3368	23848	41594	54112
4122	35515	51949
4025	34464	34647
2184	10947	10948	10949	10950	10951
15369	20257	66696	79862	79863
234	2803	24312
40665	40666	40667
18178	27021
12	6444	6445
14883	17264
880	24921	25196	57446
7045	21972	32512	32513	32514
29087	53805
12302	14037	47882
17024	18561
135	26716	64525
14228	50557
12047	12279	50930	61936
39093	80469
6471	27642
2710	21432
14991	21674	29465	72241
697	24494
139	140	141
3112	3540	12108	77752	77753
35825	49429
42264	46145	46146
4599	7982	29494	29495
16071	17000	30047	31520
29155	61219
20473	20474	20475
10746	59909
3544	9085
9864	14209
797	2947	56394	66617	66618
7045	18717	30391
3706	6754	46664
135	2271	5329
54243	54244	54245	63012
4251	16099	43673
37096	38014
15454	16770	19455	65577
352	37242	37515
58807	58808	58809	58810
2423	3487	11778	18235	26246
35478	38067	49827
47919	47920	47921
1021	1022	1023	36786
1020	30597	64124	64125
28160	68348	73191
7469	25307	25308	25309
4678	15461	44344
34950	37168
1534	77385
7385	14864	63925
61382	61383	61384	61385	61386
1468	45023	45024
27463	41792
2406	31778
15998	21943	36212	61795
14898	16714	16715
2162	44809
19901	19902	29366	39671
26654	35624	35625
47231	47232	47233
1161	66194
2420	2421	2422	2423
13646	35749	35750
1415	55147	55148
4847	66670	66671
137	138	69772
1358	1410	8960
4866	19796	20844	20845	20846	20847
2535	3631	5652	19577	19578	19579	19580	19581	19582
1765	5393	13327
2594	2595	2596	7168
2847	2848	2849	2850
11241	21563	30795	33014	52114
11737	11738	11739	19778
21780	21781	62330	62331
19740	23502
227	228	229	230
2441	12852	39952
1621	39382	39383
6333	6334
79900	79901	79902
5870	9205	16438	32682
32071	34571
12906	20304	56988	56989
8003	13013	13019	18513	32424	63142
5142	6882
312	314
14829	15443	17779	20818
6158	6159	6160
10242	10243
1232	7384	47614	47615	47616
5034	11691	18208	23730	33289	33290	33291
9270	11482	67539	68971	75226	75227	75228	75229
12722	15101	64832
1291	16398	19924	34847
22446	26964
1023	25911
2441	38462
46523	46524
5180	67460
1196	3800	26405	26406	26407	26408
1199	1413	1565	1755	11723	12098
15116	16883
24103	34357	65095
3085	5524	8195
3658	16493	20649	64119
9386	32010	40732
40768	51312
40238	40239
4098	24954	24955	24956
19212	19213	19214
12455	13139
42702	42703
29385	29386
53051	53052
783	33552
15602	27374	40426
5459	15035	15036
259	4545	9301	22569	22570	22571	22572	22573	22574	22575
1868	57835	63443	64535	64536	64537
3293	13429	15540	19410
433	65505	65506
20183	20184	20185	27285
3929	6577	6951	10200
19411	19412	19413	19414
3433	3735	3736
1402	20670
57794	74788	74789
1326	1911	15281	33607
3196	12065	20555	24992
17496	17498	74243	74244
7920	10239	15521	15523
14895	28696	44198	48031
9414	15928	16623	47059	47060
4946	26901	26902	26903	26904
4311	36890	36891	36892
13295	23835	28568	28569
2193	8338	42234	42235	42236	42237	42238	42239	42240	42241	42242	42243
46988	46989
2061	19545	19546	28910	28911	28912
41	42	43
2041	2943
2656	58204
1058	4301	77623
34636	34637	34638	34639	34640
2710	5726
3647	26857	26858	26859
28714	71517	71518
50857	50858
16879	25095
466	4655	5448	5449
6264	37897	37898	37899
2245	3580	10845	22856
575	7882
19669	23917
16415	61719	61720
1311	1312	21269
78469	78470	78471
11980	60152	64668	73681	78061
1716	2310	15091	15092	15093	15094
6975	19859	19860	61678	61679
15752	35991
10704	10705
19873	19874	19875
799	4010	7101	7102
8050	8051	18429	33668	34375
40667	41978
1520	3864	3865
2214	67416
29842	48039
812	2628	2629	2634	25963	50817
3347	5893
4546	18643	24777
3625	5167	7982	16096	35190	37637	39588	61857	61858
31104	31105
20934	23212	48631
556	5301
10586	12325	19435	23737
14922	14952	16061	56214	75058	75059
12835	12836
80213	80214	80215	80216	80217
5731	12705	12706	12707
9259	29853	29854	29855
94	280	12291	12765	13751	20519
679	18464	18465	18466
11808	11809	11810	11812
4845	8020	8021	41918	41919
16950	21315	36194	63069
19250	33496
16056	27762	29198	49816
16109	16110	35994
1125	42536
15027	15454	64036	64037	64038	64039
18220	66732
1331	13212	45725
12178	12647
5662	42337	47326	47327
11675	28159	28160
6447	13736	15306	35800	50425
15967	41034
14551	66260
206	207	63847	63848
58582	58583	58584	58585
575	4323
1480	2378	16168
19498	23670	38786	54757
20093	23537	54797	55072
62977	62978
6440	19395	19396
2009	2010
9619	10940
2276	39129
686	14677	21732
13444	43601	53524
6315	23315	40478
1565	19883
16058	16059	59819
1191	4371	33392	48645
31294	31295
12	8995	15215	40920
2331	2332	3840	5464	10428
1193	23168	45765
10248	10249
71014	72084	72085
106	16274	38972	74869
179	20219
12958	39994	65778	65779	65780
12754	12755	12756	12761	31249	31250	31251	31252	31253
9619	39084
15027	20476	56503	56504
1357	17669
3568	56883	56884	56885
6098	46067	46068
1077	23325
14898	16652
43764	43765
13013	15118	15120	47634
7350	61362
4293	24812	24813
17190	60276	60277
21	2276	41841
3114	4068	5952	5953
2374	18023	18024
79345	79346
704	40879	40880	40881
57977	57978
14615	54274
1125	16290
20093	33829	39680	55898	55899	55900	55901
3120	3121	15041
2489	35940	46508
44142	56036	56037
5824	13810
3925	3926	3927
183	375	1401	18272	24256
4302	35857
2710	11839	17221	42284
3365	3366	6572	6573	18817	64265	64266
6748	6749
11476	23801
19864	19865	19866	19867
138	39268	42744	48524
52888	52889
3546	11287	14663	49162
4323	36882
7968	21084	25051
9245	9246
49848	66452	66453
20019	32010
5447	9225	9226
152	56067	56068
3609	12972	12973	16743
1535	22205	22206	22207
1677	55674
5327	49638
433	758	13533
607	608	609
19684	68104
135	13452	26302
12373	12374	12375	12376	12377	12378	12379
5981	12273	30926	62249	79761	79762	79763
26822	39320	45814
4112	26457
6440	26262	47444
52935	54957	54958
36378	40862
736	1985	3424	3991
461	5469	37058
16317	26640	34646	44812	70807
36273	73016	73017
14499	14500	16245	21325
59649	59650	59651	59652	59653
8482	30940	30941
182	20501	23613	24868	25917	62138
7428	12413
6103	11797
4271	5404	60500	60501	70073
5205	5206	10849
419	3070	3071	4791	8206	39241
95	5657	18615
467	6288	52281	52282
1138	1139	2555	3991	4545	4546
1235	9206	28146	34973	36513
10278	31994
12295	18180	20478	39321
10261	31565
25366	36488	39962	39963
4014	12011	21298	35944
46002	46003	52111	52112
578	27490
29542	29543	29544
1647	14997
3730	11187	80280	80281
63284	63285	63286	63287
9772	9776	12408	12409	12410	12411
177	28163	50620	59111
1179	1715
9301	13102	36482	46746
2244	15281	63396
63654	63655	63656	70543	70544	70545	70546	70547	70548
73203	73204	73205	73206	73207	73208
4515	20891
20264	49473
6437	7182
7837	11376	22544	27372
585	29573	35612
11423	61850	61851
16804	16805	16806	31421
1090	4480	7553	34543	34544
826	2986	22956
9945	32926	37416
2232	17440	20995	21901	22663
8083	18738	70386	78685	78686	78687	78688
5233	40233
24214	24215	24216
181	183	5614	17576
17877	17878	17879	17880	17881	17882	17883	17884
16497	31805	31806	31807
9951	55260	55261
4399	43824	75737
3515	4482
34950	37169
31972	38274	38276	38277
51169	51170
1003	48762	49632
15573	15574	57979
4308	18774
644	2365	2366	2367
1946	1947	9844	41866
5790	47102
4389	13788	15303	16422	22495
834	3810	4827
9025	18521
2067	44104
139	1372	3708	28913	63924
2533	6301
6756	6757	13581
60	37643
45643	45644
1323	10743	10746	19764	19765
169	9205
17187	35963	35964
3006	6555	6556
4105	15942
2406	22755	34695
8325	20279	31279	31280	31281
2187	14325	14326	14327
6823	21517	27101
1259	1260	17491
2193	5996	7257	25498	25499	50479
2505	8711	8713	10432
17194	17195	17196
21608	21609
9096	54377	54378
2568	7227
3061	7385	9064	16258	16259	58803
8209	12166	32011
1765	18086	37196
2114	62014	74123
931	5811
4226	7460
7668	8138
14013	46092
27116	38772	48606
1374	13788	14256	19460	60317
180	26564	26566	57815
15000	15001	15002
1402	2771	18390
21602	21603	21604	21605	21606
30709	30710
27020	56033	56034	56035
12893	12894	12895
16565	23046
16909	67316	70441	70442
940	2228	5450	27652
14409	22075	22076	22077
13746	18034	50542
12682	16770	16983	16984
77717	77718
9031	29713	44179
13760	13761	13762
5874	47881
12962	32846
12293	12294
13660	13661	13662	13663
64633	64634	64635
752	59559	59560	59561
14433	14436	69433	69434
14711	14991	15653	15654
3397	3858	15155	23202	25417
3809	5138
16773	30691	55255
1331	4687	4688	50197
35643	63898	63899	63900	63901
2374	11545
18563	71868	71869	71870
2042	46554	46555
627	4012	20936	48436
16486	28058	56003
6769	54755	54756
79587	79588	79589
16922	76441	76442
1873	1874	16057
73651	75226	75228	77283	78781
2863	20019
36007	73850	73851
1677	42937	42938	42939	42940
14546	56565	59861	59862
37800	37801
1645	1647	15279	16917	16918	23170
19759	34281	51044
15502	29379	52911
1486	1487	16437	16438
29180	50077	50078
1563	9430	9431
1765	5170
8678	27828	27829
1191	79632
6843	15841	33513	33514	68376	68377
7026	9185	9186
6905	6906	6907
1326	15281	59826
3368	15691	16272	56714
1765	46244
6745	18560	55711	68937	78619
3445	25390	59502	59890	65676	65677	65678
15893	15900	54360	54361
735	3376	4917	8437
13004	30602	38759	40642	40643
8764	21509
4323	33736
35084	35085	37223
2179	2707	52536
44471	44472	44473	44474
1534	1535
16580	16581	16582	16583	16584
22246	29998
5832	5833	46737
2887	30288	60354
47854	47855	47856
15281	15385
76356	76357	76358
53570	65284	65286
60700	60745
636	18780
1292	10782	13429	15342
9619	10940	37564
4454	11960	11961
5410	31268
40858	49976
314	2377	2378	10201	23319
3366	14777	64559
5394	31647	60489	60490	60491
5542	11222	26558	26559
39640	39641
515	516	517	518	3836	5148	8586	8587
37427	37428
10581	27863	27864	27865
14286	15367
1084	41314	46783
2153	20029
6654	6781	8710	9738	25083	29289	29290	34306	34307
3196	20553	20554	24558
6734	9427	9544
8760	9945	14484	18817	56300	56303
9696	13912	31177
1332	1333	1334	1335
931	15622	15623
59884	59885	59886	59887
944	15959
90	19653
736	67459
181	18774	28739	28740	28741	28742	28743
40892	40893	40894	40895
86	5735	13793	28356
1281	19448	22312	22313
18387	18388
375	1281	1862
19041	20028	20302
29425	70667	71202	71203
1240	1306	4010	4554	10266	23210
3626	46494
3882	27422
15083	15773	16109	16110
1889	37262
13051	13052
2824	16902	16903	18122	62401
2276	3695
29075	31263	31265	50952
28696	28731
7385	16030
196	7885
12773	58654	58655
745	4847
1125	37805
2406	10795	10796
20426	20427	20428	20429
1000	12343	42713
64595	64596	64597
47336	47337	47338
31358	31359
1082	29345	45165
3376	20530	20531
9618	13456	70611	70612	70613	70614
2680	15233	15234	15235	15236
37169	51387
465	466	467
1842	2924
230	5149
5420	8008	65019	66906	66907	66908
72733	72734	72735	72736
5327	8585	78575
6405	6406	6407
29532	33340	33341
7085	39578	39579	39580
29469	60714
40998	47451	47452
11631	60514	67031	67032	67033	67265
1403	1413
3818	3819
67273	73605	73606
2406	4545	19267	26379
2839	12904	36942
2332	7368	43015
1694	33743	33744
997	998	999	1000
36774	47981	47982
37739	68307	68308
21780	21781
715	60247	60290	60291	60292	60293	60294
5530	19322	29914
37282	46597	46598	46599
2685	2686	2687
44407	61065	76861	76862
3740	8282	8283
52121	52122
58598	58599
5179	5180
3188	10202	15167	41915
13000	13547
3309	58800	79918
62681	62682
278	3417	38259	59940	66093	70266	70267
1507	2001
45471	45472	45473	45474
14888	15839	68260	74692	75005	75006
34395	41894
41954	48678	51945
211	212	419	4429	4430
36025	36026	36028
6222	18817
28676	49983	49984
6482	21471
11986	11987
1848	17780
46134	46135	46136
7445	25389	36738	43004	43005	43006	43007
22446	26964	28270
997	1000	24219	24639
696	2179	37579
2832	3096
10469	10470	10471
6419	52638	52639
940	1161	1162
8272	11933	11934
24039	24040
34958	41762	59883
2850	11839	20054
5868	18792	40831
1329	2098	5329
10168	79839	79840	79841
3855	38258	38259
931	1137	19358	57163
1090	4480
15621	59677
2179	13393	17017
21950	32361	40341	42663
1564	49316	52318
11812	16805	44208	50799
29131	29132
13949	34149	40921
377	2536	2537	2538	2539
5331	61419	61420
2388	39528	42291
1115	1116
8	2059	5593	54059	54060	54061
56328	57447	57448
7969	33386	33387
18792	46088
4505	15902	17538	48201	48202
14991	15022	16592
2358	2359	6267
93	8273	45328
47212	61899	61900
12690	46400	46401
80253	80254
965	14703	39857
19118	19119	33135
2623	9200	44571
229	41647	65939	65940	65941
65138	65139	65140	65141	65142	65143	65144	65145	65146
11010	16291
18087	25655
135	9646	9648	37942
14538	14539	14540
75522	75523
47643	57488	57489	57490	57491
201	49361
26034	60759	60760	60761	60762
2067	3529
2406	17711	19472	21695	26593	26594	26595	26596
10278	37253	52224
4459	9270
38107	38108	38109	38110
36992	36993	36996	36997	36998
11309	21683	30113	77728
15139	16748	16851	18012
29929	75459
9132	22720
10954	49208
4505	12868	15063
3878	15121	15123
892	6618	23031	30333	41700
3878	28091	56157	56158
1985	9732	25960
16564	18405	28085	61001
54169	54170	54171
46614	73104
118	2028	3416	36273	73027	73028
17447	32820	44840
5990	5993	9944	9945	9946
57114	57115	57116
13082	14157	23669
3368	8880	12295	15191	28107
8390	61648	71392
36380	51009	58311	58312	58313	58314
2043	2710	3935	11183
2110	2111	2112	2113	2114
6171	17161	30575
655	2378	5869	12235	12762	77267	77268
11622	33653
1320	32419	33922
1303	5207
18272	21899	30160	30161
10898	10899
2421	2904	9765	31340
30760	30761	30762	30763
17539	56629	56630
1324	11839	14707	25102
3609	9415	17968	20326
17470	17566
1743	1744
782	5530	7011
1673	4915	5362	29520	55130
16436	29074	31132	35687	35688
57287	75626	75627	75628	75629	75630	75631	75632
158	1765	7030	9584
1960	1961	1962
2709	10325	37103
26255	26256
21210	21211	22666	25841	27678
12848	12849	12850	12851	12852
4569	18478	18953	27186	61092	61093
25389	40498	40499
1240	1242	5008	16643	19992	36392	66656	66657	66658
39755	43468
580	31708
19246	19247
3966	7170	41819	41820
33365	54035
942	2771	17565	17566
1868	11088	11089
419	6535
2934	14650	16173	22979
19538	24701
464	20524	20525	28799	28800	28801
11394	11395
4265	4796	10807
3091	11207	62627
4092	20555
1179	12430
3367	3369	14221	54590	73800	78251	78252	78253
3487	5290	5291	5292
2393	7006	47379
181	20067
2065	2066	30878	53261
26698	45326
31887	44124	44125	44126
624	3580	9843	18700
8249	17385	45576
790	11270	52139
13551	14523	14525
21817	21818
2326	2327	2328	7939	7940	7941	13940	42861	42862
1610	14788
2270	3982	35276	47503
2494	9228	63790
9595	10067	10068	10069	44730
1994	3659	5524	13565	14685	16686	21075	21588	24390	31747	31748	31749	31750	31751	31752	31753	31754	31755	31756	31757	31758	31759	31760	31761
10409	13793	20312	39828	39829
10239	69561	69562	69563
183	462
13102	35932	37366
1330	2043	6436	44444
3654	3655	8139	17440	17661	33391
38199	38200	38201
271	1716	24652
18796	18797
2061	5996	60442	61529	73707	73708	73709
2028	5575	53680
13099	20702
13444	43602
15321	47255	65714	71390	73815
12690	54912
46324	46325	46326	46327	46328
9595	49206	49207
2687	3477	6939
7921	7922	19551	19552
9072	12078	43839	48478
14054	38339
2507	11579
2265	14063	22444	22445	22446
1946	1947	47258	50331	57597
4399	20479	63990
1985	17319	17489	17490	17491
2272	46528	49538
15808	30669	52479	68615
28169	28173	59425	62612	62772	62773	62774	62775	62776	62777
70541	70542
9992	21362	40378	44035
4989	21124
15118	16517	65186
12870	70762	76958	78033
12072	45197	45198
2376	38881
7668	63182
1177	1374	19326	27617	57863
1193	15998	17001	69163
1394	1395
16996	69021	69022
18753	18754	18755
18173	28409	28411	28759	56642	56643	56644	56645	56646
7012	21567	60823
1733	21343	45597	45598
14898	20960	52242
17335	18335	19124	32515
62433	62434
9398	9399
941	2169	2625	12098	35840
16859	38354
1761	35743	35744
6525	17701	27215	27216	27217
22933	22934	22935	22936
44235	70690	72002	72003	72004
183	5622	23148
1464	1468	59715	59716	59717
22920	42262	46415	56498
47042	47043
21623	38345	43189
59212	59213	59214
2055	2056	20327
3247	4386	20860
14817	15216	21506	21678
2380	6252	6254	6255
12105	12427	12428	12429	26657
12868	17092	26633
75956	75957
10249	14054	14058	34213	34214
64480	71715
34599	35231	64155	64156	71429	71430	71431	71432	71433
10753	28411	28586	76775
2332	20040	40931
16564	31501
77539	77540
4990	5700	6004	6005
13944	13945	13946	13947
1378	57300
33145	33146	33147
18687	73369
1160	25330	25331
67248	67249	67250	67251
12220	12221
4344	20479	20480	41164
5091	21190	41619	54388
227	3366	3367	3429	6633	7860
22446	37237
1600	7685
183	17127	39251	39252
349	45417
1283	1284	79969	79970
4021	19932
25935	30787	52364
4122	35515
33935	33936	33937	33938	33939	33940
1911	42627
2417	52514
3580	43318
7053	62842	62843
12413	59838	67283	67284	67285	67288	67289	71086
63152	63502	63503	63504
1116	2858	2859	5498
14499	15070	16245	21325
8666	13986	13987	13988
52706	52707	52708	52709	52710
5386	38744	38745
31014	31015	31016
2607	2609	29115
56951	56952	56953	56954	56955	56956	56957
7837	28870	30493	30494
14818	38627
1490	34164	34165
14790	14794	24306	24307
15212	30601	30602	30603
1076	3730	6080	16562
1751	6823	25386	41380
72717	72718	72719	72720
5386	38080
2061	3233	34444	60964
56505	56506
1131	3849	26993	26994	34230
77105	77106
14513	15012	16943	32523
14063	25371	36007	59785
25906	65846	65847
2393	7560
17549	20407
69965	69966	69967	69968
3159	13144	13145	13146
8323	9695	23828	25661
3610	6538	12326
24469	24471	24473
18201	18202	18203
7805	8074	8075
1004	9028	11948	29358
14272	16937	58951	58952	58953
35452	35454	39236	39237	39238
1203	1944	6481	9922
1084	20300	35500
7445	16196	16519	56882
956	70192	70193
22749	74444
3247	10089	20497	26352	31733
2850	9401	16001	16289	49736
18241	18953	27567	29999	30001	57645
9545	56602
6582	6583	28601	28602	28603	28604	28605	28606
7949	7950	10799	10800
54285	54286	54287
25769	25770
4112	7696
6698	23384	23385
8841	21232	24407	24408
181	1985	25897
57223	62193	62194	62195	62196	62197	62198	62199
57618	57619
8177	28178
79065	79066	79067	79068
727	728	729
63962	63963
2041	13732	63830
15342	15872	24625	24626	24627
1382	1828	53475	53476
8807	33488	33489
15012	15335	15540	34855
11061	46882
6939	50796
2533	49142
90	13521	20924	30740
12243	37111	45368	55732	67897	67920	67921	67922	67923	67924
3278	15519	15520
2061	20389	20390	20391	20392
3247	4386
3939	6746	13397	33825
1013	1014
14952	29320	35021
14347	14348	39714	39715	39716	39717	39718	39719
556	5308	5309	17972	59713	59714
23682	50791
13429	14387	17252	17253
1441	12708	12709	12710
7330	45817
3887	14882	14885	14886
52724	79710
1065	8283	16367	55581
9756	10261	34130
37348	40973
39801	39802
179	31206
1065	28839	49794
1977	17470	34921
55936	78896
34069	42192
11084	11085	11086	11087	13064	13065
18919	18920
20174	64288
1515	57346	57347
3233	44797
1076	29102	29104	46729
1135	2492	22496	31229	31230
52032	52033	52034
15841	68228	68229	68230	68231
1331	11367	54098	54099
73666	73667	73668	73669	73670
278	3417	7026	9473	9663	49321	49322
177	14829	16573	41556	41557
18535	44588
63468	63469	63470
6033	17103	78491
6129	7518	7520	26409	37761	56014	56015	56016	56017
12188	41175	52152	52153
3251	4132	9713	10938	20685
18913	69972
1076	8379	28545
27779	59461	62535	67374
1766	18390
6082	24446	60640
519	5899	20521	26120
18256	69489	69490
6298	7159	7161	17606	34854	45278
151	152	29686	60361
7290	12047	20109	32660	37194
28963	28965	28966
1181	32069
4246	4576
35540	35541
8540	64629
7368	21243
14898	14972	37513	46568
1008	7378	18339
1634	2305	19750	36529	36530
33936	55139	69677
10142	11259	18815	18816	18817	45361
353	354	355	356
2420	2421	36480	66875	66876	66877
12923	12924	12925	12926	12927	12928
35695	36382
1844	27476	54046
22841	27587	27588
4071	20022	56668	56669	56670
230	15764
69227	69651	69652
11595	12399	13609	67088
19074	20334
6535	20038	32095	32096
4049	4948	13429	29511	55377	55378	55379
45400	45401	45402
2028	3188	15167	41915
18472	18473
2305	2306
1647	14900	36293
7012	21567
5386	44725
135	4459	19063	26716
53072	53073
6298	12243	48138	48139
4261	17537	53177
11691	17885	18862	23730	23887	47750	60933	60934	60935	60936	60937	60938	60939	60940	60941	60942	60943	60944
7031	20734	30588
1535	22205	22207	57521	57522
2018	5037	32157	61810
1008	8076	9353
11908	63638	70722
8239	30545	30546
13406	29573	44009
38809	40653
1528	2178	2179	2263	49091
14944	20553
2043	2363	4422	4423
28659	37434
31434	31435
1565	2942	3788	10674
4301	21601	39526	46528	53030	53031
1234	1235
41489	41490
578	18639	35185
3974	18417	21232	67198	67518	68150
8855	10791	45300	57428	57429
1008	6287	18831	27918	48875
1292	6835	16033	19562
15966	38478	60963
10432	22105	29034	42499	42500
3541	13793	13899	20312	76297
6298	12237	12238	12239
3609	5584	5585	5586
4459	44993	60168	75326
14426	14427	43037	43038
20258	46200	49560	49561	49562
10329	14496	15478	74985
14909	42775	63944
18586	35776	71387	71388
70393	76855	76856
1733	30560	30561	30562	30563	30564
26181	26182	26183	26184	26185
17127	33284	48221	58472	58473
12887	12888	12890	16856	61721
35949	47910	47911
13507	37062	37063
2133	2134	2135	2136
2244	16155	56132
5876	5877	5878	5879
10142	10261	16615
20434	20438	58149	58318	58319
15731	22464	22465	22466
61490	61491
10717	44593
20790	20791	20792
1177	1305	4478	18443
79004	79005
62073	62074	62075	62076	62077	62078	62079
514	35875	76467
4376	4378	9176	9177
13562	16716
20934	23211	23212	23213	23214
7445	57404
656	657	658	659
11708	15971	47889
74856	74857	74858	74859	74860	74861	74862	74863	74864	74865	74866
15676	15677	32228
2439	15053	58401
50364	63254	63255
43129	49377
223	3519	47791
15955	74413	74414	74415	74416
5344	35853	35854
1471	1915	71798	71799
1540	37213	37214	37215	37216
25844	56811	56812
17588	56839	73380	73381
21550	26690	26691	26692
13381	27607	27608
5201	32012
14733	69949	69950
7902	10142	64151	64152
5735	11770
22367	22368	42587	48805	48806	48807	48808
70930	71316	71317
3247	54860
22704	30125	47347
37954	74386	74387
1135	1138	23580
12337	18416
20627	56121	56122	56123
7085	39515
9030	15741
57318	64850
8781	17941
25072	63401	77601	77602	77603
64666	72945	72946	72947	72948
4553	18428	18429	18430	18431	18432	18433	18434	18435
14790	14792	14794	15572	31501	55986	55988
33343	33344	33345
11041	15612	15613	72504	74648
53924	53925
4752	4753
5175	13082	39421
524	525	527	19312	19313
3044	3567	9441	17752	54595	61264	61265
8110	9964	9965
9330	20441	20442	20443	20444
17222	17223
36057	80064	80065	80066
36520	36521
5854	10769
2711	2712	2713	2714
1707	37928
9206	30401	30402
6195	52746	52747
8345	49559
14020	17478	25877
51373	51374	51375
1428	44155	47395
10936	63541	75598	75599	75600
3655	8333
1160	45903
7052	15963	37398
10123	16213	16214	16215
11288	63885	63886	63887	66346
7077	29334
41057	71088	71089	71090
6164	23630
15699	15700	15701	15702	15703	15704
2272	7557	8713
14546	14547	26640	42979
3609	12969	12970	12971	12972	12973
36026	36027	42045
21362	24508
2214	58384
1890	2259	7077	13709	18512	22678
16380	44813
6077	11480	19188	40020
180	28484	73294	73295
1326	1441	54148
13091	24492	35107	35108
19750	65853	65854
1005	12905	19994	20117	20118	62921
75	1005
1020	19511	24959	29871
43077	47437
15706	18877	56574	56575
23855	23856
2435	6743	6744	6745
17392	46983
1008	3041	27923
21414	72432	72433
1161	5204	39035	48841
4688	9185	9186	13672
41640	41641	41642
15443	70948	70949	70950
1607	7110	34330	53225
4680	10054	54746	54747
12604	12605	12606	12607
17443	17444	17445
13131	37473
1723	1724	8536	21362
4720	6576	28423
2698	23363	50566
11759	23169	51962
5689	22948	63460	70310	75074
12	31718
166	9495	14749	14970	25958
2494	9228	63790	63791
2536	27092	30185	30186	30187
45910	45911	45912	45913
17415	36932
2583	15903	15904	15905
612	614	8660	66956
177	179	29931
5084	40192	55564
5593	16502	16505	52860	52861
14272	41397
72265	72266	72267	72268
11213	29420	34269
18799	18800	18801
25502	57287	57288	57289	57290
516	14486	51987	51988
10308	10309
34957	34958	34959
39385	45766
14760	17720	38105	63645
6757	19861	19862	19863
2363	10009
24520	24521
8047	71767
26656	54600
4990	5699	5700
12892	59832	71954	71955	71956	71957	71958
19284	20623	64292	69379	69380
16228	27591
7143	16615	52035
25080	41609	48037
33829	44326	46000	46001	55899	59775
18060	50079
16623	48515	48516
944	80186
5440	8615
224	10632	19143
21015	44412	56619	68340	68994
1985	20040	23899	32606	34003	37107	38633
4696	11876	11877	11879	65037
5130	8210	23555
45953	49654	49655
9001	9002	9003	9004
27805	28890	45025	45026
22259	24290
24157	36366
15528	15529	45870
13030	16317	65781	65782
14777	77614	78150
15719	25109	39931	39932
5948	17432	19505	59299	59300
1354	1355	20394	20646
15779	15780	15781
68581	68587	79928	79929
14438	67804	71934	77421	77422
2138	2139	2140
1290	15201	66244	66247	72053	72054	72055
5622	6557	23380	23381	23382
1131	6287	23997	27921	27924
1765	6043	9788
8379	34874	42956
9330	31451	32319	32320	32322
20668	25554
30366	30367	30368	30369	30370
1259	32675	41905
223	4545	22848
239	3533	11259
23951	23952	23953
6613	28978	33916
49378	49379
19880	50060	63389	63390
40733	40734	40735	40736
191	375	1863	3085	5633	7011
16001	18493	27948	73870
14013	42903	46092	57832
5542	10335	33286
28	40088	49733
3366	73256	73529	73530
79563	79564
11812	16537
34338	34339	34340	34341
931	3242
26411	57256
17779	62298	62299	62300
42271	42272
6872	6873	6874	6875
1002	62771
321	9348	19292	19293	19294
4071	13793	32589	64732	64733
1235	16422	33346	33347	33348
2129	2130	3531	16916
181	20049	25338	25341	50532	59311
1372	2270	4960	24851	32771
1276	1607	6697	6698	6699
4608	9713	18105	64127	66086
6209	26174
656	2367	18107	18108	18109
5854	9385	9386	9387
15077	25849	25850	25851	25852
585	67372
40465	40466	40467	40468
14733	15803	15804
55386	55387
51553	51554	51555
7085	54865
15463	15464	15465	15466	15467
14944	18155	48712
56592	56594	73936	73937
10671	12194	12195
6841	10597
5691	6835	18583	37650	39748	39749
15971	40823
575	15869	31052
4068	11375
79936	79937
47713	47714
2261	2262
5175	69249	69250
3788	11616	14915	46191	52983
24460	74932	74933
27450	57823	57824	57825	57826	57827	57828
3530	11450	14550	45463	47553	55457	75965
2373	13175
12999	15657	15658
18563	20102	20103
3183	5713	6187	6188	6189	6190
2744	31989	31990	31991
23373	30810
3808	16099	48100	48101
8770	10400	65865
6571	37078	41269
19257	19774	28394	32519
34836	34837
223	3242	7012	14318	53329
2059	19368	75109	75110
1339	9733	12664	12665
3079	49865
16778	38320	38321
1191	7096	8250
12412	41289	41466	48798
16543	37269	37540
71014	71015	71016	71017
6474	6475
2021	22065	27362	48200
266	7011	48090
177	32839	37758
77557	77558
26242	26243	43815
6930	7280	22957	22958	31603	31604	31605	31606	31607
703	15767	17138	36924
11984	39123
12078	23987
7046	11921	20800	20801	20802
1158	1766	17724
12338	26799	26800
5524	9943	12355	19757
12178	19159	24978
1123	1124
12655	52907
5463	13670	22187	53568
6092	6093
12213	15516	15517
28152	48717
25935	38202
9588	9589
234	2804	79766
45087	50550
1329	38537
2179	5662	39664	44047
10213	10719	80527
21950	46406
5004	5005	5006
52334	52335	52336	52337	52338
16056	42732	42733	42734
32711	43456	43457
1259	1260	1261	17696
81	41168
1565	18200
15459	15460	15461
1199	7025
36694	49507
5506	5507	5508	5509
5981	17011	17012	38865
7518	43883
7045	13786	13788	27484
10786	10787
1131	2406	8421	27658
11095	14529	16416	38271	38272
110	1376	1520	3235	3236	3864	9262	9358	9359
21842	31005	31006
29532	70850	70851
76781	80311	80312	80313	80314	80315	80316	80317	80318	80319	80320	80321	80322
55393	55394	55395	55396
1050	2052	3578	3579
42799	42800
241	1866	17953	42785	71125	74489
15233	79525
22905	22906	22907	22908
16564	53539
7548	20794	20795
805	808	17504	36905
3546	14546	14547	16884
38969	38970	38971
175	10536	15321	18813	24941
52922	55550	55551	55552	55553
5338	14956	20959	46430
696	2179	40447
50280	75776	75777
174	14462	14464	14465	55847
6134	6135	6136
7331	13600	16191	40085	73149
2594	2595	2596	2928	7168	68293	71919
2819	5123	11638
6769	66166	66167
36971	36973
1402	32064
183	33718
4546	8641	20573	53044
7341	35723	48680	48681
1179	1600	4705	4709	43373	43374
13659	15181	15182	15183	15184
94	2272	43392
79236	79237
228	2066	3367	44368
16271	35060	35061	54369	54370
4946	16884	26904	44759
64134	79050	79051
3016	3017	3018	3019
22996	36941	37528	70104	70139	70140
931	8395	8396	18369	26413	28411
10675	57496
8541	58271	64262
259	835	26917
3247	3265	30204	30205	30206
946	947	948	949
45	968	1143
5530	9025	11294
29297	29298	29299	29300	29301
12461	64902	66042	67671	74266
7131	7132
55336	55337
3442	3848
2326	2327	2328	18302	53440
1076	16397	34667
20625	20626	20628
33	14956	14957	14958	58040	58041
1788	12875	58954
44574	44575
37045	37046
7108	28340	28343	28344	28345	58504
20406	29420	34870	56530
4454	19655	19656	19657
9121	77321
1485	1486	2366	15308	16827	17045	19446	24913	24914	44303	54295	54296	54297	54298	54299	54300	54301
961	13915	42408
1530	16604	39507
518	13648	14709
79419	79420	79421	79422
6501	20577	57952	69544
6002	17884	27907	45968
47329	47330	47331	47332	47333
2670	2673	54812	54813
2167	2168
175	2251	17462	19834	19835	19836
11900	37937	37939
14760	78294	78295	78296	78297	78298	78456	78457	78458
13648	16824	44553	44555	44556
41	42	49760
32819	32820
1596	57583
4897	38615	44549	48378
7100	16156
21414	31611	68896	68897	68898	68899
435	436	437
2421	7045	13788	50169
14496	35823	35824	35825
20683	56024
8301	52587	52588	52589
2687	2698	2717	12892	13503
3714	3715	3716	3717
10536	38551	38552
12990	15692	16954
15570	70839	74601
9049	9050	43411	43412
3788	49114
2566	10936	25971	34399
73259	73260	73261
5745	41539
3369	9406	72561	72562
10036	10037
4250	4251
47948	47949
10959	10960
1862	20395	58946	58947
72	75	76
2406	57805	57806	65321	65322	65323
1441	54116	54117
2377	16500	16501
8540	8541	35478
2504	2505	5410	15994
56083	60272
13354	13355	13356
21142	56713
1281	18436	21343	21986	24612	33312	34653
13393	18226	39662
30154	30155	30156
10954	12682	32270	63221
1441	15506	37747	68597
10543	31768
4261	7561
1326	28815	28816
7291	26868
18335	19124
6965	51409
73001	73242	73243
1315	4270	40661
45	3855	13872	13873	60667
44914	44915	44916
11439	11440	22764	35194	63216
11784	14889
80697	80698
7671	51916
358	2907	10880	21589	21590
28572	37878	51223
4389	76657	76658	76659
24233	37204	63584
15540	16764	75290
15082	64512
7477	7478
289	36994
49977	49978
7006	62828
3749	22416	23001	24957	30621	50843	50844
57253	57254
34586	46107
10411	11258
2232	19596	23593	23594
5218	5219
16371	45555	67703	67704	67705	67706
15938	45320	71972	75024
3609	16342	70832	71898
1139	2625	29406	48133
12962	19403
14262	14263
10936	20685	25644	30113	63805
4817	4818
586	45500
1600	2306	3580	17085	30236
28085	43174	63594
1170	9115
1490	4168
1116	1378	1380
6496	45489
1665	2505	13702
6074	8313	26379
2331	2332	54963
15841	16033	19642	19643
11570	18609	74799	74800
313	75291	75292	75293
15083	16271
21579	21580	24266
6835	17118	21462	31526
1326	15191
6975	6976	6977	6978
12693	12694	12695
53364	53365	53366
3099	17533	26377	30513
216	9048	37107
10126	30756	73499	73500
8323	9695	23828	25661	71489
178	179
9586	15263
6252	6255
13082	15307	20985	54803	54804
698	9186	13078
21129	42722	48414	52674
4922	39185	39186
22465	26306
1677	47238
1321	35449	51983
12295	35333
358	1994	1995	5744	11119	41083
39126	39127
15602	41080
3366	6043	25885
11258	28553
56503	69902	69903	69904	69905
500	16663	16664
13448	24103	34357	34358
31642	63680	67002	70209	70210
3959	3960	3961	3962
11604	55349	74509	74510	74511
941	2625
18123	18124
2327	8508	53359	53360
1528	47240	47241
5339	5340
70	71
2236	2237	2238
5353	22315	55427
3764	51512	51513
20525	59935	62650	62653	76960	76961
72801	72802	72803	72804	72805	72806
61780	70765	74831
3580	4072	24271
9660	20417
5225	13132	17761	26654
7163	10297
574	14947	61854	68915	68916	68917
21561	22472	47643	59751	65475	65476	65477
9079	21497	21498
961	5608
275	13544	13546
1005	15808	23613	45674
1372	3982	22500	57221
14991	15451	16864
3983	17706	17707
314	22388	50602	53908
18105	18106
4277	37830	37831
33579	33580
3624	3625	3626
24281	28252	28253
1963	42882	42883
1161	3452
15808	23613	57988
2416	19007
16396	16398	25734
8396	61313	66741	66742	66743
8119	44723	45468	45469
25597	25598
3218	46058
68328	68329
7837	7920	7921	7922	20045	22503
10536	15321	18813	53154
19923	58155	58156
3740	55114	62026
2684	35408	42821	42822
80241	80242
135	19061	19062	19063
3044	9050	47610
968	2376	9270	9350
2376	11755	13340	17255
4811	27538	73162
12825	12826
2710	42285	42286
513	65114	65115
22	6043	6817
2540	15540	68770
3147	72419
223	9271
28164	28165	28166	28167	28168	28169	28170	28171	28172	28173
15604	37818
62288	76593	76594
185	30825	43881	43882
1139	31563
9211	12340	12341
655	7268	9392
2607	2608	2609	19958
224	3848
24224	24225	24226
10537	10538	10539	10540	10541
34468	61549
73126	73127	73128
25507	25508	25509
1060	3771
3884	79638
789	10675	31203	53942
314	28269	44077
1367	1368
38601	78912
23932	23933	23934
61224	71306	77590	77591	77592	77593	77594
135	37112
7698	40763	47740
6210	67814	67815
2470	9957	14394
47716	47717	47718	47719
4088	4089	4090
60269	60270	60271
4696	32776	32777
6434	50499
77737	77738	77739
11911	33175
2209	6578	11979	16906	25060
3200	3201
482	485	11786	17641	17642	17643	17644	17645
15509	15510	15511
747	2964	25334	53146	63696	65827
2376	58927
67757	67758
2061	4554	80072
8704	43099	43100	43101
7329	32019	53964
12833	39455
515	518
2270	22138	69144	69146	77013	77014
375	5419	6046	7163
14908	39756
12741	21209	44413
8914	8915	17140	17141
54543	70403	70404
11873	43817
8185	36026	36040
5293	5294	5295
3434	3844	59959
14927	14928	14929
6746	18953	25000
35051	35052	35053	35054
5872	25129	25131	27900	77012
9355	9356
7257	20569	26783	73498
17899	24557	29590	31045
14817	15472	45199
5476	7421	7422	7423	7424	7425	7426
65539	65540	65541	65542	65543
7921	15590	15591	15592	15593	15594	15595
16997	31714	31715
6052	32913
10429	19778	29431	43173	43174	43175
105	6835	18583	38570
7236	7603	47540	47541	47542
6405	9110
16968	29318	32257	54595	74588	74589
20553	20554	32495
35388	65152	65153
10215	10216
3742	12208	32977	36234	36235
3507	8760	33901	33902
43651	43652	43653
183	462	1985	6557	6558
6008	21298	21848	21849	21850	21851
1832	3883
8	10278	13295	28147
5360	5361	12178	12957
9030	9031	35055
35957	44729
12852	14749	15141	61377
42022	42023	42024
499	17739	17760	54044	54718	54719
44321	71341
13397	57422	69427	69428
2272	4271	11449	12235	12626
70826	79099	79100	79101	79102
15779	23554
20431	20432	20433	20434	20435	20436	20437	20438
69852	69853	69854
12455	67219	67220	70670	75976
6218	6219	6220	6221	6222
3893	17043	23367	61065
36344	36345	36346	36347	36348	36349	36350	36351	36352	36353
15712	38928	39757
7546	7547
9482	23670	46417	46418
8249	11684	11685	11686
22370	48675
181	4373	15886	36619	52421
3788	4108	44610
30435	70640	70641	70642
3616	3617	3618
10432	44232	44233	44234	44235
1261	2565	20936	66473
3848	22253	25472	25473	28061	28062	28063	28064	28065	28066	28067	28068	28069	28070	28071	28072	28073	28074	28075	28076	28077	28078	28079
64656	64657	64658	64659	64660
18041	18042
12177	15191	42385	55720	68870
15806	19547	19548
46496	55208	55209
1469	1916	3535	15630
133	1014	15719	16795	27523	38113	43503	64792	64793	64794	64795	64796	64797
13739	13740
8182	38235	38236	38237	38238
2147	4079	7901	16260	16261
74106	74107
26201	41930	41931
32208	32209	32210
3858	11601	16754	39558
6993	18335	19124
2677	3067
54035	67269
2011	17986	17987
105	4210
15048	15049	30047	58065	58515
48402	67077
15189	16611	16650	26049	56634
3589	7642	7643
13482	43013	43014
3353	4596	4597
34959	42781
2374	49247	57673
2247	5638	5639
135	2276	8249
14496	20854	61687	61688
698	13638
17390	20561
14660	16274	70935	70936	75189
6937	35395
1437	27268	30208	36367
9843	18760	20132	65708	66533
72327	72328	78893	78894
2232	23532	36820
127	128	129
1765	18086
9733	48894
12178	24978	69626
45216	69804
10380	10381
8711	12178	12957	24959	28710	55717
763	6429
30823	30824
3218	6578	11959	11979	14856
4251	16099
518	29764
31887	46465
6557	20006
135	3872
19213	43782
1403	33031
13703	31987	35451
4	25906
8718	11213	38565
7952	35472	37269	42997
387	16152	57414
14972	56503	74422	74423
35448	57123	61106	61107	61108	61109
578	579	580
50332	50333
574	27464
1142	2272	13102	46577	46998	55853
61	1290	7771	18074	37804	63033
76380	76381
43515	43516	43517
9030	11796	14551	19636	20329	24207	25741	53634	55506	64216
2607	11979	13786	13788	22495
1138	4644	14318	52921
1507	29110	29111	31942	44060	44061
8461	8462
7026	63694
1563	1985	3436	3437
138	5279
556	1021	4226	4492
3834	6047
7059	20601	21362	21367	24508
12773	26365
986	987	988	989
63041	63042	63043
169	20404
74726	74727	74728	74729	74730	74731
1947	50331
2850	8390	68100	71831
34032	37312	37313
24651	72209	74934	74935
18018	18019	18020	18021
8694	9183	9184
3096	5953	10092
6298	44128	55050	55767
4391	4392
1279	19755	57921
5761	60389
23193	28361	62375	62376	62377
15971	55941	68223
5378	5382	5789	5790
11755	13340	37816
4301	8250
6649	6650	13016	13017
3730	11184	11185	11186	11187
66118	76819	76820
12513	12514
13079	13082	15307	24314
1211	2272	21177	46528	56839
79780	79781	79782
32535	32536
3849	10785	44415
33211	77459	77460	77461	77462	77463
8327	51578	51579	51580
15586	35213	35214	35215	35216	35217
15148	64057	64058	64059	64060	64061
108	658	1673
16446	18074	25935
3783	26870	26871
28640	28641
1005	9630	15457
9844	56638
8325	8326	8327	8328	55352
8777	39087	39088
2129	3531	51892
15938	71970	71971	71972	71973	71974
10785	31720	80258
8283	14828	14829
11651	11652
1793	8125	20508
1486	15308	30547
966	2040	2042	2043	3935	15096	32836
34598	34599	52498	52895	52896	52897
1118	28026
1326	15281
4092	11308	11309	11310
266	26195
13405	15638	21104
8283	43312	47862
1530	73035
556	5217
15118	16516	16517
3773	28534	41340
70843	70844	70845	70846	70847
32731	32732	32733
4045	27979	27980	27981
1328	10579	19959
6904	11682
1293	2542	4418	4419	10239	21344	21345
26976	26977	35765	62571	62572
200	201
15189	22656	53151	56110	64925	72022
14387	14964	43477	63796	68540	74487	74488
14825	35717	52748	52749
2850	8390	68100	72306
21563	23026	23414	53656	74773
1469	1470	1471
180	181	1868
50740	50741	50742	50743
1028	36841	38904	38905
1005	5948	77233
23704	32823	48272	48273
15814	15815
2098	4678	24269	24270
9275	32417	32876	33689
75937	75938
3788	52387
16980	16982	21891
79707	79708
37317	37318	37319	37320
29824	29825
2985	8717	8783	17136
20434	20438	58149	58179	58343	58344
13444	14627	21987
12385	12386	12387
7573	12938	14950	14952	16061	56331
1868	19960	19961
24543	60746	60747	60748
2024	19703
22704	46501	63822	63823
8760	49432
16367	45111
27523	76388	76389	76390
25598	52642
2028	3344	51052	51053
19969	69748	69749
965	15096	60645	61253
9694	9696	13912	31177	31178	31179
21466	30870	30871	54077
224	11990	20009
8083	9025
105	11380	65154	70556
76383	76385	76416	76417
3255	42864	60060
1513	13347
77606	77607	77608
12890	27358	48599	48600	63413	63414
14849	42673	46153	46154
5930	7495	7496	7497
9393	9394	9395	9396
15912	58437
2147	4071	19661	20462
1946	1947	1948
11031	11032	11033	11034
14705	16019	67124	75721	75722	75723	75724
18720	22791	22792
58121	58122	58123
9116	12765	55720	58744	60594
3855	13898
3919	3920
10846	22764	36468
8596	21672
223	1734	1736	3242	12882	22849
1346	1349	2377	17968	17969
15169	57231	67363	67364
3098	17911
11944	55619	55620	55621	55622
486	487
7982	15658	77112	77113
9979	14205	14206
3279	3920	5382	9422
10614	10615
1437	4323	12610	29436	35978
1985	3358	3459
25014	42972
19400	19401
16122	36775	40843	48360
15216	16666	74351	74352
17631	24356
19994	43390	70361	70362	70363
7113	18867	27112
2232	3587
53345	69695	69696	69697	69698
7135	7249
1005	57051
60	7268	14777	27572
58986	58987	58988
230	41310
9064	17927	74821	74822	74823	74824
6077	6078	26915	33185
3901	6847	16220	16221
7355	35411
23202	56263	56264
259	58908
3940	48357	48999
6055	53498
2434	2436	41324	41325
273	9929	21971
2418	8439
20837	24560	28526
14669	24460	24461	24462
14905	14908	15775	15776
18306	18308	48615
76221	76222	76223
2209	13642	56980
27300	68341
7445	8283	19026	37099
183	1005	20232
5181	5182	5183	5184
10432	35887	71451
11911	80663	80664	80665
475	2270	6277	7649	20271	20273	20274
256	1007	1008
32620	32621	32622	32623
7077	22679	22680	24192	40633
75	241	1139	1563	13824
11819	29034	52818
14320	73766	73767	73768
4701	28184
22411	44956
57182	57183	57184
7787	13130
18731	20291
5940	42630
2850	14996	22374	30811
532	45964
19766	22137	23194	47215	47216
1868	22081	69519	76883	76884	76885
6320	43843
106	2251	12019	15841	20219
4511	11680	21967	36813	36814
41241	48078
34	10246	47992
220	10790	10791
44835	44836
5662	16572	16573
4049	9401	9606
31441	31442
223	224
1177	1305	6847	12214
45194	69580	69581	69582
6040	6956	80619
15310	15311	15312	15313	15314
1076	12208	29104	46729	52069
4507	11399	11759
5167	27475
9736	68689	68690	68691	68692	68693	68694
179	28505
11677	13303	35264	55826
3538	14239	46906	46907	46908	46909	46910	46911	46912	46913
10164	50939
401	5981	34800	34801	34802
2535	12952	12953	12954
2059	4106	5731	19368	55434
2209	14793	15501	17289	17927	55542
16752	16753	16754
799	4010	4025
1202	1414
4581	18054	26801
5524	8474
2259	7077	13709	17884	18512
3626	41972	41973	41974	41975	41976
6043	25885	67229
20701	68427
5357	78094
2505	12175	12176	12177	12178
78988	78989	78990	78991
13452	25164	47864
4210	7019
15838	15839	15840	15841
32504	69392	69393
32074	59195
4642	57654	57655
13713	13982	26746	30091
3043	9441	61598	63639	63640
342	343	344	345	346
4574	18346	18347	18348	18349
42910	42911	42912
20524	24043	28799	76891	76892	76893
1004	24080	54323	54324
1647	3658	6440	19059
15700	16943	69612	71213	71214
1003	10432	38548
12727	12728	12729
1316	22753	60195
2497	3571	13387	13388	13389	13390
29573	29575	47342	47343
37740	37741
15822	68064	68065
7952	23497	39083	40919	55821
7249	8397	8398
37358	37359
9946	12220	12221	48274
5764	5765	5766
36932	53207
278	1191	2599	2854	31958	50883	50884
51571	51572
15167	73642
22748	40389	56524	56525	56526
57281	77541	77542	77543
961	15233	15234	15235
3893	25516	40852
965	43300	61253
8880	41566
1432	1433	1434	1435	1436
259	18643
44772	44773
7154	7155	7156	7157
1338	71926	71927	71928
6769	28998	46663	46664
73074	73075	73076
81	6812	6865
1191	12398	15624
1326	14286	23627
4660	4661	4662
33420	33421	33422
11802	11803	21919	29491
16357	72522	72523	72524	72525	72526
23991	51237	51238	51239
31046	44592
13052	60144	60145
190	191	192
20176	25282	25283
55665	55666
5554	11259
19684	29634
36993	36998	37709	47588	47589
812	33974
13887	29281	37064
579	2700
1091	7716	7717
46048	46049	46050	46051	46052
2227	2700	12304	12499	39095
7832	60381
13466	74293
6496	17899	42088
33012	33299	33300
15212	21414	39141	61825
7350	16425	32343
4066	10559	10560
9301	42111
3099	21063	21891	26377
3725	38856	38859	63741	67715	67990	77389	77390
10397	10398	10399
2374	8084
5692	5693
2607	6001	6891	11980	32672
661	2623	28762
38884	54613
1636	32154	32155	32156
966	36211	74716	76524
2573	3974	67197	67198
22080	42505
23997	23998	23999	24000	24001	24002	24003
2484	77155
4946	26901	26904	72370	72371	78398
13082	15192	15307
25844	56812	64866
11432	29735
4398	11830
15723	28809	54991
358	8184	18275	20865	22829
1216	1217	1218	1219
177	15572	38853
28443	28444	28445
6440	22545
8713	43719	43720	43721
68234	68235
467	1316	6288
12457	12458	12459	12460
6097	6098
20259	20260	20262
4049	46053	46054
15296	15297	15298	15299	15300	15301
1629	1630	1631	1632
4432	22103	23884
27124	27125	27126
2329	2330
12285	31674
14496	20591
6961	6962
13476	55854	78312
684	686	687
1719	18463
43168	43169
8463	15129	18680	51260
25125	25126
58219	58220	58221	58222	58223	58224
2028	3626
9208	21104
5097	5098
9231	9308	9309
13853	16441	16442	16443	16444
3645	25221	25222
13343	13344	13345	13346
1928	55168
586	11401	21987	79709
23499	68964
10089	33356	42404
19659	20669
11793	13642	75122	75123
26422	26423
10951	16284	37808	50579
1192	16194
14010	14749	15141	61376	61377	61378
73038	73039
348	18884	57891
6493	17594	28733
24329	38403
53100	53101	53102	53103
1200	2669	11073
13658	13659
11363	44204	78425
2316	3225
2363	18212	34384
2396	13081	13082	17152	39421	49310
1944	9922
2839	5057	5058	20986	41239
855	11621	26584	31621	36229
1985	59876	65636
7499	7500	7501
3436	29760	29761
1055	1056	1057
15451	16990	61409
47611	47612
18921	70004	70005
3403	6058
3098	19323
7535	21728	44396	49898
15651	20258	66550	66551	66552	66553
1634	2305	6256	49414	49415
1608	20279
8760	10325	10326	16839	18017	18817	24248	55643	64046	64047	64048
32504	38832	38833
2710	54381	54382
10239	25817	31268	77019	77285
67052	70861	70862	70863
2374	5234	18506	25069
18860	22340	22692	28357	30419
12034	16267	31249	31250
10179	28673	28674	28675	28676
1677	47306
13428	13429	14660	15831	17286	68253	68254	68255
2858	5368	5498	5499	5500	33074
59364	59365
8790	47771	47772
1153	15344	15345
74085	74086
3338	13430	13431	14922
854	11621	24036
1240	3540	17518	54870
13214	48674
20556	34778	34779	34780	34781	34782	34783
2599	13845	52980
678	7891	13827	45328
18587	18588	18589	18590	18591	18592	18593
6077	11480	24609	27575	31891	31961	31962	31963
34463	47677	47678	47679
181	5622	5872	31256
23756	23757
12	17087	29650	35101	67279	78589
53898	53899
111	1132	1357	5452
10743	21306	56626	69782	69783
1039	17415	64078	71359	71362
4196	4197	6244
376	1985	2873	2874	2875	2876	2877	2878
902	33816
17184	17185	17187
18169	54011
2497	57866
1160	8464	30363	30364	30832	30833	30834
11658	11659
30271	66820
7163	22939
2015	68413	71190	71191
602	12092
22134	22139	27137	33137
2556	2557
22027	39593	42656
11029	27263	80069
464	7284	17376	52954	60062	60063	60064
19418	19419	19420	19421	19422	19423
27412	27413
19228	19229	19230	19231	19232
2263	19898
177	17013	18850	74804	74805
38889	38890
35570	41382	41383
90	1513
2244	24762
183	3091	8891	26065
14790	14794	24307	29644	31501
8209	8210
419	494	1008	1131	3537	5942	8924
950	952	18410	18411
2270	34734	54502	73219	73220
663	854
2685	2686	2687	6939	18920
1595	13959	13960
1600	17085	17938	25393	26792	30727	30728	42896
1039	34289
35070	73834	73835
1005	20117	20118	20606
20340	20647	21529	27723	27724	27725
2842	15316	35808	79816	79817
40664	45692	45693
22140	27726	27727	38530	38531	38532
22932	30395	30397	30398	65691	65692	65693
1065	7769	7770	7771
1291	15662
5934	35245	58157	58158
500	25666	39626	39627
12298	42315	42316	42317
3524	77362
2542	4419	9099	9100	9101
7969	17432	17433	73788
35613	35614	35615
1014	37084
3425	31107
46234	47314	54805	54806	54807
2676	2677
42894	42895
9432	9433
47409	50345	50346	50347
8	5116	20733	21430	30367
2700	8210	19653
556	6910	13876
18112	25879	25880
15179	35858	35859	35860
1384	7378	33133
20647	22916	24193	24196	24579	38077	51468
4957	5596	15494	73763	78179
11293	43798
4948	62535	76710
22067	26939	31097
20480	46216	51082
802	804	59370	59371
14876	47212	61900	62365
4140	4789	4790	9731
4866	30379	30380
11495	22324	69339	69340	69341	69342
8295	8296	42970	54677
52437	52438
50642	50643	50644
941	1797	12098	23306	29687
1968	2277	7980
33165	33166	33167
35932	58356
3125	43906
12739	35745	35746	35747
177	22647	24505	69727	69728
36147	49311
17713	32097	32098
17363	29397	51965
224	19597	19598	55839
7860	64968	64969	64970
7763	25777
20028	20303	67854	67855
59606	79118	79119
27649	27650	27651
26473	26475	33534
12202	45969	45970
18442	18443	50505	60917
13444	16059	27696	32453
28465	28466
41225	41226	41227	41228
45659	45660
500	14768	59868
51885	51886
4225	63711
55503	55504	55505
22208	32937	32938	66798	74476	74477	74478	74479
464	2390	2393
3513	38224
20565	53424
7891	47461
2378	18959	29461	29462
13000	25465	26446
74	1261	2564	2565
22778	56239	56240	56241	56242	56243	56244	56245	56246
14794	42857	42858	42859
2744	3454	15586	18624	20859	32128	77363	77364
11900	44942
6304	10279
7221	12461	45870	65514
33982	33983	33984
2179	17017	33232
9648	12571	49154
80471	80472
1372	4960	10390	10391	10392
25470	25471	25472	25473	25474
3834	10675	25730
5360	48827	48828	48829
23321	42153	42154
3121	16877	65319
13099	48588	48589
13393	17620	23945
32933	78637	78638	78639	78640	78641
25665	51781	51782	51783
1053	14567
4625	4626	33982	33983	33984
2850	3398	63369
8001	8002	8003
1053	1054	1485	12149
25835	55203
23202	56778	56779	68444
5226	7571	7573
7290	41425	51039
14595	14596	61752
8210	32470	66016
6633	10460
1535	24202
47	67929	67930
29742	45555
30134	30135	30136	30137
247	2291	19447	19448	19449	19450
39672	39673	39674
75500	75501	75502	75503	75504	75505
44	45	10887	11191
644	37839
11292	11293
19497	29898	38204	39799
2646	36647
14548	15891	15893	73848
9586	14648	17354
2066	3367	73415	73416
2249	2251	10746	24467	61861
273	9929	23481	23482	23483	23484
58303	58304	58305	58306	58307
24254	33310
8238	14183	43278
7113	65902
3980	9968	23391
2066	28527	28670
28082	36432	36433	36434	36435	36436
1039	15502	16245	26968
240	2367	44486	44487	44488
15763	16446	26999	27000	37199
8880	36722
2861	6508
1975	1976	1977	1978
47265	47266
1290	15201	66244	66245	66246
1479	1482	1485	19554
256	3041	8830
14352	14353	14354
7026	7264	61268
2470	78843	78844	78845	78846
8185	36040	76217
27818	27819	27820	27821	27822
7775	28289
797	2947	20409	75067	75068
524	25756	79058
6701	6703	45922
6051	23876
5974	5975	5976	5977	5978
945	6663	6664	6665
5588	44502	44503
1596	22230
8953	8955	12540	33978	49390
2196	2197
1471	24347	31433
23258	48280	48281
64900	64901	68976
3519	23121	33833	33834	33835	33836
1911	68097	68098
2367	27556	27557
42740	42741	42742
16473	57050	72536	72537	72538	72539	72540	72541	72542	72543	72544	72545	72546	72547	72548	72549	72550	72551
25031	43490	43491
6993	19124	52213
19339	33506	33507
1338	12318	34394	48756	66986
6496	16677	62613
11796	14625	22118	22119	22120
1848	17940	23414
6055	36328
35474	48587
63402	63403
1240	4012	5734
1220	45515
20556	34806	58721	58722	58723	58724	58725	58726	58727	58728	58729
578	49356
59098	59099	59100	59101
99	130	2715	16609
968	11954
36274	73756	77114	77115	77116	77117
52929	52930	52931
18527	42302	68310	68311	68312
800	10349
94	1264	5198
515	31972	32745
8524	13895	13896
1292	35619	35620
3529	5496
5586	35695
4229	5648
80710	80711
3809	33448
8297	62112	62220	62221
625	1191	1329	2435	32387
2917	76341
39090	39091
33780	33781	33782
182	25166
16562	41705	48308	48309
29528	29529
7921	14950	14951	14952
1060	9648	17814
10164	37249
9315	25366	43097	43098
15774	68884
12366	32288	73588
179	36550
1823	7842	7843	7845	7846	9989	9990	9991
14538	14539	14540	46755
2448	7557	15039
280	15096	38517	54661	68726	68727	69998	69999
159	14934	22315	22316
5596	18058	23574
3979	3980	5009
4714	19832
116	67110	67111
19191	49215
10785	25434
14540	36088	44138
6032	8462	31152	55799	55800
4225	9474	9475
1372	11103	30627	36716	60946	60947
16424	16425	59878	64425
3368	15691	16272	16431	40950
14409	14410	14411
3652	11044	73363
31855	31856	31857	31858
34712	37911	42710	54358
3788	5431	55499	55500	55501
90	1513	79629
1214	3571	18643	46847
488	491	19838	19842	58531	62755
5464	10430	11650
38926	42574	43953
17891	17892
2264	2265	52425	53456	63328
4038	10089	20497
1213	1214	1788	22700
14772	60385	60386	60387	60388
4988	46881
6576	11756	28906	75894	75895
1065	15347	16427	19478
3980	6019	9519	9969	15988	20203	29738
6633	9349	13255
1189	35478
80514	80515
5351	9291
2255	6823	10938	17024	17715	20138
2873	80377
90	9713
8416	20916
30968	30969
14749	15384	22283
18920	76968
9072	12456	35194	53456	57942	78730	78731
2687	3844	48089
8731	8732	8733	8734
4888	8463	18417	39503
60521	60522	60523
1752	1930	5898	6823	7332	18194	21517
14794	24307	28703	30166
5208	8406
11705	29511	51543
6836	6837	56328	59498
14991	16592	16593
8197	18324	18325	18326
6496	24609	45274
919	1413	12473
9814	9815	9816	9817	9818
26488	26489	26491	26494	32716	32717	32718
16950	16951	64349
2599	5198	14005	15097	25072	65111	65265
1031	7586	28372
13885	38390	44518	44519
4639	4640	4642	11742	11743	11744	11745	11746	11747	11748
21808	21809	21810	21811	21812	21813
30945	30946
8540	12295	23354
7030	27627	66184
41103	61783
35653	75963	75964
1288	3882	19803	27308
5402	14050	14051	14052
19259	19260	19261
1469	65267	68771	68772
5146	15795	15796	56142	72416
44479	44480	44481
1789	10938	16923
8879	32995	68989
14831	15839	21684
1338	17988	22820
575	15538	15539	15540
1513	7331
9065	9066
81	2698	15651
43987	43988	43989
6703	23947
2160	9377	38669
36694	52294
47122	47123
9943	28226	28227
76824	76825
2053	2066	3513	12962
6168	38392	38393	46314
17289	65196	77359	78952	78960	78961
12450	13649	23166
214	50480	50481
4765	37765
7427	13550	13551	65578
1306	2904	9428	9429
6046	23781	24077	27804	27805	27806
11464	72159
39022	39389	41898	41899	45230	45231
56270	56271
6110	35532
13882	35194	36049	36071
1077	1401	2270	18272
11812	15342	15475	16907
3231	5664
28722	28723	28724	28725	28726
579	18024	26174
2267	16033	18812	21712
230	15764	22669
2457	2458	2459
6292	6293
8297	62221	62324	65974	65975	65976
3848	21257	21258	21260	25411	25412
7805	24497
1162	33467	34902	35188
5524	7511	36268	38838
1906	1907
9224	45257	45258
1515	17440	31437
2688	6578	15710	15712	36821	80666
3013	3014	3015
15027	16623	22307	22308
26521	26522	26523
2542	2685	4419	7790	10362
39061	39062	39063
1862	8184	8197	18275	20039	36985
1238	1239
26691	26906	47770	56427
5129	6823	21517
2232	36820	38501	38502
60244	60245
585	654	6400
574	575	6254
7226	7746
7950	9005	16203
1192	16487	21092
49235	50302
15477	16521	16523	26019	33346	61882
580	5207	5208	48396	48397
679	4857	26968	45384
275	789	790	1058	1060	2417
21873	21874	21875	21876
2421	34461	34462	58847
294	58827	58828
11796	17049	56410
2702	4449	30440	30441
6321	48260
1329	33660	39704
19766	38766
16228	61455	61456	61457
13228	32132	38059	68287	69969	69970
24657	66828	66829	66830	66831
1065	3675	39960
39769	71108	71109
4812	4813	4814	4815	4816
3251	24992
9595	16058	16059
9883	9884	9885	9886
4225	9475	63323
32124	45517
8209	37671
2251	13030	15841	16317	16318	56253
1192	9053
12788	12790	17336	23631	23632
22984	41772	41773
135	8249	19885
4599	13962	32286	57349	59438	73211
31578	77651
72669	72670	72671
30718	30719	30720	30721
49944	49945	57475	57476	57477
6821	19666	25266
1465	13776	30970	35704	35705
2978	3127	30986
15123	38635	38636
578	21049	26838	35185	52319
36040	44128
8937	19315	40873
4159	4160
2116	7026	11544	44190
289	290	59830	59831
32455	32456
8960	11367	14412	27229
8641	17947
3567	73216	78736
8710	11921	15988	21667	43605
62305	62306	62307	62308	62309
1302	1720	42377
8283	15358	56399	59550
3760	34369	46936
4489	33476	53303	53304
8075	9120	11588	26701
63120	63121	63122	63123
3369	3370	19818	65171
77968	77969
10060	17146	34751	34752	34753
3980	17970	18313	23390	23391	23392	23393
6231	22063	52968	61255
36873	36874	36875
1866	2566	18158	20831
181	1973	36619
1191	11423	30505	43654
15432	72151	72152	72153
23557	40978	40979
4487	41096
1969	1970	1971	1972
9186	11675	12279	12703	65355
533	13898	15410
26423	37027	38374	38375	43614	54014	54015
626	12456	17024	32886	58442
1131	19602
179	17259	28491
1196	4557	4559	33898	56712
1403	23195
8293	10798	76990	76991	76992
15851	41796
72618	72659
260	375	1707	1723	2247	3376	3761	3762	3763	3764
8952	8953	9501	12506	45538	46367	49610
12957	50174
19213	27104
35933	49097	49098
12	15216	26049
3085	3444
2018	4025	24004
78427	78428	78429	78430
6315	17981	17982
35651	36363
5386	50564	50565
3580	24355	54392	54393	54394
3858	23973	23974	23975
2209	6843	6844	6845	72437
8880	15429	45438	45439	45440
28527	75686
10375	10376	10377
5098	12486	12487
1235	1324	25102	52609
90	855	9901	42692
11900	37937	37938	37939	37940
1471	24347
6587	6588
518	3121	16050	26885
3980	27567
62582	69242	69243	69244
1077	23874
57719	57720	57721
5997	5998	5999
1191	3188	3614
474	475	476	477	478
33844	33845	33846	33847
9699	9700	9701
6436	32477	69099
23760	23761
19602	21178	44623
20499	29843
13104	22363	22364
26946	44829	46271	46272	46273	46274	46275	46276
5021	55477
34904	35517	36718
66428	66429	66430
2832	40759	40760
21832	21833	21834
14964	65993	74488
2943	4210	6065	27929
1892	40607	40608	40609
2698	2717	29722	61417
1177	10070	13793	20312	24975	33634	33635	33636	33637
29390	29391	29392
15517	21505	24841
4370	14596	20768
14991	18713	26826	29105
15022	17221	55874	63757	63758
579	5129
8602	8603
18008	18009	18010
19681	19682	19683	19684
2305	7315	7316	7317	7318	7319
5524	12897	28182	28183
14653	14654
2116	5205	9923	18155
15612	15613	38133
19336	19337	20409	30385
14519	16564	22735	29242
116	1043	5640	6557	26190	26191
4409	16233	27731	57913
3527	4460	12384	13303	49361	61826	61827
15054	16523	54567
22806	27168	27169
13429	27530	51032
105	278	2666	55841	75780	75781	75782
31216	31217	31218	31219	31220	31221	31222	31223
1586	53326	53327
321	8019	18726
185	13013	13014
7347	7348
183	19810	37967
2448	21095	41203
1610	3773	5596	30445
3270	6968	70225	70226
12990	15291	25356	65279
1911	16962	41763	46849
53401	53402	53403
29573	29574	29575
26564	66904	66905	74792	74793
12762	15997	35472	72984	72985
23959	23960
38424	41589	50956	50957
12890	44082	44083
49	17001	17951
17028	37878	73042
8369	8370
11293	51943
2179	2707	53350
90	1106	14675
1844	35915	54138
1565	5329	16623	17353	45961	51148
1180	1181
204	205	206	207
6823	18560	18561	19772	21753
212	17795	17796	17797
8929	44412	49687	49688	49689
494	1139
81	6491
7545	23473	27022
3125	33769
16134	16135
9855	16037	46149
44917	44918	68841
75370	75371
5988	12691	13405	35430
525	19313	19676
35515	48348
3069	10718	17912	17913	17914
1214	2214	11513	13600	21356
4696	57111
20279	42258	42259	42260
50099	50100
58637	58638	58639
544	2053	28191
20093	20094
4014	58624
6831	46300	47486
32239	32240	32241
2502	5454	5459	35279
14825	14835	14836	14837	14838
35678	55838
3398	16533	17833	41344	41345
655	9121	11434
39824	46884	46885
1005	3448	7045	14257
636	13533	18987
2687	3255
3788	21862	21863	58780
54104	54105	54106
5102	61040
9191	41609	48037
7955	7957	15118	37524	37525
136	138	11203	47557
11601	15239	38028	40304
35720	53406
7370	42694
6311	6312
11478	38711	38712	38713
5338	8356	19818
179	14948
8791	12654	12655	55065
206	207	47860
16254	24041	30009
9117	9418	43472	43473
13641	18881	38396	66023
49902	55844	60208	60209	60210
185	19701
70105	70106	70107	70108
1645	1647	15013	22650
21562	21563
14760	70388	78326
321	3300	4441	23479	23480
15059	15061	74345
7167	44312
1751	2309	2310
14897	14898	20959
1507	20404	46417	63897	65253
3502	18395
8630	31121
5726	38209
22837	22838	22839	22840
575	28279
1004	16153	16155	32364
1349	48117
5991	13479	16181
18854	18855
3152	9537
1228	6948
9097	58063
34958	72427	72428
941	2572	5372	15943	17618
711	2363
16399	23021	30026
2406	10796	20936
7030	39765	39766	39767	39768	50015
25333	65269
38280	50669
6823	10675	11545	45055
74291	74292
7052	54590
7006	39380
13518	13519	13520
8713	12957	38725
1252	18528	18529	18530
7236	80135
566	47808
22791	22792	39518
5686	11736
37919	71209	71210
2687	3255	6939
1985	22134	22138	60006	66480
15529	38706
50262	53839	53840	53841
913	9120
2378	8880	23319	27374
1534	24507	33025	58029
44064	44065	44066
8691	8692
3265	15783	20071	47018	65525	66912
5734	22389	22390
5554	32250	32369	32370	32371	38135
233	2219	40544
14293	14294	14295	14296	14297
8540	40492	75237
2007	2008
26	27
5144	5145	41739	41740	41741
1065	2209	13429	32946
23176	37771
24428	24429	24430	24431	24432
499	2374	5234
34069	54787	54788	54789
5173	5174	8750	9632	9633
177	14829
2376	14874	21326
5924	35343	35345	69674	69675	69676
1530	35299	35300
17899	74964	75085	75086
16352	16353
36703	36704	36705	36706	36707
3527	3529	5469	24186
45683	45684
71744	71745	71746	71747	71748	71749
5206	8641	51510	66595
19596	58553	58554	58555	58556	58557	58558	58559
330	331	332	333	334
5410	45573
579	51690	59835
2385	5477	28904	33501	48102	56440
29765	29766
19684	57043
14711	26878	75350	75351
10276	10816	45782	45783
59881	59882
1453	74931
58995	58996	58997
1315	4270	14734
2277	11367	14889	72582
1252	18528	18529	18530	18531	18532	18533	18534
60	2575	14777
34282	69435	69436	69437
1404	1405	1406
3884	5196	5197
42195	52524
3858	11600	16517
4389	13429	14964
8783	17136	21563
1615	7755	7763
2771	5201
64280	64281	64282	64283
3980	33046	33047	64490
58009	58010	58011
282	17657	55154	55155	55156
16355	16357	20144	20145
14908	29812
241	8936	9617	57713
2983	17727	24662	33251	33252
655	13393	16110
1338	12175	12319	17221	64766
3061	7384	7385	16259	39705
42408	48062
13526	63449	63450	63451	63452
7167	35115
8588	11367	49857
10850	27768
64617	64779	64780	64781
31454	31455
58615	71459	71460	71461	71462
1346	1347	1348	1349	1350
43558	73479
1240	4012	49141	52581
15930	17619	17620
3099	20037	42306
11705	15834	15837	29535
2061	51707	51708	51709	51710
47	14546	16234
3604	7997	9985	9986	9987	9988
1414	26259	56314	56315	56316
2098	3121	16877	64429
58117	58118	58119
1324	11839	35066
2265	2267	4389	48630
70953	70954	70955
17864	17865	52439	52440
81	6812	6813
2907	32131
21266	21267	21268
5743	73987	73988	73989	73990
43620	43621
1022	1023	4010	4012	4014	8308	11594	36786	42197	42198	42199	42200	42201	42202
27041	49646	69880	69881
17349	27468
1196	25366	48097
2178	2179	2707
28611	29788
12481	12482	12483	12484	12485
14490	51310	61841
2854	4735	8478
13081	13082	40142	54280	64023	69011
6505	40351	40352	40353
2934	3121	55497
6057	6916
10246	47992
2332	36470
35653	51404	51405
7496	11555	20589	20590
15641	17147	64990	64991
42865	62119	62120	62121
3609	55527	55528
3061	7385	16259	59726
19156	69565
14689	17774	35135	63154	63155	63156
4940	23559
11570	30454	72390
2063	26263
25891	25892
2850	50972	62908
16950	22093	22094	22095
28174	28175
17008	21134	74523	74524
13882	39842
31396	31397
1795	12115	13764	13767
177	179	13069	22647
854	1716	2572	35113
1281	1461	13221	27573	27574
30252	30253
19497	29616	29617	31685	31686
2850	14997	21550	80171
1534	5996
177	24505	49222	55296	61862
49326	49327
179	16877	30257
62582	62583	62584
16962	24915	58113
6546	26298
1528	1529	39166
708	2971
3247	47496
16104	16105	33872
18443	27872	27873	27874	61063	61064
22246	46257
70478	70479
21332	22750	32176
34963	41441	53273	53274	53275	53276
22767	33062	33063	33064	33065	33066	33067
49	32405
543	914	3425	10579	11513	19653	20146	22034	23982
2622	2623	6493
12142	12143	12144	12145
158	58715	64815	64816
28852	28853
13631	37990	52557
6835	16172	59147	59148
1080	1081
1581	47170	47171	47172
3376	24031	24033	58030	58031
4190	7152	7153
7045	26411	57256
20605	22210	56436
3644	24459	66248	66249	66250
5143	5144	5145	5146
1272	1275	29175
966	13732	52663
14451	46232
2378	14926	15896
2812	23581
51083	51084	51085
14551	18805	19207	19208	19209	19210	19211
4358	79608	79609
7565	59338	59339	59340	59341
3820	16765
36929	40049	40050
931	4547
5368	11425	11426	14456	26213
3609	12972	12973	14055	16071	71176
15027	56504	57044	57045
3396	11932
151	14128	20987
948	36956
14860	20846	23866
1134	4210	34654
22567	36559
1039	53461
12285	19929	36246
1398	12287
5554	32370	38134	38135
1723	1724	1725	5497	8536
5554	79357
16273	16274
10364	13800	15767	18372	45020	45021	45022
35474	78791
58982	58983
4595	17135
2376	20699
2772	2773	2774	2775
36569	47073	58784
348	5731	21145
14561	14562	14563
12293	17901
30635	30636	30637	30638
1320	35428	42567
21240	21241
1138	12879
13091	14914
28175	39001
19959	48849
72618	72619	72620
4608	9713	14007
28679	28680	28681	28682
2184	13428	16634	65607
2075	17930
5609	15173	61509	78411
14711	14991	25374
22873	26889	28362
24844	24845	24846	24847
1252	10159	21494	32887
7593	9943	22946	33966	33967
4265	7350	14611
931	3242	3297	5911	40556	40557
6494	43931	53512	53707	53708
1831	4388
2496	14555	14556	14557	15830
2356	22771
45893	45894	45895	45896	45897	45898
36303	80560
2217	2218
60209	62973	62974
5185	5186	5187
9401	16760	64094	64095	64096	64097	64098	64099	64100
5167	30770	39589
12497	35462
1181	47405	47510
17500	45234
990	17283	37350
501	45546
6576	13823	15386
3368	20983	20984
35060	35061
76590	76591	76592
9951	19752	61498	61499
8104	23459	23460	23461
16227	16228
3091	5052	5053
17132	64126	72430
2698	6557	15651	56833	66955
17024	17716	22749
931	1497	3449	10680
15318	15319	15320	15321	15322
2709	15999	76129
61810	63442	63443
3834	5280	10674
5360	9722	20404	23197
14991	15022	15503	15504
1323	2494	9228	9229
14972	15469	15470
7545	27022	29874
32987	32988	32989	32990
826	8782	13600	17498	28612
11596	11597	11598
4015	4016	4017
10030	20455	20456
1110	64964	64965	64966	64967
7629	7630	7631	7632
9770	9771
37536	37537	37538	37539
30095	30096	30097
10371	10372
20409	33253
3901	64153
64615	64616	64617	64618
36199	37058	41835	63522	63523
6400	14317	14804
376	7122
4668	51901
13703	15928	40720	56649
153	154	155	156
1007	3374	10498	24038	33225	46350	47748	47749	52786	52787
12330	36871	42071	42072	42073	42074	42075
41157	41158	41159	41160
13793	18966	18967	18968
892	6618	58070	69501
7030	35888	37200	41103	45673
1941	1942	22704	46501
968	969
29345	30798
2179	36519
4546	8641	20034
7036	23123	23124	23125
39524	39525	39526
1871	2570
1866	3425	38041
7978	12650	12652	58824	79959	79960
13813	13814	13815
24696	32379	34584
4800	5660	50073
5102	21415	21416	21417	21418
23361	36199	64722	64723	64724	64725	64726	64727
4389	60152	61981	61982	68931
21766	79836
697	9625
13184	13185	13186
13051	68059
1131	19602	23861	25983	26074	26075	26076
66430	70276	70277	70278	70279	70280	70281	70282
1610	5596
46322	46323
1000	15602	24219
18272	24256
13656	73523	73524	73525	73526
1509	10240	47893
16436	29074
7011	29255	29256
3376	5734	22490	32409
3771	11923	46174
4979	37343
19899	39733
13723	40719
17478	59413	73029
3370	64129	74625
990	28576	29520
2489	4072	23763	23764
4608	65041	69174	69175	70901
7978	12650	12652	59225	59226
16297	48204	56770	56773	65624
16879	18276	18277
40061	72031	72032	72033	72034	72035
4071	20023	20269	20462	22365
4389	56707	68931	74200
15260	19402	25109	33842	48379	48380
34738	63283
1189	1509	10240	44949	53798
1874	17062	17063
2850	14997	29691
54832	56310
10536	15321	23353	59800	59801
28746	28749	33333
486	3395	12471	44203
6633	10939
5329	38634
1007	7200	46350	58754	58755
10409	20463	21644
1053	2331
5586	67277	67278
3293	28157	28158
3724	3725	68439
1960	1961	2840
18255	27247	71166	71167	71168	71169
6436	38517	43301
3233	7799
2268	2771
8770	23240
7445	37820	37822	41422
11796	17049	65320
5665	75379	75380
19901	19902
358	10513	10514	10515
32278	32279
54414	54415	66711
3172	3173	3174
12474	16367	41692	45111	45112
63067	63068
1392	14767	21549	21550
4323	29850	29851	29852
16950	27767	33424
14519	31653
3061	62851	62852
11705	27198	27199
17876	77410	77411
2687	6578	7341	23404
26040	26041
2272	10539	12994
6493	12285
33894	52350	52351	52352
8633	11111	11113	29719	49371
70965	70966	70967	70968
13435	13591	13592
11023	37074
11238	11239
2209	14952	16061	16062	16788
36769	47163
94	2687
14254	23407	29585	29586	29587	29588	29589
23302	62678	62679	62680
47102	47103
19321	49597
3121	14776	14777
30714	30715	30716	30717
17187	29790	29791
2441	37157	49854	55737
58665	58666	58667
2447	2448	2796
4765	16952
2609	15875	42629	66072	66073
50042	50043	50044
1486	19443	19444	19445	19446
14115	46822
2059	9339	40253
223	9320	9321	9322	9323
1076	2052	2893	28349
13102	14318	14319	14320	14321
4122	12469
7052	50074
4637	6129	7518	29848	45127
1716	2572	35113
29601	29602	29603
3527	3528	3529	3530
3809	52664
64664	72766	72767	72768
6192	39372	39373
70169	70170	70171
16110	59870
2964	27282	53146	63696	73393
280	12496	37107
44773	51293	51294
4460	7341	15667	40437	40445
2366	11841	42789
49	16142	16143
14183	18710	25603
9624	28589	59477	59478	59479
11245	32053
39945	40838
15462	34560	34561	34562
11755	13340	37816	41453
4866	21925
2850	11796	17049	56167	66102	67109
3064	59606	64998
166	1315	9496
3884	4533	8795	48171	48172	48173
57226	57227	57228
357	1994	34342
8551	8552	8553	8554
1050	1051
1050	5913
6496	29550	41453
1116	5498	5499	19702	30375
3061	7385	15264
1985	8504	12854	14128	20976
9462	9463
656	18860	18952	35567
655	7268	16851	24270
3114	4068	4069	38878
13088	13091
14207	14208	14209	14210	14211	14212	14213
15891	15893	72080	72081
2639	3233	19181	19182	19183	19184
1596	33436	33437	33438
32958	32959	32960
1848	18640
20824	20825
15927	15928	56398
31145	42225	51679	51680
10181	45566	54758	54759	54760
2839	22754	36942
22674	23704	48272	55717
46474	46475	46477	54524	54525
61	1116	16446	25935	37738
1257	1610	31711
2985	12195
296	6769	13943
6918	6919	6920	6921	7838	30906	30907
80088	80089	80090
5092	75609
17788	44616
3941	3943	3944
234	5953	18314
198	2499	31588	31589
16155	66988
75386	75387	75388
6438	6439	6440
279	280	39507	42148
403	404	405	406	407	408	409
15660	59857	59859	74320
94	3527	36304
1733	1735	11845	22638	25512	25893	25894	31313	44004	44005	44006	44007	44008
6040	9550	15987	63471
35632	35633	35634
21315	32734
10675	43008
69974	69975	69976	69977
1085	1417	16228	36195	36196
29622	70646
14470	14471
151	26785	26786	29685	29686
14132	19899	39733
19778	53361	53362
62510	62511	62512	62513	62514	62515
3313	3314
845	25913	37407
67816	67817
3919	38774
1008	18884
462	1985	2999	3000
14958	47480	47481
3609	12973	14058	23242
9293	12128
2887	10579
10286	10287
30809	32834	32835
2566	18380	19337	19538	38100
3546	16884
13539	37029	47006
1647	3658	23170	23172	25396
19130	29829
26123	49217	49218
16043	53292
1625	24433
24795	33105	62758	69520	76956	76957
24934	35019	35020
1118	2201	30468	30469	30470
6557	35375	35376	35377
76604	76605	76606
179	23848	23849
1530	41141	47753	49195
10021	79601
1627	5843	5844
2376	29562
46655	46656
7277	11347	12239	13832
76372	76373
1638	24991
8880	66170	74572	74573	74574	74575
20440	45580
9048	37107
258	321	2555	2737	3297	3299	27122	27123
42060	42061
59043	59044	59045
62934	62952	67148	67149	67150
3527	4210	4460	11676	58139
2439	15053	45834	68967
15166	15796	21673	48077
5731	12706	12707
17336	57631	57632
5084	5085	22879	22880
4683	4686	42804	42805
6323	19902	45992
10217	29781
79439	79440	79441
27268	52979	61804
48163	48164
2243	5353	48685
11589	11591
19498	38786	48210	48211	48212
1310	3855	11677
1162	32746
36365	37071	37072	48146
9401	15999	18493	23197	38554
3376	4822	8382
35486	35487	35488
1627	1628
49193	49194
2364	24153
314	17721	18917	31130	59745
5057	5792	6731	12261	40377	40378	40379
51454	53062	63036
177	15726	16034	18850
46760	46761
15675	15677	16369	16370
44017	44018
24250	25516	25517	25518
314	17474	45232
14347	56143	56144
26889	57318
1581	8880	28156
41174	41175	41623	47425	47426
12164	21081
11268	11269	11270
11201	11680	31721	31722
10670	53323
17925	60877	60878
2943	13958	78703
6502	6503
7757	40889	42029	42030
205	78565
4698	4699
75248	75249
4765	35109
21	2276	39338
3858	11601	19831	23173
71409	71410
12078	21728	36630	36631	36632	36633	36634
14054	14058	71449	71450
37580	39755
5353	9401	15998	16661
1376	3236	5419	10078
5996	25498	25499	28533	28534
27324	27325	27326
1131	4014	4080
6229	6230
25468	29338	29339
23093	35124	36583	51035	51036
4755	4756	4757	4758	4759
16625	16626
50179	50180
14231	14232
33508	33509
15342	24625	29790	33629	70769	70770
18561	22749	27656
23297	23298	23299
2850	3146	13503
17923	23747
8825	25597	55747	61848
21545	58657
18610	72979	72980
22253	22845	22846	22847
2969	18751	32126	52018
452	2378	16108	41647
1993	32900	32901	32902
9424	44750	44751	44752
6298	24116	24120	70010
289	290	7729	12977	12978
764	1329	44343
5131	47529
1144	13865	13866	13867	13868
3580	5413
3300	18344	20034	20035	20036	20037
32160	49295	49296	49297
181	21522	22389	66679	69355
3982	7531	13875	22499	22500
2439	9945
49691	49692	49693	49694	49695	49696
80508	80509
6294	6295	6296	6297	6298
53470	53471	71393	71394	71395	71396	71397	71398
73808	73809
1610	17738
259	9301
2941	2942	2943	30768
15348	16859	30271
2374	2435	29475	63776	70177
5735	16221	58640	58641
224	9301	27627	29133	29134	29135	29136	29137	29138	29139	29140
6937	49030
1799	4190	36340	36341
17070	39787	61704
3581	21993	46630
2941	2943	70446
2709	14005
6908	18250	54758	54760
20877	25306	28380	28381
1281	22313	24610	24611	24612	24613	24614	24615	24616	24617
230	3366	5149	10832
17813	40700	40701	40702
6321	36909	36910
2771	2863	17566
659	64223
38809	53418	53419
7268	14817	53544
2850	9545	16918	46731
11326	17715	32286
7920	7921	12213
1338	55516	56444	64701
3631	19578	22090	36814	44539	44540
3300	3848	5526	7662	20141
1139	1707	4360
33949	33950
5180	14130
2969	41938
663	1767	2269
314	27400
1320	35428
3576	22484	22485	22486	22487	22488	22489
2393	69269	69270	69271	69272	69273	69274
8318	8319	8320	8321
2384	2386	54511
20921	20922	20923
364	19040	26352	26353
15971	22792
1084	40852
38781	38782
2709	9900
16691	17014	31032	31033
12079	12473	14000
3188	3612	3613	3614	3615
72618	72628
348	28306	73030
9270	11481	11482	63027
12532	18248	18971	30784
585	654	19851	30271
27983	54272
9221	9222	9223
15179	52570	52571	52572
4952	5526	5792	6731	7662	9375	9376	9377
16053	16056	20566	56914
4517	4533	13997	24554
1023	8307	10302
39082	39083
6939	45784
25456	43733	43734
633	19720
13723	19894	19895
1530	2482
23537	31614
79186	79187	79188	79189
1563	15324	16926	29782	63291
785	786
2677	3649	6763	6764
3369	3370	16904
1441	3061	9064	58803
23077	39979	79813
1325	44531
10828	10829	10830
2178	2179	44244
3872	48832	65928
70735	70736
5180	14130	20924
6838	14419	59949
5383	37221
2276	8273	8274
18495	24541	60968
1260	17491	23415	31357
1007	5633	32843
1014	3102
22048	22049	44135
3832	22690
3708	65912
1084	13013	46219	46220
32288	59592	59593
16264	60400	63159
1493	40925	40926
16431	17077	73229	73230	73231	73232
11682	43505
2890	11678
5058	57907	60446	60447	60467
24246	25790	37701
2646	6791	6795	11347	28334
902	67969	67970	67971	67972
7384	26405	27061
20543	33996
2383	12961	16528
6490	7050	20018	30255	36100
959	6269
3527	6745	40203
3612	12870	51255	51256
79547	79548
3734	34508
32312	40995	49712
421	856	1985
20749	20750	20751
11356	11357	11358	11359
8717	31578	31579
2020	2022	14103
27798	40525
35098	39474
31779	31780	31781
3675	8323	15763
260	6994	18364	23792	34230	34231	34232
3437	45043
9224	39210
1490	31060	36384	36385	36386	36387
18134	32071	32072
3061	3878	7385	9064
12427	12428	12429	24402	24403
578	18639
11382	36794	36795
2744	5526
1105	1106
543	2169	26814
10098	31059	44129
1535	31515
7074	11708	71028	71029	71030
684	685	686	687
73348	73349	73350	73351	73352	73353
77487	77488	77489	77490	77491
15843	46995
1587	1588	1589
1329	1331
2267	46236
16037	33968
17243	17245	79974	79975	79976
1469	8274	24347
30495	39678
71324	71325	71326
8300	8301	8302	8303
12118	12120
2311	2312	2313	2314
2825	66534	66535	66536	66537
1144	1891	1892	16554
2607	3167	4946	4947	4948
5476	18508	21113
16588	34036	34037
13431	15147	15540	32772
61835	61836	61837
8043	9992	18335	18336	18337	18338	18339	18340	18341	18342	18343	18344	18345
4624	22908	34193	34194
48203	48204	48205	48206
2542	4418	4419	53427
1091	1714	4533	6896	16909	28630	31568	31569	31570	31572	31573	31574	31575
2990	6585
5792	6374	6731	7662
9843	18760	69810	69811
8635	61901
2272	7557	17468
12532	20683	63464
50855	50856
10978	10979	10980	10981
2572	28952
2020	2022	3837	5337	5338
2689	7791	39772
5614	34460	37245	46386
8518	8519	8520	8521	8522
23595	23596	23597
12047	20968
14113	14115	16204
2218	8947
15018	15020
1315	11839	23669	36733	40661
94	1264	5198	6633	19731
16024	45805
3849	10785	22842	26188	26982	44415	48429	48430	48431
2273	2412	6885	10127
2320	4344	9120	12587
1615	1617	2310	29287
22155	22156
28459	28460
78399	78400	78401	78402
9226	12240	12241
17409	17410	27765
2253	21481
3061	11759	57873	66195	71920
28819	32548
28017	55716
45280	57809	57811
22433	22434
116	25888	65000	74406	80348
9205	20746	20747
80625	80626	80627
5662	29919	78987
1471	38536
477	10093	10094	10095
9372	9373	9374
30930	38424
16045	16046	16047	16048	16049	16050
13710	14972
12188	79455	79456	79457
16399	32594	32595	32596
191	196	223	224	321	358	931	1007	2818	3580	9024	9025	30518	30519	30520	30521
6652	6654
4237	4238	4239	4240
940	1766	5201
9900	11796	21389	35439
5942	27195
14615	46346	46347
90	854	5208	43151
1499	39680	47622
12870	18651
38660	75838	75839	75840
836	5587
35871	35872	35873
9213	53657
11010	69369	69370
27779	59461	62535
22246	77228	77229
16033	19642	19643	29059	61240
23197	48290	53767	68741	68742	68743	68744
7791	14222	28035
14711	72439	75000	75001	75002
1886	80600	80601	80602	80603	80604	80605	80606	80607
38129	39593	53416	53417
8540	17720	27800
22922	25361	55210
5146	39110	71463	71464
31561	61134	61135
64575	64577	64596	64632	72731	72732
1131	4012	4106	19064	27176	27921	52202	53242	53243	53244	53245
50010	50011
9339	9943	26783	26784
16735	32549	32550	32551	32552	32553	32554	32555	32556	32557
375	26290	49536
8953	8955	9408	9409
6577	7341	51285
4915	29607
38856	70188	73283	73284	73285
1755	24493
72188	72189	72190
3593	24108
7755	24503
21700	40035	40036
15812	19784	23181	50354
30042	51435
3344	4904	13452
574	2380	27464	29879
41845	41846
1477	29860	29861
533	13898	15411
10637	10638	10639
4114	7648	16199	16200	16201
3404	3406	45085
586	1257	13465	75969
1621	3637	3638
375	1281	6803	25652
20743	20744
1264	27377	73550	73551
4457	4459	39550
25166	42261	47699	47700
34199	34200	34201	34202	34203	34204
15893	15900	43628
15060	15570	17066	17067
4644	4645
4846	12802	20602	37019
110	43634
31823	31824	31825	31826
2043	15096	35712
29107	29108	29109	29110	29111
9804	16849	16851	18059	29455	51606	51607
19214	23431	35364
7200	20036	39325	39326
52084	52085
7370	7371	37267
1605	1606	1607	4246	8990
181	184	4283
556	3587	3882	4940	19556	48918	66843
11482	11595	69589
4608	10938	12446
8177	11555	12616	17923	77492
73475	73476	73477
27808	27809	27810
2360	2363
4301	14802	39806
1076	38783	38784
2934	4004	15856	45311
8	702	40622	40623
1555	1556	1557
5325	5329	13693	21507	29356
258	4600
6150	15080
1065	5609	23468	27000	34849	37028
1993	25998	33690	64201	66210
29141	29142	29143
799	2406	4010
7994	34244
79191	79192
20530	20570	56530
1325	14567	15615	26384
177	5146	15011	15796	43694
48816	78383	78384	78385	78386
48	14557	23291	32862
499	1643	14042	65081
39596	59928	59929	59930
76530	76531	76532
11410	25797	46958
9832	9833	9834	33777	62574
177	15725	15726
54500	54501
63978	63979
108	2572	19959
3302	8778	8779
25239	25240
3610	5830
7114	26749	27171	31834
19321	60019
7894	9795
2687	7560
179	16875
4683	10244	10245	10246	10247
77730	77731	77732
543	1158	1159	1160
9185	9186	10675
24218	28210
16565	24397	24398	24399	24400	24401
14503	15218	16112	51588	65958
2406	11098	17711	19472	21695
1091	4233	4234
4545	29113	34411	40270
321	1131	9787
11439	11440	22764	63216
4271	13898	65122	72307
9618	12025
4241	4242
2244	22251
6436	38518
3881	30558	33366
961	2209	11191	52481
35139	58821	61924
77435	77436	77437	77438	77439
181	51534	51535
11226	26904	35090	42250	47963
31188	54037
17484	57169	57170
76597	76598	76599	76600
1452	1453	2568	6117
3546	14663	16884
69159	69160
1403	4092	4147	21430
736	9908	9909
17014	23990	23991	23992
15604	41604
12444	48952	48953
21070	21071	21072	21073
1378	34275	80106	80107
54398	54399
4271	16023	59818	65244	68123	73152	73153
6490	6951
67711	67712
38573	50717
8381	66861
1134	14204	35892
2905	65749
1880	21879	21880
8885	8886
12377	46093
201	22980
10276	55445	55446
15451	29242	68721	68722
2373	36085
5889	48484
3654	3655	75235
13775	15097	25072	61832	61833
7729	28946	28947
916	10618	12698	12699	12700
9945	14486	14625	14762
6043	34736	34737
72440	72441
7929	7930	7931
26670	41060	41061	41062
20404	64195	75428	75429
2403	11317	31045	33656
46	47	48	49	2209	14991	15148
25971	56567
63969	63970	63971
6294	56052	56053	56054	61649	69029
5593	10982
22236	33257
15428	46366	51983	54590	71241	71242	71243	71244	71245	71246
9405	10435	10436
1082	3694	11873	22782
1106	2055	13150	27066
66501	66502	66503
6550	18170	18171	57348
3433	3600	3651
2244	56132
13104	25243	40869	40870
2267	38992	44760
7583	7584
20878	25019	25020
1634	3448	3449	3450	4694
13258	67137
6065	6066	27929
7747	7748
6435	6557	9953	12998	18277	20036	59644
1823	5034	7842	23729	31820	31821
145	4940
2911	5141	22902	22903
60970	60971	61067
9618	15614	16202
26249	33396	33398	33399	40320	40321
5608	12461	78227
183	5622	59422	59423
2160	49460
11010	69784
22222	28424
21233	47419	53270
6754	33527
19677	21430	39652
5325	22027	38133	56118	56119
790	4688	9186	12703	65355
211	6355
5041	5042
12093	12094	12095	12096
294	27541	27542
16646	19653
158	5431	10007	33140	63719
3858	14706	19404
20275	77835
11739	21187	29526	29527
1546	19512	50755	50756
51228	51229	51230	51231	51232
33920	33921
2251	10536	15321	15841	59800	59801
965	6436	12844	38517	54661	60644	68727
11989	14795
1022	4012	8307	8308	8309
44440	63957	77033
72825	72826	72827	72828
644	645
6144	6146	14118	17390	27682	28527	40394	59854
7098	7099	15001	17111	21462	46606
15096	41104
10142	15576
2247	4308	18774	18884	18885	45417
1985	3820	6557	10929	22269
188	189
11796	12492	24207	33140	56410
217	586
4765	21678	74653
1605	8438	9590
3941	3943	25303	56230
224	1138	1139	2735	8960
532	533
14315	14316	58764	58765
29	906
655	2378	5869	7268	12762	14926	77267	77268	78982	78983
7186	7187	7188
4524	4525	6207
5347	10248	11772	13678	13679	13680	13681	13682	13683	13684	13685	13686	13687
9765	33157
2116	17893
8251	8252
16879	41178	46281	55327
28521	28522	28523	28524	28525
3137	3138	3139	3142	3143	3144	38848	38849
3631	9476	17695	24902	24903	27435
5325	14805	16971	16972	65929	65930	65931
10046	38852	40730	40731
41902	41952	41953	41954
8295	8296	12506
3370	64080	67312	74208
9487	9488
44732	55569	55570	55571
1716	10936	11545	21048	31825	48840
6875	29367	29368
26367	40496
2889	17632
35924	43073	44282
22370	22371	34958	56038	56039	56040	56041
4765	35109	53092
2066	2699	12962	39447
25257	28546
4312	8443	8444	8445
17069	69818
5327	18871	22889	37433	49637	49638	49639	49640	49641
585	25797	35612
2423	2968	15858	15859
940	19572	32824
3433	9203	9204
40004	40005	40006	40007
6742	14457	14459	18208	18209
652	763	1259
17001	32001	72443
9514	9515	53138
3344	7656	10058	15167
123	71724	71725
8313	12957
916	30381	63271	66941
8434	30342	30343	30344	30345
7648	17249	17250	17251
14749	16799	16800	16801
3568	3569	18721	25068
5518	7066	7067
5604	5605	5606	5607
29094	47100
16741	16742
3066	65715	65716
916	2629	10618	30381	58896	59999
4504	4507	29041
1634	25004	25005	25006	25007	25008
12279	35456	40330
72079	74742	74743	74744
18	1092	2887	5854	19006
1085	14496
5043	9685	9686
43426	50804	50805
27882	27883
21757	59289	59291	66640
2331	3840	5463	46651
499	55164	71613	71614	71615	71616	71617	71618
1818	2548	2549	2550
10253	21048
2179	16170	26462
15837	21792
28017	34015
14790	14794	15572	31501	55986
267	26290	30779
2435	39968
227	228	230
11445	16230	16233	31608
16773	51163
2028	41389
1179	80150
19124	23703	44517
12070	12071
16533	17833	41344	51045
28243	28244	28245
10714	10715
11444	27634	39817
2153	2169
38070	78811
29573	34569
11023	15185	38062
16595	43841
62257	62258	62259
14013	35138
2949	2950	2951	2952	2953
2061	6103	9549	11797	21298
321	419	3299	6064
3159	23057	23058
16419	16420	16421	16422
21615	21616
3043	11286	14637	70904
615	3610
133	2364	16795	54401	54402
2685	2686	2687	6939	15753
1202	1755
43570	43571	43572	43573
11555	24178	28201	34909	34910	34911
40998	50045	50046	50047	50048
20394	55917	57714	57715	57716	57717	57718
15851	22857
45075	45076
11191	11915	49703
2850	8390	68100
18247	23279
3334	3335	24806	24807	24808	24809
3300	20141	28137
13	14	15	16
12341	32955
2403	31045	33656
35037	35038	41151	41152
9075	9076
14089	29027
1315	1997	37438
18541	18542
1928	4952	6478	6479	6480
1480	64501	70187	70188
18920	22134	22137	22138	22139	25608
24157	35651	63505	64562
59200	59201
2141	12317
13099	43443	43444
22134	22137	22138	22139	25897	25898
10179	10180	28674	50186
1116	10014
7646	10288
5357	70590
3609	13393	14055	16777	59665
7573	12938	70307
11103	14128	26788
556	2767
180	28484	69316
34973	36513
29155	61219	78224
42553	42554	42555
34815	34816	34817
65187	65188	65189	65191	66808	71374	71375	71376
961	2209	11191	17927
8659	8660	8662
48932	52019	52020
943	4997	33706
39417	39418
826	33474
11810	11812	15471	22835	50325
2988	12890	35777
4210	11676	61841
44029	50874	50875
5207	6209
21997	29074	33944	33945
4271	12124	12125	12126	12127
1490	9020	9021
8250	73287
8471	8472	10168	10169
18860	23854
21307	21308	21309
1324	1325	14565	14566	14567	14568
2272	7290	7952	35472
28	56527
61656	61657	61658
5386	44724
42396	42397	70011	70012
1754	13577	25787	25788
90	8781
8540	13316	35989	35990
1723	7059	21362
224	8396	10753	10755
7370	8313	39755
1007	1008	7200	23793	46349	46350
4790	12351	12352
6671	66713
1985	3635	14552
5761	50630	50631
10287	13170	13171
11758	11759	42375	68387
32330	32331
5383	10903	10908	24856	37363
59142	59143
79224	79225	79226
18406	64222
48506	48507
1076	4947	21050	21051
1338	12319	17221	42284
17000	74969	74970
4476	7712	27531
12056	12057	12058
5146	15796	41718	47377
22062	22063
5713	5946
39167	44254	58569
42099	42100	42101
2095	36915	36916
7952	37269	40549	40550
16033	27214
3368	38067
10489	10490
1936	4940
2539	38935
1324	17557	17558
6276	60415
1892	2264	2265	4609	13610	63328
12255	21773	21774
15303	21015	56619	56620
533	7715
11555	80046
20404	28054	28055	28056
12989	61641
38927	50101	53208
10683	10684	10685
12862	12863
2271	18751	37903
20068	20069	20070
2026	2029	13452	57949	68980
47025	47026	47027	47028	47029	47030	47031	47032
183	6818	6819
7202	66269
25742	57736	57737	57738	57739
13566	14415
3834	67720
76042	76043
19707	26921
902	30846	47446	47447	47448	47449
8993	8994	15263	53349
9804	16851	17426	17427
2247	6954	22452	26220	26221	26222
201	2041	49961	49962
21025	21026	21027	21028	21029
4636	9119
51073	51074	51075	51076	51077	51078	51079
3814	3815
19544	19545	19546	20120	34764
35697	46459	46460
11900	48723
66571	66572	66573
2066	12962
2698	2717	21931
14743	35049	52779	52780	52781
18052	18053
23175	23176	23177	23178	23179
224	931	1138	1139	2733	2735	2737	4158	5811	21617
11058	11059	11060	11061
8491	8492	8493	8494	8495
15443	44977
16493	16494	16495
10370	20415	43830
30442	32481	33252	65106
71908	71909	71910
2165	11400
3072	3075	5737	9536	14449	20571	24771
32542	32543
14790	15001	50253	75280	75281
179	51588	56188
6503	42113	42114	42115
33495	40242	40243	45792
702	50639
31420	49258
352	2277	35558	39126
57402	59509	59510	59511
60854	60855
6915	67507
580	21779
17498	31525
15782	57382
3836	29051	33951
3365	3369	3370	14641	14642	14761	55700
16761	16762
23431	38072
37255	47969	47970	47971	47972	47973
16377	16378	16379	16380
59827	59828
9830	79480
20379	75358
10432	44235	45721
181	13623	18547	25338	25341	58052	58053	63180
4581	18054
1633	1634	1635	1636	1637
70079	70080	70081	70082
913	14284	14351
14881	22098	22366	56355	65955	65956	65957
1120	41862	58508
3848	8043	18339	39723
5309	21891	51776	51777
11715	64016	64017	64020	67481	67482	67483	67484	67485	67486
3369	9919	14734
16157	16158	73609	73610
23556	23557
13428	13429	16925
56961	61544	61545
19339	51367	51368
368	369	370	371
1022	7279	11277	56463
375	6746	6747	10511
151	26787	64519	64520	64521
224	13187	64977	64978
5734	19284	19460	22490
2356	8713	10637	54604
14958	16953
54207	63766
7370	59278
15392	69791	71969
5383	10908	38977
3445	3481
1595	30789	41094
9946	12907	12908	12909
2028	2029	5575	10202	53680
4046	44578
3527	4460	11676	12384	63593
16388	16389	16390	20330	47339
2376	4515	61256
10134	11098	27186
14359	14496	39851
36927	36929	58899
7757	26137	40889
2486	2702	7339	30127
16177	68530	68531	68532	68533
8776	8777
15268	18710	22637	24424	24425
17328	34209
135	1191
61540	61541
29074	52628
758	18288	18289
12170	18149
9230	9231	9232
1647	3658	16978	18723	18724
69805	69806	69807
9549	9551
560	561	562	563	564	565	566
14074	15931
6078	17845	17846	17847
90	9901	20989
3788	65572	65573	65574	65575
1727	13214	13215	13216
17431	29388	29389
11994	46092	70272	70273
1639	1640	1641
3788	5431	70472	73237	75865	75866	75867
5737	11025	11026
80003	80004	80005	80006	80007
15261	15262	15263
4246	5358
1142	2272	9301	12837	13102	14318	46577	55853	60470
14972	15996	56767
55098	55099
1243	2817	2818
1291	25571	25734
57459	57460
16389	43554
1614	11723
1065	13429	13431	27530	32946
227	2709	13313	13314	13898	63994
2380	6252	6254	6255	23431	28282
6298	40330	55949
4389	14790	14991	15145	61791	63786	63787	68931
1817	25388	25389
2838	2839
14991	31987
4602	4603	4604	4605
2448	48242
22776	22777
3092	11458	14385
4389	15297	68931	68932	74098
2154	13697
34950	77360	77361
72111	72112	72113
27347	62895	62896	62897	62898	62899
13428	14776	15333	16634	69371	74077
313	60837
1964	3211	41440
2744	18624	18625	21491	22432	22433	22434
10096	10098
17469	44398	54877
8193	12647	48874
658	1673
3659	5477	6228
5383	36199
12723	78007	78008	78009	78010
18074	31542	64055	64056
1280	2971
1389	4904
75	241	29027
16190	26381	26382	50768	50769
7200	21921
18	1565
6831	28251
4210	5689	5691	11155	11156	11157	11158	11159	11160
518	29832
1280	1281	1733	8623	21343	25652	29100	31659	31660
16138	18303	30826	58492
2850	29567
422	423	424
31548	31550	34770	34771
64979	64980	64981	64982	64983	64984
1798	4929
16041	16042	16043	16044
16085	40011	42389
5308	5526	33528	41941
5857	13774	18805	38211	57607	76783	76784	76785	76786
12890	37003	44837
184	1993	3233	4799	7258	9301	9489	10554	12807	17788	18461	23786	43733	44613	44614	44615	44616
22698	28523	35709	44260
2952	41694	41695	41696	41697
14254	29587
2533	52901	52902	52903
5689	16562	22948	39410	39411	39412
12	22446	38430	66161
17468	36852	36853
4507	14519	21181
4345	4346	4347
4398	4399	4400
7615	10892	10893
10719	10720	10721	10722
9300	9301	16268	60355	60356
1032	1033
13656	13657	18668	18669	45666
6573	9116	12974	12975
256	467	1598	7885	19971	47034	51822	51823
15928	26049	26050
1139	13899	18689
14793	17289	45723	68224	68225
108	706	1766
25758	25759
2228	10286	10287	11458
23935	23936	23937
11074	33510
67765	67766
1008	13997	34765
2727	6974
20581	22826	38648	45064	45065	45066
7290	41764	51882	70409
159	3293	41566
99	2863
6040	20887	44762
1600	2305	2306	5440
17070	40283	40284
56311	56312
5419	10158	78021
37705	58018
13845	14511	14515	46878
603	29469	29473	57948
1756	5450
43766	43767	43768
679	5177
71037	71038	71039	71040
17754	24587
1788	6550	18170	18171	18172	18173
16140	37790	37791	37792
2366	25044	36797
3675	61481	61482
2061	3570	70496	70497
57006	57007	57008
19048	20846	23866	44313	44314
3368	5991	51499
2682	15233	39038	55902
1085	12512
1326	34440	58042
12413	34599	63027	73453	73454
26755	26756	28599	28600
2890	33770	33771	33772	33773	33774
14486	14832	14833	14834
35642	35643
3858	46257
1515	3533	3764	20039	23407
21265	70966	70968	71057
8333	19753	33560
6400	9379	10886	25730
244	246	247	1414	58502	70342	76159	76160	76161
37931	37932
644	8282	8283
7113	14648	17072	17074	17267	44334	44335	57164	57165	57166	57167	57168
558	20324
13417	13418
11258	24254	28553
36992	36993	37709	41807	41808	41809
15902	32878	32879	32880
25365	55133	55134
2820	11407
6496	19187
8185	8186	19965	59537
17170	17171
6077	6078	17847	33185	37632	37633
16397	23107
25924	32893	60026	60027
556	10118	22779	36163
37179	46811
48601	48602
13428	21180	29818
1453	3882	6994	7479	11687
3247	4038	4409	30206	34071
2368	24749	37040
44119	45015
633	12821	19837	52141	52142	52143
16455	57843
367	3785	24459	54945
15568	39373
6551	8757	18690	21819	47708	47709	47710
5084	39830	39831
7341	37731	37732
72612	72613	72614	72615	72616
1233	12938	14831
6745	11395	12497	44377	52254
1634	2305	42043
42758	42759	42760	42761
44496	44497	44498
135	3546	3741	35409	51123	51124
44640	44641	44642	44643	44644	44645	44646
2670	2671	18217	28392
953	36471	36472
20038	20040	20138	37367	37494
22634	69132	69133
269	270
12982	52198	68128	68129	68130
299	11168	37676
6621	18022	26584
461	11073
26894	26895
419	1007	1131	7904	9375	11515
3425	27655
963	27522	33557
18731	18733	80535	80536	80537	80538	80539
10239	13709	14898	61884
365	27282	29271	41394
1985	4917	14244
3438	3439
17965	19610
29072	34723	34724	55977
4398	11290	19512
5382	5790	12269
1401	2270	3982	17915	48679
3580	28544
3788	3790	13174
8858	9483	9484
94	7536	13751
15073	45274	78539	78540
2799	2800
4553	6685	17928	23184
1765	3280
13391	14218	14219	14222
73548	73549
19074	20334	20335
3806	10264	10265
1008	7200	27627	51857
3069	65855	65856
10546	10547	23208	29684	32930	32931
2845	9357
7114	38524
90	2699	17900
3937	7183
6932	69801	69820	74843
76374	76375
1372	2209	12639	13642	17927	56980	68466
4105	7480	8073	28797
42308	42309
2272	4301	13634
38482	50303
12870	37945
60	5409	6077	6078	27933	36507
17628	57060	58922	66948	72051	72052
20877	32493
931	1007	34215
11751	11752	11753
944	18680	26957
8381	67135
12213	22238	22239	22240	22241	22242
10089	33356	33357
4633	8184
2850	8390	61648
80343	80344
14790	14793	14794	24307	61765
8641	55857
14991	35979
7264	55832	60678
10789	13562	35813	51390
763	10341	12325	19372	31125	31126
67889	67890	67891	67892
3580	13664	13665
11670	17271	17531
24524	24525
3546	3741	43483	46959
8953	9407	9408	9409	9410
2267	14294	14297	44651
1324	55866	55867	55868	55869
181	18774
9945	10958	14625	15168	15218	22873	32999
6298	35081
6405	79675
15251	15506
2209	6835	46109	51889
9535	61571	68510	68511
36769	63985	63986	63987	63988	63989
27905	27906
2261	62646
15505	15506	15869	37747
6074	6663	10938
8249	42376
4092	18537	21252	26643	34316
1788	19772
5360	32392
32648	32649
8139	8140	17440	22663
8003	8993	8994	8995
182	8412	20620	22276	26550	26551	26552
2353	2354
27374	39404
655	2575	7268	9547
9415	16854	58108
35098	40028	41997
7167	11681	11682
4226	7194	11469	53631	53632
177	28163	57916
62275	62276	62277	62278	62279	62280	62281
12455	73113	73849	78888	78889
13631	13703	15477
11545	11621	36229	58479	58480
2044	3901	41476	41477	41478
4007	13453
38667	44560	44561	63873
28032	28333	28626	28627	28628	28629	28630	28631
4381	9711	33284	50306	50307	50308
13899	65482	65483
2116	5596	17893
2501	57719	57895
45777	45778
14294	14297	26750	26751
16674	16675	16676	16677
698	1329	16944	23092	42927
1643	4957	9916
10432	13241	35886	35887	52139	71720
1610	11250	33305	33306
110	20225
2245	2247	18834	31060
3788	5431	36007
4049	6501	9401
4783	9509	21061
2834	64831
1889	26916	55185	55186
7921	14952	16061	16619	25755
1162	11591	67222	71320
22910	77970	77971	77972	77973
4389	43820	56872	56873	56874
15603	15604	64180
1324	35066
47817	47818	47819
834	6733
50268	50269
12584	15438	15439	15440
8	5141	20733	21430	30368
166	9495	9496	9545	22027	25544	25546
4003	15837	59646	63934	65250	65251	65252
3858	68341	68342
64652	64654	64748	72721	72722
237	6399
13004	13005	30602
12431	12432
76950	76951	76952
183	8310
1183	2902
26028	68221	79561	79562
1789	1976	30927
12057	12058
3264	3265	3266
1280	1600	6154
17470	24688
3609	12973	23242
710	711	2360	39776
27950	27951
73858	74072
21171	21172	21173	21174	21175	21176
40735	73181	73182
21812	32501	47861
1177	1305	2677	41901	49980
11839	14749	15383	15384
5268	5269	5270	5271	5272
94	2855	24120
1341	3091	14764
17396	24077	39167	39168
9951	19570	19571
3529	20568
11164	46644
10089	49776	49777
4022	17950	20954
2246	55511
5726	13068	15097	63203
5116	5593	9536	20892
44001	44002	44003
655	15926	15928	49517
1202	1303	5899	6479	6823	11680	17451	17452
1014	67722
1082	35557
48603	48604	48605
22188	41468	41469	41470
6287	13824	23699	23700	23701	23702	63305	66476	66549
15393	15394	15395	15396
2956	2957	2958	2959	2960	2961
30387	30388	30389	30390
13150	15268	22637
1139	6550	48133
11726	64328
151	2677	26785	29686
266	267
260	8641
17578	22188	47052
11603	31203	31204	31205
2228	21934
3441	10682
159	14650	14933	14934
3330	3331	3332
14359	14989	26345	53494	72160
17209	66507
13473	14627	14628
11812	50898	73938
43662	43663
7167	33670	43239
3654	43180
180	181	20067
1381	1383	11006
315	316	317	754	755	756	757
3068	3069	4488	17914	49501
17217	17221	63758	65937	74395	74396
14111	35932	37777	61883
6282	24008	24009
5464	15713	15714
32134	41441	41442
4553	6837	12697	23292
839	28299	49299
59780	64333
3613	7557	50837
3366	3368	20551
842	843	844
69182	69183	69184	69185	69186	69187	69188	69189
3609	23242	29743	50718
16116	16117
19006	43247
4811	10687	17517	52580
1413	19832
21099	38402	49634
467	2059
49946	49947	49948	49949	49950
2484	29977
5862	41906	41907
3099	6199
12781	25878
31752	69736	69737	69738
75991	75992	75993
5539	22143	39002
7051	7052
135	2276	37241	37446	37447	37450	37452	52388	52389	52390	52391
18437	25288	33407	57391	57392	57393
3593	4125	17828
13805	13806	13807
16764	16950	51778
2024	2025
4019	8338
224	7786	7787
14825	48259
4171	4172	4173	4174
706	826	41547
1396	4866	20844	21196
7700	23609
14872	21970	31941	50835	50836
59154	59155	59156
3609	5585	5586
2599	5743	60163	60164
1349	53455
247	931	1211	21177	24352	30685
11324	13158	13159	13160
7717	11760	11761	15365
138	48226	48227
1416	6164	10112	25049
5948	6770	19506	20524	69234	69235
2218	15886	35419
25826	28396	28397	28398
135	1191	4301	8250
4071	13793	32589
2209	13642	17927	56980	64141	68238	68239
62516	62517	62518	62519	62520
3456	54931
35260	35261
11258	11591
11873	40838	45478
13562	15173	15333	16422	21709	26577
12741	14017	63188
7361	7362
19629	61813	61814	61815	61816	61817
968	11994
865	870	21210	40774	53638
256	1535	1993	4568	4569	4570
13696	14323	64843
13091	24492
38076	46616
17308	17309
667	668	669	670	671	672
37338	37339
49740	49741
3293	7837	14744	25719
1862	4207	20394	39407
72275	72276
183	37000	37967	59422	69571	69572	69573	69574	69575
36241	36444	45649	45650
225	4989
3840	5461	5462	5463	5464	11042	17606	54224
518	16045	56471
13771	15096	55494	79830
15473	15475	44207	45199	49581
2565	13963	31183
16682	16683
8463	32102
38392	46314
408	1008
5622	19766
4813	4815	19497	29193	41944	41955	41956	41957	41958
989	5766	55488	55489
5633	9489	16399	23021
2374	5234	6823
1788	43918
14856	15173	61509	73086	78871	78872
5864	44304
63654	70544	70545	70548	78138	78139
10089	17363	20497	31733	44534
7431	8283	40606	53026	53027
4988	5873	5874	17712
9620	9621
31194	77329	77330
2209	17462	19835	68420
35291	35837	35838
68190	68191	68192	68193	68194	68195
2669	11073
1623	1624	46449	46450	46451
4983	4984	8534
18074	31542	36220
3449	3654	8333
13428	15333	15771	15831	74616
14427	14512	19349
2169	2374	7332
1161	3528	15443	50039	50040
53482	73267	73268
41245	67629
41011	41012	41013
12188	54293	54294
3675	15763	37508
2245	2246	2247
224	10785	11990	20009	56192	56679	56680	56681
15851	22784
181	21522	25897	26552	77123	77124	77467	77468
19284	20623	64292	64477	64478
48345	69687	69688
1607	21848	26959
12330	22137	30905
4246	41098
4210	13496	19583
467	1137	1316	27338	29134
18280	18281
4518	4519
11994	49759	60498	60499	70185
21250	40598
4370	15342	22619
3091	14203	17389
67708	67709	67710
3368	16270	21480
27634	35885	41673	41674
8181	8182
31642	48118	48119
21471	57794	57795
78146	78147	78148
5036	20138	26387
34172	59631	59666
48	1064	2209	12639	14793	15145	15148	15501	17289
32590	32591	32592
28316	28317	28318
1719	9139	9140
1985	10929	22269	45815
12950	22472	35177	59752	65652	65653	65654	65655
46058	58492
51214	51215
20989	65106	74022
16050	26885	40161	40162
2251	15450	15451	15452
6852	55545
36155	36156	36157
6033	34995	35932	56473
1401	32258
588	9722	40905	40906	40907
8282	8283
8694	11120
7675	7676	7677	7678
15529	38706	45870
2625	18246	20480
712	2647	5199
5102	26034	27103
2244	28269	28581	39609
18212	39282
41595	41596	42006
1997	11372	26770
11259	31832	41004
31419	70798	70799	70800
16773	31611	34297	34298
26910	32526	40699
1120	38479
30933	30934
6663	11179	30848	30849	64799	69076
211	715	5141	21964
4214	7763
73816	73817	73819	73820	73821	73826	73827	73828
12341	15170
18453	18454
111	47276	52861
8783	14406
19024	19025
66544	66545	66546	66547
19284	20623	33491
36594	37996
19528	29527	51729	51730	51731
14519	29608
6688	21625	21626	21627	21628
3366	5149
33481	33482	33483	33484
260	1302	5206	8641	36908
24233	37204
3513	9568	11773	46576
3367	3428
1039	56796	61842	69214	69215	69216	69217	69218
3284	5800
2842	3507	4685
45375	45376
5530	5745	5746	28556	28557	28558
1487	3858	16398	16399	58163
2754	9018	22778	28305	28306	28307
968	61614	61615
13871	40323	60678	72558	78076
14348	31419
44874	57215
2421	7615	12905	17394	41356	41357	41358
2247	6288
17006	17567	21226	21227	21297	22725
5226	7571	8250
2061	3233	4517
2497	20401
7200	24331	24332	24333	24336	24337	24338	51159	58422	58423	58424	58425	58426
14790	46070	65255	72037	78856
44581	77139	77140	77141
49	43675
49522	58767
836	837
20329	51832	57003	57004	57005	64848	64849
16773	30689	30690	30691	30692
37039	40031	44211
6170	6171	6172
4683	38658	41632	41633
62559	64358	64359	64360
14938	25604
4106	4546	24776	58270
3633	3634
1798	37670
2209	15841	15976	22139	27135	27136	27137
1346	1349	6399	56982
135	15603	15604	26716
22006	22704	30125
25164	25166
10881	50331
14628	15656	33933	37821	64636
1000	22862	24219	24639	52643
1507	15764	47958	63406
12079	32741
2374	4010	14412	22700	34829
14039	23861	24337	67380	67381
7045	13788	14256
51149	60359
2324	2325	27009	41143
1988	2331	36470
69910	69911	69912	69913	69914	69915
7786	7787	13130
51334	51335	51336	51337
3901	8568
13397	70162	75057
2406	5554	8643	8644
43891	43892	44929
25655	27128	27129	27130
46538	46539
60725	60726	60727	60728
4617	4618	4619
663	2153	5372
52657	52658
27819	27820	54487
3567	5857	5858	5859
13836	22436	59571
50915	58950	77446
1621	48511	48512
10239	16691	19643	52717
79179	79180	79181	79182
8635	80390
9648	12571	37941	37942	37943	37944
13429	16355	16357
60	15809
16567	68943	68944	68945
31642	50770	50771
948	16980	74420	74421
32077	32078	32079
12177	12178	14898	21086	64474	64475	64476
8641	25794	25796	42953	42954
5291	5292	58359	63410	63411
1593	14544
181	18774	25340	28739	28740	44536	44537	44538
3098	77338	77339
29895	29896	29897
1580	1581
1647	20380	47878
321	1170	3299
15894	15895
5996	10400
9109	21281	21282	21283
420	5141	20038
92	8273	22887
76382	76383	76384	76385
1963	8155	22268	39751	39752
3085	16234	18118	19284	21473	33135
10579	15959
30443	30444
7560	39884	39885
5726	24460	55713	75774	75775
3137	3138	3141	3142
16564	33057	33058
8465	8466	8467
47579	56894
79938	79939
566	5591	5592	6837
9844	22704	41088	80502
18837	18838
43456	53336
3099	16012	31563
80202	80203
2378	5990	5993	14503	15764
278	1191	3188	8959
3610	5042	23688	26827	26828
3741	5691	5947	5948	5949	5950
63338	63339	63340
6195	7809	7810
12235	12990
1260	5281	26591
260	4060	8641
1065	14446	15192	19909	35092
9120	19534	29721
1610	2197
7046	33703	33704
1635	18769	25871	34869	40120	40121	40122	40123	40124	40125	40126	40127
1797	2624	2625
679	31257
7338	7339
10142	23440	61312
518	58656
1647	23173
15872	15978	16933	27010	69061	69062
59073	59074	59075
500	44694	44695
67592	76656
62427	71181	71182	71183	71184	71185	71186
3656	3657	3658
16147	16148	16149
1798	1799	38078
65547	65548	65549
3284	5800	36978	46627
1240	9549	15912	21339
8704	9270	16879	19064
13013	15757	21077	21078
3654	3655	17661
11873	11874	11875
13775	15532	35160	53593
26853	45386	45387	45388
4701	9385	10737	28184
30602	37243	49991
13386	17769	17770
30468	51629	51630
38422	52518	78193
38720	38721	38722	38723
16237	19600	28195	28196	28197	28198
51105	51106
5360	16265	32822	32823
13419	36547	36548	36549
41157	41160
6192	35078
1993	8284	25317
12815	20350	20351	20352
334	8864	36101	79896	79897
18245	39163
7333	7334
3006	10818	38387
25739	25740
3788	5430	64896	67714	80437
21776	21777
4688	6633	13319	13320
377	41413	43074	73154	73155	73156
578	13898	15129	17380	20808
14091	14092	14093
12739	44156
12813	12814	12815
15432	23086	28540	28882	38636	62080	62081	62082
60301	60302	60303
19028	19284	56402	56403	56404
48769	48770	48771	48772
1177	1305	6927	6928
256	1558	2820	4980	4981	4982	4983	4984
10540	11392
2107	34239
4431	18952	38124
110	8422	8423	8424
15900	47126	52975	52976	52977	52978
27239	32804	32805
1993	32900	32901
7769	8003	8995	28503	28504	28505	28506
3430	3433
83	85
6447	44631
2691	44842	44843	44844
16305	35337	35338	42529
24237	71120	71121	71122	71123
10146	10147
16927	16928	17312	21201
2324	27008	27009
3654	4195	4196	4197	6244	16773	26404	27838	30689	50958	50959	50960	50961	50962
49	26208	44559
1008	6287	27919	27925
1072	15358	75605
1694	26670	43416	43417
1299	3387
71383	71384
43322	43323
1647	14997	36280
50781	50782	50783
35974	64310
59248	59249	59250	59251
111	3425	29498	53284
49048	61436	62389	62390	62391	62392
20922	20923	56124	56125
38115	38776
7052	43929
37898	49656	49657	49658	49659	49660	49661
1993	28271
18758	45599
11591	11621	15494	19138	55801
3529	15625	25632	50427	79966	79967
12607	61776
60	575	1292	38486
2484	18448	18971	33430
19704	44349
42323	42324
5688	5689	5690	5691
5872	6760	16011	25130	25131	27900	69396
6082	15129
1339	42860	55476
15789	21505	21506
2040	2041	2042	2043
5644	28092	34868	48971
2356	8713	10637	13249
6440	67368	67369
181	2075
1065	15022	15503	15504	44559
10432	17910	34920	54395
23562	23563	50603	50604	50605
931	2737	33934
1193	37476
466	2053	4655	5448	5449	5450
2366	15501	15504	16068	17045	17047
21225	28005	28006	28007
47	56871	68563
3251	22955
48740	63200	63201	63202
4989	8220	15330	15331
1183	2174	3376	3764	4628	8040	9381	13816	17411	18762	18763	18764	18765	18769	25218	32410	32411	32412
5524	9864	24390	43232	43233	43234	43235
6905	6907
7770	19474	77861	77862
9778	34959	44345	55380	55381	55382
8249	25734	35012
352	37242	37514	37515
10674	21862	36245
1007	29935
13657	18668	18670	54978
1329	10675
49758	51900	58124
25892	31501	55986	55989	61043	61044
34418	34419	34420
5419	17729	17732	17734	22737	30314	30315
2191	62159	62160	62161
7771	8003	16846	37206	37207
9590	21257	21260
6267	6268	35691
18535	55005
17941	23703
1807	19721	30365
67007	67008
10279	24565
15779	31321
45724	50777	50778
11041	16384	36686	36687
14039	67380
14089	55815
968	10886
2272	12994	74619	78286	78287
3580	52521
53692	53693	53694	53695
1339	73394
2496	14557	15830	16346
17321	37858	47137
4697	7137
4046	33655	41565
1324	23241	65977	65978	65979
2091	27218
1486	55967
16523	28091	48362	48363
12754	12755	12756	12757	12758	12759	12760	12761
14911	75622	76030
6101	18713	27635	29605	29606
1000	12342	24219	27515
9947	18841	18842
2272	13632	45725	55879	67234
6082	8463	15129	32102	51134
16114	54563
23418	29178	59521	59522	59523
6769	17479	25111	25112	28890	71733	71734
9881	9882
3395	12471	15568
3834	5713	23878	33660
22792	40688	40689
9919	16239	17259	56224
247	931	13793	18967	20312
10246	20861
6447	13383	13736	15306	35800
6500	6501	38005
4442	4443
50428	50429
10239	16688	16689	16690	16691
3273	3278	5240	5241
40626	52211
4210	11157	36395
78196	78197	78198	78199	78200	78201	78202
16764	69635
24994	24995
2028	3416	41914	60610
23013	24095
14017	61705
1484	14059	15828	15865	15866	15867
29790	37100	56612
62143	62144
7045	13788	18443
13392	16138	24992
14876	34893	38173
2018	5205	5206
14613	15272	28223
7200	57153
7600	15853	15854	53817
8622	17601	17604
52843	56986	71772	71773	71774
64772	64773	72920
3397	3858	9919	15154
3639	3640
12325	21262	31126	71505	77000	77001	77002	77003	77004	77005
15971	35896
15792	31236	74898
25257	44184	44185
18703	18704
42429	42430	42431	42432
6440	13448	14619	14620	24103
20156	24405	31955	70974
5790	24713
1601	3628
8197	18159	18339
782	2486	17559
182	5344	8412
14496	20854	72254	72255
664	18545	18546
3252	8463	8464	12542	30832	56563	61978
52422	52423	52424
3580	19837	19962	27407	27408	27410
5469	6300
940	27493	30970
2291	2820	18741
15602	41080	41081
95	9942	18615
6285	32901	49836	52614
181	2075	30100	30101
6496	51649	72001
1003	1004	48762	49632
13669	13670	13671
4765	21678
17123	17124
39005	39006
9287	9288
14653	38525	38526
3527	3529	11620
260	28967
60	32366	32367	52459
44	4301	55853	73720
6823	21517	25386
37348	52302	52303
4620	4621	4622
1437	24557	36367
6835	13391	27601
2378	34963	35328	35329
1975	4546	20574
135	8386	11395
20541	20543	22895
3654	3655	20509
10253	13600
37904	37905	37906	37907
2211	5650
183	1868	4026
43057	43058	43059
2689	26027	74031	74032	74033
3099	17533	36665	49115	49116	49117
273	17363	21970
12647	43792
10030	20455	24823
348	18884	58946
13984	48301
27268	52979
8713	11341	12832	60228
76443	76444	76445
2840	3163	18097
6129	37497	37498
1303	2153	2169
8327	33335	33336	33337
9117	51051
5298	5299	5300
13997	18862	61118	76601	76602
2043	3935	39004	80189
79045	79046	79047	79048
18	13111	22070	22071
185	32681
20048	63756	69134
1302	1303	1789	5596
44740	44741	44742	44743	44744
1440	15695	26698
191	241	5529	6260
21997	28462	28463	28464
4687	14204
58099	58100
62934	62935	62936	62937	62938	62939	62940
22199	22200	22201
5431	6490	10113	36609
4301	9350
16966	16967	16968
314	18916	71140	71141	71142
2270	25924	60286	60287	60288
42267	44991	70703	70704
8915	13108
965	43300	47159	60645
27234	27235
3277	5161	37661	37662
4130	4131
50450	50451	50452	50453
20934	41655
25094	59430	59431	59432	59433
1415	1416	1417	1418
36993	37709	42899	42900
10579	19959
2264	2265	2267	5505	12474	15667
16900	16901	16902	16903
14961	67505	67506
41698	42807
5790	57124	57125
30768	63331	68978	68979
230	44725
36928	60552
70785	70786
1292	6835	19562
15567	48843
25055	25056
6980	34145
15321	59800	59801	73868	73869
2366	24686	25126
72094	72095	72096	72097
17432	17433	22017	58349	58350	58351
1082	15614	35950	36238
37114	37115	37116
11708	11709	65871
5689	7790	78903
2710	28891
13386	47251
4421	28547
11094	11095	38715	47022
4292	4293
37361	40667	41978	41979	50140	50141
3980	57028	66645	66646
43051	43052	43053
3941	3943	11471	11472
8210	11736	14412	17295
2028	10196	17813	39619	39620
77236	77237	77238
1338	12175	47532	47533
217	17720	29573	43186
8464	20698
1481	1486	12591	13472	44662	44663
5996	18000	23867	23868	27688
35628	41131
21838	21839
6481	21692
12474	15667	59401
518	1326	9947	14105	36616	36617	36618
15690	15694
2179	13393	17017	26164
4952	28623	46901
52024	52025
2598	27600
1608	20279	21062
1793	8125	33750
2179	2709	26164
9205	16438
54518	54519
8540	39610
4659	4997	4998
5851	5852	5853	5854
6142	14117	17392
6222	40092
80685	80686	80687	80688	80689
790	4217	4550	7221	25479	39113
44442	44443
1788	5206
1596	2267	2616	3533	4098
38479	67242	67243
60693	61073	61074
32119	60146	74354
64244	64245
2021	35042	35043
22819	51548	51549	51550	51551	51552
2768	8416	80098
7217	7218
16156	16934	64080	64081
205	7567	12931	52665
15342	44311	71861
10371	27692	55930	70771	70772
1325	44420
1065	19307	23468	31322	34849	35479
1131	3041	4081
80473	80474	80475
2744	3454	18624	75013	75014	75015
4898	4899	4900	4901
5593	23333	56777	65567
60410	60411	60412
25807	25808
2214	5530
6664	10938
27592	27593	27594	27595
1609	1610	1611
13776	20581	23783	23784	23785	23786	23787
15792	75082	75083	75084
2498	2500	2501
3708	55520	71885	71886
1177	10544	10545	10546	10547
6746	18241	18726
2056	4077	4398	7332
12612	12613	12614
18380	23346	31402	31403
1839	3568	3569
6496	65173	65627
19735	19736	19737	19738
3788	17833	29477	64132	64133
50097	50098
1116	25166	31192
37754	39555	39556	39557
2534	2535
2171	2887
96	49275
17077	17186	17187	55974
21871	35155
50478	62115	62116	62117	62118
2277	53696
4092	9120	10253	13600
3894	3895	3896	3897
9096	54408	54409
23074	23075	23076	23077	23078
2262	70217	70218
7660	11103	15077
10936	18417
19322	20205	74598	74599	74600
8641	31506
851	29323
12897	39587
35454	39889
2320	4344	30773
12178	24959	34213
36460	69906	69907	69908	69909	70688
19485	19486	27015
1305	26573	28222	29684
1179	2247	2568
19511	75262	75263
56294	56295	56296
12819	12941	22691
20924	39971
4848	4849	51357
41453	45384	60551
223	1007	1138	7012	7787	25485	25512
5246	5247	5248
151	1275	5091	25452	66648	66649	66650
5689	18004	18005	18006	18007
73895	73896
8462	46363	46364
1733	3299	5792	7787	24337	26494	36605
59574	59575	59576
18712	18713	18714
2276	8274
10938	12413	15730	15731
35600	38025	38026
5539	5540	5541	5542
16427	69110	69111	69112	69113
14057	43026	46417
6077	6078	19188	45245
7787	25483	25484	25512	44238
196	266
9109	22017	22343
698	18848	29915	29916	29917
22906	22908	32825
2263	3593
562	58302
378	11481	17389	23539	24243	24246	28474	38289	50306	53883	53884	53885	53886	53887	53888	53889	53890	53891	53892	53893
14749	16800	26965
17146	73640
12686	12687
46045	46046	46047
45332	45333	45334
3878	15123	72305
7505	10850
3581	41815	41816
8540	62137
6298	12243	54312
183	3445	23246
16256	76763	76764
8393	21775	66950	66951	66952	66953	66954
9301	16267	60355	60921	60922
1264	9071	9072	40737	45708	57942
9573	22187	40545	42441
1751	2771
72639	72800
76359	76360	76361
3980	9007	9009	20203	24463	24465	24896	24897	24898
1327	1328
1890	63208
77850	77851	77852	77853	77854	77855	77856	77857
3891	8476	8477
9497	9498	9499
13081	13082	63071
26616	26617	26618	26619
7011	22078
30832	30848	30849	46230	46231
3098	33192	33193	33194	33195
18437	25288	25289	48879
6074	31002
11306	12921	80200	80201
55843	55844
18487	18488
3788	16211	16212	50322
41417	41418	41419
2199	2200	2201
3808	11150	11151
2698	2717	41778	41779	41780
61864	61865	61866	61867
13070	15995	15996	15997
5176	16446	18669	27000
27192	38513
6532	47624	47625
2214	18412
12216	40455	70659	76064	76065
10089	33356	64963
2489	35940
33	39072	56757	56758
12714	23609	48618
19072	19073	19074
556	1721	3111	3707	28259	28433	39607
17363	73641
11616	65632
35084	35085	37223	37224	37225
11837	16445	55575	63401	70731
15291	15471	45199	56145	56146
8043	18339	18343	18345	43718
9340	9341	9342
1291	17190	58916
8827	8828	8829
4832	26061
8463	8464	12542	30832	56563	61978
262	263	15981	30649
32349	32350
5165	5167	44204	44205
32102	78263	78330
33	10432	44233
6558	8419
5524	8300	36759	36760
17127	63928	63929	63930	63931
28794	28795	28796
11682	16287
1515	3654	4195	8139	8140	8141	8142
4060	7378	8421
4068	45405
2682	13711	15236	44732	50825
5361	11796	12602	60444
18981	21574
659	2252	2255	3196	5297	19983	19984	19985
17884	72336	72337	72338	72339
1530	1741
50385	61938	61939
17957	17958
2021	4732	33470	40046
49503	60552	60553
4871	75436
7713	52160
35484	35485
64596	64597	72854	72855	72856
50199	50200
29298	54070
16652	17899	32068
20883	74149	79264	79265
2378	54601
1855	1856	1857	1858	1859
7545	12711	12712	80300
12502	12503
2978	7355
1091	4541	4542	4543
3007	3008	3009
5539	22143	43239
15598	15599	15600	15601	15602
1010	7521
62761	62762	62763	62764	62765
6650	24747	24748
10482	40528	40529	40530
1039	12474	22961
35941	62575
556	6754	8556	64851	70952
68300	68301
13121	46207	66689	66690	66691
2889	16696
14883	23242	56586
2709	37103	48344
5207	19773
17678	25613
3044	41367	76789
7045	26411	57256	60526
862	863	58836	58837
37346	42090	46239	46240	46241
5689	22948	23181	63460	70308	70309	70310
1162	20019
7152	24058	29888	60829	60830	60831	70078	73316
9590	25460	71523	71524	71525	71526	71527	71528	71529
7970	17742	17781
14705	56084
2850	15742	21935	61589
3338	9643	24651
1547	2116
697	49607	72101
2078	9048	16962	24401
14069	16597	19868
64024	64025	64026	64027	64028
15893	15900	35480	35481
65306	65307	65308
1144	10886	10887	63312
2685	3844
1065	15679	15680	19474	68815	68816	68817	68818	68819
7957	67913	67914	67915	67916
14825	35717	43585	43586
1356	3297	3845	4361	4776
75507	75508	75509
4454	62323	62324
32120	32121
13677	64287
4895	31277	31278
177	15726	24466
15764	37346	44896	55450
12414	12415
225	11423	78256	78257	78258
1656	1657	1658	1659
13743	52724	79851	79852
10123	13031	33392	65376	65377
1054	13213	26938	60146	60147	60148
11169	11170	11171
2716	2717	2718	2719
74154	74155
3441	22441	22442
181	2948	29844
3121	16176	16959
626	5899	17715
12343	60653	67079
17721	17722	17723
2331	3293	17561
3445	38343
7011	19272
2378	3370	17049	23138
4019	57052
2740	2741	2742	2743
5084	11457	21434
1707	8393	52715
7268	14777	17499	20532
190	17863
9545	11796	21389	21391	39864	55506	58969
67729	67730
37435	48726	50612
965	966	2647	3771	11924	27362
2850	22374	30811	36430
1004	2244	35259
49665	49666
2853	4551	4552
1305	3376	4986
914	3581	5635	5996	10785	36281	41863
11548	41276
1372	4960	5896	5897
6298	7160	60559
44314	47380
2018	47013	47014
1765	22883	51226	51227
13097	18358	20702	25241	25242
13091	36374
500	25666	54028
6021	6023	8831	8832	8833	8834	8835
49	26208	39816
36020	36021	36022
1623	12569	12570
11819	50568	50569
8557	8558	8559
419	2639	4025	10018
1303	1413	1414	5207
8790	47308
2160	2488
2243	4765	20878	42669
67772	67773	72983	78082	78083	78084	78085	78086	78087	78088	78089	78090
29954	29955	31562
3654	39810
2212	2213
20186	20187
1304	1305	1306
2503	13444	14627
1191	6703	12455	23947
3836	23885
6496	9278	9279
2374	3131	12455	61041	71110	71111
759	11445	35552	35553
2364	2365	2366	2367
4447	35700	49314
3612	8386	10846	11411
61798	61799	61800	61801
834	3586	40377
15783	47018	53074
33062	33063	33064
533	13898	65052	73080	73081
2162	2163
7163	25716	41537
5792	6731	7662	26170	26171	26172
4608	5988	64127
6400	7019	9208	60152
10938	76872	76873
3368	5153	15694	16272
32206	32207
5094	7969	19284
5525	5526
31794	31795	65586	65587
2496	14555	14556	14557	24677
5572	7011	7013	8936	30138	30139
23417	23418	34975	34976
1382	13013	15120	68686
17629	17630	17631
196	223	258	1007	1490	1600	2247	3021	4226	4362	4895	5351	5986	6212	7011	12906
49	518	32405	32680
39850	51392	51393	51394	51395
259	48115
40323	60678	70476
28173	29641	32245	32246	32247	32248	32249
3425	5572	29698
7290	42737
1065	1291	3675	42539
1235	15477	17218	33346	56204
41314	41315
998	17033	28886	28887	28888
35249	35250
15649	15651	16206	56833	56834
270	43504
34289	34290
1378	2948	5735	20032
1065	3675	15841
1985	9834	28898	28899	28900	28901
46	2496	15148	21697	21698
5526	6388
8641	18643	51511	74941	74942
14009	60123	67207
9376	21944	24604	24605
15529	44786	44787
201	839	4907
12432	15912	27107	37057
1116	1378	1380	4627
2272	60597	68040	68060
14048	14049
5593	18719	26783
3513	3514	16646
10248	48456
5809	43775	79703	79704	79705
48791	48792
16254	49348
1866	3425	29698
7952	8880	16445	20551	55575
21647	21648	21649	21650
13878	13879	13880	13881
655	8586	15152	16110
10579	19852	28712
28778	65013	65014	65015	65016	65017
3872	41763	41764
13428	14387	17286	17287
16054	16056	16986	17543	30120
13600	16191
9696	34150	34151
2147	7901	45225	45226
50328	50329	50330
224	5633
15218	66679	66680	66681
7052	45142
1280	7728
134	1114	10846
14815	14816	14817	14818	14819	14820
4210	13898	36395
2677	8496
58368	58369
348	349	18883	18884	18885	74816
14847	64857	66407	66408
3448	3450
2421	18301	56411
10286	20161
2270	7969	11777	20409	20416
1138	2754	8396	22753	28932	28933
4765	9703
182	6557	35375	35376	35377
4049	43016	48711
6142	15043	23266
53657	57259
1985	6557	25182
304	15378	36292
726	2851	2853
7329	40908	40909	40910
10539	63375	70418
465	466	467	50539
1135	23786	23861	75199
321	2950	2952	5792	6375	6916	7364	7662	9267	9952	10512	32376	32377	32378
1534	6051	33025	33026	49566	62141	76572	76573	76574	76575
3277	41300	42053
1240	23210	41865
1372	2038	4959	4960
2048	3580	6796	10502	16090	18038	22856	32444	32445	32446	32447	32448
19222	19223	19224	19225
24848	47573
1997	14898	35912
35918	35920	50573
49	36842	47117
10627	10628
575	51061
3654	3655	6965
59132	59133
10584	41502	41503	41504
29579	29580
72995	72996
7045	9125	23028
585	1331	14317
10212	47511	47512	47513
1305	5054	19501
15971	55941	68223	78173
8177	80566	80567	80568	80569	80570	80571
968	16962
13004	30602	38759
931	1137	2733	2734	2735	2736	2737	2739	4158
11484	11485	11486	11487	11488
14	1527	1528	1529
23012	23013	32051	32626	34960	51003
10179	71992
106	9102
43873	68266	68267	68268
826	7331	13600
1326	7268	8880	11572	15191
2120	37553	65061	65062
31548	31549	31550
12973	13013	15120	17520	18425	18426	18427
15938	45319	45320
6663	10938	20685
1331	14284	34995	72572
1324	9031	35594
1535	18000
52043	52044
31803	33071	65270	65271
7445	16166
110	23548
26228	26229
21014	21015
3437	40270
16758	16759	16760
13873	38259	42268	60243
2095	8329	33043	33044	33045
8273	15931	15932
256	9348
18087	25655	31727
5524	9080	53697
5996	23867	37663	37664
2020	10275
50878	50879	50880	50881	50882
16138	64428	78135	78136
26055	26056
56830	56831	56832
3251	12433
33407	52807	52808	52809	52810
2850	6501	9401
17678	77689	77690
80443	80444	80445	80446	80447
3027	11611	11612
5207	20668	21563
4261	4842	4843	4844
25994	25995	25996
34974	38247
1460	2406	11098	17711	19472	19854	25032
13227	13228	48623
179	39609	44358	44957
14733	29075	29076
46191	52983	67103
419	1600	4747	4748	4749
1437	24557
10165	21112	34575
1066	1067	1068	1069	1070
14675	26193	49532	56622	64269	77194
38280	38971
9756	28727
183	77503	77504	77505
9189	64370
3654	3655	20132	20509	28108
2028	65047	65048	65049	65050
94	5148	28949
3368	11572
26193	28686	46489
13229	13230	13231	13232	13233	13234	13235
14409	30280
790	19285	20081
17899	20210	24557	29590
1563	2232	23532
36609	48482
919	19833	29214	73786
11705	13429	20471
6400	7052	37287	41214
3121	13023	33450	60731
278	1486	2664	16438	55771
241	1596	4014
12213	47482
22603	22604
4477	24843
5665	60557	60558
32655	66451
42274	42275	42276	42277
9548	14650	16170
3368	11572	13391	44267
2264	2265	52425	63328	64435	70679	70680
1357	10695	10696	10697	10698
59155	59281
10184	10185	10186	10187	10188
42404	52472	73005
234	266	348
19806	56152	56153	56154
51332	54204
2850	14972	20055	35673
1991	22981
38522	38523
52766	52767
22122	52688
9476	13436	13437	13438
959	39729
3112	29731
4370	18861	33364
1863	2952	5866	17736	17737
1743	2527
12939	16305	51840	51841
32782	71806	71807
166	42311	42312	42313	42314
15012	16943	53382	56112	56113
49251	49252	49253
17278	52050	52051
42944	42945	42946	42947
6020	6021	6022	6023	8832	79559
3329	39398
256	492	4022	5058	12807	20944	20945	20946	20947	20948	20949	20950	20951	20953	20954	20955	57728	57729	57730	57731	57732	57733	57734
4045	6775	25707	25708	25709	25710	25711	25712
52558	52559	52560
64772	64773	64774
6743	42396	75857	75858
15893	15900	23352	26933
21327	21328
1977	24688	24689
8880	15656	16023	39409
5734	22490
2378	39997
2941	5148	7986
2271	18750	18751	20276
1203	29072
33001	33002
31927	31928
15166	55708
4553	33127
7950	16203	73792
58171	58172	58173	58174	58175
21075	21588
2363	2710	36473	43354
29016	29017
3073	20569	20570	20571	20572
13429	20676	46058	53745
48011	73595
5735	23988
16863	31189	31190	31191
3614	8274	14122	14123
7114	25403	70848
5981	30926	54313
15971	55941
63037	63038
6081	6082
1192	4941	23670
60864	64047
22122	54607
3619	3620	3621
9732	20569	20570	20572
19157	19158
17328	28990
3855	13873	55640	55641
36711	36712	36713	36714	36715
9405	80402
11582	15972	15974	28866
12235	12990	31152
220	358	367	3764	5744	7078
14156	17428	17429
14960	49127
7837	7921	22503	22504	22505
39119	49782	55230
16403	41086	57112	57113
14	3788
20066	26931	27422	48861	48862
19901	19902	23005	29366	39671	51989	51990	51991	51992
3376	17431	17432	17433	22872	64561
23903	64480	71229	71230	71231
467	556	1280	1281	2059	3845	6287
58244	58245	58246	58247	58248
363	7045	10278	13295
9695	12938	12939	15541	34242	49325
7122	8239
17504	17505	17506	17507	17508	17509	17510
31581	54063	56348	65544	65545	65546
12594	12596	13058	33642	80190	80191	80192	80193
1977	23724
19928	21548	42837
7920	7921
11215	52229
22989	22990	44451	44452
23664	60752	73075	76495
2850	14997	22642	33785
9185	9186	12703	22556	25479
1275	5091	7952	21189	35472	42997
20553	48973	56044	66725	70726	70744	70745	70746
1177	1305	2612	2613	2614
4459	5166	8713
27377	75587	75588
2864	2865
8076	15675	19740	34586	34587
1439	1440	11351	15695
3580	24355	25014	37419
1581	16024
2147	7901	35644	35645
1161	10031	10032
5941	39268
2887	28591
212	12452	23314
145	3991	20632	20633
11288	14156	21997	40055	40056
5924	8894	42265	42266
71800	71801	71802
1525	10225
2179	11367	35575
4675	19766
4811	13714	17517	25419	49547
8704	29538
15122	15432	65967	65968
17729	17730	17731	17732	17733	17734	17735
54543	61424
15470	53590	79595
223	1733	1734	1735	1736
76815	76816
2809	16714	16715
20877	32847	32848
53401	53402	53403	54749	54750
20706	42147	61291
3747	4861	8581
13906	31188	46155	46156
36048	42218	42219
2435	9927	9928	12024
824	2307	2308
831	832	833
10579	25715
2505	7950	12176	12178	15636	16203	66508
272	18559	62787
5734	19460	22490
22446	37534
882	883	884	885
41057	65131	65132	65133	65134
7957	24848	57319	57320
2964	6702	14063	22445	38547	44941	47015	47016	47017
22638	56334	56335
26998	78617	78618
8894	49798	69407	69408	69409
5060	5061	5062	5063	5064	5065
1305	3654	10545	30169	55361
2702	33032	33033
6573	55284
49011	49012	49013	49014
183	5622	5627	8325
1459	1460
2264	2265	2267	4754	26448
4092	11309
4370	14947	18861
2957	2959	2960	2961	7481
5146	13431	14593	15796	17341
19594	19595
35454	49761
5431	10008	12640	12845	40317	64106
25906	39369
6298	40330	44128	55949
5700	32517	32518
1065	55952	55953
1160	12541	12542	30363	30832
7994	43461
8009	20015	30677	30678	30679
259	4545	23220
7565	7570	57538
66287	66288	66289	66662	66733	66734	66735
7649	10239	24113	24114
4599	17401
789	4688	5755
1384	4060	7378	23219
1679	36486
20832	20833	20834	20835	20836
7508	28889	28890
1163	1164
3513	4225
29200	29201
328	17748	17749
2635	2636	53465	53466	53467	53468
1504	1506	79697
5383	10908	16405	24856	37363	42416	42417
41513	41514	41515	41516
28012	72465	72466	72467
95	28364
44181	44182	44183
4440	33471	33472
14496	27411	68309
1331	9922	38494
8630	52137
21510	21511	21512
5574	36222	38533
11213	62153
10089	30947
6757	10096	47121
33445	33446
50661	61762	61763	61764
6274	6275	6276
2682	15233	39038	61192	61193	61194
15830	21697	23291	52070
2120	2272	9351	16787	19358	47073	48660
311	654	13405
1349	7052
4765	47656
3045	3046
5694	5695	5696	5697	5698
5873	5874	22511
16933	24603	31272
1788	2018	3196	10849	16960
1985	5761
9530	44599	47407	47408
16737	16738	16739	16740
10239	24794	36647	42138
17480	17481	17482
7837	20045	20046	20047
2296	2297	2298	2299
2987	7329
14619	16404
2622	39184	78852	78853
44119	46997	46998
8858	34754
22134	22135	22136	22137	22138	22139
4271	5404	38544	77464	77465
3572	55533
32119	73674	73675
1177	1305	13151	13152	13153	13154
79951	79952
38809	53418	53419	55653
9205	15661	34148	34149
20119	20120
1182	1183
1200	11073	19314
891	895
3848	21258	21260	24222	25411	25412
285	25974	25975	25976
30807	30808	30809
332	333	57310
5049	5050	5051
16879	34008	34009	34010
11880	12994	30271
16171	43363
5662	16572
8111	9531	38252
7698	22045	22046	22047	22048	22049
1565	46100
1437	4323	14817	35088
35885	36443
2492	22496	22498
44407	67417	67418
1280	31660	53574	53575
518	16050	17290
2358	69756	69757
40402	50154	50155
223	4289	4290	4291
60190	60191	60192
24043	60580	60581
2470	7573	12938	15418
348	349	19461	19462	33082
3356	43725	43726
10060	71557	71558
30359	30360	30361	30362
74736	74737
8926	8929	60635	60636	60637	60638
29	10936	38282
7769	8003	56305	56306	74565	74566	74567	74568
5146	15794	15795	15796	17191
2374	5672
26817	26818	26819	26820	30399
1662	1665	2110	11945	11946	11947	11948
6456	6457
10008	11183	51970	52246	52247	52248	52249
6298	6701	36294
1050	6003
12395	27917	43148	79025
8899	8900	8901	8902	8903	8904
5661	5662
466	41334
2839	24581	24582
40490	63982	78679
31790	31791	40685
5175	58923
7920	10239	13709	15521	15522	15523
1326	2575	14777
4770	5093
2376	74324
1635	8508	8509	8510	8511
9401	63907	63908
49392	49393
4399	22749	65316	70076	70077
48921	53380
7581	7582
1293	3675	8323	17163
4538	10360
574	4765	22242
76493	76494
1440	9030	9031	37107
4447	45479	45480	45481
2021	4731	4732	39655
26802	26803
8541	52679	52680	52681
5530	5745	5746	28558
921	45572	65939	74391	74392	74393	74394
3320	20573	48133
23013	42460	42461
15116	16883	24953
18272	23622
8508	14939	35874
1534	2818	33025
2232	28308	28309	28310	28311	28312	28313	28314
59112	59113	59114
633	33159	42497	42498
11363	21284	21285
3237	3238
90	8210	17295
12504	12505
5996	23868	62806	71474	71475
66	7049	20727	20728	20729
20411	20940	25844
4265	14611	16567
2506	2507	2508
1848	2983	2984	2986	10253
961	3935	24746
818	1213
1007	1905	2978	10933
961	38544	53249
5012	35387
10142	12341	15046
16228	41839
19156	23918
3795	80526
7445	8283	41421	41422	41423
191	14135	20038
6103	60289
7114	26749	27171
13793	20312	51355
3368	8880
15083	17353	27892
25190	25191
1788	42424	42425
991	1303	2153	18910
21755	21756	21757
2496	11226	35089	35090	42632
2368	7512	39651
2388	57807
1713	3882	5441	51240
11796	12492	22459
67234	67772	67774
2487	14275	14276	14277
13562	16422	56204	56205
1080	54503	54504	54505	54506
63210	63211
9747	9748
18448	25777	30499	75818	75819
1645	1647	15279	25009	31986
8080	20196	52771
181	17527	25861
4987	7594	8413
4760	5319	5320
23	4688	76782
70005	78534	78535
2441	12455	37157	37158	37159	37160
31	32	66186
285	13656	32148	32151
1863	5791	8184	8197	9992
6904	43246
6341	6342	6343
1497	8333	53793
8630	16861	16862	16863
299	300	350
94	14005
60	4323
223	8992
58470	73345
24781	24782	24783	24784	24785	24786	24787	24788
7030	48536	48537	48538
6818	37020	37021
858	859	860	861	862	863
7805	12164	33913
18969	63248
2364	2366	7368	14972
70888	70889	70890
39824	42068
31117	43379
2647	10037	50694
18331	28890	45026	79977	79978	79979
11123	32200
7045	10409	13793	20312
4049	36975
16952	16953
6400	13406	37777
66	7161	18074	24522	29380
10278	13295	37253	37254	37255
2942	11658	19432
18185	47349
1513	17475
42513	42514
8959	8960	10142
1985	70544	70545	70548
1358	35564
464	2393	19048	20846	23866	28978
25490	71672	71673
1607	3589	4014	22704
6226	18380	25977	25978	25979
32915	32916
3196	6492	6493
18033	18391
8233	43204
2732	13887	15342	19856
382	2074	50396	52552	52553
19155	19156	34336
12	16486	16487
21466	24317	24321	32954
33467	33468	33469
910	27571
4515	68399	71247	71248	71249
2542	11705	13641	28583	29720	41541
8300	32335
1199	20202
40667	41979	50140
20279	20281	21062	21310
2609	6001	32672	32673
1799	36341
45335	45336
11827	22096	22097
931	20132	76342	77845
3061	7385	16259
11682	43246
1305	5735	19118	20786
2503	45482
17223	49088	49089
4323	16564
3536	16347
14178	14179
17808	17810	24989	25928
48842	48843
14972	22098	59820	61842
12183	12184	12185	12186
2939	2940	2941	2942	2943
2373	2374	24218
95	419	3442
13703	15928	25891	56649	72473	72474
63152	63212	63213
2744	55647	55648
12958	12959	12960	12961
2964	3338	13430	13431
321	2952	3845	4360	4361
3131	3133	35177
13135	23160	35068
198	2699
3107	34564
11705	13429	15834	15837	16076
1054	37107	79444
14551	19207	20329	25741	61348	79584
36026	36027	36028
2290	15605	64436	64437	64438
57257	57258
462	1985	14077	25094
289	44050
17049	48454	64830
514	2599	42244	43756
1131	3320
3344	3345
69621	69622
1039	2503	14777
43839	63723
12444	12973
663	1751	1752
8894	14650	15316
260	4060	8641	11077	21145	21146	21148	36908
13566	14415	35937	56181
258	9348
2357	2441	12455	13362	15764	15866	21411	28379	51166	54484	54485	54486
12299	71743
4385	25492	33040	33041
9900	11796	20329	21389	21391	24207	55506
8892	11799	11800
5329	26796	26797	26798
2253	23195	40370	40371
11901	36849	36850	36851
839	3698
1565	9944	9945	14484
4505	4507	51918
2868	10929	27962
12078	48432
2566	4547	10226	42967	42968
278	2666	19626	59985
7011	23575	28786	28787	28788
2282	71436	71437
403	404	406	407	408	21484	21485
2441	14194	17221	45532
1326	15156
12884	12886	12890	27357	27358	30522	43949
19984	21357
5691	5948	19505	19506	20323
18690	21271	22325	31698
70329	70330
40082	79098
35554	35555	35556
34770	49999
8323	23828	68414
7341	13830
9923	13466	28328	28329
4515	71248	71924
4631	4632	4633	4634
36993	47588
113	2307	17567	74187	74188
2331	2332	10701	34125
240	18726	30384
2572	2573
23050	33759
266	6019
854	1756	6823	21517
68795	68796	68797
37868	37869
587	26579
12978	71741	71742
6129	51476
5924	8894	10744	19783	19784	19785
1382	13013	15120	33768
79484	79486	80512
10954	12682	48279
1413	4714
10059	34752	37945
1998	27696	39012	39013	39014	39015	39016
3278	10692	36645	42986	50944	50945	50946	50947	50948
955	956	957	958
1507	12752	12753
37196	55597	63521
7257	17886	17888	17889
3546	15900	16884	45739	48694	48695
2615	2616	5622	8633	31746
17363	29397	29398
9736	21242	21243	55573
1290	12422	12423	18074	22782	22783
42095	42096
11682	38394
17049	48454
12206	12207
20590	25390	73266
2258	2259	16341	61534	63955
7258	22247	34456
49	14991	16142	16488	20030
12326	13138	21871	61685	62770
969	33663	39214	39215	39216
17278	17279
1191	3615	4068	8250
42635	42636	42637	42638
6937	35560	37535
8323	16033	20580
3151	18000	23548	58489
9744	54503	54504	59659	59660
7024	70801	70802	70803
4777	33943
6040	9550	13397
5047	55066
14292	26649
181	183	9630
12579	19659	32639
21759	21760	21761	21762	21763
4370	14947	20290	20291	20293
2969	6766	6767	6768	6769
8302	16152	17942	17943
14660	17286	31795	74325	74326
1665	9947	11520	51769	51770
181	182	5008	19659	31315	31316	31317
9339	74569
1985	14128	20976
3939	10914	33996
38925	46793	46794
5338	27012	35366
76033	76034
2680	2682	39038	44732
4092	17764
2259	43335	50447
9301	9302	24023	56847
2255	20137	20138	20139
1871	1872
3061	3062	14794	16427	17322	17324
45344	45345	45346
9908	9909	19676	31478
7077	14242
7921	14645	14922	14950	14951	14952	28091	44103
10921	43656
12178	12646	14548	38444
29221	29222
18395	24899
224	256	1007
28182	28551	28552
2376	14874
7196	8845	55508	55509
21275	21276
21574	21575
34893	48347	62005
3631	27996
135	1324	1440	53903
1290	8003	12423	24486	28505	44155
9030	13851
14897	14898	20959	20960
2127	51370
223	1137	1138
1348	11682	15545	17541	74262	74263
39624	77280	77281	77282	77283
659	4432	5296	19610	26173
16305	40726	48754	48755
14510	14515	15302	16813
267	6747	46570
3539	11605
4965	8224	31899
13515	28802
15612	74628	74629
37169	42720
732	31773	44968
6937	37852	38423
1607	54663
55100	55101
4389	7152	10089	12020	14887	14888
948	16980	27200
18586	20197	20198	20199
2320	8210	15249
1302	4993
14860	28214
488	491	19838	19839	19840	19841	19842	19843	19844	19845
8453	41183	41184	41185
5922	5923	5924	5925
40359	62884
556	3111	3112	10851	10852
4849	26214	26215
8144	19099	19101	19102	19103	19104	19105	19106	19107	19108	79435	79436
9901	26138	26139
23737	25260	25261	25262	25776
11682	21950
3218	11959	15157	15158
42253	42254
18155	60031
20211	40163
2320	4344	24328
26910	26911	26912
499	636	13533
18540	21357
12279	40330	43507	43508
30584	30585	30586
1357	4071	5253	9231	22566
16071	17000
16345	33831	33832
45	13872
4409	6851	16095	16172	16855	16944
4105	29500	29501	29502	29503
16097	16098
1892	15125	40863	40864	40865	40866
80249	80250
61337	63028	63029
1039	12047	12279	45833	63827	63828	63829
2018	4025	28000
59385	71728	71729	71730
2489	23763
198	17483	23338
2376	21326
52339	52340
940	18501
1082	38743
42684	42685	42686	42687
4114	7648	16200	16201	33563
13201	13202
5331	6904
4517	25091	25092	25093
2942	6703	22908	29545	39592
4389	15001	19065	19066	19307
18719	18720	18721
56968	72172
81	3742	5691	6316	45491	45492
4642	12203	12204	12205	20309
1745	7545	27690	27691	27692
702	17180
67738	67739	67740	67741	76730
2364	2366
13861	24127	24128
38926	42574	48836
1862	20394	20396	43979	57359	57360
13391	15614	16202
1563	3098	6025	6952	8135	9330
53393	53394
2213	49080	49081
183	3441	5306	8310
18019	28045	43941
2942	19507	30768
11979	16634	74029	74030	75286	75287
7922	14991	31987
10774	10775	10776
64738	64739
181	5609	6001	20048
11419	31750	31751	31752	37136	37137	37138	37139	37140	37141	37142	37143	37144	37145	37146	37147	37148
259	4545	53875
3725	78858	78859	78860
26822	26824	39320
3265	11470
11513	13149	20889	37865	37866
49137	49138	49139
58500	58501
2497	42016
8031	8032	8033
1535	4799	22205	23718	28043
260	10785	31256
1177	1305	1372	2497	10545	32931
5726	11450	15096	40972
2116	11591	27817
18227	18228
7975	7977	7978	55215	58116
59405	59406
5129	6479
22269	28978	29570	39334
18033	23536	26216	26217	26218
110	1721	6761	6762	30400
6298	10432	11819	54312	56653
1694	33743
2380	29879	30800	31640
61	16446	16944	25935	37702
19812	29452	58360	58361	58362
3609	5586	14532
35442	41222	41223
43084	70184
1302	1789	4532
35871	35872
1716	51494
13648	50593
1985	3820	6557	6558	8504	12854	23415	50161
462	7970	26213
36694	36708
15051	15054	22648	22649
3916	17278	20245
30232	30233	30234
11682	79893
2244	14890	15557
52735	64368	64369
2270	7285	12998	16562	17376	31464	55339
1993	5440	5667	5670
15443	44976	44977
6605	6606	6607	6608
90	2987	5201
6298	45357	45358	45359	45360
2504	2505
15224	72269	72270
2246	6186	6299
13703	22099	22100	22101	22102
6650	7649	7650	7651	7652	7653
23636	23637	23638	23639
452	2586	8249	40288
23873	23874	25301	25302
3118	5386
2503	6932
1593	28554	28555
3571	33128	38214	39615	39616	39617
2572	3402
2374	14420	49247
34959	45638
8840	8841	8842	8843
35454	68232
8766	23473
2806	46520	46521	46522
14946	14947	20291	70825	75087	75088
5461	5462	5463	5464	5465	5466	5467
1515	8165
11326	11440	18565	65728
4210	34654	34655
2890	3593
2376	68811
27485	27486	27487	27488
23557	44763	54854
79	80	81
31326	31327
19135	19136
3407	52647
49	15212	33731
32499	32500
13432	18959
9778	15210	15786	20838	34614
11308	11310
314	9588
7113	11288	51185
105	106	19039	19040	45329
58260	58261	58262	58263
7565	7569	7570	14844	14846	14847	14849	14850	18742
9855	16037	26346
15599	15600	47906	47907
3246	3247	44682
2840	3163	3164	3165
5308	5309	7901	20022
260	9025	18364	34230
10411	28250
42157	42158
22638	56334	56335	56336
590	1515	1516
5464	20157
14222	17076	56259	56441	73830	74802	74803
29762	29763
49380	49381	49382	49383
12647	52134
494	44766
2244	28588	28589
16950	48389	48390
28549	28550
6023	20883	49048	49049
1743	22480	22481
2441	12455	23109	23110
15477	15928	26050
25143	27551
3646	3647
60539	60540
17451	17452	28018
38535	44947	44948
834	4827	23779	79472
4460	12077	18563
21367	22644	59753	59754
41902	41903
6366	9755
16137	16138
1985	27000	47648
1372	6835	18583	27601	37650	43624
18375	55934	55936
35678	50408
28802	58865
289	22885
1076	3730	11187	22492	53459
20048	79944
1193	42393
53681	53682	53683	53684
966	54035	74316	74317
5204	15443	48841
1235	22370	48319
4809	4811	52802	60219
47350	60893	60894	60895	60896	60897
5331	12781	35341	44206
10278	18684	18685	18686	18687	18688
13677	53687
73634	73635	73636	73637	73638
37055	41489	41490
11914	13419	40868
10954	56400	56401
15260	29626	29627	29628
15727	16081	29772	29773
42788	43238
12534	12535	12536	12537
81	183	2421	9125
17217	17218	17219	17220	17221
10191	31392	31393
41988	41989	41990
2272	49842
9415	13641
6496	17899	24321
1892	12277	14145
12651	13836	62923
2842	48043
23709	23710	23711	23712	23713
67842	67843	67844
1203	8209	16432
1375	2251	22126	68670
53014	53015	53016
9270	9350	21100
25014	26976	26977
29425	29789	35128
36050	36051	36052
3855	4210	7019
2245	29365	29366
211	25663	25664
18463	20831	21508
54575	54576
4866	27546
6769	54562
11023	41252
6837	8474	8475	10793	12697
1116	5500	19702	21772
2503	7072	73836
181	182	183
6725	22716
11577	11578
14059	14490	14627	14628
9206	21466	24321	30871
53419	55653	56942	74296	74297	74298	74299
702	31495
16033	27301	27302	27303	27304	27305
24072	24073
14284	16455	70901
2377	6034	45603
8718	19484
75708	75860	75861
278	4210	11141	28978	41430
3810	11984
1240	3542	19992
16541	32026	32027
15573	15574	55288	77400
28813	28814
13696	14323	14324
20451	20452
12651	12669	79076
6496	11560	11561
47148	47149
4103	4104
3844	4866	19796	22581	29961	35491
1315	7077	37126
278	2882	10089	66093	74210	74211	74212
6250	9803	9805	51251
32074	32075	32076
17	45347
21042	21043
1023	1131	2924	3580	6958	6959
6320	41181
6866	14458	33291	34786	34787	34788	34792
39216	63842	63843
41763	73545	73546	73547
11653	17238	17239	17240	55798
1738	6821	24902	36446	48183	51979	51980
6440	49680	49681
4251	63675	63676
1716	3773
28712	49541	54764
12177	15191	52255
579	940	5372
907	2689
16367	35034	35035
15282	15283
15763	15841	16112	26039	55161
11086	46619	46621	52452	60804	60805	60806	60807	60808
10545	20800	63599	63600	63601	63602
2507	7196	8764	8890	25616	25617	25618	25619	25620	25621	25622	25623
16171	55050	78519	78520	78521	78522	78523
36262	36766	38460
636	3247	9610	9611
5948	17376	20323	52954	77094	77153	77154
43426	58955
18713	32711	36841	38231
8384	42437
959	34999
29	5854	25777
19766	46498
6835	17118	18582	18583	18585	20676	37650
8880	14774	14775
13428	14660	15333	15831	68254	74794	74795	74796
5008	67056	74620
13429	45224	55048
45727	45728
1985	3478	5995	36947
5686	14355	34105	34437
4765	21678	40374	40375
855	7329	8075	9901	20990
10304	10305	10306	10307
1216	1490	5376	15356	25162	30614	31060	56064
63091	63092	63093	63094
7445	16520	24129	67658
2423	5627	11778	18235
13887	15342	44207	45199
78628	78629
3254	35995	68527
6939	53324	53325
5900	5901	52543
6082	14117	21044	24562	24563	24564
2166	3920	8760	15902	17102
14991	16142	16488
6298	36294	55751	75638
18032	60973	60974	60975
6066	27929	74774	74775	74776	74777
2383	54248
3844	36274	55842
20109	43109
357	358	1994	12842	20864	20865	21075	21588	22827	36989	38982	38983
4068	8268	11375	14460	46164
3521	3522	3523
42782	42783
5404	46265	60333	76106	76492
22143	65170	69613
15748	60260	60261
2043	39502	51064
11823	11824	11825
3831	14446	29930	44194
12921	49750	49751
11119	22707	22708
4735	7452	8478
1647	15013
19012	19013	19014
12473	18022	29826	29827	29828
13431	14593	25108
62580	62581
2247	13187
37264	45189
4790	6578	11979	25060	31168	31169
994	4068	8342
2862	2863
3122	3123	3124
7794	7795	7796	7797	7798
1183	1490	2174
2946	3593	7506	28490	40506	47747
3367	3428	3429
8193	18880	22952	22954	23811
34592	34593
10530	10531	51984	51985	51986
4298	38566	38567
150	13022	13023
556	558	1091	9200
17432	17433	78861	78862
1880	8757	17363	21879
3568	56884	56885	75154
70468	70469
1142	1144	48027
202	37750
11147	44310	44564
23838	27908	27909
2055	12285
3180	43793
36929	40050
9567	51366
51539	51540
6001	10089	17768
916	7469	12559	30381	30382
3855	5609	55892
135	19061	19063	26716
5824	8582
16950	16951	60654	60655
5081	6974	7302	56835
4800	10791	40554
5685	5686	17450
5176	6613
21950	53828
15083	59869
30043	30046	30047
475	6277	6278
5992	29437
118	1195	11530	62856
5116	15936	20732
7350	16425	25684
2263	2709	23507	23508	23509
3299	9490	18576	18577	18578	18579
5655	24066	24067	24068
3731	16562	41705	41706
21374	21375	21376	21377	21378	21379	21380	21381	21382	21383	21384	21385	21386	21387
25742	39264
75707	75708	75709
10908	16934	16935
17024	17716	18561	28274
9568	11773
6298	11819	21824	39628	41046
6501	15034
866	21210	21211	21212
94	1264	53691
33124	33125	33126
275	3771	4068	4300	25598	48804
25924	32893	60027
5761	63671	80011
6836	6837	79613
79325	79326	79327
19595	23633
8274	13976
12225	18607	18608	18609
76330	76331
6550	31665	31666
783	50584
5386	35678
7637	7638
60970	61067	61072
28504	31155	35692	48373	48374
2850	7113	14997	21159
14297	17148
10554	21994
1798	1799	42876
1480	2378	2934	10808	16837	16839	19530	41406
1946	22023
15825	67465
13079	13081	13082	24314
3118	5469
181	2270	31576
15501	15502	16033	16281	16282
19214	39597	39598
464	5140	44062	44063
4049	9401	16760
2270	3982	7531	17915
4450	56845	56846	65828	65829	66357
4507	14519
2599	5464	10008	10430	55642
475	6277	6278	7649
50489	50490
81	116	14149
3741	5691	5948	10856	10857	10858
2713	4053	4054	4055
15258	15260	76340
1486	19445	19446
8193	22952	27060	43595	72248	72249
1600	2305	2306	54933
13798	13799	13800	71721	71722	71723
636	17739	25076
5338	9662	14956
11616	54223
15006	15007	15008	15009
36261	36262
5575	30495	40425
3631	4246	4895	28645
7805	23668	33913
29459	29460
5306	5579
1196	3799	3800	3801	3802	3803	3804	3805
6613	41893	49087
33285	44657	44658
8541	9524
8323	56237	56238
3593	19004	19006
2539	6989	9237	15057	18553	21016
50022	50023	50024
20701	55435
11782	36097	36098	36099
1866	52036	52037
2244	3658	15560	16978
2421	13912	19665
31803	63292	67639
3445	20973	20974
461	1200	3918
3368	16270	16271	16272
3609	12969	15105	15106	15107	15108
12870	45108
17952	17953
21134	24170
15602	23612	69213
15789	31500	74218
73489	73490
158	159	2331	36286
696	2179	13393	13703	17620	31987
4947	4948	18851	22137
6346	6347
3369	3370	14221	14222	56259
179	14793	24466
5505	20001	47680
8362	45250	45251	45252
2406	6226	19472	21695	21696
11018	59718	59719
181	1723	20360
4323	8193
4323	28752
19712	20934
26062	28630	59317
29	906	4566	4567
7496	29654
1596	22778	33436	41736
2568	2569
7545	23473	29757	29758
10746	34691	80417
17345	20015	28977	35479
15741	20594
17024	58410
12765	68461	68462
52658	79321
381	16638	74512	74513
2677	7045	8442
14596	44134	51261	63327
56592	56593	56594	68952	68953
3445	3446	32744
3760	32952
4545	19262	19264	19267	53874	53875	53876	53877	53878
2421	3982	17394	17634	19699
27798	29975
8704	43099
29111	73176	73177	73179	73180	75618
68613	68614
80440	80441
40142	40143	40144	40145	40146	40147
16211	77417	77420	78651	78652
7982	12277	20158	20159
10581	54211	54212	54213
40768	49957
244	247	19358
3366	9379	16501	20554	38354
358	1994	17989
2254	7329	7331	13600
21997	37146	59627	59628
94	9072	12235	13282	65242	65256
4765	17317	35523
2441	17221	30764
30751	30752	30753
13195	15118
14974	71232
15037	15038	15039
107	79403	79404	79405
1470	49143
35957	70075
17127	61024	61025	61026	61027
7143	21036
1008	3848	10575	10732
7789	7792
1305	3376	5734	19460	32407	32408	32409
6051	23876	66162	66163	66164	66165
358	10880
1944	5596	21018
25084	25085
37504	55221	55222
18330	18331	18332
23903	57186	64480	68272	68273	68274
14222	17187
23272	31322	64025	73651	73654	75659
27801	36661
12450	51397
22446	26964	53652	53653
27855	27856	27857	27858
61403	61404
42512	47211	47212
1734	25894
1281	36899	41041
407	408	62954	62955	62956
10476	58385
21099	23492	23493
1796	2985	22404	35586
16502	17137	17138
1854	73121	77046
7544	17938	25583	25584
6298	42326	44128	55050	55751	60984
13885	36026	42985
714	715	21964
15985	15986	15987	74834
7236	22972	33363
11211	11212
2494	2495	11979	14856
35472	44410
17006	21297	22725	22726
1396	36360
1565	1566	35726
15118	55251
63727	63728
51658	51659	51660
3095	6837	14037	14038
38212	65051	67860	67861
5201	21982
21406	21407	67967	77356	77357
7290	37194
9276	27799
4739	6040	6041	6042
21406	21407
3609	12973	21388
12973	13013	30950	37989
21897	41063	41064	41065	41066
4307	9025	18521
22466	80365
23382	60054	60055	60056	60057
931	49501
793	795	797	18759
4659	8957
2094	3810	6118	6119	6120	6121	6122	6123	6124
36329	66234	66235	66236	66237	66238	66239	66240	66241
13217	13218
4091	30708
6103	22141
41617	41618	41619	41620	41621
18738	70383	70384	70385	70386
10536	22252	55083
8333	19754	19755	20573
1252	21494	32887
9586	13003	14648
4505	6817	17190	36819
7508	7510	7512	17478	17479
2770	16574
3855	13873	63821
3855	38259	70290	70291
2378	10808	12492	17927	41406	57024
1007	39570
4545	19269
14144	20028	20302	29202	29203
13755	13756	13757	13758	13759
845	11476	32395	53388	53389	53390	53391	53392
1090	20941	20942	20943
12950	55945	59692	59693	59694	59695
57321	59391
21052	65447	65448	65449	65450	65451	65452	65453
183	3091	14764
1203	10010	10011
9132	9133	9134	9135	9136
14805	14806	14807	14808	14810
23244	23245
658	26173	32391	32467
21216	34240	34241
57896	57897	57898	57899	57900
19337	20409	57817
4333	14983	14984	20304	33289	57507	57508	57511	57514	63494	63495	63496	63497
24200	24201
259	19125	23003	73040	73041
321	1863	2952	5703
4201	6974
1563	1862	20648
671	672	53542	53543
12096	12806
3309	36355
3742	4652	6654	12208	37170
7277	11347	11348
13574	13575	13577	77195
644	5617	13562
4147	25536
802	803	804
5996	7252	60442	61529	71671
100	101	102	18657
9892	9893	9894	9895
13319	63671
578	25506
183	17599	65426	65427
11226	28988	35089	35090
8540	17154	17155	17156
6490	46949
17620	31485
13149	16191	22711
486	49334	49335	49336
2271	17813
571	572	573	574	575
905	51356
7138	20015	26111	39728
6633	14033	14034	55478	55479	55480	55481
15077	45019
7791	14222	28035	63045
38172	52296
14471	16523	44565
71584	71585	71586	71587	71588
9297	9298	9299
2845	53085	53086
36457	36458
9919	14898	14986	16239	68443
20178	39352	39353
2271	20276
8504	23013
4587	7046	13105
3376	3764	10689
13030	14991	16592	70831	70842
59319	59320	59321
4517	11427	31333	34314	53110	53112	53113	53114	53115	53116	53117	53118
5056	29903	48927	48928
4571	4572
30964	30965	30966
4049	41487	41488
29841	53844
54340	54341	54342
30955	41416
11914	13419	58006	58007
6577	47401
8536	42547	42548
1293	37039	47289	47290
8617	8618	8619	8620
6531	6532
1076	23207
3565	36929	38706	52372
3869	3872	41763	41764
21356	27945
13958	33650	43975
1161	15443	77088	77089	77090	77091
9005	14883	16071	16641
23	1978	38730
16228	37836	37838
1468	19581	22790	23092	36583	42927
1507	44896	47553
1839	1840	1841	1842
35625	42906
4344	7763
12158	12159	13848	60979	60981	75699	75700
21887	71084	71085
24529	36572	36573
26466	26467	26468
15118	16517
75	241	5058	57907
2272	45592	45593
14794	24307	46237
36305	36306	36307	36308
10551	27783	29866
2542	4419	7790	9101	35774
31188	39663
13428	23499	64874	68964
7138	7139	7140
16095	23664
799	2232
16020	17310	20237	68921	70152
5291	5292	17376	58359	71977	71978	71979
158	55529	67076	74205	74206
2850	3398	22654	48563
8215	12287	20494
24397	24398	24399
4049	20476	21935	35727	56503	56504
4763	40323	55779
16640	21296
5402	62100	62101	62102	62103	62104	62105	62106	62107
54543	61424	61425
55034	55035
21159	55846	62351
1789	3196	30499	71378
579	17670	17671
30416	30417
2172	21970	33442	49576
169	2505	15989	37390	54554
9624	27240	47257
10016	10017
36817	36818	36819	55742
27207	54443
7098	15001	17119	18606	21462	31297	31298
7502	60257
18337	23517
16032	16034	16976	29060	56675
10608	46391
9778	15210	45410	61304
13277	13279	36805	44395	44396
67302	67303
1189	4447	7871	35700
1192	4941
15303	15806	21015	56619	66177	66178
2368	5524	6057	6900	8455	8456	20076	20077	20078
1320	2244	15407	32419	69747
33	14955	14956	14957	14958
1291	1293	16033	46608
339	340	341
23105	76993
57280	57281	57282	57283	57284	57285
1315	9211	38433
3546	39140
2390	2393	36497	45556	45557
352	13452	34752
273	2172	21970	21971
94	5176	7030	42279
76	10554
14115	17866
6496	51649	65852
3121	12178	14777	24978	64619
10471	40533	40534
5826	11801
25120	35057
5851	5852	65668
1260	26592
3108	3109	3110
76025	76181
65404	65405
52404	52405	52406
8558	10803	17547
9677	9678
55369	55370
1192	13708	16523	18871
30696	35327	37667	37668	37669
13643	13644	13645	13646	13647	13648
56046	78607
855	23026
15340	68878	68879
11827	46789
2699	9979
1946	1947	21862
16710	30317	30318	30319
11167	16390	16495
44227	44228
223	1138	18274	50912
485	17641	21963
1324	55868	64001	64002
11821	11822
25924	53146	62397	62399	73516	73517
2623	11902
18980	32285
65710	65711	65712	65713
3808	7610	23302	33837
2232	19720	32024
259	43783	43784
60152	78915	78916	78917	78918	78919
7098	53999	54000
2271	27627	66184	66853
41277	44533
36591	36592	36593
77774	77775
4450	6040	9550	19284	25088
492	493	494
213	214	215
134	135	35960	39350
9796	9797	9798	9799
13393	16775	16776	16777
4114	7647	7648
41841	49047
13405	39113	52927	70194
1930	4060	5898	5899
1160	1985	14419	19741
70091	70092	70095	70096	74248	74249
6778	24864
30871	36462
12617	17887	17889	20963	20964	20965	20966	20967
50462	50463
9736	48122	48123	68922	68923	68924
26910	37543	65733	65734	65735
16130	49649
15658	17558	64822	67124	67125
6685	17928	23184	53322
14817	16854
2421	7933	20501	23613	24868	25917
37908	37909	37910
35	36
38460	41119
1039	1563	15323	15324	16139	16926
2116	13392	43833
81	64945	69472
3530	14550	38212	55493	65580
15173	15333	16422	22369	22370	22371
33128	33129	33130	33131	33132
1065	2332	11683
2178	2179
17565	23243
8889	13781
12624	12625
6447	55008	55009
18899	30979	30980
47055	47056	47057	47058
41453	75041	75042
33468	78311
656	1513	2771
6259	24768	24769	24770	25235	25236	25237	25238
12398	12703	25479
14387	19818	68540	68541
7245	7246	7247	7248	7249	7250
16875	34974
9946	12908	21338	79994
696	2179
1634	6042	6956	8107
313	1441	17962	56701	60837
367	2981	3708	3709
72918	73921
39372	39373	47112
9240	9241
2547	2819	5737	79396
20113	20114
5996	8771	51215	53764	53765
1620	1621
1530	1531	1532	1533
14661	15893	15899	15900
32652	32655	45678
4049	48444	48445
9906	9907
314	10431	35631
1191	4687	14204	51866
1054	1440
30503	69718
5000	6940	15372	15373
22054	22055
5996	18000	23548	37149
46086	46087	71513	71514	71515	71516
18	51844	51845	51846	51847	51848	51849	51850	51851
3098	66644
3788	10674
19755	21567	73813	73814
12646	36828	39628	49219
2698	2717	43215
468	469	470	471	472	473
1634	2305	42043	52333
3980	14581	23112	69378
1468	21839	27173	36748	36749	36750	36751
20265	20878	20879
22027	30014	30015	30016
1453	6909	35417	35418
24315	24316
9887	9888
16741	16742	22289
21362	60740
4381	20193	56647
2209	14793	15501	17289	17927	57918	57919
966	2042	2043	46554	46555
1480	2378	14503	16108	16837	19530	41647
81	14149	29069	60901	60902	65466
314	13091	35967
7000	7769	8003	50028	62985
6243	42418	42419
13562	15334	19455	22382	33348
18855	21037	21038
467	9530	40234
23261	32254	32255	32256
2244	54107
66786	66787
278	2664	2665	2666
513	45470
52283	67931
135	21862	36245
2162	26344	40705	50534
655	1487	12235	16168	65051
19891	19892
1192	8829	8894
2270	2687	15754	34733	34734
965	2646	78854
2059	4106	5731	12706	19593	53578
1349	2165
2448	21095
3527	4460	12384
2262	5338	27374
54578	78472
16777	64777
10807	78874
7641	46921
1486	5353	25645	25646
1197	2116	39113
54265	54266	54267
4987	48183
2687	6939	18401
8630	31121	31122
35869	35870
5155	18507
1441	17767	29530	42482
36769	36770	36771	36772
1000	2373
11737	14058	22531	74587
16192	16193
44746	44747
1039	16693
13002	13003	13147
11010	27644	27645
7264	69027
10951	11288	15116	16883	31822	35725
1848	27404
27212	56069	56074	70675	70676
2281	2282
2403	24421	33656
20685	75898
4370	14947	20290	20291	20292	20293
105	55582	72009
59000	59001
1623	3882	33903
2964	14778
35194	53456	57942
12422	24146	29899	34088	34089	34090	34091	34092
16881	17803	28433
15647	15648	15649	15650	15651
10212	10213
64311	64312	64313
4265	14611	71771
556	2767	15802
1123	1124	7858	37552
3043	9441	14637	70904	74889
80255	80256
37745	52236	52237
1131	17645	18380	21907	21909	21912	23346	31402
17641	17643	24919	24920
14496	19899
4577	22618
18921	60538
55372	55373	55374
4246	29741
17882	17884	72338	72353
3247	50483	50484	50485	50486	50487
7370	11796	32898	55522
13736	14344	14345	14346
9778	15210	34614
1634	2305	6256	18291	39959
58989	58990	58991	58992
2409	2412	18793
8083	29314
1109	1110	2679
7724	11052	22039	22689	30532	30533	30534
56349	56350
3572	20390	57119
18	39423
46288	46289	46290
1272	1275	5091	7952
14876	14877	16927	16928
1647	4788
828	2368	13087	43211	43888	43889
27106	53752	78305
78260	78261	78262
7331	8781	20775
2209	17927	68466	75104
228	280	36468	54661	60163	68617
5072	50815	50816
15867	18012
61558	71332	71333
16816	61667	61668
3449	3451	3541	50912	76913
5596	23574
22384	57654
14627	16754	21987
3874	3875	3876
2448	2795
6888	6889	6890
6074	12330	25269
266	329
58961	58962
54901	54902	54903	54904	54905
3196	13486	13600
35053	35054	50001	50002	50003
11793	16305	17927	69047	69048
15604	37425
11317	38088
1985	22269	22932	23371
3858	21318	26934
36007	63567	73876	74104	74105
9960	10567	10568
1116	5500	41970	41971
58470	66800	79113
11584	23458
26157	53588	62192
1142	19265	64285	74134	76428
12532	18447	18448	29027
1039	17001	42917
230	5172	30479	47453
60	2575	14777	57617
20287	22056
12778	12779
3044	9441
7290	8713	13635
67234	67772
14628	15656	33933	37820	37821
11494	11495	55769
38612	51037
5755	42785	65113
198	854	11621	28718	31589
1225	1359	1360	62930
14855	39519	39520	39521
6803	25944	25945
14007	36049
519	10525
12235	14627	15041	72093
9947	35841
15097	45879	73082	75989	75990
23060	49249
56589	67184	67185	67186
11464	11980	14144	53376
4915	8881	13369
44468	54574
1084	4323	29436	35500
14876	14877	45465	45466
76187	76188	76189	76190
37483	37484
3270	37956	37959	77008	77009	77010	77011
14760	17720	70249
25861	63006
27364	27365	27366
10545	11921	20800	57503	62697
2386	4105	73320
23150	23151	23152
6298	21120	44128	55050	55751	60983	60984
3580	4961	9182	43400
19490	19491	19492	19493
20038	20040	20138	37494
2162	28216	38884	54137
39837	52325
12450	16190	26382
68821	68822	68823	68824
11736	14412	17295	22271
9276	10353	17636	17637	31261	31262
36046	36047	36048
10246	14159	14160
348	7378	7379	7380
22122	45869
1830	1831
1596	20205	43530
12512	36931	36932
14690	61794	67086	68459
9722	29655	38855
3335	65290	67170	67171	67172	67173
4248	4249
43874	43875	43876
53256	53257	53258
26265	56862	61281
17625	17626	17627	17628
13876	13877
36477	60032	60033	60034
11839	16445	36429	63401	70172
11994	49759	60499	70185	77397
19025	48295
3313	40200
2343	43977
1946	1947	3919	21862	21863	49018	52046	52047
56057	56058
25844	28347	28348
61698	61699	61700
17559	23626
7573	12938	74886	74887	74888
29117	29118	29119	29120
67525	67526	67527	67528
2272	12461	33230
13150	22125
22681	22682
7648	30897	40948
9648	13452
58587	58588	67781
1610	2986	14788
3061	3062	7385	11899
58604	58605
159	14596	15930	37725
8109	8110
15529	47217	64827
7828	7829	7830
54605	54606
21938	21939	21940	21941
6496	21427	27501	31944
3334	12670	12671
4507	60868	60869
73897	73898
55285	55286	55287
56547	56551	64261
241	2406	3424
8075	13600	18058
6298	11819	41043	41044	41045	41046
6261	6262	6263	6264	6265	6266
57411	57412
215	29523
63768	63769	63770	63771
42755	42756	42757
1737	6081	9121	63838	64270	72986
1310	30271	60266	60267
38538	53978	53979	53980	53981
13525	14881	20211	21163
6275	35932	37777	63773	63927
19478	29621	29622	29623
78132	78133
22791	22792
38259	40086	69052	69053
656	23854	67743
2930	8749	33042
3006	11215
2924	3440	4619	9779
4307	10474	24291	24292
5872	27900	58916	67944	67945	67946
1316	2497	46007	66578
45131	45132	45133
3939	25874	26676	26677
20975	51757	51758
52022	52023
39818	39819
531	24644	31924
1598	6287	32450	39874
111	25001	47271	59625	59626
799	5686	17782	22469	34105
26325	26326	26327	63337
4735	7450	7452	7455
68430	68431
12200	13428	17041	73725	73726	73727	73728
60595	60596
11796	16638	21390	23200
19411	19413	32722
575	15342	19471
2497	4106	20246
1130	5023
14628	17219	17221	75797
824	28957
181	54721	54722
3188	35875	65213	73148	75972	75973	75974
5991	15656	27903	35378
1944	9922	21018	42877	59388
17651	17652	68524	68525	68526
2077	2535	10733	19668	42530	42531	42532
2421	17394	17395	61173
12079	12080
6142	15044	21577	28417
19558	19559	19560	19561
273	4536	22009	22010	22011
266	22426
16754	71363	71364	71365	71366
60413	60414
22067	33800
2192	2193
573	575	15342
8334	8335	8336
3935	6275	6276	40152	51042
10296	11469	28374
3398	11796	46990	46991
57478	57479	57480	57481
12176	15604	39954
15658	69643
17262	78388	78389	78390
152	2267	16756	26448
2377	5149	6400
712	966	5742	7277	11347	65431
580	1716	2983	15237
1369	1370	1371
12	38430
7975	7977	7978	12652	21342	35010
940	45709
2503	5992	7072
5204	5573
5148	13138	38212	47553	62770	68198	68199	68200
47172	47417
1507	1508	1509
3446	6847	17348
36302	36303
12931	73659
12164	12165	12166	12167
834	835
1160	28712
25560	43365	76603
1091	2291	4533
634	9979
6692	47734
1125	44636
3656	3658	15508
14013	18375	75830	75831
5057	9590	21260	25458	25459	25460
35643	78208
1694	2489	10785	18138	35940
15919	15920	15921	15922	15923	15924	15925
1647	23170	23172	27713
11908	42408
43786	43787	43788	43789	43790	43791
47218	47219
4010	4011	4014	32032
1191	4312	21107
21252	21254
6046	33418
29095	29096
1985	7969	7970	19611
3147	7952	18848	46841
40661	54007
1137	1138
826	2253	28981
9339	72415
7952	41698	46996
9121	64270
19110	19111	25817	31268	31322	73572	73573
64295	64296
4987	5141	10497
4765	12200	12202	14131
500	13001	16846
17220	32277	39020	43388
2259	65959	75101	75102	75103
6747	7258	32305	34454	40927
23534	52104
38774	51113	64302	71424	71425
6916	10001	17410	17411	17412
10534	10536	15319	15321	18813
1011	1012
10086	16502	16503	16504	16505
2323	33866	42128
30902	30903
8283	16520	57405	71991
2132	36222	36223	36224
24407	67200	67201
11425	11426	19702	21772	25642	58398
2366	56232
1177	1305	2193	3446	3901	5735	6847	23210
5713	7504
80165	80166
10020	12371	12372
31810	31811	31812	31813	31814	31815
7202	32978
235	33351
11147	49574	49575
177	19673	32837	32838	32839
179	15500	15501	15502	15503	15504
11183	23105	54347
4685	6266
247	2232	10123	21411	33392
3631	3632	15462	24287	31933	31934	31935
3420	15145	15146	15147	48693
1292	13429	37775
16182	28909	44832	44833
11601	15239	40304	56330
2066	3251	21254	33931	33932
16367	20711
71661	71662	71663	71664	71665	71666	71667
30085	30088	34219	34220
57239	57240
430	61643	61644	61645	61646
44502	44503
4765	17317
10644	10645	10646	10647
44195	59765	59766	59767	59768
5171	5172	52847
6664	7427	7428
57843	67169	71111
71906	71907
1534	6051	12754	12758	48766	48767	48768	63423	63424	63425	63426	63427	63428	63429
13099	16706
9074	9075	9076
14115	16574	26598
63192	63193	63194
14714	14716	15022	55548	63757
44232	44233	44234	53539	62007
28615	28616	28617
2376	17190	35001	61479	73511	73512	73513	73514
697	6078	9625	37243	37244
36929	38706	51724
63230	63231
110	1721	20225	36167	61220
5309	57071
15199	15694	42399	42400
4383	4384	4385	46127
2281	4809	4811	27538	27539	27540
8712	13746	63654	73505
1515	8139	17439	17440	33391	34343	34344
834	8284	39234
299	18087	21839	22607	22608	22609	22610
95	13379
21862	21863
181	6931	21522	22389	60048	60049	65364	65365
5361	7370	11796	16156	59277	59278
59945	59946	59947	59948	60458	60459
16848	17876	28411	28586	63936	63937	63938
2378	2935	17049	27743
2373	13175	48669
1008	13997
28716	28717
3843	22321	43266
3377	3433	20200	20201
25701	62674	62675	62676	62677	65729	65730
13446	13448
9923	20553	21459	21460
4116	23915	23916
16742	20991
575	4370	37533
22144	22145
963	27523
1240	3540	34378
2732	47310	47311
612	613	614
1299	1565
21290	34276	34277
1389	23888	23889	23890	23891	23892	23893
8193	22952	27060	55980	56191
4208	13200
65825	65826
2214	18396
107	706	1029	9142
110	1721	53630
2609	19958	42629	70211
5689	22949	36131
5731	12706	12707	13396
48671	48672	48673
4765	36940	62048
78841	78842
13392	15638
28427	28428
2209	14952	16061	29318	36226
4021	4022	19932	23215	55080
11819	70005	79949	79950
5728	5729	5730
1600	4705	4707	4709
661	5355	14898	53338
116	1043	5640	25189
16855	77147
2259	36123
8593	8594
45087	45588
15808	23613	45674
21876	71570
79722	79723	79724
18476	18477
39231	48774
655	38083
183	1868	26641
2272	37083
224	799	931	17288	29134
42519	42520	42521
9907	36010
17006	21297	22725	24170
6414	34832	34833	34834
26044	26045
4068	50798
36283	42271
19595	30650	74334
105	106	38972	62340	62341
69891	69892	69893
1598	6698	49038	49039
518	51821
1240	1242	5008	16643	19992	36392	66656	66658
5990	13393	13703	19528	34694
20869	20870	20871	20872	20873	20874
17240	39837	52880	52881	52882	52883
67672	67673	67674
34	4683	45459	45460
79407	79408	79409	79410
6939	50381
8333	19754	19755	28819	55738	55739
11095	14529	25321	32918	32919
223	79568	79569
29990	29991	29992	29993
80355	80356
4112	39581
10927	10928	10929	10930	10931
3215	3217	3218	3220	67623	67624	67625
72809	72810	72811
14960	44112
7258	7969	11777	20416
1305	1374	5735	10545	23208	27659	27660	27661
1007	5942	18942
3188	3567	3613	3614	35875	35892	39706
211	4532	52311
5800	14977	37803
5992	16176	24051
4809	4811	62463	62464
5991	27903	30870	30871
2505	8711	8713	34699
20268	30540	32486
655	11279
12	41583
35842	35843
3293	13249
74163	74164	74165	74166	74167
8528	19827
5622	6544	18118	54544	54545
3813	53816
2436	12023	39385	39386
3730	3742	5691	11187	26392
2494	3044	19764	41332	41333
1233	2209	27136	29014	30725	30726
1138	2232	9843	27566	57580
18957	29536	29537
14222	52286
8319	23191	23192	23193
419	9174	9331	20521
4116	19641	25549	25550
227	4271	14350	59817	65243	65244	65245	65246
916	2628	2629	2634	31981
4517	4533	8672	24730	29468	31259
3708	3878
67847	67848
15506	23242	41067	58228
4300	38760
16389	73974	73975	73976
16950	52354
10142	14013	14014
25313	25314
11979	16317	16902	16903	71369	71370
1991	5672	10849
6500	28791	45651
15706	15707	70752	72245
6496	13173
7200	17621
4261	11664	28125
12650	12652	13943	45958	60546	60547	60548	60549
1862	12808	12809
14711	14991	53141
2497	18272	21899
1008	22662	22663
16655	57108	57109
518	1325	1507	2373	16595
269	6931	19753	67479	67480
7167	17297
4265	46308
6042	9337	13035	13036
61683	69840	69841	69842
3366	6043	25885	67228	67229
35825	39188	39189	39190
3820	10929	20569
181	1077	2270	3106	32857
7227	19939	43822	43823
1054	14567	56905	56906
7950	9005	10800	16203
1156	2382	4723	4724	4725	4726
1614	2572
9349	15735
2700	3902	7331	12988	12989
2501	22451
2272	17875	17876	18921
7045	18717	21972	21973
5689	12061	16562	22948	22949
44329	44330
42557	60473	60474	60475
31199	42507	42508	42509
3293	13429	15342	43751
54961	54962
13276	35722
1177	2497	5735	19118	23210
17643	40294	47608	77904	77905
29315	29316	29317
18469	20298	20300	33558	44604	52723
3284	3285	3286
16742	24270	52455
2263	4357	9553	12611
590	591	593	34864
37933	37934	37935	37936
854	1797
23089	23090	23091
8896	12424
702	8073
16564	16565	46129	56127	56558
23568	23569	23570
29138	34106	34107	34108	34109	34110	34111	34112	34113	34114	34115
29381	55653	56795	59863	59864	59865
6543	9048	14144	20000	23035	31268	37054	59832	62900
12327	20602	47693	47694	47695
13243	13244
224	799	8394	8396
1281	6802	6803
10191	30049	54073
32204	32205
179	14759	15320	15841	20219	65455	65456	65457
18801	28319
4035	38335
2119	6400	12718	12719
58974	58975
5145	5146	7098	41822	52675	52676
4546	5206	23981
2244	11781	11783	57079
16907	45199	61392
4808	4809	4810	4811	27538
9880	30684
511	19266	19272	29113	60862	60863
1039	17415	56796	68490
13494	13786	19506	24657	67856	67858
1064	1065	16446
3546	14543	56397
4412	4413	4414	4415	4416	4417
12651	12668	12669
4938	44572
46454	46455
9291	53495
5953	9330	9331
3832	17483
14387	48585	74269	74460
3407	6248
75472	75473	75474	75475	75476
26057	26058	26059	26060
5596	49600
55346	55347	55348
14128	34797	34798	53277
4261	5614	8824
1192	1193
16454	75902
1865	3316
4608	4609
540	541	40051	40052
1022	18355	32085
4987	17953	23253	52995	52996	52997	52998
712	3589	4625	7277	11347	67281
66751	66752	66753	66754
16881	41939	66123	66124	66125	66126	66127	66128	66129	66130
540	541	2253	40052
2091	2092
32688	32689	32690	32691	32692
3395	12170	30503
25155	25156	25158	32046
58704	58705
14825	16091
1600	3980	17938
3757	3758
20279	20601	25291	41395	41396
2045	33393	33394	33395
2165	4685	4686
38280	47539
63095	63096
15210	36932	50262
55614	70491
10831	10832	43199
1647	15013	16734
2179	16170	26462	26463	26464
13793	18966	20312	58524
3366	4210	65130	73529	73530
944	4077	4078
13623	60229	60230	60231	60232	60233	60234
1694	10915	18194
181	1077	3029	3030
64235	64236
41225	41228	44322
1441	3061	16258	16259	58803
19171	19172	19173
2263	5281	5282
35879	35880
1713	1993	3882	3884	22265	24728	41116	41941	43102	43103	43104	43105	43106
5382	51210	51211	51212
38582	38584
13013	57062	57063	57064	57065
6576	78512	78513	78514	78515
17771	17772
1886	1887
20329	25741	57003	57004	57005
3593	36074	36260	40506
2371	2477	2478	2479
93	9030	13850	13851	13852	14567
58249	58296	58297
13013	15120	18425
62166	62167	62168
67564	67565	67566
44906	64229	64230	64231	64232	64233	64234
7637	32974
13818	54610	54611	54612
35872	42052
2264	2265	55614
6573	12975	73581	73582	73583
1189	41748
11445	47884
9205	20747	44457
16131	16132	16133
1022	1023	4010	7279	51755
22170	57516
25784	42118
15789	23431	23522	23523
2075	2076
8770	62667	65865	74626	74627
7225	7226	7500	26815
13705	18277	58082	58083	58084	58085	58086	58087
52759	52760
3445	32744	48331
58092	58093	58094
3971	3972
135	36245	43230	43231
15631	23926
8540	23853
77984	77985	77986	77987
1325	1383	14568	15615	16586
241	715	3424	18380	19006	21657
2805	2806
2331	3366	5430	55587	63636	63637
633	3041	10812	10813
2497	4106	10802	13187	20246	42016	47047
79913	79914
5429	14194	72310	78857
26213	38299
23670	35862
241	5572	8936
2578	2579	2580
1607	1694	32006
18112	18113	18114	18115	18116
41230	41231	41232
4505	4507	16913	16914
29545	52564
10704	63169
1490	5351	6506
467	18364	24241
25517	31141	31142	31143	31144	31145	31146
1269	6770
1008	27923
20198	51396	54842	59783	71328
20773	20774
267	22089	22090	22091
1889	11293
44384	44385	44386
1634	10039	45353
26673	52845
59227	59228	59229	59230	59231
259	15912	19700
2497	3991
2209	17341	17927	56980
8193	39324
1608	10582	10583
9722	20404	23197
11796	14625	23202	26019
13789	13790
46896	46897	46898	46899	46900
32	6426	36176	56987
64860	64861	64862	64863
183	5620	19086
76894	76895	76896	76897	76898	76899	76900	76901	76902
2709	13313	13314
839	13752	42731
1507	11075	11076
31	6073	12474	68934	76841	76842	76843	76844	76845
3810	61950	61951	61952	61953	61954
6402	6403	6404
5691	16773	30243	34922
7581	7582	16170
3091	17127	30281	30282
155	156	431	432
18758	24529	38974
12083	60619	60620	60621	60622
2839	5058	20986
1129	66383
24037	56568	74618
5357	78601
6939	49755
696	2179	37113
31155	40165
20553	20554	25644	38821
275	34569	38382
118	3844	7726	45884
52075	52076
40664	45692
64442	64443
12450	62615	62616
15369	69859	69860	69861
21232	21691
7518	21812	28128	28129	28130	28131
18232	18765	20427	32336
8760	13478	14627	16875	64508	64509	64510
32598	32599
10008	26585	26586
1153	15345	15774
11395	14034	39827
3338	55849
77885	77886	77887	77888	77889
12863	43039
18669	20015	27000	31333	39728
1535	4799	8770	8771
22134	22139	77291	77292
62268	62269
25365	36333	36685
14790	14794	14991	70899	73871
17137	22427	22826
2253	21178	22401
90	3253	8717	56652
1228	1229	1230
41174	41175
6622	6623	6624
54327	54328	54329	54330
78155	78156	78157
58206	58207	58208	58209	58210
1082	35465	37566	37567	37568	37569	37570	37571	37572
4595	37001	52401	52402	52403
32971	32972
25903	25904	25905	25906
43807	43808
72742	72743	72744	72745
42095	50744	50745	50746
2373	18506
6930	8819
2393	5163	7006
7902	10142	64198
6501	64217	64218
181	5622	5872	25129	25130	25131	25132	38919
14897	14898
12602	17049	53161
9901	20173	20174
2363	30058	53058
88	90	25921
5608	13391	13392	13393
1727	26971
1757	1758
1977	17470	24688
3159	34659
7113	11288	40301	40302	40303
15808	23613	52479
6434	43842	46832
1303	1414	5899	6479	6823	41380
15971	35896	35897
2727	39865
11984	28289	28559
39713	46687
3099	21063	21064
55560	55561	55562
5186	9162
13319	43424	45030	45031
24112	77075	77076	77077	77078
6192	35834
834	23780	27269
15782	15783
28573	58237	58238
3449	17990	20167
6904	10435
1892	3855	5176	11677
530	531
6582	10293	10294
4046	14801
2586	23987	45081	54826
6816	37192	37723
17786	17787	62404
4987	7594	8413	16387
66706	66881	66882	66883	66884	66885
2263	29254
3218	16397	38213
14297	39998
440	21721	21722
4399	12064	28412
71674	71675	71676
1324	1325	1326
179	14948	20219	65496	65497
6052	21859	21860
11994	62819
10134	10539	12449	58071	65518
499	6274	76488	76637	76638	76639
9269	17965	69838
7446	25389	64976	65203
183	5622	21248	21249
4659	44319
3270	3271	3272	9227
1565	49508	49509
66524	66639
8791	50616	50617	50618
76484	76485	76486
1610	14151
1302	3882	39191
8896	37520	41875	41876	41877
13736	14345	14346	15306
1131	10803	23346
35110	46817
4045	4275	5081	6772	6774	9199
12	29651	35101
15096	38517	48988
4721	4722
4987	8413	31083
8193	13641	20983	54230
499	22709	62729
6496	27882	65173
6298	13238	13239	13240	13241
5734	61002	63603
1196	4559	33898	55937	55938
43287	43288
14222	17187	29790	29791
5126	77097	77098
48177	48178
14374	14375	14376
735	41018	52252
30208	38219
6248	9098
22768	22771	32876	39953
1937	3449	4931	8451
5686	11735	11736
37718	37719	37720
1193	38307
17549	24002	25729
20975	35835	41102
133	15719	16790	16791	16792	16795	56972	56973	56974
9596	9597	24761
18738	24116	41179	48614
515	516
2267	36871	36872
110	30654
116	1043	80282	80283	80284
25146	25147
1292	11705	13429	49974
3730	15166	22761
29911	40108
15395	15604	23741
15675	19740	27518	34586
6040	22220
2698	12892	39198	40139
31642	52425
12341	19644
47	47555	68497	74535	74536
8113	9411	34945	34946	34947
28523	32754	35709	39807
11808	49581	69415
3367	10008	11340
64492	64493
6532	22964	47624	57877	67593	67594	67595	67596	67597	67598	67599	67600	67601	67602
715	1988	5057	20851
11010	27644
1291	15192	19909
15109	15135	78649	78650
15719	15720	15723	16459	29613
15504	16763	16764	54518
13393	15281	30283	33518	33519
2707	46738	53233	53234	53235
24391	40748
6436	37995
17567	21226	21227
105	60882	62011
5440	7941	15055
13882	14437	14438
16171	25703	76821	76822	76823
11399	23169	26346
533	7715	21301
3487	5292	42146	42147
13909	55639
64860	64862	64863	66134	66135
347	348	349
4116	7208	7209	17409	17410	27765	46747	46748
2505	12176	24978
246	247	4155	4156	4157
61715	61716	61717	61718
41248	41249	41250
5685	5686	5687
181	18775	20048	21055	27544	27545
3631	10873	49273	49274
5154	5323
183	462	1985	6223
6008	6009
1944	21018	21182
14908	35156	35157
1177	1305	2612	7258
464	20526	24795
8193	34956
1214	1453	3571	18643
16034	56464	56465	56466
1214	18498
13956	28085	30885	65224	65225	75666
1091	4958	5034
913	9473	9713	14284	65041
59292	59293
3858	11601	16754	28698
8757	17363	66957	66958
15540	15975	15976	15979
17001	18375
12529	12530
65421	65422	65423
25822	43661
37552	37553
935	11755	11775	43927
1534	1721	3587	17960	33025	45411	45412	45413	45414	45415
2744	3454	60953	79086	79087	79088
7016	13295	66715
2969	32863	32864
7372	7373	7374	7375
49	2505	32337
11928	11930	59911
8075	17965	19653
1985	5329	10192
1977	4939
16210	16211	16212
67652	67653
587	14248
4866	45105	45106
12682	31149	31150	31151	31152
6550	60324
19909	35092
42152	46509	46510
1053	7860	38212
735	736	16841	17782
11401	63168
11258	24268	75621
20279	20280	60454	60455	60456
36560	63183	63184
29391	41768	69685	69686
2331	2332	20040
1736	37969
1310	36881
62141	62328	62329
10655	13998	13999
22844	27239
1307	14135	14136	38098
2357	4190	7152	13011	13012
181	12905	17231	29049	29050
4917	25057	25058	25059
17594	64453
4260	4261
1020	2480	2481	30596	30597	30598
3589	6902
3663	10834	10835
1085	12512	13451
7959	7960	7961
1191	2599	5742
433	434
9376	21944
7322	7323	7324	7325	7326	7327	7328
15034	32922	41896
227	228
10753	16138	64428	73931
2066	3251	11588	17965	28657
1372	4960	8129	8130
241	22563	32931	34795
11258	21430
348	28305
16513	16514
28583	28584
1607	3176	3177
375	6918	48366
12200	16544	16545
2384	2386	12105	12428
67038	67039	67040	67041	67042
17166	29489	61797
624	20936	54822
6430	6431
2497	2565	19272	20205
17594	53572
1437	4323	10954	35978
47701	47702	47703	47704	47705
4386	16102	18511	20860	26571
17431	23498	67191	67192
294	56891	59727
7167	30850	35585
93	56290	56291
3858	23973	23974	26630	26631	26632
1519	2310	3773
35655	35934
2670	2671	23368	23369	23370
1292	11705	13429	15837
77497	77498	77499	77500	77501
13444	17090	43481
28978	29570	31341	31342	31343
7350	16425	32343	32344
72648	72649	72650	72651	72652
5146	15796	39109	39110
14802	14803	14804
38901	38902	38903
13334	70707
12481	12482	12484	14436	19733	35962	39023	39024	39025	39026	39027	39028	39029	39030	39031	39032	39033
348	4283	4308	8421	9200	9417
3529	15625	25632	25633
45200	45201
1191	6703	31746
2702	4450	9328
4082	4083	4084	4085	4086	4087
14711	15654	16826	26878	68959	68960	68961
179	3056
3730	6344	6345
5898	5899	6823
7094	37047	37048	37049	37050	37051
1331	13392	27817
18058	21459	23810	25842	27722	58256
3654	3655	19461
854	1302	1797
16954	64184
3982	7532	13875	17394	67230
24111	46617	46618	46619	46620	46621	46622	46623	46624
7339	27975	27976	27977	27978
12587	22165	37917
49787	49788	49789
21932	21933
1507	10674	40396
9609	79549
21997	34721	39856
5630	45902
6073	6074	6075
1324	15789	23431	55146
65220	65221	65222
1797	1805	28488
22010	23482	23484	44058	46021	46022
3247	17710	63757	67413	67414	67415
62757	67055
59027	59028	59029	59030
67541	67542	67543	67544	67545	67546
16875	23448	35292	43251	44941	67219	78803	78804
181	1077	2270	3106	41880
60201	60202
135	15612	37112
6110	14705	53449
159	11812	13006	22316	39545
11260	11261
183	6234	18099	21248
25195	25196
20382	25604
23533	23534	23535	23536
10761	19711
1530	38584
30445	41340	49973
24234	24235
18	1137	1138	1139	9843	20132	57639	57640	57641
6916	10001	17410	17411	17412	26017
27277	27278	27279
2732	47311	61468
15971	45164
1324	1325	1441	35055
29573	52784
28732	42847
2209	12639	15022	15501	15502	16789	17927	57919	63764	64139	64140	64141
22652	27623	27814	27815	27816
199	1615	1860
2448	15542	21095	61533
3980	33046	33047	64490	66628	66629
42974	42975
4010	4012	22352
7310	7311	7312	7313
1563	29782
6579	6580	6581	6582	6583
1998	68662
3941	56230	61956	77457	77458
7832	7833
75	18364
6524	6525	57860	79930
10956	57291
12530	43566	43567	43568
26804	26805	26806	26807	26808	26809	26810	26811	26812
11682	15652
266	6019	12787
17825	59955	59956	71091
72893	72894
6458	6459
16907	25706	45199	56147
16952	38314	49339
4113	4114
2783	2784	2785	2786	2787
12178	47936
2850	35673	35674	35675
2326	2328	7941	13940
2061	12809	23449	60583
1139	6550	29406	29407
5989	5990	5991	5992	5993
2452	2453	2454
26086	26087	26088
2745	4360	23548	25742
7956	44495	70690
56328	57868	57869
7445	16196
2421	2904	9109	22017	34217	58317
1507	48919
74981	75619
7024	77932	77958	77959
44215	54591
4612	47933	47934	47935
26446	53688	53689
1007	3812
19653	62984
23652	23653
181	13623	13624	13625	13626
11980	33082	64668	77770
834	4827	23779	23780
18478	18953	27186	29999	30000	30005	61092	61093	61094	61095
14490	26910	37878	42459
17965	20020
80226	80227	80228
13081	13082	54280	56108
5325	9545	22027	22123	23980
1302	3580	4532	18038
3855	13873	63669
14790	14794	24307	48693
31941	35857	39467
1507	5991	13477	21338	48274
3831	29930	29931
48843	55713
67509	67510	67511	67512
289	1407
8790	53669
39811	39812
12249	12250	12251
118	3844	7726	39822
35833	35834
24892	24924	31124
42692	69063
9030	11839	18216
17882	21167	52923
17190	42627	45754
8383	8384	8385
64764	64765
2378	3138	6034	10808	53397	53508
5226	33468
38490	38491	38492
375	6746	18272	46341	46342
35472	44788
1302	1789	17352	17353
15984	15985	15986	15987	15988
60	12178	26965	48104
7572	13083
854	855
5338	16715	20959	56472
31502	41717	49517	72456
32164	32165	35993
16662	32104	49250
45933	45934
9455	22502
3461	12178	45418
23753	23754
11246	12428	12429	60689
49489	49490	49491	49492
166	13853	33574
108	2056
21710	58015	58017
27993	27994	58358
24574	27187
16302	16305	34609	34610	60952
1269	2421	3982	7532	9630	17394
14950	14952	16061	36226
2687	2698	2717	12892
2572	33407
32754	67778	69275	69276	69277	69278	69279	69280	69281	69282	69283	69284	69285	69286	69287
2539	9239	58434	58435	58436
2895	31245
15242	61837	73777	73778	73779	73780
4147	72240
21793	36946
7125	12105	12427	12428	12429	23189	24403	26657	33724	33725
24992	60167	67215
17976	20654	20655	20656	20657	20658
20489	20490
79789	79790
3231	13201	41374
50953	50954	50955
14692	39140	40055	40398
11664	18849
19796	29959	31888
5252	5253	43130	43131
5148	12238	12255	36294
1008	4012	7378	8309
14650	15902
47664	61843	61844
466	2053	5449	5902
16767	27267	27268
18785	30600
4866	11463
7871	21970	45513
15560	49942
34299	34300	34301
7791	26326	28035	35964	49646	53061
1507	74011	74012	74013	74014	74015	74016	74017	74018
3376	5578	5579	6462
931	2739	4547
533	17965	31543
158	5431	68876	68877	78711	78712
8390	19484	72194
19610	71385
6816	37192	38917
1064	15502	16282	20878	25019
1082	40788	40789
2354	49220	49221
3630	59301
7017	13084	13085	13086	13087
15930	16661	19858	58591
5846	7169	7170	7171
7805	26250	28191
3654	40942
79390	79391
1005	20117	20118
1993	22265	23786	26222	33690	43474
19691	59009
3274	3277
63770	64120	71143	71144
21044	21045	21577	32917	33827
7035	7036	28840
2890	3437
3446	6847	31617	31618
44664	50006	50007	50008
278	2666	3417	64537	75731
92	1191	5225	6703	13132
25706	32792	45199	69791	69792	69793
34918	34919
2378	23319	36944
3808	4539	4987	5718
909	910	3097
902	10083
16403	45690	54701	54702
5410	8003	8993	8994	8995	13018	13019
76449	76450	76451	76452	76453
12	11095	41561
1535	1863	3376
11873	35602	42763
1226	3079	12055	61339	61340	61341	61342
943	944	945
7011	9025
9415	13703	48698	48699
20668	39205
11401	12741	28315
9031	15602
5691	19040	19097	46873
6087	6088	6089	6090	6091
5800	64274
39507	51999	54081	54082
3675	58572
314	56084
27781	27782
7268	15928	56110
11914	13419	55885	55886	55887
23564	23565
22875	22876	22877	22878
2184	39523
20205	76667
3251	24900
59661	59662	59663	59664
14270	14272	22361
45496	66279	70975	70976	70977	70978	70979	70980	70981	70982	70983	70984	70985	70986	70987	70988	70989
177	24318	24321	37802
22087	22088
2251	12018	12019	12020	12021	12022
31419	61197	61198
4046	38254	43237
5533	5534
47924	47925
36295	36296	36297
14650	21467
1993	18836
13696	61068	61069
16564	16565	17338
9301	13102	27627	29139
25932	25933
1005	1006
14013	18375
633	1131
30556	31107
7355	7406
4330	11929	14328	75903
58901	58902	58903	58904
42360	42364	60348	60349	60350	60351	60352	60353
9562	9563	9564
27249	27250	27251
2607	2609	3644	29279	29283	29284	29285	29286
13887	46013
20831	35970	35971	35972
10902	10903	10908	13402
3598	3599	3600
76923	76924	76925	76926	76927
7113	15617	15618	72199	72200
5325	15612	22027	22123	23980	33320
4025	26988	34647
7837	14744	25719
2056	9915
11039	11040	19502
43561	43562	43563	43564	43565
2934	4004	11704	11705
6909	57707	63539
1118	34018
8385	70916	70917	70918
2244	5327	8894	8896
2406	4154	19462	20421	20422	20423	20424	20425
37945	44161
4089	13481	21496	37823
5664	6259
358	5744	33659
1534	4799	5633
52	53
2616	6930	22694	22695
10491	35313
8463	8464	12542	30832	30833	61978	77705
58881	58882	58883
33172	33173	33174
19684	48098	48099
72514	72515	72516	72517	72518
1460	64548
1437	30208	36367	40558
244	245	246	247
14825	35717	43585	50116
2485	2486	2487	2488
15696	15697	15698
135	10286	34025
7666	7668	63961
3377	10098	30899	30900
44465	44466	53756
9571	65969
19852	26766
13187	51246	51247	51248
2378	17049	23138	36980
13605	13608	63913
166	14970	14971	14972
3301	5161	12419
3631	3632	4943	49756
3099	17328	25048
12	8995
13562	34973	36513
826	2253	25599
1357	1497	3449	3451	3809	4987	5253	10679	37920	37921	37922	37923
1191	12455	13132	29545
2255	17596	21683
217	11434	17720
5653	5655	61280
499	18918	54043	54044	54045
6558	17491	22269	29393	31024	49486	54013
314	10728
658	24257	24258	24259
10134	22443
1139	1563	13824
4025	24004
24254	28267
994	5360	15074	16265	16266
21315	36565	55469
17398	55398	55399	55400
24201	30291	30292
29399	29400	30840
7386	7387
35968	35969
7268	14777	20532
4405	32561
994	2600	43328	43329
18511	25014	29039
17430	17431	17432	17433
4213	4214
13643	13645	13648	16824	43709
14143	14144
40628	40629	40630
3481	7984
968	1911	14049	55637	55638
18155	18248	60031	67727
9945	15056	15168
6578	11978	11979	13431	72202	72203
1437	10954
14794	16427	17322	17323	17324
14831	15839
29011	29012
7384	26405	42852	42853	56898
14964	74331	74332
5280	48057
7763	51146
3843	3844	10798	23755
5244	25456
16044	20007	20008
3374	4569	9017	9018
33211	77462
349	9420	12787
20120	22208	45303
16130	17948
2075	34570
2366	4385	11840	15501	15504	16068	17045	17046	17047
2699	17900
67845	67846
29074	31130	48317	72418
367	9255
16842	43252
3295	3296
2902	33536
10126	28978	30755	30756	30757
1479	1485	16651	25571	25572	25573
134	10846	12870	35960	39350	48915
5201	13613	18476
17752	54595	61265	65950	72391
17829	26975	52872	52873
27341	27342	27343	27344
36233	63737	63738
1515	3654	6586	8139	8141	10961	10962	10963	10964
22769	55854	55855
21505	31430	31431	31432
531	13060
15893	70100	70101	70102	74820
1437	5580	6835	15929	16962	20040	21467	27601	36882	51316	51317	51318
259	19265
13383	13736	45416
65312	65313	65314
25089	25090
45122	45123	45124	45125
70615	70616	70617	70618
211	2263	9553
1892	9270	13611	55596	61445
7956	17073	21876
1091	4958
4092	23266	30746	33461
43392	46996
40686	40687
13285	13286
8376	8377	8378	8379
26325	26326	26327
38286	39516	39517
12694	36957	72066	72067
16032	16034	16976	31904
1292	10954	13392
1653	26339	26504
11556	14292
9872	9926
713	714	715	716
7349	7350	14743
21059	21060
3133	14062	37782
25072	38211	64364	73360	73361	73362
36929	37325	37326
1985	3820	19812	33924
19084	61980
1065	42557
19710	19711
10271	10272	49537
11601	15154	15155	15156
14666	15050	65630
60082	60083
1874	54556
7805	30868
6038	28143	28144
1201	5450	17754
6006	6007
20057	20058	21551
3398	48756
16276	44865
499	9844	48878	65005
15233	32526
183	1868	2423	32269
40635	40636
13	423	18507	59805
1121	2819
10239	24794	68819	70749
3310	20864	57354	57355	57356
19707	26921	65963
5464	14727	14728	14729
16952	38313	38314
5148	11450	13138	21871	61685	62770	75807	75808
13641	37886	40990	43060	43061
7700	17140	18014	26774
79621	79622
961	30764
14359	14496	18261	18263
3654	3655
266	1007
961	35388
15397	15398	15399
9595	43851	43852
30711	30712	30713
5245	50170
1647	3658	20649	20650
1338	34394	44941
18872	18873
3657	12990	27040	51698
9145	9146	9147	9148
32351	32352	32353	32354	32355	32356
11682	18386
38178	44528	53896
1366	17717	17718
48368	48369	48370
363	365	27282	32242
6772	9736	65507	65508	65509	65511
5146	15795	15796	17191	56141	56142
12325	19368	19369	19370	19371	19372	19373	19374
1490	34143
1793	8125	56337	56338	56339
20283	20284	20285
10142	11644
8323	72086
3507	30661	30662	30663
29800	29801	29802	29803	29804
15109	49064	49715
814	16962	20393
14857	14860
67236	68182
25155	25156	25157	25158
1751	6823	21517
6356	8371	8372	8375
13529	13530	47400
2272	18921	25094
18920	72949	72950	76173	76174
312	313	314
27299	27300
1029	1030	1031
5223	5224	5225	5226
4588	10331	14591
18682	18683
702	3433	11074
19359	20124	20126	20127	20128	28677	28678
3424	3425	26338
21968	21969
1440	15938	26855
12485	35560	64335
13659	38703	38704
80613	80614
19796	21167	22966	69468	69469	69470
1181	47405	47406
5331	55139
7100	16710	30317	61917
7969	35637
3840	5464	10428	31002
2028	3270	72988
35311	47149	61476	61477	68982	68983
1610	25844	30503
36505	37070
1911	13439	13440	13441
4309	6320	26937
3367	3428	14760	70503
9054	9055	9056	9057	9058
5226	36211	60604
16602	16603	16604	67456
6929	6930	6931
5612	5613	5614
19272	59518	59519	66636	66637
7568	7570	59634	59635
10540	11392	11393
15224	63774	63775
9413	22027	44994
1349	6399	19858
1530	3367
3056	53023
11457	19739	19740	19741
5872	6760	27900	58916	67945	77218
116	1043	23845	23846
1985	8504	12854
16937	40236	40237
22396	35545	62863	62864
7031	39335	50314	50315
1177	5731	5735	11770
6129	7518	7519	7520
21466	39076	39077
12682	20367
29093	29094
19	20
4866	19042	19043	19044	19050	21196	23103	33960	33961
2272	11880	12994	30271
36460	51109	51110
9350	16411	16412
4695	11876
2790	4242	19632	24655	24656	45705	45706	45707
3321	3322
1863	6916	10001	26909
236	25560	76298	76299
6045	6046
2191	4874	16835	16836
279	4068	6150	6151	6152
4507	11759
10749	14750
944	2887	20079	20080
283	17657	27190	80583	80584	80585	80586	80587	80588
1647	23173	59769	66224
6066	6067	38635	38636
8338	42243	55275
2607	77265	77266
16623	39438	39439
223	1138	1736	3242	7787	11605	12876	12877	12878	12879	12880	12881	12882	12883
181	3008	4373	6839	6840	36619	45153	49762	79783	79784	79785	79786
1378	5618	17332
7838	24010	24011
9872	9873	25935
6103	31089	31090	51488	51489
6440	19708	26261	26262
11912	11913	11914
48342	48343	48344
20752	20753	20754
13428	15023	15771	15772	15773
666	8718	38521	52042
17074	57164	57165
6043	33644
780	27266	40533	57401	58096	58315
3858	22173	69322
914	944	1403	10256
11433	11434	11435	14991	15189	70020	72023
108	48888	48889
13108	27112
135	19063	26716
40273	56859
518	42014
15575	33678
2377	2378	36943	36944
6633	14009
1991	5672	32973
54228	54229
2251	8193	13641	22954	43595
38338	38339
11890	11891	11892
16150	16151	16152
13566	20617	59916
2839	10302
2421	20523
43971	76863
1563	23601
177	16034	18850	41556	61863
1124	43703
6538	6576	12324	79634
4049	23202	35673	35674
14230	53280
36378	63209
7775	26856	66388	66516
3006	11215	36009
1401	18272	31254	41667
18008	50915	65699	67404	76337	76338	76339
4031	4032	4033
46165	46166	46167	46168
11555	21354	65260
32583	61802	61803
181	1077	5427
1795	6176
12041	12042
44732	55571	59159
1326	14286	15281
1988	2000
33854	33855	33856	33857
6939	8584	16377	16894	62383
15913	15914
4419	10480	10545	10547	58871	58872	58873
14486	59616	66355
61925	61926
735	22713
12200	36016
62270	62271	62272	62273
13764	13767	39583
15132	15171	15172	15173
5948	20323	25654	66420
790	1162	7637
34949	55614	65940	67168	75888
1335	59825	61201	61202	61203
1372	3982	11103	24482	30627
64101	75726	76096
4548	29908
9025	26139
2439	15053	15054	74270	74271
12	16928
1453	60650
27040	56398	75133
1302	2091	17260
59284	59285
6788	6789
18981	21624
1515	1516	22901	65762	77941	77942	77943	77944	77945	77946	77947	77948	77949	77950
14876	24375
47	49	1430	47085	47086
12341	19621
8880	11372	41566
566	8474
15224	18045
3941	62378
105	11379	11380
10081	10082
2497	13187
69157	69158
697	9625	36506
3872	12170	38633	48367
58190	58191	58192	58193
6093	68049
633	4020
1039	45857	45858
7356	7357	7358
19552	39475
17790	56289	57953
182	5007	22276	31315
3344	7656	17145
3788	5431	13370
241	16979	29027	69222
7713	20651	20652	20653
18266	18267	18268
16061	56945	72154	72155	72156	72157
2611	4390	18808	42629
70708	70709	70710	70711
1021	7194
68263	68264	68265
1280	25499
3367	11444	14883
71410	79260	79261
51903	51904	51905
80500	80501
20434	20438	26013	58255
80157	80158
1924	6440	14549	14551	57609	57610	63733	64696	80208
62586	62587
2503	5992	7072	13070
2709	13321
654	790	10091
17500	66782
61890	61891	61892	61893	61894	61895
4323	16652	17899	32068
57034	59346	66712
1985	15573	15574	15575
63258	63259
39347	39348
27405	27406
854	17780
205	3515	7567	15228	15229	15230	15231	15232
3195	3578	8054
57664	57665	57666
14872	17075	49646	56716	68779
24726	24727
1785	1786
27326	30381	41786
3723	3725	45129	45130
32768	32769	32770
2979	2980
1997	8956
21217	21219	21220
605	24034	24035
11994	13551	57683	57684
6593	6594	6595
1039	17415	59847
12285	40785
711	2360	39776	41353
37913	37914
2688	14144
13228	32132	38059	68287	69970	79117
278	10089	30947
7379	21052	21258	26323
1200	6322	25230
17566	19563
183	1868	5620	19086
633	30911
9301	16268	59960	60355	60921	60922
16131	16133	55567	55568
7236	7603	7604	7605
4077	18519
3982	7045	13788	22775	24480	42082
43040	43041
6709	6710	6711	6712	6713
16438	64241
89	914	1719	6493	20146	20147	20148	20149
3196	5835
464	2890	3481	20524	24624	28799
6856	6857	6858
12474	16367	31212	55138
60969	60970	60971
26561	26562
4734	4735
9861	35902	35903	35904
6823	11545	45216
1809	3159	43757
35643	35941
15213	15216	59895	59896	59897	59898	59899
116	1043	10070	43574
20706	20731	59963	59964	59965
8319	23192	23193	80121
22246	29998	42307
14230	14689	20430	36037	36038
32481	35134
278	43754	43755
854	1299	34886
50005	51332
12599	12600	12602	17049
13393	56516
4399	5761	13319	38031
62049	62050
2890	10465
8724	8725	11698	11699	11700
14768	78486	78487
2147	6849	32563	32564
48825	48826
7901	7969	7970	23487
31913	54154	54155	54156
977	17284	31589	41078
13225	33708
12341	15046
15651	16207	59512	59513	59514
12063	16945	16946
1281	31726
2689	4864	4865	4866
181	1846	12824
16940	26207	26208	26209	45787	45788
8210	32470	42877
21415	26034	48483
2699	6539	46357
12939	80630
17363	25924
13605	17723	24606
19152	76261
7545	23472	23473
46772	47283
966	22669	27362
501	28839
15586	20855	20857	28561
5056	32244
1789	2018	3425	12561	12562
7078	21031
72636	72639	72640	72769
3654	4195	4197	27838	27839
1525	9842
14749	24597	24609
1703	1704	1705
18442	18443	64668	70144
4895	34356
12703	12704
1181	4456
28927	28928	28929	28930	28931
28414	28415
20936	23981	57010
3366	3788	6532	58045	58046	58047	58048
28756	60679	60680
29155	60668	60669
63198	63199
14876	34893	55331	55332
8540	15031	15543	69984
11827	43011	43012
3111	27489
9381	10508
26943	26944	44829
13099	31010	31011
23841	23842
14667	30044	30047
10123	13032	16215	77168	77169
5167	39588	51759
15641	76655
5386	35625
12852	14198
19246	19247	46883
824	23094
44119	46997
1305	4419	10547	32956
23406	23407	24368
4399	34249
2437	3358	5635
2028	2029	10204	15167	41914	41915
61996	61998	62149	62150	62151	62152	62450	62451	62452	62453
3299	6883
11023	37812	50053
1382	11006	20376	27624	27625	27626
29	5854	18498
1324	64001	64994
2087	8115	13828
35643	37202	40723
13958	40616	41670	41671
4310	4311	4312	4313
6098	11057
8070	54664
4576	29346	29347
11591	15493	15494	15495	15496
49790	49791	49792
11802	11803	28249
18361	54346
916	2629	10618	11438
5161	5167	45607	45608
65616	65617
17425	44570
46984	46985	46986
2699	18452
55614	67168
1144	1891	67326	68171
7045	19299	22775	51920	51921
24052	37040
75430	75431	75432
726	77967
12908	19511	24959	67395
20394	20645	20646	20647	21529	21530
26243	31352
13631	14270	14271	14272
22411	54016
5862	19769	19770
14815	14817	14818
1862	3881
17187	19126	19127
20438	26011	26012	58211
1305	4419	30169
15167	65057
30702	30703	30704	30705	30706	30707
39474	39747
240	24377	24378	24379
58454	58455
73773	77493	79176
134	135	3188	36736
5410	16421	50327
27307	41039	41040
5425	7045	18715	18716	18717
59124	59125	59126
1326	6501	26282
22533	22534
375	1005	20501
12883	24023	24024	24025	24026	24027	24028
57245	57246	57247
1005	7933	40798	40799	40800	40801	40802
6285	32198
3809	18676	19752
839	13752
3725	45130	63740	63741	63742
7551	15910	15911
4175	4176	4177
1326	2505	15191	30492
63553	63554
7557	7558	26911	40699
45880	47871	55181
15011	15012	16813	22803	22804
764	55401	55402	55403
51066	51067
5499	11132	59894	60030
5569	20216	20217	20218
1997	1998	7420
486	8357	8358
7445	8283	41423
1816	1817	1818
80270	80271	80272	80273
22995	22996
8716	10885
12846	12847	54111
35484	53189
2264	2265	51752	52425	66086
43971	68628
259	2291	5529
23496	23497	69397	69398
35061	54523
1214	10543	13600	21683
8233	50851	50852
31247	62499	62500
183	17673
38884	41376	50506
4554	12432
2150	2151	2152
277	278	3615	51369
55281	55282	55283
15586	20855	20857
1325	1326	1867
1416	1417	30058	45306
2965	2966
7715	24992
1441	26310
5176	6576	7030
19321	48446	48447
2839	22754	36368
18792	50115
20878	23511	25020
2882	9520	37454
1076	3730	11187	22491	22492	22493
30955	30956
20486	20487	20488
2119	2120	37553	65061	72992	72993
715	2364	2367	2487
58669	58670
5521	5522	5523	5524
2952	4845	8018
11669	11670
1315	14734	14972
4508	7980
20062	20063
3196	13486
11682	21952
2820	24881
17153	42180	62838
1890	71735
26917	32794	32795	32796	32797
1197	1198	34271
2987	17727	40093
3609	4049	24650	41301	41302
15820	22747	22748	25910
72622	72623	72624	72842
63382	63383
16902	16903	35887	64430
35677	53533	53534
3054	3055	3056	3057
13015	57799	68196
15224	69037	74993	74994
3218	14776	14777	68842	68843
3939	20601
8231	23954
19	636
22269	29394	38290	58285	58286	58287	58288	58289
2836	2837	4351	4352	4353	4354
56060	56061
3742	5689	26388	26389	26390	26391	26392	26393
11372	15192
1790	1793
2868	8164
11590	20989	26410
9025	11294	32808
100	101	102	103
29	1789	10936
14540	20562	25277
107	706	15268	32328
259	1384	4545	7378	19272	23220	33035
3593	19988	49644	49645
13150	15042	18361	19653
17077	17184	17185	17186	17187
38070	54312	78354	78355
17224	17225	17228	61640
20014	20015	20016
3609	5992	29742	29743
21360	21361
18535	40141
79832	79833	79834
23407	24368	27163
17364	17365	17366	17367	17368
1798	44303
17727	33251	64219
5930	7226	7495	7496	7497	8821	25916	38520	48395
43849	43850
2098	4678	24270
1326	12178
12178	38186
1263	62425
4271	11449	59817	59818	60623	64225	64226	64227	64228
13429	48437
7099	15841	26710	56684
36421	47110
37895	59658
3366	6400	36276
4450	4680	9630	50203	50204
3398	16661
13428	14222	15831	17077
14648	51733
13631	16937	28234	32870
12	36139
2368	56624	56625
499	14042	73282
7902	10142	10290	64151
14910	24662	70755
5873	5874	28539
1946	1947	13920
5862	19769	19770	19771
4038	4039
2497	10545	10546	28222	29684	56079
63862	74556	74557	74558
2448	17197	17198	17199
3567	22305	48972
41334	53035	53036
2666	3417	79006	79007	79008	79009
145	1607	52278
17781	58320	69869	69870
14649	14777
22143	50287	50288
10665	10666
2021	4731	48200
17715	19677	21753	78682
75839	78109	78110
24583	24584
11395	73002
2393	2615	3783	4549
135	37241	37446	37447	37448	37449	37450	37451	37452
2384	2385	2386	7078
14084	33949
16950	75433	75434	75435
10227	10228	10229
1610	1643	2056	21471
14860	25835	52611
111	113	3425
14711	15654	72439	72918	75036	75037
23457	61079
2430	2431
13098	13099	19937
38314	66858	66859	66860
6647	45084
1612	1613
5032	17790	34061	34062
5526	8623	55447
78111	78112	78113	78114
40847	40848	40849	40850	40851
4793	11955	20482	25909
44256	44257
2300	4319
467	1316	22569
24236	24237	58253
15407	68534	68535
14690	15241	64925
15604	37818	75224
1039	15828	69416
13882	25086	76673
2255	11179
8790	46771	79577
2180	24502
30584	58776
348	4060	7378	18885
708	80628
14546	14793	24466	49222
17906	18072	20174	28576
11018	24185
10895	10896	10897
14317	14803	14804
8781	18514
920	921	922	923	924	925	926	927
1202	11458
21156	63333
40222	40223	40224
37202	45905	45906	45907	45908
7943	42292	59816
49	10809	14831	69822	69823
55290	55291
43077	52063
4049	42503	42504
4798	32050
14432	15272	53852
57525	57526	57527
15498	74371	74372
13428	16634
11010	69569	74417
77629	77630
367	7803	11148	11149
94	6543	9048	12892	15953	59832	59833
18272	19130	21899	66731
5148	21127	37202	40690
7978	11419	12652	13943	22129
14115	17866	77508	78059
23639	58707	58708	58709	58710
12455	78234	78235
7167	41443
48052	48053	48054
94	5148	17320	28949
4685	49315
3808	5718	23302
1124	11616	37552
1160	8464	37360
58277	76731	76732	76733	76734
225	17268	41026	41027
2732	47311	77758	77759	77760
2179	48262
15246	45321
348	4060	7378
20304	20305	20310
8177	8660	11496
8319	10184	23192	30422	30423
6213	6214	6215	6216	6217
4271	53093
468	4302	4548	18598
3099	6432
14733	15804
1595	35848	42533	42534
2502	63652	63653
66921	66922	66923
3982	13875	22500	32185
32081	32082	32083
80454	80455	80456
5673	5674
52986	52987	52988
6903	6904	11682	38394
23707	69555
15108	15957	15958
361	362
36311	54900
533	17965
2839	11720	13265	13266
16638	59534	59535
3580	10845
4965	14377	14378	14379	14380
5352	5353
3487	29729	33082	47544
11293	17580	17581
7077	13013	16226	21664	40633
1766	2116
7445	16166	16196
21437	59738
7548	20794	46467
2441	15217
13657	21114	23346	23347
348	7378
14984	17607	17608	17609
39452	43222	43223	43224
16784	16785	25676	28474	29116
23872	23874	33499	33500
7715	8716	58606
3146	4736	4737	4739
5146	15796	47377	56672	56983	57210	57211	57212	57213
67807	67808	67809
2609	15875	63806	63807
256	931	3041	4952
1992	21240
12545	12546	12547	12548
9241	19910	20817	21278	21279
11670	36275
6447	10008	13736	50280
7593	7594	7599
3580	26781	26782	34171
4075	42217
34069	42192	47118
45236	45237
1453	1622	1623	3882	7479	7480	9551	12549	12550	12551	12552	12553	12554	12555
1269	6770	8850	28770
33212	38859	53771
12355	12669	25002	46580	46581	50698	50699	50700	50701	50702	50703
14740	17966	36948	36949
8541	42427
14876	14959	14960	14961
4635	4636
7148	7149	7150	7151
256	492	6563	32037	32038	32039	32040	32041
13773	37197
7065	11774
8660	62958	62959	62960
9411	9412	9413	9414	9415
5960	5961	5962
76475	76476	76477	76478	76479	76480
5672	29415
715	3593	18461	20851
10545	11921	19857	20800	63599	63600
10704	31129
106	7945
9907	45716
1889	15040
15273	29196
39614	53744
47514	47515	58848	58849
57057	57058	57059	57060	57061
9946	58427	58428
223	12754	12755	20134	27566	30421
5385	53013
1441	3061	16259	58803
180	181	18775	19960
2939	2942	19507	46159
13102	76183	78275
18888	32268
159	814	3293	8880	14650	19454
18509	31398	31399	31400
1064	1065	15678	19478
1625	3685
1892	16879	40580
13147	16846
10554	19716	23588	23589	23590
5609	38885
15319	15321	18813	65392
9205	61686
11638	20924	39034	39035
67551	67552	67553
9872	25935	36568
43211	80033	80034
223	1733	1734	1736	3242	7787	22849	22850	42331
649	650	79277
1790	1793	13290
17830	24390	24391
247	1281	18479	21343	45136	54444
44	45	961
1338	41800	41801
18860	22340	71201
4625	8760	14034	45974
32173	32174	32175
69655	69656	69657	69658
8840	27429	37766	37767
2055	18060
1372	3982	20731
73147	73148
2320	19308
21795	21796	21797
3348	3349	3350
5689	16562	22948	22949	46031
56877	56879	56880
13429	14964	16688	16689	16690
14297	22841	45327
3663	10835
514	2599	53426
506	615
35681	35682
17085	20995	25950	25951	25952	25953	25954	25955
4312	44145	80012
39824	41837
6773	23449	62560	62561	62562	62563	62564
8045	42806
240	241	1305	17432	23236
17679	19000	23913
5116	5593	18719	20344
217	2271	2272
32311	32312
1428	31194
4210	11157	19583	45740
2221	28148	28149
15730	75646	75647
78228	78229	78230
23163	23164	23165
8434	12846	12847
135	3188	3612	14930
32007	32008
1903	2247	6469
10045	14876
2074	66295	66315	66316	66317
9618	9619	12994
60870	60871
2850	9402	56167	56168
2971	36425
13000	50744	50745	50746
230	3858	6532	10903
2011	45831
23300	23301	23302
49144	49145
64033	77069	77070	77071	77072
314	18916	18917
1795	3098	3449	3451	3541	18275	18979	19614	23722	55595	59517	61114	61155	61156	61157
15059	15060	15061
65119	73806	73807
707	940	1513
45363	45364	45365	45366
75666	78901	78902
299	15443	30822	37676	44262
1292	3293	4005	13429	15572
14174	14175	14176	14177
1497	56266
1305	7011	55361
1177	10480	10481	10482	10483
13001	13002	13003
36151	36152	36153	36154
14987	14988
1879	1895
6947	41099
2243	34785	44876	56936	66230
15185	15187	15188	30424
5938	13276	35822	42092	42093	42094
9148	61991	61992	61993	61994
1325	11839	14567	14568	21664	26384	33566
8379	25143	25144	25145
4308	18883	18884	18885
7648	80654	80655	80656
14790	46070	46071	66203	66204	66205
11705	29510	29511	34711
234	16219	30605
11730	11731
4866	5622	11463	11464	22580	24396
499	6274	25338	73603	76488
9300	9301	9302	12837
1507	10701	12914
17271	17532	20978
256	1007
5918	5920
28474	77213
1053	38136	38137	38138
21756	34117	39530
110	9749	9750
23210	36004
18535	40714
13444	15670	17090	72296
16855	59709
2710	46935
5410	13018	33695
14549	14550	14551
6733	8789	9509	18320	21061	54943	54944
5008	67056	67057	67058
3858	16398
37110	37111
2824	56937	56938	56939
12455	65082	65083	65084	65085	65086	65087
3537	3538	14239
11570	19006	69764	75282
1196	30568	44665	55882	55883
13886	13887	13888	13889	13890
135	7417	7418	7419
3527	6577	47401
6298	7160	49979
857	13170	24201	29178	57865
11419	11420	11421
8280	8281
40042	40045	59841	59842	59843	59844
5991	14972	24557	27903	35378
3832	3833
2789	2790	29995
10846	12572	30921
14009	33905
1762	1763
20516	20517
16564	22716	25073
7804	53252	53253	53254	53255
1065	13429	16690	27530	32946
566	3095	44709
46771	63712	63713	63714	63715
2026	2027	2028	2029
5652	8195	50293
7978	12652	21341	21342	21343
15270	20582
24645	24646	24647	24648	24649
15851	30696	41796	46739	46740
59389	59390
715	9339	25915	26268	51174
1054	1804	13213	21664	76076	76077	76078	76079	76080
46372	46373
4265	9855
2753	2923	44015
51553	53947
11311	71076	76193	76194	76195
12398	73054	73055	73056
1305	3487	10545	28221	33985
36141	54920
9189	61153	70730
11828	36264	36265
3747	3748	3749	22416	69326
6447	55604	55605
1793	19759
6294	56052	56054	61649	72182	72183
15690	15694	15846
21817	43777	47441
22048	37669	62359	62360
3855	5176	11677
49881	49882
1635	8510	18377	18378	18379
58244	58247	58248	58294	58295
25655	59720	59721	59722
65951	65952	69786	69787	69788	69789
14860	38705
11250	47106
11372	12113
2378	3131	3133	12492
21870	27946	30686
2378	15454	15678	51775	64331	69684
1977	49409
2321	2324	2325	33866	39727
5208	16432
1544	1545
8537	37314	37315
4294	4297	27543
16614	16615	17470
7268	15027	15454	16023	64101
7496	34895
22425	52006	52007	52008
2439	15053	15380	15902
42627	42628
5572	8936	18835	30973
1403	2253	2320	40932
181	2075	3589	33958
5245	16380	40544
10581	30181
256	3882	8177	62010
4754	15324	33858
3527	3529
40838	51556
15990	76387
499	22709	23300
6129	7011	23575	23576	23577	23578
10578	10579	28286
11621	11622
23026	23027
16398	16623	33731
75446	75447
20938	20939
31	32	10142	29097
44753	44754	44755	44756
14510	14513	14515	26434	58613
2068	2069	2070	2071
14897	14898	60527
4373	12689
40221	40469	40470
2585	30682	37799
5925	37553	43820
3638	49168
1084	27916	40458
11208	11209	11210
49372	49373	49374	49375
1595	54879
10237	10239	61469	61470
37046	53920
6760	11361	11362
1148	1149	1150	1151
5056	5058	36555
9339	11492	26691	34929	77956	77957
59187	59188	59189
9677	9678	14829	31036
12178	12956	15271	74375
175	7771	8003	24593	28505
6165	8313	58482
1799	32524
19766	23194
12947	13135	23159	23160
1789	25644	36441
6440	26262	43334
34948	34949	34950
18803	18805	28934	28935	28936
20241	20242	20243
13643	13644	13645	13648	16824	40408
5686	17450	39434
4680	7369
25635	61008
3511	3512
14557	63689
8952	8953	8954	8955
72573	72574	72575
852	3544	19523
38442	38443
2255	10936	16138	22888
11367	13993	35729	70387
16879	42186	42187	42188
14446	14645	68704
65539	75553	75554	75555
9520	53594
8412	9530	73375	73376
22329	22330
12652	45958	58735	59802	59803	59804
181	21868	25338	25897	50532	59311	65135
5383	10908	27478
21765	41511
11759	66018	68380
10716	10717
14242	24634	38288
65226	65227	65228
8379	17025	17026	17027	17028	17029
5130	8210	8782	17498
15971	54570
1652	1653	1654	1655
419	3071	80434
17330	56042	56043	56044	56045
10921	19886	19887	19888	29613
875	8319	62436
38076	62610
17383	17384
72597	72598
20865	22827	42327	42328
1453	19124	22474	77976
19490	29077	29078	29079
3309	3310	3311
556	12881	30337
4219	10149	10150	10151
211	212
1281	2291
35442	43298	50965
2850	32921	32922	32923
3788	3789	3790	3791	3792	3793
1302	2018	5037	34540
1594	1595
41140	52052
1722	1724	2745	2952	4360	4845	8770	17992	17993	17994	18000	18003	19720	20556	33419	55607	55608	55609	55610
834	8197	10063
14057	37877	43026
6492	17806	17807
1090	2291	3232	3233	3234
47657	47658	47659
22297	39354
703	8857	31975
8355	8356
20417	32152	32153
3544	57020
43154	43155	43156
28732	38015
1228	54009	54010
13741	13742	13743
10274	68542	68543	68544	68545	68546	68547	68548	68549
135	1264	8386
1608	20279	21062	21310	21311
6823	18561	19772
44109	44110
72071	76850
16494	16495	64263
1290	1291	1292	1293	1294
183	2421	19960
25336	25337
18936	18937	18938	18939	18940	18941
5325	5329	22027	42874	45847
11103	11921	20800	23871
1084	24250	25517	25518
9415	34447	39730
3844	78766
260	3580	6994	28544	28902	42695
1694	14800	20039	39826
16248	16249
826	1402	1513	1547	1860	2154
15054	16523
3218	14749	43077	52850	55925	61227
1402	1513	1673	7331
14689	35135
5338	15734	15735	15736
1497	5253	8329	66627	75584
59172	59173	59174	59175
4489	13914	32714	60315	60316
9300	9301	66959	66960
1546	1548	45047
8660	18274	18979	24178	57009
13013	13193	34693	35297	35298
66288	66291	66764	66765	66766	66767
6204	6205	6206
150	13021	13022	13023	13024
2388	62853	62854
39854	54598	54599
2259	8274	11342	16300	16301
5383	10908	24856	37363
907	2689	19857
181	17229	17231	58474
8850	9950	9951
2850	9401	16288	16289	23241
37435	37436	37437
2417	6194
12178	40031
2267	4390	18808	26681	26682	26683	26684
1975	4106	4546	13397	24776	24777	24778	24779	24780
1039	19226	19227
183	5622	25129	59422	59423
15658	57438	67124	74224	74225
23731	23732	23733
41431	41432	41433
146	147	148
53472	70295	70296	70297
4140	4789	9601
64590	64591	64592	64593	64594
2476	29658
14883	16071	56586
3788	4108
260	8640	8641	8642
16228	37836	41839
51617	51618
29425	29789	44607
24623	24624
51272	51273	51274	51275	51276	51277	51278	51279	51280	51281
1497	3449	34795	39494	39495
6078	17847	18317	18318
9756	29235
1879	72271
61	7161	7368	38795	44239
2362	3486
66385	66386	66387	66388	66909
25935	37890	80225
6501	31009
1767	2669	8231
6178	6179	6180	6181	6182
13025	13026
15019	62695	62696
8601	11670	17271	17531	17532	37479
421	1985	14419	58998	58999
1085	51444	51445
32208	34154
1460	2406	19472	23386	23387
5734	22389	63603	65812
1281	2291	2292
44825	44826
42180	42181	42182
2171	26578
15767	15768	73339	73340
19726	29234
183	3445	5731
712	64102	64103
2776	2777	2778
45204	45205
11839	36380
7329	20795	22712
9945	22873	32999	74215
2232	17328
5582	5583
94	6110	35844
8112	8116	35147
27906	53135	53136	53137
1691	3425	27655	27656
59275	59276
8120	57298	57299
1513	7331	8782	9901	19881
59865	75677	75678
6496	16674	16676	16677	33400
31268	34510	34512	36653	36654	36655
12393	38247	71688
59682	59683	59684	59685	59686
1064	31590	31591
586	1124	1581	35857
3553	3554	7749
27909	67023	71580	71581	71582	71583
944	4078	9282
6550	25972	37434	63104
2228	11458	13466	15959
15999	16284	66196
4093	4094
464	2390	2393	7560
20136	25345	25346	25347	25348
14949	14950	14952	28370	34055
2845	5193	12339
1084	40712	42150
17359	17360	17361
20794	21044	28048	28049	28050	28051
6479	12285
12561	14317	78612
3254	15915	50139
70921	77618	80295
1205	1206	1207	1208	1209	1210
21047	23348	23349
4854	4855
313	40130
4985	4986	4987	4988	5874	7103
4862	4863
15570	77584	78129	78130
9006	59402	59403
6939	13002	38440
21610	21611
3836	23885	42627
3333	3334	3335	12670	24806	40153	47034	56055	56056
1326	6814
43408	43409	43410
13508	39594	39595	39596
34291	34292
9404	9405
50540	50541
17886	17888	17889	20965	27289
2377	26706	69300
1985	3424	37519
2055	22285
30960	30961	30962	30963
59088	59089	59090
10807	47156
37353	74710	74711	74712
15901	15902
2291	2292	6560
4845	4846
10921	34965	34966
2694	52230
20458	20459	20460	20461
7077	16533	16535	52769
17890	50088
12682	20061
3714	3715	3716	3717	3718	3719
8713	17866	75971
2842	11311	52154	52155	52156
15216	16403	19760	21506	32667
59176	59177
1325	1326	38830
66287	66291	66660	66661	66662
2267	60124	60125
14711	26878	68961	69237	69238
11705	15887	16033	29510	29511
81	747
2244	13710	29572
23240	25950	75264	75265	75266	75267	75268	75269
175	17653	19206	24942
716	43368
6939	38440	41733
556	1721	5308	5309
4374	40641
27092	36042	36043	36044	36045
19595	35102
8193	22952	55980	75098
1065	48128
4399	21284	22749
23959	23960	24254	24255
1082	26826	54141
15582	16122	16126	37605	37606	37607	37608	37609	37610	37611	37612
3609	12973	16071	45767
3939	28854	38300
6805	8331
3855	6033	38259	48943	48944
1329	1330	1331
5691	5948	6931	47955
6129	7518	7520	26409	37761
1288	1289
32484	32485
11900	33655	53943
5838	12416	12417
22368	26537	48149	48150
10037	15535
15475	15540	16764	37714
6584	6585
110	1721	6763	36167	74851	74852	74853	74854	74855
6496	27882
4569	18241	18834	18953	26224	27186	27567	29999	30000	30001	30002	30003	30004	30005
15999	16283	16284	18493
2486	13219
39468	39469
4373	46889	46890	46891
60	1985	15469
27801	63125
4358	12315	12316
21141	24074	76224
31654	31655	31656	31657	31658
1240	66675	74835	74836
33376	33377
8900	79349	79350
1998	41747	52038
6298	7159	7160	34854
61	5691	19040	19857
80102	80103	80104	80105
966	4302	36211
655	14564	14706
6073	12277	12278	12279
1005	20118	62734	69365	69367	70706
1302	3882	34471
1614	8232	12080
13435	17566	50663
27993	27994	27995
61	66	7368	21243	22058	22059	22060
11682	21953
15719	25109	26230	31554	31555	31556	31557
39260	39261	39262
18060	67852	67853
217	2272
16388	16389	16390
500	1084	11336	80338
25935	49128
17094	17095	17096	17097	17098
59108	59109	59110
8713	43721	79685
4546	40676
34948	34950
1534	1721	2744
30079	38554
7099	17111	23142	55295	55296
916	10618	20196	40095
4049	48711
8960	16848	35230	35232
135	21862	37446	39755	40573
1146	2863
1312	1610	2214	21621	32202
16950	18200	48913
53547	78786	78787
314	50085	50602
7698	16764	40373
6098	49449	49450
913	944	2055
11555	34660	57845	57846	57847	57848
2509	2510
15675	20936	43449
11796	12492	21391	25870
1605	1606	1607	1608
1024	1025	1026	1027	1028
25943	35729	40767	53651	64525
20075	76391	76392
6577	14135	18054	19120	19121	19122
205	53993	63290	63291
4021	19932	54185
12889	60168	75668	75669	75670
13580	60127	70034	70035
22704	41235	44915
9072	47581	73103
63861	63862
16138	58492	70001
3675	15486	61482
72746	72747	72748	72749
18102	18103	18905	28803
27067	27068
3605	3606
774	18656	57329
467	1316	6288	16773	27386	37023	37024	37025
1138	9543	61326
839	11446
6652	6653	6654	6655
14471	15192
7378	18339	43480
1116	1378	1380	4627	6446
10545	11921	20800	57503	57504
13798	13799	13800	71721	71723	78426
14691	14692	26014
15215	27268	62006
39927	39928	39929	39930
12994	74619
18033	31428	31429
54364	54365
53573	62162	62163
1957	30981
2502	5167	46309
183	3844	22789
14777	17290	17499	68149
22143	50028	50029
52265	52266	52267
10553	26317
18860	22340	23854
1487	17829	39366
15342	15765	29790	32257	61915
4957	22028	22029
18277	21367	27116	65894
1065	7152
41708	41709
44873	44874
19144	35112
24104	24889	24890
116	18277	19627	25882	62790
854	18440
54866	54867
702	2498	17715
4489	73278	73279
6931	11919	11920	11921
79107	79108	79109	79110	79111	79112
1109	1110	1116
2270	3589	3873
75	8760	8762	14042	25215	25216
37877	66919	73197	73198	73199	73200	73201	73202
24250	24824	24825
18535	56405
2944	2945	35751	35752
15070	15074	33732	33733
2435	6743	9927	46964
6576	13705	15387
3902	3903	3904	3905
31941	39466	39467
180	181	4284	13119	20360
8045	10705
3872	13000	36560
4765	53144
8193	18880	22951	22952	22953	22954
12990	14903	17139
17956	19497
62381	62382
53549	53550
3069	77391	77392
41724	41725	41726
11812	15474	16673	56146	56147
2839	12904	19596	36942	58553	61066
5707	5709	23050
2646	2647	37360	40457
625	5672	21355	43196
11705	40949	55202
10239	22126	74707	74708	74709
6734	30243	30244
14777	65273	77614	77615
4108	64346	66919	66920
14690	15185	59895	67086	68506
20048	78831	78832	78833
43356	43357
31188	35236
12629	12630
642	643
12343	16948	67079	67080
16950	67244	67245	67246	67247
8644	38674	38675
1235	12474	15132	56204	74666
16254	35829
36522	36523	36524	36525	36526	36527
1329	1331	9185
14860	33655
12903	20745
2850	7077	22678	22679	22680
76668	76669	76670	76671
245	20570	23927
7113	15116
4022	23690	28519
5592	6837	12697	33267
14341	14343	18892	18893
20975	35835	35836
3133	12279	16859
1259	17696
23043	40992	40994
181	4283	10540	40824
10432	22104	22105
1116	5367	5368	5369
20329	64849	68216
2108	2109
55852	55853
305	306	307
5386	5726	10597
28939	28940	28941
16837	36541	36542	36543	36544	36545	36546
16496	16497	61616	61617
988	75815	75816	75817
37897	37898
36971	36972	36973
29413	29414
10733	10734
556	8555	59713
18418	18419
1848	18440	22477
1610	2214	3125
28935	38553
7787	29703
2599	53992	53993
2744	3298	18436	18437	18438	18439
2952	4845	8018	8019	8020	8021	8022
2406	3356	10796
3664	3665	3666
3043	14637	61096	61097
1059	3788	3920	36437
10409	20463	31213	77023	77024	77025
3346	3347
223	247	511	1733	1734	1735	4545	7011	10115	17781	19272	20132	22562	27566	30421	57653	58320	58321
363	365	27282	29270	29271
38602	38603
826	8075	18058	18952	20990	25842
10142	72847	72848	72849
15216	16666	74352
321	9787
1280	1281	18478	18479
5308	48371	80274
47212	61900	68564	68565
227	3367	3429	7860	11340
1357	49421
36153	37603
9117	32388
3368	5152	5153
27997	27998	27999
44423	79129	79130
6400	9208	14007	14307
4765	34026
3980	20203	47682	56511	56512
3567	14113	17298	78483
16401	16403	32257	56114
30673	30674
6501	40786
1765	17288	22883	37030
69769	69770	69771
20493	23242
27588	41058
5899	13362	30060	59977	59978	59979	59980	59981	59982	59983	59984
1977	2863
4046	6938	38254
6315	27592	32635
3610	10126	12327	40097	40098	40099	40100	40101	40102	40103	40104	40105
15273	17195	29196
230	53800
789	790
17376	20525	52954	77094	77154	77530	77531
2048	2049	2050
12	8601	16487	35100	35101
4550	76014	76015
9844	35138	43844
11827	20816
7656	9887	13935	13936
1868	3098	10409	20312	29488
4827	41784
1765	3147
1685	6837	12555	27690	52853	58120
223	3451	3541	6746	18274	18275	18883	18966	50912
17701	27124	32965	32966	32967	32968
5351	6945	6946
1131	7662
20	11796
13562	15173	22370
3251	36246	69315
17399	17400
13393	22942	30284	49941
31941	40804
6440	22173	22174
35653	35655	38481
63888	63889	63890
3858	21318	26632	38791
22495	40990	72485	72486	72487
2639	4467	4468
36230	36231	36232
10785	19601	26188
5540	5542	7275
715	2367	18720	39265
38866	38867
38392	68965	68966
813	814	815	816
49587	49588	49589
3834	35955	51767	55583
7000	45882
5148	63085
1293	3675	8323
3338	9643	24651	25534
3781	7237	7238
1516	9834	15918
32892	56682
34069	42025
12084	12085	12086
14829	16438	70500
63240	63241
16954	45859
15620	18011	19556
560	561	566	6837	23960	37863
8116	61571	61572
20184	23810
181	2689	19857
35094	67606
3544	23357	54375
25389	42808	42809	42810
10278	18687	20928
23089	23090	54878
59407	59408
11993	24640
181	66679	66681	77264
25338	35543
38556	52606	52607	52608
32369	44594	44595
6033	61568	61569
17965	20990
15188	50714	52734
2376	4385	23996	61479
12481	12482	12484	12485	35962	45442	45443	45444	45445
790	5035
9723	36673	36674	36675
27687	44820	44821
3878	15123
16844	20033
2074	59330	59664	79328	79329
7099	15841	55296	67863	67864
12433	18972	20683
5464	10428	10429	34729
1329	4068
10239	10744	19784	19936	24960
6212	25781	25782	25783
16445	63400	63401	70239	74397	77982
23407	24368	27163	27164	27165	27166	27167
2971	42611	42612
1673	4432	6621	24083
3677	3678	3679
10670	25831
15583	59739	59740	59741
94	43503
70747	70748
13608	36532	36533	36534
8393	18230	18798
175	71680	71681	71682
26733	26734	26735	80244
13429	16690	48263	48264
1828	45945	45946
17231	69504	69505	69506
3515	9401	16000
1728	1729	1730	1731	1732
3061	7385	14864	14954	55520
21031	31678
1716	11418	13613	13614
7582	16757
2277	11010
614	8660	12290
7775	26557
2261	2272	4330
3788	5431	10008	13370	14628
1005	7234	20806	21812	32501	32502
23722	26516
11152	11153	11154
3059	46104
6490	13956	60677	60678
3233	16607	16608	16609	16610
10278	37255	47012
3723	3724	3725
1740	1741	1742
14787	14788	14789
26978	26979	26980	26981	26982	26983	26984	26985
46122	46123
4811	13714	17517
1530	1531	49685
7153	14114	38456	64161	64162
183	38639	44618
16536	16537
8918	8919	8920
1596	4846	7898	10400
3529	6611
834	10062	10063	10772
15443	43828	44449
8541	40187
3233	36404
15241	62306	62325	62326	62327
6490	7012	42952	66658	77896	77897	77898	77899	77900
79338	79339	79340
3745	3746	3747	3748	3749
17727	20990
2744	3454	18624	22021
18205	21143	21144
7901	20024	33308	33309
48624	48625	48626	48627
9900	11796	14625	33962
12343	13631	68906
27503	27504	27505
55375	55376
2829	2830
278	2666	49595	78568	78569
1293	8322	8323
16693	16749
17594	24448
35517	38660
2551	11870	11871
5662	45935
71262	71263	71264	71265	71266
5930	7495	7496	52377
4724	7077	15261
3233	19181	19183	19184	51465	51466
905	28276	56567	60563
13843	27597	27598	27599
159	10954	12682	17620	48279
2165	5228	5229	5230
4469	27602
34278	50892	50893	50894
20168	20169	20170
11839	18406	61495
6664	10938	58008
58054	58055	58056	58057
7114	25403	28791	57083	70848
19956	60649
14341	14342	14343
2565	4105	4106
12474	13132	16367	17761	41692
39035	61674	61675
3675	42469
541	21621	24588
21765	21766	46865
10432	63697
17643	40294	47608	77913	77914	77915
3368	16272
18738	18739	18740
4866	11980	20844
18510	21332
38216	72422	72423
799	38818
2744	6259	8177	22778
10674	37346
4075	20646	20647	21529	42217
352	2028	34752	38612	41169
1131	2802	4546	6287	23997
12334	12335	12336
16357	16689	62446	62447
4271	11449	13898	59817	59818	60623
15334	22809	22810
1248	3456
5091	21190	29175	52909
4226	12128	12129
32871	32873	32874	51378	51379
12295	40720	61599
1201	19574	45118
543	1312	1328	18397	19781
4917	9746	20331	20332	20333
8083	40381	60889
914	2253
21210	40774	40775	40776
30321	30322
1918	6543	29480
2806	15863	29061
8880	13391	15429	37296
80	81	15621
26647	26648
65647	65648
3376	3764	32895
6066	6067	17142	17143	17144
62084	62085	62086	62087	62088	62089	62090	62091	62092
7663	7664	7665
4515	9215	9216	9217	9218	9219	9220
35317	35318
95	419	3440	3441	3442
22188	35090
4829	32404
40583	40584
13428	16431	16634	65861	70805
52047	69040	69041	69042
11552	11555	21346	34660
1714	3233	4533	4833	35889	35890
21659	21660
4822	20564	20777
246	247	60903	60904
2744	3454	18624	18625	20059
72204	72205	72206	72207	72208
72043	72044	72045
1279	1280	1281	59799
35825	39949	39950	39951
1389	4874	8403	8404
214	10958	49244	49245	49246
52924	52925	52926	52927
19359	20124	20125	20126	20127	20128
29085	29086
965	60645	61253
5988	17720	60227
6192	15928	23183	69640	69641
4143	4144	4145	4146
1817	1818	17454
34565	45722
233	2219	12951
32851	45522	60136	60137
36311	52135	52136
1240	16643	36392	74836	74971	74972	74973
1065	44089	44090
5356	5357
3512	4333	22397	22398
5166	77383
8641	79280
4025	34464	71004
10428	15479	15480	15481	15482
7275	58335	58336	58337	58338
11191	55633	61573
839	1349	12213
2251	10744	17464	27550
5243	5244	25456	42407
1096	5205	42141
2421	20706	55768
41643	41644
28276	56567	58005
11994	11996	37327
8379	28988
20093	41748	41749
3231	25725	26001	26003	26004	57304
2850	9545	19282	46731
6298	7160
580	6146
4595	37722
5168	47344	47345
51809	51820	52116
17141	17623
38657	38658
1008	2555	18150
41103	55752	70436
13566	14415	35937
10432	28581	39609	44235
24858	24859
17001	39372	56250
5672	11258
3631	19577	19582	53049
13884	63430	63431
31493	31494	50711	50712
14898	21086	30662
16952	34039	34040
44208	56731
1530	38652	41141	45362	47753	48302
2611	12938	18808	42629	56742
16909	20188	43331
625	626	20137
19474	77861	78986
1833	18969	18970
11644	18521
1341	3091	20527
4370	12584	16146	16767
275	29573	29575	37043	37044
23796	23797
659	20837	23615	25918	30419	30420
834	2839	20581	23788
686	8380	8381
2065	5201	9571
621	79750	79751	79752
8111	9531	9532	9533	9534	9535
10304	24832	24833
39511	39512
2710	17221	42285	42286	50613
6816	38917	49041	62604
2356	41197
6830	6831	6832
27662	27663
74272	74273	74274
1546	1547	1548	11073
6001	20015	28977	28978
4932	4933
11880	12994	16859
13525	78573	78574
5386	52360	52361
247	2291	19449	38669	55329
7039	7040
6786	6787
17655	19659	57453
12092	22894
644	1235	5617
3099	4204	4205
76	259	18643
1963	1964
9887	17486
9917	9919
7636	7637	8026	9712
54967	54968	54969	62847	62848	62849	62850
52796	52797
1177	1305	6812
15020	19832
19964	27069	27070	50584	60813	60815	70535
5766	13383	52372
16728	16729	16730	16731	16732
973	974	975
1326	2179	5991	9945
8396	28759	28932	28933	74896	76553	76554
2265	2267	4389	18812	18920
10072	67752
9339	32335	40253
6490	9112	48375
1264	40737	43503
10170	10171
58658	58659	58660
42133	78572
35454	39506	39507
43961	43962
3247	14166
4545	19262	19269
20	4754	16585
14009	35560	35836
8	5084	9536	36268
4071	58773
19337	20409	21399	30385
18278	18279
6191	6192	14619	39373	52386
6891	17145
11341	13341	60614
702	34022
8185	8186
9945	15218	32926
9455	31511	31512	31513
2396	2398	13081	13082	14156	17153	23669	30027
2842	14113	14114	14115
2028	5574	5575	5576
7952	32119	55851	68874
16284	37808	54076
11545	23261	43067
19572	19574	43870
5207	11276	20417
14270	14271
65556	65557	65558
3980	35278	57028
14991	16142
858	860	863
3858	11602	16754	36876
31471	31472	31473	31474
6226	7170	25979	37321	37322	37323	37324
6466	6467	6468
1480	2934	9548	9945	14650	15168	20066
9608	53939
9301	19220	36483	37200
4323	28085
224	799	4158
2764	2765	2766
26755	26851	32886
8184	8660	8661	9375	11100	24177	24178	24179	24180	24181
9563	20223
2378	2934	2935
22966	60011	60013	69304
46233	46234
53005	53006
2980	46394
1299	1751	5450
2378	2934	4004	41406	45311
1801	1804	5494	5495
519	520	521
8892	8893
5726	38432	46671
7869	12898	19900
1637	3631	5935	24902	24903	37132
12412	14911
65783	65784	65785
19215	19216	19217	19218	19219
22446	53091
8760	48553
12	15216	37850
23017	23018	23020	23021	23022	23023
240	3294	17964
556	6910	12291
8711	12178	24978	25822
19804	42841
352	11873	35370	41569
2147	4072	4178	6850	9649
3788	3790	4108	4109
4191	41464
1453	33214
3571	23407	24368	27163	27164
21130	32629
9543	50915	58043	79043
20023	26213
8880	15315	15316	15317
424	3515
18390	50813	50814
21571	21572
14579	14580	14581	58372
29425	48848
5503	6738	6739	6740	6741
8193	55358
2607	15451	62714
1191	4149	32537	32538
3893	76595	76596
621	622
64640	64641	64642	64643
29436	44604
61446	61447	61448
6501	29575	37043
223	256
965	13773	15532	43300	65863
2276	2277
57036	76100	76101
9766	42472	42473	42474
556	11797	12291	43869
13621	47066
26889	48990
2243	2244	15281	28269
4515	24473	33401	33402
18123	52654	52655
193	28818	80677
71825	71826	71827	71828	71829	71830
5329	6490	37507
223	981
2247	19448	19461	19462
2066	22520	34912
18859	18860	28357
3527	3529	33148
8333	18882	19753	19754	19755
36991	36993	37709	41807	52798
46042	46043	46044
4373	39179	39180
15172	15173
47172	51927
260	3732	3882	6273	36746
6440	57681
15819	15820	15821	17057
2497	7593	63088
4699	43577
7077	8274	11342	11343	11344	11345	11346
14749	22863	22864
61940	61941	61942	61943
13393	40091
21840	21841
6	2305	7544	21513	21514	21515
652	1727
35050	49441	49442	49443
246	247	4155	4156	58502
22895	22896	22897	22898	22899
23210	44275
2770	29997
12412	58347
8333	20643
1050	8678	8679
4919	7249
77170	77171	77172
14116	14117	14118
5930	7496	7966
64575	64664	64665	64666
1191	4371	25989	30060
22178	22179
4699	6098	35848
7901	12615	12616	12617
20581	22167	22168	28904
13631	37912
11531	11532	11533	11534	11535	11536	11537	11538	11539	11540	11541	11542
13444	15669	17090	27696	43481
41825	41826	52027	52028
55878	75984
1463	79777
37694	45998	45999	46000	46001
22029	63687	64799	65895	67518	76094
7911	7912	7913
4735	7450	7451	7452	7453	7454	7455
3853	3854	3855	3856	16886
39373	39591
9877	16285	16286
19857	53409	53410	53411
32147	40970	40971
5116	17449
2364	8003	13019	28505	47546	47547
11570	24842	41368
375	26289	26290
5058	7037	20319	34490	66343
8284	18539	30029
54057	54058
73160	73161
7100	40944	40945	40946
4699	29916
2356	36288
46863	46885	48691	48692
1280	25780	64750	64751	64752
4515	15065	20891
12105	16115
8155	8718	11213	16667
499	14239	15528	30405	30406
2209	2689	3741	46688
15731	35884
68275	68276
1077	25147	31498
18535	27439
11796	22818	32779
13515	27152
3218	6654	30489
3995	9421	9422
2441	38352	39441	39442	39443
4300	77333
12184	44299
39216	67778	78163
941	1303	2116
3784	3785	3786	3787
7176	7177
2360	27377	65818	65819
2028	76706	76707	76708
16071	17000	31520
2766	39593	57171	57172
3637	5938	13278	36408	36409
16764	22835	30936
1076	1918	6543	23205	40008	40009
11994	15529	46925
5244	9515	59623
12714	30921	58003
2760	2761	2762	2763
1135	1138	3451	3541	6746	18275	18979	19614	19615
3935	12276
12579	14187	40873	80172	80173
1292	13429	27807	44300
6237	7088	7089	7090	7091	7092
1303	6493	6823	17024	17715	19677
8623	29223	49112
76332	76333
1892	7019	40609
1993	2291	6560
4349	22780	22781
18459	18460
4484	4485
1425	18025	18026	18027	18028
3366	6400
14029	62384	62385
7031	17758	39335	39336
6541	6542
69108	69109	78632
90	1414	2053
14432	18231	40522
6042	9337	28908
12671	29161	29162	29163	29164
5386	41204	41205	41206
59644	62223	62224	62225	62226
26905	43258	43259	43260
19905	19906	19907	19908
13548	13549
24550	37698	37699	37700
4871	24985	24986
3571	70114	70115	70116
2365	2366
13811	19806
4957	9121
13907	13908
1323	2494
15464	20120	23942	23943
60	16564	47835
3374	4569	10298	17852
49	32405	45654
3448	5568	5569
14069	15685	15686
1066	1069
3887	13714	13715
15399	15566	17001
2441	36937
10863	19766	78930
61887	61888
9270	12412	21893	21894
1097	14601	70378	70379	70380	70381
12609	18316
3972	13008
11363	11367
44862	44863	44864
8960	49100
14144	19766	23194	26948	26949	26950
348	4308	18774	35543
13472	13473
19928	42837	65980
5593	13366	21979	21980
10239	19935	19936	78031	78032
2912	5141	21964
2889	14412	14413	14414
5463	21219	22187	54129
3527	52392	52393
19214	20328	53032
240	241	2018	2497	9634
32851	45521	45522	73996	76018
22027	26943	34662	34663	34664	34665	34666
13014	73568	73569
13468	71553	71554	71555
99	130	2715
2410	2412	53963
15873	15874	15875	15876	15877
7582	15532	31942
3300	3848	4770	20141
1732	31374	62191	62253	62256	72134	72135
2265	2266	12646	38310
39260	54428
17168	52773
17272	31233
21979	21980
2670	2671	20627	25361	25362	25363
19857	64049	64050	64051	64052	64053
1761	9514	9515	53138	53139	53140
58296	58297	58341
1515	4195	4196	4197
35494	35495	35496	35497
34974	35030
5856	11911
2385	3541	13793	18275	21856	33501	62114
16855	65650	65651
45422	45423
2273	3098	23936
2989	22370
21997	65628
6750	79353
22966	78459	78460	78461	78462
13427	13429	14387	56297
5734	19028	51514
63063	63064
13444	33520	46743
8237	27667	27668	27669
774	61015	61016
12529	12530	12531
10030	24393	45873	45874
76548	76549	76550	76551	76552
11041	15612	74648
2377	28590
556	2767	23356	23357
14860	40951
223	3451	18274	18275	56552
67340	67341	67342	67343
20211	20212	20213
624	626	17715
1892	9270	11482	36561	46281
196	1966	17552	33879	33880	35285
16403	16813	28750	28751
13898	56181	64006
3626	41975
2656	2657	2658
3196	34541
68050	68051
6754	33528	46410
2942	29545	33233	33234	33235
25738	64234	72519	72520
11941	11942	11943	11944
988	989	73386
72457	72458	72459	72460	72461
28553	33311	65089
13347	78721
944	11457	12413	59839	67992
3381	3382
14298	14299
1325	17132	56362
13884	75845
78716	78717
1751	6823	21517	25386
2710	33030	50971
3980	17918	17919	32400
16434	38808	38809	49447	49448
60590	60591
7183	7184	7185
67700	67701	67702
2942	64974	65256	73849
2378	3369	44408	47880
16756	58774	69604	69605	69606
12450	16190	27766
46282	46283	46284
1177	1305	3654	10545	13151	13154	55361	56080	65247
3987	3988
9723	16764	22835	27537
4272	4273	4274	4275	4276
4116	7208	7209
1252	18528	27960
6701	12255	36294
80681	80682
3663	33281	33282	33283	33284
60374	60375
3513	33716
21611	22282
10743	63787	75076
16638	19464
12755	12757	34598	46007	48766	65003	66801	66802
26161	26162
4312	30957	33365	61513
3099	24308
19659	36732
12990	25356
12450	45816
2687	2698	2717	12892	13503	40139
34528	34529	34530	34531
18586	35776	59783	70994	71387
15570	67559	71411	71412	71413
22599	22600	22601	22602
13703	15407	15928	32419	56649
5662	23678	29919
2366	25043	25044
12295	15614	26706	31293
23258	37271	37272
63347	63348
13478	53215	69516
7061	7062	7063	7064
2842	12392	12393
5372	15943
266	3231
13428	14387	17286
702	15467	40048
602	603	29469	29470	29471	29472	29473
59060	59061	59062
3772	6780
7167	24318	26999
2809	2811	16714	16715
6264	10987	10988	32791
6576	52256	52257
12990	25356	70773
10696	19307	23097	25614	25615
1547	2699	3902	15128
36101	36102	36103	36104
7341	11284
3580	64257
14774	14775	39321	72227	72228
47724	53613
5554	32250	32369	32371	38135	40399
18934	18935
913	14284	24992	30957
11524	14847	29178	50661	63377	63378	63379	63380	63381
3837	7077	19304	19305	19306
7046	13965	65018	65019	65020	65021
8113	14688	19778	61318
1453	1993	3882	5440	5441
57199	57200	57201	57202	57203	57204	57205
18883	18884	18885
10692	35984	36644
1416	1417	6163	12751	25049	29436	44716
1605	1606	1607	8990	8991	9272
59224	66426
16336	71371
7121	23558
3609	5586	42815
2515	6983	6984	6985
5672	10849	25715
3609	23463	53022
4952	7200	8019	9375	20036	23218
8889	13781	31898
16403	22027	30014	30015	30016	54592
2899	11452	11453	11454
564	6836	14516	14517
3180	4338	4339
314	17474	51685
15469	15915	65946
56738	56739
79739	79740
3278	45273
944	16116
7952	11837	11838	11839
2251	17462	19834	19836	36882
8075	17677	26199
1985	3356	12854	17331	34538	52720
6597	6598	6599	6600	6601	6602	6603	6604
13499	16879	46369	58766
1082	1083
54207	60464	60465	60466
18	913	6585
17383	28858	28861	33679	33680	33681	33682
8092	58090	60214	71683	76811	76812	76813	76814
60152	70933	70934
32371	33451
33467	35188	63703
14888	15839	68260
35635	35636
14496	45091
14929	43228	43229
4049	17275	17276	17277
11777	20409	60697	60698
4902	36116	41589
12295	14872	38609	38610
8075	28576
3631	6096
3497	3498	10634	15014	15015
50722	50723	50724
3788	5431	52941	60313	63637	79875
166	9410	56098	56099
10579	30693
917	918	919
12993	16614
499	17761	21951
40273	40274
26972	45265	70522
10579	19852	30835	36946
1139	3356	3358	3360
3809	39904	50831
19003	33946	33947	33948
7713	13320	13392	13752	62157
7902	10142	10290	10291	60135
18256	19435	28423
1866	2018	2566	13485	13486
7600	13649
12735	12736	12737	12738
3099	17657	31736	31737	31738
11546	11547
16853	16854
3255	60060	70274	75667
624	6823	18953
16418	28518	28928	28931	55308
68004	68005	68006	68007
3277	5251
14991	15021	15477	17218	33346	69346
11600	23167	23169	24289
37733	37734
26943	26944	34296
52991	52992	52993
7293	61566	61567
11841	13951	80095
3589	9241	13366
14891	14892	24213	28219
53182	53183	53184
72820	72911
5207	5988	24652
8003	29899	34459	34460
28080	28081	28082
10921	52508
3627	3628
26494	61160	61161	61162	61163	61164	61165	61166	61167	61168
3368	15469
7086	7087
19802	25106	38131
47138	47139
66188	66189	66190	66191	66192
1259	17570	17696	29760	32675	32676	32677
578	2310
2829	6315
17161	23616	50779
6232	8805
150	49050
4323	23944
63372	63373
4323	8003	13019	44211	52197
26200	26201	26202
4516	4517
12540	39973	44436	51376
9270	21479
71300	71301	71302	71303
4246	6557	22269	49485	49486	66684	66685
130	131
2832	2954	2955
5524	6900	24390
3335	65725	67171	67173	77380	77381	77382
2179	16898
17070	56577	72285	72286
29111	73176	73177	73178	73179	73180
14705	16019	67124	75721	75722	76769
348	1384	7378
1918	69162
135	1191	4068	8250
31584	31585
5672	22749
5981	12273	12275	62395	62396
13393	56516	75187
14351	30526
3085	18118	19284	21473	22016	22017
1936	9256
112	990	3759	3760
15721	15723	16456
35581	35582	35583	35584
9919	14898	18841
14446	34849	55213
3609	20336	20337
14687	14688	14689	14690
7	556	5308	11797	25935	48371
5386	5726	50181
71761	71762	71763
2505	27362	41331
839	1093	4210	5172	45740
2669	17719
58838	74168	74169	74170	74171	74172	74173	74174
14800	73611	73612
50677	63004	64454	64455	64456	64457
1200	1351	2198
20188	26512
36573	44381	44382
18884	74611
6496	17190	21480
9415	13703	22242
581	940	4608
13525	13527	32442	66398	66399
1610	15547	15548
36329	36330
14690	16651	27935	35103	60912
10588	10589
66079	66080	66081	66082	66083	66084
500	59868
51750	51751
7370	59278	67906
8210	12285
49583	49584	49585
16748	16851
13319	13320
6993	9943	19124
29573	34084	34085
9906	9907	50863	50864
3487	29729	34573
845	48975
11367	60857	60858	67165
7446	25389	33202
12741	13398	38314
2056	2625	34908
2647	40317	78678
19490	31947	31948	31949	31950	31951
16440	79626	79627
2505	18406
1985	3820	14419	79105
4049	36975	43016	43017
5362	50177	50178
9887	17672
55383	55384	55385
60736	60737
4022	18461
9401	9495	25958	56363
56327	56328
3858	14706	16141
15145	27807	61792	68928	69081
12855	13413	13414	13415	13416
7094	34143
4459	13169
7365	7367	36155	36157	55540
11295	11296	11297	11298	11299
358	9518	10880	17664	22651	22652
240	241	23253	36500
7969	19284
2710	42284	74388
12662	12663
30121	30122	30123
3612	10846	36468
22134	69288	70104	76802	76803
12176	53090
12542	73257
45193	45194	45195
57854	57855
655	37198
3451	20590	57025	57026	57027
1413	1414
1060	9648	35696
11688	11689	37226
10938	77587
9738	28652	80221	80222	80223	80224
5665	21480	60558
3836	42627
73692	73693	73694
44119	62816
181	2270	34977	34978	34979	34980
5168	19826
20257	57498
55135	55136	55137
15526	15848	44416
74559	74560	74561
3218	24097	46058
1281	6378	6379
7494	15983	16564	16565	56127
5386	37276	37634
28474	44887
27081	27082
3935	51042	51043
1192	6033	61568
13578	80680
402	12726	29007
6550	41028	41029	41030
2489	3580	5885
11444	78849
2584	23269	23270	35898	35899	35900
19512	19832	31918
1378	2270	2948	7969
3788	5431	47282
14615	16238
13013	48929	53185
76834	76835	76836
1039	1084	25518	37433
2935	5166	14749	16799
23772	23773	23774
76431	76739
19026	25389
58965	58966	58967
568	4520	11062	43940
44056	52283
67003	67004	67005	67006
2239	58475	58476	58477
5146	15796	47377	56983	72416	72477
286	287
43984	43985	43986
69938	69939	69940	69941	69942
20434	28573	28574	28575
42103	42104	42105	42106
452	2332	40287	40288
23182	23183
1382	13013	64043	69232	69233
1065	15679	19474	31322	44014
211	419	4429	79291
8296	8788	15581	42970	48286	48287	48288	48289	48290	48291
6937	52858	74096
61628	61629	61630	61631
2815	4364	4365
18217	28392	55210	68616
21862	30770	31746	38997
41377	41378
53810	71968
3571	23407	38214
5930	7496	8821	34727
2441	17221	39007	39008
31642	41229
34069	36756	80389
6903	6904	11682	35715
241	1866	3424	3425	5572	8937
11759	19168	23169	33561
13227	16380	38058	38059
64669	64670	64671	64672	64753	64754	64755
5735	11392	18443	23759
2435	9928	20066	71490
94	1191	3615	4459	8386
33709	33710	33711
110	1600	6018	6019	67306
1383	11006	16586	56869	56870
1440	16575	16576
28209	60910	66937
21210	21212	26420	26421
58229	58230	58231	58232	58233
1065	15678	15679	16807	19474	31322	68815
70946	70947	79159	79160
10477	10478
2132	48322	48323	48324
224	8393	8396
20918	45626
666	13703	48698	49475
1228	2094	27096
14027	38852	43892
644	8283	16565	59550	60955
9951	37431
10239	13429
10202	13753	13754
8703	8704	24527
2356	73170
348	349	16090
47941	47942
47836	47837	47838
77776	77777	77778	77779	77780	77781	77782	77783	77784	77785	77786	77787	77788	77789	77790	77791	77792	77793	77794	77795
502	503	504
32714	50912	50915	70074	74903	74904
2536	17389	23539	23540	23541
110	6560	9749	11964	11965	11966	12169
25606	25607
7221	67410	71656
59034	59035
5146	15795	15796	75316
2028	3416	73026
14998	14999
2378	36943	39242
175	15318	15321	32439	43078	43079
12677	42041	42042
25856	25857	25858
683	702	5524	34263	79106
314	11812	54022
5341	5342	5343
3247	10089	13657	16446	18669	20497	53871
15677	41248	50341
5530	5745	19321	40597
240	6733	7037
1874	49185
60	2934	15809	67395
2277	6501	15364
4210	34654	73265
5899	7231	7232	7233	7234	7235	7236
19497	38203	38204	38205
15613	15614	19733	25830	65550
19545	19546	41885	41886
1479	1485	28482
12020	22446	71134	71135
77974	77975
66008	66009	66010
13897	13898	13899
36186	36187
7873	11711
1338	13884
17346	56005	56006
2415	2416	2417	29248	29249
40142	40146	40147	53626	53627
64576	72707	72708	72921
40888	40889
20304	20305	20310	42748	42749
1122	1124	1125	38779	51684
10046	14975	51391
27494	27495	27496	27497	27498
60376	60377	60378
2441	4271	46105
43752	43753
4312	50834
5021	12524	21663
931	6796	6797	16527
240	494	2880
321	7303	7306	18726	28438	28439
2588	2589
3663	11387	20903
2709	8760	10325	10326
2132	45497	45498	45499
7590	7591
12587	34245	73387	73388	73389
6501	64217	65239
9945	16010
196	1170	18604	62754
7077	11345	43098	61399	61400	61401
755	39351	43814	44209
6276	73000	73001
22010	27569	27570
3451	3541	7258	18275	18979	19614	58142	58143
33	56757
531	24644
664	18546	80629
603	7280	17559	27972	27973	27974
15173	16421	31788
21185	21186	21187
6576	12325	21393	21394	21395	21396
22704	46501	46502
1137	13187	51248
17596	21683
12255	21773	39211	48442
9514	58275	58276	58277	58278	58279	58280	58281
378	6931	18694
41460	41461
13099	18357	18358	18359
12616	68166
1161	5459	44449	45744
38112	38113
9189	62539	78473
13285	54700
8379	33756	33757	33758
915	916
6576	10126	12325	21394	23736	23737
1003	41123	48762	49328	50601
1292	13429	29511	40267	40949
3687	3688
7196	50747
9528	9951	55261
60038	60039	60040	60041
2505	8713	11812	18069
15224	24552
15532	33889
636	19684	41057
2943	4210	11160
13743	34992	36905	43148	43149
25389	36738
2244	6440
17187	37482
10785	17710	34230
66531	78083	78636
240	1177	1305	17432
4007	4370	12143	20293
13444	48332
9617	27534	27535	27536
24663	24664	24665
2019	2373
53377	53378	53379
8630	80243
7986	31236	42020	43896
961	4302	67178
1065	15022	15501	15502	56665	68817
41602	41603
2398	7921	10536	22252	42597
11548	29573
1177	13793	20312	24975	26513	60212
586	1124	2166	42812	42813	42814
35825	39951	40963
116	31883	31884
9772	9773	9774	9775	9776
5689	16562	23239	34493	34494
1507	3788	41684
9415	17968	72197
14069	44027
940	961	27493
17701	27807	33513	33514	33515	33516
2184	25109	41345
931	1608	5633
1158	2253	3134
76662	76663
1312	3092	18398	18399	21788	33378
6425	6426	61664
80139	80140	80141
2850	8390	20376	60423	68100	68101	68102
4045	5940	7161	12330	19380	21688	42630	44853	57444	67194	67195	67196
2677	8496	8497
8306	32284	65804	65805	65806	65807
2344	8630	37243	54492
3044	14386	14387	14388
2247	9992
10618	58896
1324	11839	36048	37109	37202	45905	60274	67348
3388	3389
4685	6266	80358
2377	12868	16501
1022	4012	8307	8308	8309	13397	24241
1487	2687	26965	44190
42095	43547	54001
500	44875	44876
2169	53970
294	296	46133	79811
10179	10180	50185	50186
28326	28327
13703	44231
2964	25334	56442	56443
1374	13788	15303	22495	29799	68812
556	6154
20048	63756	65110	68590	69015
2771	4888
2213	42344
5991	33933
556	3631	4226	7279	29837
223	4770
3374	4569
46712	46713	46714
12295	14017	18180
13943	58735	66274	75145	75146	75147
656	919	940	941	12098
27779	56431	59461	62535	67374	68087
9205	30070	30071
33468	41980
3376	24274	24275	64445
15216	75997	75998	75999	76000
43816	44162
1039	15012	15795	25437
1202	31721	41629	50917
735	2924	3580	4226	7279	10276
16050	30631
1797	4147	13577	14412	20848	22931	26746	57794	64277	64278	64279
1008	1131
44531	46752
8356	13428	39515
3310	20864	23255	23256	23257	23258	23259	23260
4071	7561	16756	19661	58773	58774
35915	52825
11123	11125	11126	11127	11128	29808	29809
3862	3863
5176	52830	52831	52832
17798	17799
22080	57197	70716	70717
5524	28551
64101	75725	75726	75727
37347	37348	39303	41074
287	18519
10484	10485
3114	15940	15941
4952	6535	7109	7110	7111
1756	9901	20989
6703	40389
940	18220	60332
6818	6819	72583
13013	71379	71380	71381
241	1023	4020	5529
12085	12557	12559	79578	79579
1324	11839	14707
9849	9850
9915	9916	77384
4277	7856	7857
34	1082	41086
26148	32714	64378
625	5899	6823	10785	18138	24254
68829	68830	68831
10369	10370
2941	7986
6916	9331	20521	23480
9624	73341	73342	73343	73344
3121	16176	16877	57566
1312	2169	4544
1039	38430	46452	47354
11638	12932	18239	18240
1177	6812	7527
1355	10409	17701	22292	22512
29573	33303	48067
3858	19404	34828
1804	48603	49553	49554	49556	62405	62406	62407
55592	57937
5586	35280
2839	22753
14876	14959
12398	12399	58138
13083	60152
30335	30336
3376	6462	10688	10689
12973	15279
42	4135	18361	28051	28417
35643	78310
46389	46390
2288	2289	2290	49533	49534
500	47005
5034	6742	11691	14457	14458	14459
5437	14726
21997	63997	71318	71319
229	6633	10008
7496	8819	10622
5178	25771
11980	19008	61923	64668	65192	65193
181	183	1868	32857
76435	76436	76437	76438	76439	76440
41825	41826
36048	63798	64865	77440	78029
2116	2889	5596	47900
68075	68995	68996
3580	6805	8284	9730	39191	49690
5953	9330	79281
134	135	36736
3730	4928	5622	21248	26249	28914	28915
6298	11819	18948
11759	68800
4389	17927	57918	57919	68750	74321	74322
9348	9443
9928	22366	56355	62635	69834	69835
615	3610	3611
1941	1942	20411	20940
135	277	278	11439	42404	63384
90	2984	3984	18952	23414
4323	13722	47574	47575
6576	12324	22969
7350	16425	27572	32343
35825	40963	40964
3881	5376	8571
16879	46369
1065	14958	42829	42830
481	482	483	484	485
7573	12938	34195	69775	69776
12341	16623	16940	38062
76	259	18697	43715
499	17760
1101	1102	1103	1104
4092	11310
79758	79759
105	4210	4371
4507	54520
15990	61742	64479
1235	3855	22887	37672
28111	28112	28113	28114	28115	28116	28117	28118	28119	28120	28121
16927	55996	55997	71536	71537	71538
3734	24759
211	2263	2639	5731	5732
16717	16718	16719
4330	7982	35448
15315	16445	36429	63401	70434	70435
40887	41980	41981	41982
3430	5591	22427
3027	24567	24568	24569	24570	24571	24572	24573
5645	5646	5647	5648
602	1719	14104
11582	20827
3092	3093
12540	39333	54429
2225	2226	11867	11868
25366	58935	58936
3609	3972	42815
7053	52826
53570	53571
1130	2839	7131
9937	9938
3973	3974
574	575	46012
2153	2169	15827	24820
7231	35422	35423	35424	35425
5766	55489	76135
2659	2660	2661
7000	51809
71591	72046
39135	71548	71549	71550
578	1546
13199	30871	43898
7257	9909	53650
1440	7100	37977
7894	11105
1722	60929	60930	60931	60932
34876	34877	34878	34879	34880	34881	34882
8770	10400
14213	23001	29903	57425
17409	17410	17411	17412	17413
666	16523
9349	67273	73872
49	14991
4115	54406	54407
35198	35199	35200	35201	35202	35203	35204	35205
70256	70257
48739	48740
1324	9030	17773
14972	70109
12220	19511	51310	62840	62841
9947	15176	15177	15178	15179	30082
1874	11213
4049	23202	36975
7627	7628
69885	69886
12541	12984
7545	27022	29874	50983
1595	8704	28523
3580	4022	9025	9730
5803	5804	5805	5806
11367	35729	53651
7969	33386	60872
2041	6208
50221	50222	50223	50224
15432	72153
13370	13371
655	19015
4071	58773	63519	63520	65063
2889	13350
6243	13055	39103	39104
3740	8283	42572
25835	34631
25499	70956	70957
2528	2529	2530
9728	12413
15166	73262	73263	73264
29877	32820	55047
5226	8250	41277	41279
4092	11310	18537
2542	2689	4419	10362	19857	26027	53559
314	4741	39709
90	45689
28414	79637
11653	41174	61625	61626	61627
20048	69015	69016
658	26173	32466	32467
34069	51007	51008
4475	4880	9093	9094
3338	12471	12472	33645	39287	39288
2985	4223	4224	4225
41062	80164
1411	1412
5146	7098	15796	26952
22236	51134
2358	16565	62093
1378	2542	10362	18255	77047	77048	77049
1290	16523	36841
7113	11288	52788
17161	39197	43627
36256	36257	36258
2923	14306	42456
7113	30583	72236
6129	23576	34374
278	4210	7019
919	940	1403	10712	13776
12213	51301
3278	26650	26651
1892	9270	11481	55769
1111	1112	1113	1114
183	3091	9973	19797
78174	78175	78176
39551	39552
26333	29737
16155	16381
136	79227	79228	79229
169	25054
3147	35643	41177	70275
4489	32203	33193	60859	60860
1023	10838
9514	9515	56392	56393
3451	4987	7832	39327
1508	36028	45779	45780	45781
38971	41997
259	834	835
7465	7466	7467
6436	21431
70906	70907
5511	5512	5513	5514
15805	15806	15807	15808	33100
49	16143	17001
26201	35271	50017
9945	15168	22535	66283
20013	33023	33024
12755	12761	31609	31610	33664	33665	33666
22716	47559
3773	41340
3773	16842
20445	20446	20449	26525
8855	8857	26621	59324
15570	73109	73110
149	150
348	21145
9030	16402	18215	18216	18217
706	20989
11682	17541	52674	61266
18509	50992	50993
1510	1511	1512
4508	4509
790	9186	11675	12703	13638	15535
839	3940	20780
3533	17363	31746
7077	19304	19305	19306
177	14829	41557
531	46266
3941	25303	25304
30698	30699	30700
1004	2244
4246	4573
28553	33311	44261
3982	7532	13875	17394	71940
8630	11401	31122	57181
556	6910	11797	12291
6496	27883	35288
16879	25234
686	687	2853	5524	14213	56733
2272	15808	30669	68615
23425	55371
1497	3451	28154	34795	56265	56266	56267
12845	61381
2623	41855
468	471	472	473	57406	57407
105	4210	40721
1326	15531
1106	1766	27579
9241	73774
6522	28185
1581	12295	36954
9877	80301	80302
4680	4690	4691	4692
998	54317	78999
8718	44019
69078	69079	69080
1653	11440	23928	26339	26851	59730
8713	25333	61110	65269
240	10945	30639
3176	17574
2380	15339	15340	15341	15342	66047
2809	6440	59576	68358	68359
2942	6701	49361	55915
4302	14800	16262
5296	26173
2015	2017	28926
2984	3513	33365
110	1721	20225
52331	64956
2834	2908	2909
211	212	419	4430	4791
11796	19635	19636	19637
11775	36428
11418	19572	20188
1788	1789
14303	14304	14305	14306
1232	35135	35136
12	15517	15789	24841
10536	15319	15321	18813	22252
42983	42984
1660	1661
20009	54774
17867	25318
27423	27424
12781	12784
51474	51475
12646	36828
6492	11290	21430
275	38717	50219	50220
8311	8312	13000
2744	3454	29434
9415	16768	16854	33824
12555	67975
25330	25331
2165	46365	52113
19792	19793	19794
7056	7057	7058
5225	13132
180	181	11629
190	3635
1673	4431	4432
217	9619	12994
799	17782	22469
6837	12697	26277	26278
20533	20534	20535	20536
23091	57454	57455
1192	4941	53954	53955
1357	11863
39940	39941
183	25655	38639
14991	20030	21674	29465	61652
3935	4423
5207	18390	39584
711	959	53246	53247
45402	50980
2259	7077	13709	17884	18512	18513
40919	73689
3446	6847	37355
11914	13419	40868	47476
1934	1935	1936	1937
2160	8128
28692	28693
22817	22818
19848	19849
28575	58251	63217	63218
3241	12777	19803
1065	1868	10746
14705	67224
3987	3988	66933	74440	74441	74442	74443
5586	57497
35084	35085
7052	40638	40639
7969	22122	23547
54092	54093
18279	38854
41410	41411
12235	65432	69384	69385	78226
60867	76138	76139	76140
15166	21673	21674
1414	1734	22562	24598
4765	21678	33006
1507	10702
42090	42091	51113	51114	51115	51116	51117
3836	17218	17221	29051
3687	39133
5144	5146	7098	15796	18887	33089
14991	15189	16488	67572	73947
2819	3515	6974
6426	58448
175	22655	24941
3742	13118	13121	46207	46994
7779	7780	7781
1565	9944	9945
41277	41278	41279
34380	34381	34382
5979	5980	5981	5982
5934	35245
30042	79152	79153	79154
27416	58730	58731	58732
4323	17899	20301
40386	40387	40388
518	32405	32680	42014
18820	18821	18822	18823	18824	18825	18826	18827	18829	19670	19671	19672
2214	32328
10089	31733	35124	36583	39582
17409	17410
76476	76477	76616
51981	51982
4389	13429	20676	29511	53745
7533	27576
60093	60094	60095	60096
1177	13793	20312	26513	26514
11831	11832	11833	11834	11835	11836
968	14049
7404	7405
14825	34053	34054
29094	47573	48244
14991	20030	21674	29465
2061	4012	6103	9549	21298
1823	7842	7843	7844	7845	7846	7847
14549	14551	65279
4060	7378	34230
9919	74606
23169	42515
2503	23651	36912
13600	14351
33580	59014
43603	43604
5996	6174	21986	70905
17340	33625
3544	64844
11023	24716
4271	5404	60500	60501
5706	23477
9545	68148	69166
14984	17607	17608	17609	27940	27941	27942	27943	27944
1305	5735	29215	29216
3261	3262	3263
25199	34785	42391
4385	55245
52418	52419	52420
658	659	24257	26173
4696	11876	45453
12178	42561	53477
179	23849	42934	48554	48555
24197	24198	24199
622	10282	10283	10284	10285
2670	23368	34225
40726	40727	40728	40729
1240	1242	74835	74836
2607	2609	6001	32672
181	183	25586
5874	8413
4046	6938	19956	26204
58322	58323	58324	58325
11978	15451	17289	70784	75301
3613	7557	55206
23013	34962	39426	39427
2470	9957	20362
15501	15502	16282	29379	52911
1542	1543
2947	20723	56394	56395	56396
3844	36274	76682
6074	6663	12413	21552
6576	13705	13706	28906	28907
20038	20039	20040	29307
9980	9981	9982
23610	23611
1453	2232	6909
1116	1117	28026	79933
9241	63219	63220
14439	14440
20409	22630
39841	78967	78968
2984	2986	10253
8712	8713	25333	37697
74059	74060	74061	74062
1060	4688	45337
9919	56544	74922
4044	4045	4046	4047
44804	44805	44806
646	647	648
464	8737	26900	52686
15321	33629	58877	70958
180	181	5622	5872
1515	1516	65762
1213	4714	20480	21241
4130	4261	4842	10758	10759	10760	10761	10762	10763	10764	10765
183	1005	20118	28711
17330	17331	17761	54515	60035	65512	65513	65514
1007	2736	4712	34786
64753	64754
2402	2403	24420	24421
75639	75640
34856	34857	34858	34859	34860
7381	7382	53807	53808
57243	57244
1133	2272	12994	73493
730	731	732	733	734
31641	31642
6823	20522	21517	24435
2489	43915	43916
7565	59338
36460	69906	69907	69908	69909
28504	31155	35692	38152	38153
43418	43419	43420	43421	43422
2095	6576	17743
9205	64730	74672	74810
3517	56587
45102	45103
17068	17069	17070	56577
43337	43338	47756	47757
4576	29859
43661	72968
166	22027	25544	25546
4301	78096
71238	71239	71240
183	5626	37772
3461	6501	12178
16284	40495	54740	54741	54742
1357	13109
4639	4640	4641	4642	9991	17405
3589	5302	5303	5304
2607	77269	77270
24855	27877	31214	31215
7449	9862
7227	21074
19960	70712
2842	36861
3043	11286
1007	7198	7199	7200	7201
4608	4609	18361	22236	73439
12541	12542	13532
3251	4132	4133	4134	4135
8155	18462	18469	20300	22173	22530	65954	70972
7413	7414
4309	4917
18372	30722	30723	30724
3884	4166	4167
8116	61571	74870	74871
3540	7231	19992	19994
7775	15990	20852
7957	52884
48865	48866
1214	1797	2018	10543
3233	19181	19184	52092	52093	52094
11984	17567	49532
256	4893
1267	4055	10706	10707	10708
36040	36694
2975	2976
25502	25503
2656	11459
314	1054	15637	26938
5159	5160	5161
13030	15811	15841	16317
13013	56985	56986
1868	10409	30080	30081
9945	14486	14762
1341	3091	8891
24681	36992	36993	36998	37709	39539
6767	26149
2596	29207
15077	26917	42817	42818
4075	42217	59413
2272	37895	37896
1871	2570	3504	3505
1234	13562
47207	47208
166	9495	14970
4022	20954
899	900	19187	50901
6939	13002	15262
3988	6956	59447	73384	73385
6073	12474	15667	25655	56212	59720	64118
3614	35875	39706	42563	42564
1945	23447
4151	4153	4154	33502	58509	58510	58511	58512
18	132
8417	8418
13600	17941
2969	8937	21534	28284	28285
21341	21343
14297	71399	71400	71401	71402
2227	2228	21430
2709	5282
16052	16056	27762	71567
7329	7331
29489	43333	65320	70589
67472	67473
43549	43550
1985	6557	31436
1737	33358	44633	44634
621	622	1412
38296	70048	70049	70050	70051	70052	70053	70054	70055	70056	70057	70058	70059	70060
23675	23676
1700	1701	1702
2332	5429
47165	47166	47167	47168
10438	10814
51925	51926
16638	59534
575	31052
856	857
14496	35824
2179	5991	9945
26587	26588	26589
64775	64776
79570	79571	79572	79573
45793	45794	45795	45796
22143	42722	50028
5325	14805	71945
37038	37039
14329	42267	42268	42269
21997	64104
15731	43426
512	3872	7100
2277	5775	43080
2265	6074	55630
159	37724	37725
22246	39742
6841	54555
70006	70007	70008	70009
518	3121	8587
1233	14717	14718	14719	15816	15817	15818
19552	23592
5205	19177	19178
4197	10278	67917	67918	67919
17070	39786	39787
223	22562	24598	24733
16923	56262
19928	42837	63795	71314
6633	13633	52288	52289
20	4500	66997	66998	66999
4005	17829	18049
1280	1535	1600	1723	2952	6154	18437	79418
19956	56705	75460
32700	32701
909	26805	31875	31878
12412	12413	60268
348	556	931	1110	1276	1535
15051	15052	15053	15054
60	27933	51138	51139
1507	12914	36656
2101	18920	19434	25267	25268	25269
2354	23465	23466	23467
11164	11165
17825	29856
408	79052
20434	20438	26418
4105	54290
8694	10983
12	1418	43205
1372	3487	5291	20932	28261
4915	21044	37441
5175	43999
18697	37224
800	801
1610	25844
3042	3043	9441	12137	12138	50121	68654	68655
1565	29732	34994
20446	20449	30687
18443	18705	29325
8704	16879	40580
22366	65151	65955	65957	73434	74939
19457	19458	19459
761	764	5172
56098	56099
13898	15129	18923
2803	5047
211	5141
14337	14338	14339
7668	11179	63182	64799
1765	13327	43507	54207
48703	48704	48705	48706	48707
22269	49485	59429	64953	64954	64955
3061	39373	49869
37158	51987	53151	61904	61905	61906	61907	61908	61909
37191	46981
15055	59996	61174
14436	61691	61692	61693	61694	61695	61696
7031	20734
29	30557
18631	18632	18633
159	10954	15930	18406
1325	9030	21636
2095	6259	23906
48	11226	15841	21697	23290	23291
8585	9945	14486	15217	18891
3366	73529	73530	76269
8004	76418	76419	76420	76421
1340	18540	23396
2245	2247	54839
966	13732	36647	50664
11258	64170
724	6509	6510	6511
24080	25117	25118	25119	25120	25121	25122	25123	25124
2363	41734
2324	2325	27009
2850	7965	22606	23202
3356	3358
11857	33225
183	3091	10025
78818	78819
16133	28942	28943	28944
17038	40345	40346	55903
1323	42225
1162	4302	39704
49358	49359	49360
1515	31437
2215	2216
7775	15990	26856
1515	25505
11367	13993	35729	53651
2063	11242	11243	11244
6077	6078	33185	37244	38546
72570	72571	78468
5656	5657
4655	10850
166	13853	57308	71816
8273	73217	76259
15012	15335	16943	40902
7995	7996
8524	13896	47746
13707	30770	78883	78884
23	21139	65773
13472	14014	19554	19555
34712	34713
29790	56175	56176	60852	60853
655	4271	5869	12235	61846
5766	78779	78780
12216	40455	75613	75614
23851	33923
36866	36867	36868
13887	15347	16427
8853	8854
79463	79464	79465
556	5301	25716	28024
14218	14221	14222	15421	15422	15423
3806	3807	3808
1444	1445	1446
62668	62669	62670	62671
1076	2823
1598	1599	1600	1601
1138	23003
16764	49646	69880	69881
6001	10089	17768	47833	47834
5757	22865	22866
4866	11463	11464
79618	79945
1065	10335	37028
14057	34974
179	3470	47851
2267	4754	18920
357	43674
16962	21326
8660	11555	31361	31362	31363	53395
10441	14827	80179	80180	80181
11570	18609	72136	72137	72138
5338	15734	46430
21936	22223
706	1513	2985
3281	3580
27042	51417
28811	68402
1596	2790	3233	4480	7553	7554
3675	23167	23169	26346
42300	69545	69546
3367	3369	14760	60562
1303	19677	59987	59988	59989
94	9048	24401	37107
485	2172	26997
7350	61624
1004	5330	5331
1053	38211	38212
116	4045	5640	19812	31608
10731	56541	56542
26416	26417
3456	11630	11631	11632	11633
24121	24122	24123
2053	5450	41629
2179	40535
3233	19181	19184
678	1765	5451
5620	9474	23681	63559	63560	63561	63562	63563
9351	67907	78502
19778	37081	37082
2819	62869
3218	49090
179	3369	3370	16241	16877	24466	36870	44067
2607	2609	14238
3884	6566	6567	6568	6569
68629	68630	68631	68632	68633
8464	30833	66651	75901
15602	22399	22400
7869	11068	12898	12899	12900
11913	11914	40868
40223	47613
12884	12887	12890	16856
377	58470	79033	79034
8960	23345
3376	11921	20800	27991	68008	68009
19929	65620
913	9121	19534	25842	51655	58257
196	19378	22158	22159	22160
1797	20848	27896
467	494	556	14239	16262	24679
279	280	37107	46130
229	230	15764	37637
15586	20855	20859	32128
9849	14991	16488	63786	63787
5087	5088	5089
3650	3651	9450
2209	12638	16531	48584
29573	40094
12319	17221	55874	77685
15427	20326	57903	74921
1453	22474	63587
48556	48557	48558	48559
499	23579
9684	12064	12065
1054	1440	9030	9031	44149
8880	12295	19454
5407	5408
1646	1647	24694	56086	57055
7870	20735
5327	16941	21320	34661
7836	7837	15716	60959	60960
7300	26206	67516	67517
679	43970
35433	43251	64921	64922	64923
348	8770	24598
10045	10046	21892
2378	36724
7011	25510	33262	33263	33264	33265
110	8503	43634
6259	22778	42193
1329	12279	23593	60733
6634	6635	6636
7906	23964	39498
8114	15498	48428
349	9420	12905	19269	19461	62805
31734	31735
3169	52800	52801
21862	21863	52480
5918	5920	24710	27763	32359
25030	25031
14749	16800	50574
49	36415
58268	58269	63709	63710
2699	19653
181	182	183	5622	5872	9630	23657	51418
24992	77627
13816	13817
756	26690	26691	26692	29176	29177
21177	79302
1110	3453
8297	8298
5357	7370	42694
3920	5983	5984
16389	49618	51088	58594	58595
78904	78905
223	10276	11139	24909	49364	49365	49366	49367
2180	2181
12497	36079	36080
13013	17520	37989
2850	14938	22858	49937
31	7257	20569	26783	76098
66064	66065	66066
17098	73157
11039	16386	19067
16928	17087
636	16962	23579
16095	37582	47281
5735	21537	21538	58546	76953
34146	34147
20064	61413
20581	35576	35577	35578	35579	35580
13435	78546
9648	12571	12572	12573
6112	49814	49815
23323	23324
3043	9441	74140
16135	23431	41765
1131	5530	9025	10033
28545	49727
11363	11440	35189	35194	63216	73574	77398
35626	35629	37625	37626
10749	17617
5386	5726	38080	44725	47253
10793	21082	21083	21084
505	506	507	508
1065	14446	19909	35092
656	658
2261	44344	73887	73888
64689	72745	72869	72870
26817	26819	57929
9844	25691	25692	25693	25694
2699	28686
23431	37812	42607
14128	20976
8297	69730	69731	69732	69733
224	321	21499
2505	8713	12177	12178	15191	42385
3808	16099	27508	29596	35656	35657	35658
532	7026	16454
1600	18313	24002	59743	60367	60368	60369	60370	60371	60372
4812	51066	54002	54003
1125	41198
644	1486	7698	8760
28455	28456
1323	10239	19935	19936
9200	42435
46671	60222
20	50530	50531
8434	40337
5731	12707	28968
2244	16590	26396
5689	16562	22948	39364	39365
4760	5310
4787	4788
2053	2056	12304	39205
5329	6276	6490
1116	10013	10014
79566	79567
12274	16568	16569	16570	16571
3980	23112	25542	25779
21917	47905
5360	28429	28430
52942	52943
18561	29877
3099	6432	21891
780	55254	58096
8660	12290	12291
183	37967	59966	59967	68682	68683
9704	9705	9706	9707	9708	9709	9710	9711
44289	44290	44291	44292	44293	44294
10432	32092	35887
53478	53479	53480	53481	53482
5731	12707	21089	28968
205	206	207	12931	14191
93	8273
12341	74097
35271	44268	44269
4309	17281	20946
75920	78630
66925	66926	66927	66928	66929	66930
13383	40906	48590
54797	54798
381	9413	22027	33494	36596	36597
4545	19267	61325
763	34369
135	3612	3613
1065	19307	23468	31322	34849
16855	76907	76908	76909	76910	76911
44508	47080	47081
16129	16130
14111	16019	16020	16021
18058	25842
452	453	6934	6935
20304	21663	23449	57783	57784
1034	1035	1036	1037
1985	12854
419	4191
7921	14904
2850	3337	13431	14593	15742
1257	23799
2863	18648
39170	55423
70935	70937	71601	71602	71603
9205	44457
12213	16693	38793	51301
2272	51880	51881
279	280
16059	27696
233	36691
32105	32106	32107	32108	32109	32110	32111	32112	32113	32114	32115	32116	32117	32118
941	1796	2018
44449	51184
6399	17968	28156	49333	49607
424	3515	3516
15054	65563
3980	23112	57614
9947	13633	49177
2059	19837
663	7805
11777	18743	18744	18745	18746
78218	78219
2882	3329	60046	60570	74210	74211	74212	75967
78448	78449	78450
1007	11502
13099	35389	43287	43288
614	5524	32430
1005	2421	9630	23613
2598	26354	26355	26356
20	13970	36954
2850	13429	16355	16357
6995	20377	31510
2698	29722	59508
30240	30241	30242
36422	37881
1793	45589	45590
6237	16847
6868	6869
35124	35125	35126
3080	33751
7445	16196	16520	37820	60965	64568
1460	1461	2492
3366	6400	9379
23534	32463
11857	43700	46700	48316
3098	3100
7876	7877
3044	41367	71491
289	22885	37429
5737	6315
1892	6537	36638	36639
7952	42414	42415
6532	44974
10499	10500	10501
13792	13793	18966	20312	36403	64264
14974	33005
42545	42546
17372	18700	18701	31922	31923
5266	18352
13427	13428	13429	14935
1225	1362	1363	12453
12196	22998	46797
34422	34423	34424
13600	17136
2568	7255
1468	35124	36583	36585	39315	39316
10581	25591	25592	25593	25594	25595	25596
4459	54960
227	12455	14059
2371	28027	28028
5991	15656
80426	80427	80428	80429
8003	8995	34460	37245
6252	6254	6255
2366	24913	24914
4355	4356	4357
9804	16851
7628	19466	39130	39131	39132
66899	66900	66901	66902
110	1721	17923	23585
12381	12382
5686	39434
6910	17803	19964
30974	30975
3386	57104
26111	26115	69482	76971	76972
183	3091	14764	18065
3882	11587	19763	29779
5386	47824	49223
3293	10954	36087
25016	25017
41285	44136	59974	59975
4277	40502
9339	9943
22564	27374
2272	12994	67234	68040
2406	4154	20422	20423
2246	23083
1487	6496	15788
13580	42927	60127	60128
39660	39661
59151	59152	59153
1201	19403	21419
6436	36120	38517	38518
17752	54593	54594	54595
11928	11930
11065	11066	11067	11068
2832	2954	9522
230	2709	3367
4310	4312	4313	6367
11914	13419	59867	62887
25275	47739	69131
5066	5067	5068
3893	17001	25516
17339	17340	33625	80080	80081	80082
64823	64824
2272	12994	37083
14360	30612
2267	16276	18920	22098
2378	11909	11910	18959
1138	48854
40663	40664
35328	67029	67030
16421	60382	60383	68185	68186
20734	30588	30589
659	26173	52395
14242	48145
5273	14020	14070	14071	14072
4409	11445	16233	16855
18251	30955
1084	27916	40458	53155
1293	37039	47289
9805	14367	46157
5822	52537	52538	52539
7804	9142	11258
14857	14859	14860	68765	68766	68767	68768
1804	11712	11713
72344	72345
4323	46073	46074
2863	48583
10169	11710
10089	12019	12020	33356	64011
18523	32709	32710	32711
462	3453	4532	19556
272	485	11784	11785	11786	11787	11788
20694	42390
49795	49796	49797
28938	70313	70314
588	5360	32392
30389	30390	35475	35476
5499	11134	28029
6731	9953	20036	20037	55530
2555	22723
21623	35967	51587
837	1331	2441	3527
6440	41785
8210	14385	42278
2698	2717
3631	35670	35671	35672
5733	5734	5735	17576	42338
8193	9415	13641	13703	41719
5689	9241	18004
1813	20122	23044	24535	27225
2474	2476	52613
2243	20878	25019	33287
60513	77469	77470
17468	45991
2160	23302	39203	40803
2710	3834	4699	43576	43577
10491	10492
6812	9109	22017	34216	34217	34218
30079	52784	61619
3329	5264	7775	18569	18570	18571	18572
903	904
11197	11198	11199
3854	3855
608	3696
45446	45447
634	30276
19074	38632
501	50126
12288	17734
49543	49544
5481	5482	5483	5484	5485	5486	5487	5488	5489
62628	62629	62630	62631	62632	62633
10123	11392	13031	13032
15398	15399	69973
3708	16634	71885	71886
3866	3867
2609	69310	69311
51126	51127	51128
39413	39414
17327	17328
910	15672	32806
4858	4859	4860
7078	15055
3545	30285	30286	30287
940	1947	5719
2964	53146	63696	73393	73539
314	14567	36733
56830	57000	57001	57002
2984	7715	10253	30710
9571	21814
2839	20581	23788	34470
6081	39854
38869	38870
1121	4520	62844
13551	14523	14524	14525
76171	76172
10785	26188
931	3242	5911
304	15377	15378
3658	19396
2687	6001	46313
32326	32327
61578	78370
6493	22704	41088
14144	16866	19766	62798	62799	62800	62801	62802
28905	66287	66288	66289	66290	66291
1719	19250
71674	71675	71676	71708	71709
64947	64948	64949	64950	64951
8197	9992	21362	44035
110	8622	19351	19352	32496
16858	16859
201	7031	8502
22188	41468	41469	41470	48668
6897	12397
8076	30868
7982	19563
18282	43562	44908	44909
2702	4449	4450	4451	20948	56696
10921	44345
2619	2620	2621
43133	43134
28252	31523
40308	40309
11839	12493	12494	12495	12496	12497	12498
26756	41235	41236
29095	36516
6320	36582
3659	3660	3661
16228	50152	50153
710	7277	35176	78900
259	2406	66780	70477	77822
4902	30479
60	16050	37643
580	11736
11293	46192
500	1084	40712	42465	42466
15216	21506	41328
854	17595	56777	60556
4957	23851
2356	8713	60843
70091	70092	70093	70094	70095	70096
2209	2494	3363	11812	36383
1125	49099
23882	23883
3767	3768	3769	3770
2028	4171	10204
16502	16505	53934	53935	53936	53937
38376	53168
168	169	170
1844	13551	22704
4210	13494	16414	17289	65697
12118	24530	24531	24532	24533	24534	24535
80421	80422
23407	24368
12609	51698
59224	63608	64513	64514
2596	43826
1281	11367	19965	19966	19967
5472	61974	61977	62179	62180	62181	62182	62183	62184	62185
4917	20332	20333
1441	13861
60	26965	48034
224	10632	21617
2448	31098
3567	3614	14754	14755	14756
47628	47629
2266	12646
3188	11820
9117	10259
16954	22746
3069	8789	9509
27795	27796
856	21964	25936	25937
352	9648	17814
19084	53241
1251	18084	18436	54989
9111	9112	9113	9114
16628	16629	16630	16631
13823	14183
5934	58157	58158
14419	55349	55350	55351
2085	54157
10578	14944	27519	28286
37895	76016	76017
940	1673	10578
2850	14593	15742	61589	73803
5149	10832
27035	27036	27037
4116	9131	26759	26760	26761	26762	26763
44200	44201	44202
13013	15120	17520	18425
4306	4307
2097	5329	51344	51345	51346	51347	51348	51349	51350	51351
2824	7445	19026	41422	60705
4071	13793	18967	20312	32589
4210	17209	52622
16226	40633
6042	65356	65357
764	3581	51515	51516
4040	4041	4042	4043
2000	80018
31118	31119	31120
39391	43261	43262	43263
14934	15291	15475	45199
24579	24580
2934	4004	45311	66077
1065	3023	3025	37274	38159	38160	38161	38162
7496	25784	33687	33688
1607	9252	9253	9254
1039	14777	23029	23030
10850	48426
7085	54259	54260
5608	57067
7952	39143
183	15808	34461	34462	34596	34597
15091	19452
795	797	18236	18237	18238
20380	20382	40755
179	8760	16875	23448
4301	37652	51470
11701	11702
145	3991	18983	19680	30802	30803	30804	30805
15189	22656	53151	56110	64925	72022	77628
107	826	7331	17740	53772
16096	32433	34458
6613	41893
62891	77345
17101	33939	66659
13765	13767
1203	35877	41289
135	14930
2677	42173
20	2366	2378
59585	59586	59587	59588
3446	6847	34513
2089	11796	16638	17835	19636	19637	21787	37123	59710
2594	2595	2596	68293
14749	24609	31188	47210
7933	7969	7970
11705	16408	29511	41072
23183	69641	70951
94	14705	65167
41670	47626
81	14149	22446	60901	60902
24975	25048	32931	56718	56719	56720	56721	56722
14860	52611	53809
3255	21103	61638
1484	27946	43248	43249	43250	43251
9065	9066	11568
14611	18659	19552	43159
6440	19708	27847
1694	10012	16507	16509	44375	80061	80062
524	525	526	527	528	529
47	56871
3773	45221	45222	45223
6597	6600	39969	39970
18256	77125	77126
1973	1974
1193	17000	23242
37998	51946
10908	16156	16934
61578	68434
67796	67797	67798	67799
5991	13479	15656
8791	8792	8793
21817	43776	43777
3855	38259
39802	55153
13671	33303	51947	51948
5382	5790	38828	38829
1003	10432	39804
1262	1263
75342	75343	75344
7037	8012	20014	20015	46696	46697	46698
179	44265	44266
10460	75862	75863	75864
8770	29466
15893	15900	23352	23353
239	3533	17363	30668
14991	15022	17221	29151
1076	46407	55219
76400	76401
19283	19284	20622	20623
6505	34208	35542
8477	9276	17635	17636	17637
11572	14777	48201
181	1372	2948	5735
1507	13667	42744
3724	8760	60864	64047	73705	73706
1264	6633
64596	64597	64707	64731
375	1280	8623	60421
10152	10153
2448	6077	15542	27575
4971	33859	33860	33861	33862	33863	33864
32609	32610	32611
21633	21634
4324	22284
14952	16618	16619	16620	16621
20493	24404	24405
76800	76801
12158	12159	13848	13849
1080	1081	7476
11619	15056	16859	69114	69115
11944	16056	16986	17543
37027	38374
256	2291	3070	6375	32378	49501	52212	52213	52214	52215	52216	52217	52218	52219	52220	52221	52222	52223
7933	19111	19819	64248	71808	71809	71810
27682	27684
22748	56524	72187
3233	28476
13639	16262
1673	4432	26584	31621
6129	7520	26409
34348	34349	34350
57539	57540	57541	57542	57543
2378	16108	28083
19798	19799
3439	50705	50706
1794	1795	11460
30888	30889	30890
16778	31054	31055
4866	5622	22966	24519
556	5308	5309	28024
17195	54800
961	3935	29917
22269	59429
5361	11796	59277	71782
1508	36178	36179
7200	27627	64285	64286
1269	6770	36728
28269	29770
18229	18230
1183	3376	3764	4628	8040	9381	13816	17411	18762	18763	18764	18765	18769	25218	32410	32411	32412	33216
1985	12579	22797	55288
6434	43686
13104	25243	25244
10034	10035
10058	10059	10060
1996	1997	1998
26580	26581	26582
6077	6078	17847	33927	33929
28449	28454	63031
8045	10705	13254
22029	24525	63687	64314
1921	3091	8007
54808	54809	54810
181	1846	3008	12824	49711
2153	7805	18540
5996	51742	72065
181	1065	17190	18773	23468	42773
45521	45522	80522
25767	25768
1161	5459	21165	44449	45744
41824	46176	46177
182	3654	3655	19461	20132	36743
4071	5253
69806	69807	72300
1707	19117
37264	40226	41879
14721	70294
185	15989
2744	3454	18624	18625
4642	12203	12204	12205
34956	35719
1134	3366	14204	35892	60333	75633
4997	4998
9723	22585	22586	22587	22588
68877	73789	73790	73791
1985	20719
14496	41669
9386	17906	17907	17908	17909
183	3445	50682
3368	8880	72184	72185	72186	74842
1338	12176	47533	69887
3255	14856	41453
3309	5546	58800	58801	58802
5344	27901	60004
1453	28235
1039	1593	14777
17984	50101	50102
1225	1359
510	1595
5172	13496	61771
14023	70804
2141	63404
8867	8868	8869
105	106	19040	34237	34238
1485	8113
34785	56936
961	13913	13914	13915
4323	4902	12591
47	56871	75330
5346	80453
53545	53546
1308	3332	40710	40711
16367	20711	20712	20713	20714	20715
62346	62347
14790	14793	17289	59702	59703	59704
423	1121
2689	4389	4866	11463	19857	61981	61982
49031	49032
10445	10446
14991	15021	15022	15023
6918	74832	74833
38999	47579	47580
11613	39113
3358	7866	15153
22417	22418
14822	21303	21304
2850	3609	5586	14532	55527	55881	60881	71952	75232	75233
2421	3487	4450	9630	20523
2850	14996	15742	43112
7167	30850
12162	16607	25500	25501
2179	34069	39445	41892
29506	29507	29508	29509
4482	7302	58483
3247	37693	59395
80532	80533	80534
63195	63196
15475	22891	22892
9852	26518
1326	48844
20505	48815	48816
15967	15968	15969
4545	50537	50538	50539
15736	40766
5357	43719	78349
2378	20724	20725
8339	8340
6633	10940	13257	13635
11307	78722	78723
17182	17183	48485	48486
79355	79356
3742	11187	13121	37228
13713	18155	31466
1324	37524	64002	64828	64829
2571	2572	2573	26306
35534	55468
7471	58898
3935	28347	75961	75962
17722	28580	32092	33742
1890	38545
3654	3655	30689
1003	8718	11213
6755	6757	10096	13581
20302	69659	69660
993	4068	6447	14346	42015
1312	5207
19284	27954	27955
16031	16032	16034	56675
18380	18690	25094
3247	15988	30206	33850
16859	65163
2902	33158
22423	33567
8277	8278	8279
4044	4045	4046	4047	79372	79373
223	1023	9025
7957	10889	10890	10891
5332	5333	36343
14711	14991	15829	58568
22120	66748	66749	66750
1085	42717	42718	42719
12164	35187	54124
1076	3742	13118	13121	37306
18586	35776	54840	59783	68421	70994
7901	28272	28273
17882	60656	60657
3073	9733	20570	79910	79911
66631	66633	66634	66768	66769	66770
9206	21466	21467	21468
735	736
9571	11276
47330	47767	47768	47769
24407	32773	32774
35452	35453	35454
44	10887	11168	11191
49300	49301	49302
4798	7787	9489
62813	62814
16035	16036
68838	68839
13267	73414
1563	6576	13823	13824	13825
9555	9556
44719	44720
12455	55120
4457	4460
12243	37110	37111	62618
15904	31513	56069	56070	56071	56072	56073	56074
6746	9339	29349
3146	4736	4737	4738	4739
15569	15570	68725
64373	64374	64375	64376
9496	14898	21085	21086
8620	42762
22301	22302	22303
4025	26988
18279	62487
3369	14760	17292
8698	12252	12253	12254	12255	12256
1020	20376	21783	29871	29872
2027	2029	2143
79822	79823
11909	11910	44749
24891	24892	24893	24894	24895
47872	47873	47874
6192	37591
2376	34794
5206	13574	13576	13713
40681	43390	50994	50995	50996	50997
6254	59859
4600	79478	79479
5724	35038	47987	47988
38925	78545
3039	3562	3563
53510	53511
9945	23468
24357	24358
4947	4948	27731	37175
28852	68972
15642	15643
90	3252	18952	23414
4385	49861
11270	12380	58203
39253	39254	39255	39256
15872	37340
18501	71476
36410	36411
8040	10454
1605	1607	8991
23558	63331	76268
55190	55191
1177	1305	2497	8810
38180	38181	38182	38183
2409	41801	45282	45283	45284	45285	45286	45287	45288	45289
75354	75355	75356	75357
137	138	55703	61476	61477	61478
1985	8505	8506	8507	51490	51491
56963	56964
5148	57990	67348	76619	76620	76621	76622
19404	30758	30759
56359	57255
80112	80113	80114	80115	80116
6551	8757	18690	40592
1039	17414	17415
314	15889	44077
256	492	6563	17587
14983	19653
37313	53675
23890	69399	69400	69401
10134	18161	18162	18163
1357	1403	4147	8682	43537	49421
4688	5755
4312	18701	39470
278	2265	3417	49321	64435
969	11588	21683	26219
712	2645	2646	2647
31693	31694
1745	47794	47795
16050	16110	74380
2165	48628
22218	22219
10921	48224
36026	36692
1331	5608	13392	42396
24103	68373	68374	68375
3146	9209	69144	69145	69146
2043	30768	45871
5394	60491	60607	60608	60609
1459	1460	1461	55197	55198
16424	16425	18506	59878
15528	15529	22005
6002	45244
10123	51096
234	348	57297
12190	12191	12192	12193
11042	30885
23064	23065	23066	23067
961	3536	58609	78325
715	23720	23721
2623	32885	49674
183	19808	19809	19810	19811	19812
556	5308	5309	9877
8209	17283
8782	10253
965	42771	42772
7272	7273	7274	7275
2089	8115	13828
2834	13206	80678
224	511
5368	11425	11426	26213	30373
9312	49866	49867	49868
3835	3837	7085	48423
7547	30122	42475	42476	42477
5644	34868
1623	2160	4634
70580	70581
3125	18886
12447	12450	23166
57305	57306	57307
25597	75582	75583
1323	28338	51031
4471	7951	12730
65664	65665	65666	65667
13562	15173	21710	33347	33348	34236
48932	48933	48934
8772	8773
36326	52449	78341	78342
3247	17588	24053	45998	66153	66154	66155
16032	16034	16976	16977
8880	12295	19454	35333
8323	16933	22049	69766
46823	46824	46825	46826	46827
33792	33793	33794	33795
15392	17899	20210
19181	22402	25414	29165	29166
7978	13943
4678	15334	22809	22810
4242	24653	24654	24655	24656
3320	19075	20573
2367	5058	18461	36555
656	19356	22692	22693
4576	24281
133	3546	15719	61971	61972
2947	2948	5618
12990	71106
105	106	7233	19039	19040
72	1515	1516	33084
17825	38312	45815	56827
14023	50121	74319
181	13119	17527	20067
14519	64512	65750
2209	17289	17927	33629	37478	57918
17095	17878	17884	39677
1879	36427
16564	29242	50439	50440	50441
62986	62987	62988	62989	62990
16640	60724
2566	4547	20042	20043	20044
2356	8714	16542
2985	4223	4225
59599	59600	59601	59602	59603	59604
1058	13432
13552	13553
6803	18066	18068
1349	15963	15964
275	276
1798	53767
966	2042	2043	46554	52585
4587	5102	21415	26178
5425	6931	11137
8763	25924	42422	70470	70471
36389	41765	43358	61387
16646	19929	29027
1204	1968	7980
1985	14421	14422	14423	14424
37088	37090
46666	46667
13393	40380	40382	56516	64339
1106	79383
1084	8003	42540	42541
2845	2846
59027	59028	59190	59191
4207	6731	6747	7662	8018	18725	18726
2912	2913	35294	77296	77297
4573	57301
11366	11367	22924	55068
76	27317	27318	27319	27320
8541	51503	51504
839	3940	52859
17979	17980
12868	17092	17093
35442	41222	43297	43298	43299
27144	27145	27146	27147	27148
270	2393	24474
799	17782	22469	70271
256	3041	6103
6400	35069	36276
25163	25165	25166	63875
4458	6490	7012	19828	42952	75164
9	2372	15782	15783	22556	57742
14891	14892
3974	21226	21227	21228
4875	4876	4877
223	7012	42952	64729
1346	1349	49333
27690	66182	79120
3881	30558
6891	10058
1378	2542	19857	26027	59552	59553
259	7378
15983	16563	16566
2438	4515	5665	5666
1404	6618	6619
8541	58271
27653	33578
4705	11801
3370	8155	41016
3541	12706	23580	29351	66747
1997	17962
10843	10844
80325	80326	80327
12990	14903
7078	27098	27099
8791	45621
3749	8581	33671	33672
914	1607	2969	6819	33734
1135	2492	47185	47186
3795	9527	9528
19595	38304
4866	11463	21618
267	50828
2043	3958
429	430	16337
1634	5935	37924
14471	69928	69929	69930	69931	69932	69933	69934	69935	69936	69937
113	24830	24831
4828	4829	4830
9626	28476	45504
10363	10364
1516	23302	23623	26829
12	15517	24841	29651
4092	6753
1565	21943	39623
10918	31063
12948	12949	12950
1374	2497	3901	13793	16221	32385
7957	18467	32196	38508	38509
12120	53123	53124	53125	53126
14272	16936	16937
8331	9910
61514	61515	61516
4822	16208
9684	13403	13404
1053	7860	11839	38211
2770	38908	38909
28479	54168
13759	45548
14870	14871	14872
5344	79955	79956	79957	79958
8003	8995	38764
23964	39498	48477
2850	15794	31421	75491
2021	2505	4731	18069	27362
1981	1982	1983	16197	16198
8711	11914	13419	59867	70540
15970	15971
2699	12962	28686
294	296	48384	56888
2209	14793	17927	21812	24466
2119	5925	59007
71901	71902
968	14049	14317
1486	13082	14157	15307	54280
90	26239	26240
3275	10322
44475	44476	44477	44478
17406	43436	43437	43438	43439	43440
2698	27690
14688	14690	50586
16690	16756
1993	5667	6285	6733
5329	35510
2889	4955	4956	4957
16989	24427	32844	32845
1975	12238	49821	61768
540	943
15022	18406	55548	61495	63757
3734	3970
9291	29596	29597	29598	29599	29600
11293	16392
66266	67034	67035	67036	67037
47284	47285	47286	47287	47288
2246	10718	48782
57311	57312	57313	57314	57315	57316
1638	17715	19677	31023
2253	12806	21769	31586	37091
14872	44673
23456	28509
2246	10718	21101
16171	50598	75904	75905	75906
75615	75616	75617
17389	51486
1797	5207	18155	20553	20668	26746	27896
8199	10134	58071
9027	38727	38728	38729
659	18501	21253	64223	77302
278	3417
3227	10347	49858	49859
33855	46320
63081	63082
5745	9624	16312
14595	22841
2435	6743	6744	21728	27016
3233	21865
7339	29463
7571	7573
23872	23874	36587
8540	67411
18123	29186
21217	21218	21219	21220
7085	35524
9746	27236
3247	23069	23070
35326	35327
19870	52362	52363
169	53029
52258	52326
6302	6303
961	11726
1389	41609
422	423	424	2819
14733	29076	48514
4330	12412	17629	31882
76787	76788
7469	35127
1193	15506	16070	16071
2698	2717	12892
42119	52247	52435	52436
959	27109
8324	8325	8326	8327	8328
40651	40652
1440	9030	14286
3654	3655	3829
24246	25790	26379
4072	4178	4179
61056	61057	61058
839	45341
1673	4432
35289	35290	35291
7920	7921	7922	7924	25833
19498	35442	48638
6835	6836	6837	6838
6557	10540	12661	18256
175	3019	22656	37555
1822	5864
15179	15444	27300	62373	62374
44958	44959	44960
6628	51812	51813	51814
27061	42853	67066
20021	20022	20023	64924
11307	50461	64868
1214	7331	7332
2147	4072	4079	16261	25454
3397	3858	7700	8913	13631	15191	22246	56999	68906	68907	68908	68909
15863	15864
919	940	977	12473	51843
13082	15307	20985	24314
2095	5125	5126	5127	5128
24157	40991
3416	3417	10584	10585
16245	21325
8704	49558
6573	14102
14971	14972
1647	16734	72318
6400	9208	27044
5861	5862	10596
8908	10111	79633
9205	30148	56233
1378	4072	32589	59908	65318	65772
2568	9025	11294
29821	29822
57499	57500
32102	63648	65851	68350
90	579	9386	28958
18299	49563	49564	49725
1299	1716
1191	4149	28208	28209
7589	29853	32625
1403	4147
80491	80492
12781	40476
26040	26041	28230	28231	28232	28233
272	485	5988
28916	28917
47	16009	16010	70794	70795
21039	21040	21041
2385	18275	25481	48102
17103	17104	20668	40085	40086
3788	3790	4107	4108	4109	5431	13370	36007	36319	44610	47282	54012	55794
25763	55496	76061	76062	76063
2227	2228	2320
35515	36685	46144
64487	73482	73483
3725	62901
13094	16685	16686	16687
2277	35727	35728	35729
1281	1459	1460	1461
32804	63739
1252	8623	10159	60757	74688
25502	57287	57289	60976
25576	35426
9889	9890	9891
10431	10432
24652	62625	73280
13793	16221	60317	73100	73101	73102
15259	15719	25109	51063
26066	26067	26068
2089	24139	24140	24141
3310	49809
14017	14069	61805
12157	12158	12159
5024	5025	5026
53078	53079
2850	20054	20055
32883	32884
16090	18038	19596
7365	13507	46723
800	2031
16881	66540	66541	66542
3069	62913
26639	26640
9376	19103	34220	63526	75027	75028	75029
1689	11866
33651	33652
16950	16970
40737	67888
25922	37463
6496	17190	24609
2020	2022	2343	3837	7772	7773	7774
3242	7012	20581
2272	46527	46528
181	1600	2270	21835	21836	21837
3392	3393
11803	11804	21919	29491
25012	25013	25014	25015
11682	43505	48310	48311
6160	21013	24816
53829	59589
4765	12200	12201	12202
782	1752	2214	2568	7011	9025
1214	1302	2055	7331
3099	20037
23230	23231	23232
240	10945
35984	35985
260	2232	3580	9843	19716	20003
1916	2824	3546	11287	15022	18122
63317	63318	63319
5800	14976	14977	16777
2271	18749	18750	18751
10409	10410	42517	42518
24331	24337	56725
26478	26479	26480	26481	26482
223	31156	31157
16595	35878
18747	20896	20910	20911
30443	30444	30445
6046	23781	40614	40615
6105	6543	6544	6545	6546
15531	15532	47160	57752	57796	61907	71495	71497	71498	71500
8644	51608
5891	5892
14794	24307	30246	30247	30248
41726	47000
790	7156	11396	11397
14690	33495	34889	34890
6878	6879	10784
24528	24529	25822	25823
260	1302	3849	5206
9732	9733	27458	44048
556	10118
66717	66839	66840
4987	6612	6613
2418	8439	8440	8441
5586	60880	60881
14312	16548	16549	16550	16551
13657	18668	18669	18670	18671
2179	65369
17597	17598	17599	17600
36929	37870	37871	37872
987	2118	2119	2120
20263	20264	20265
28016	28017
33352	33353
14660	70935	70936	70937
15251	16365	16366	16367
13099	31010	31011	38700	46685	46686
712	965	2647	42408
3196	19005
26416	79748
1291	13009	13010
47	74462	74463	74464
2066	41937
1161	14829	15671	15672
205	207
34714	34715	34716	34717
1946	1947	47258
16084	16086	28847	28848	28849	28850	28851
72697	72698	72699
1600	5942	6103	58146
78440	78441	78442	78443	78444	78445	78446	78447
48717	62698	62699	62700	62701
14133	14134
712	2647	37652	37705
285	57383
8724	8725
3980	33046	33047	33048	33049	33050	33051	33052	33053	33054	33055	33056
2267	15001	50253
3354	3355
1447	1448	1449	1450	1451
32264	32265	32266
7952	8880	15315	16445	63400	70239	70435	74397
5146	7098	15796	18121	18122
2059	5731	12706	19368	22532
965	42408
15953	15954	16780
7668	12245	73596	73597
2378	40651
1977	10578	43346
587	59366	59367	59598
35678	51833
14703	14704
67604	67605
13427	13429	14387	17172
7956	17112	74329
1507	2265	4754	13668	53456	55491
3125	3126
3834	11329
3939	20541	20542
11258	32157
5524	8474	14312
4116	7125	19025	48214	66300	66301	66302	66303	66304	66305	66306
2326	35527	35528	35529
965	15096	39282	42744	55496	61253	61254
183	3091	6765	26611
69824	69825	69826	69827
27852	38399	38400	38401
62674	62675	62676	62677	65729	65730
4989	7367	15998	37860
1365	1366	80330	80331
42095	43547	49323	49324
34963	35337	44023	44024
4941	9030	16402
21753	25094	41820
3196	71378
2243	16741	16742
25084	30250	30251
31560	31561
579	26174	29214
8283	25315
2251	16031	16032	16033	16034
6096	13110
23641	23642	24219	27513
4226	7709
33485	33486	33487
25924	46661	46662
2259	17884	18513	29343	43629
18	3280	24916	36701
14790	14792	14794	69054	69055	69056
10060	42976
43846	43847	65003	65004
3589	5572	5745	8936
1005	1401	18898
4553	6071	6685	11673	11674	17928	23184
41946	41947
11924	52356
6066	27929	67052	67053
14709	19335
14790	14794	29644	61793
3247	4038	10089	20497	20498
1998	61407	71812
135	9648	12571
1131	3041	3998	7662	24361	24362	24363	30457
3935	15615	38413
19008	64752	76708	78880	78881	78882
15292	25706	45199	69791	69792	69793	70812	70813	70814	70815
155	66028	66029	66030
13641	44223	47469
20406	39854	50548
1753	25777	60550
52343	52344	52345
467	4106	18364	18365	18366	18367	18368	18369
105	106	60882	60884	71008
4210	15469	16414
6046	22216	22217
11506	11507	11508	11509	11510
49122	49123
190	191	1607	8144	32506
19837	33458
1844	22005	22006	22007	22008
3654	19659	33817
1292	4948	13391
54314	54315	56692
347	12905	26956	27296	27297
62622	62623	62624
17097	37558	37559
45685	45686
175	33838
11658	69851
13558	16030	31044	45188
2380	29879	69646	69647	69648
10696	19307	23097	25614	25615	42581
20430	27696
16910	56247	56248
93	42045	60642
2616	4098	24954	32719
644	59550	69046
2332	29307	49361	50397
3834	41707
14855	16352	16353
72942	72943	72944
14946	72102	72103	72104	72105
12216	40455	40456	40457
9812	9813
5156	5157	5158
5936	5937
79580	79581	79993
24963	24964
1723	8536	24277	28960
4277	4278	4279
11812	16537	50898
4049	17277	42406
2244	13709	17883	18512
20865	22827	22828	22829
3593	33075
1107	1108
22305	48972	55670
834	6995	8284	12807
7921	8003	8993	13019	29899	42384
3760	46936	50899	55060
35932	41108	48051
271	9210	56257
13887	14067
5657	7079	7080
654	45554
1145	1146	26048
2244	16161	16590
10105	10106
1142	36482	71013	74134	76455	76456
29056	29057	29058
4866	6891	11980
1804	8831	53310	53311	53312
1076	3742	4652	23207
11952	21125	21126
201	49361	51093
8114	12510	12511
25574	25575	25576
367	5014	5567
1653	17657
13586	13587	13588	13589
4765	6058
19298	19299
20883	74149	74150	74151
8075	13392	17965
1988	52525
4554	36558	39044
5178	6321	41962	41963
21945	21946	21947
57872	57873	57874	57875
3788	3790	10008
1415	49514
531	35957	45362
4323	17899	53050
1054	1325	1440	39769
1401	18634	18635	18636
181	17527	29688	29689	29690
41445	41446	41447
12213	40278
1382	20439
1488	1489	1490
2437	3358	5635	25188
3335	8289	8290
3872	25166	39350	42261	47700
5755	19152	43186
2247	17085	50470
60	22979	69516
78276	78277	78278
8470	57324	57325	57326	57327	57328
23003	66410
2497	19272	20205
81	746	747	748	749	750
8329	20573	67354	67355	67356
10134	11098	22443	27186
1653	58902	73332
902	5562	5563
51265	51266	51267
56503	69902	74759	77609	77610	77611
15216	37850
17166	34069	35489	35490
20431	20434	20435	20438	22926
21812	30876	57647	57648	57649	57650	57651	57652
31527	31528	31529
14336	14584	33497	33498
44334	44335	44336
35517	38660	47483	47484
54762	54763
6496	41795	44139
4222	6366
15835	72483	72484
33284	40252
3993	13315
10345	48189
5091	21190	52909
4760	7883
1354	5056	27765
5355	36941
6939	20237	49897	52566
2709	30338	41670
30119	31244
2363	17265
230	11450	11451	15098	15532	59178	59179
5404	16251
3871	14567	15082	15083	15773
1846	2860	2861	5759
1305	5735	19030	20032
352	34752	53433	53434
68256	68257	68258	68259
6939	16889	16890	16891	16892	16893	16894	16895	16896	16897
1004	24080
9339	9943	26783	26784	37439
12541	12542
33891	33892
3901	20769	20770
5644	45919	45920	45921
24405	31955	61411
15302	15342	15538	15539	15540
17271	80476
66989	66990	66991
36594	41002	42576
12	16486	16487	57248	57956	57957
4361	55093	57624	57625	57626	57627	57628	57629	57630
48654	48655	48656	48657
282	15467	20120	53848
14547	26640	45207	45208
33541	33542	33543
1325	8111	9030	9531
2589	68078	68079
47997	47998	47999
2819	61336	61337	61338
4923	4924	5715	7528
4754	26911	36612
13984	44700
8040	34309	34310
12413	15125	41755
13463	13464
16881	39360	41939	66593	66594
2238	49319
3974	4957	14412	16920	18447	21430
38209	38210	60589
580	1716	11736	15237
6830	6831	46300	79522
9283	48296
3006	18900	47148	47728	64869	64870
3788	3920
21732	21733	21734	21735
5313	18863
24661	31573	80174
7636	7637	7638
20211	22869	48261
24405	31955	61411	61412
1203	6481	8209
1414	44005	44913
5148	39838
3580	4022	6733	8284	9025	9730	29934
6688	31138
1507	2505	3792	8713	34368
4345	9086
37945	39198	47319
18272	21899	57035	57036
7077	63665
7560	22966	77152
475	3964	6277	7649
24934	27436	27437	27438
11283	58663	58664
6298	12243	48137	48139	70520	70521
4389	10239	16690	43820	43821
940	27493
135	278	1191	2941	3614
52081	52082	52083
10239	19935	19936	63883
11583	11584	11585
1192	28269
6731	6732	6733
15258	15259	15260
81	2687
72789	72790	72791	72792
135	14673	45259
135	44295	44296	44297
62232	62233	62234
2685	3844	67682
22484	79592	79593
166	68486
179	7098	17751	21955	21956
16615	30826	38942	38943	38944
11812	15290	15291	15292	15293
63038	63311
23013	25292	29674	29675	29676	29677	29678
7540	7544	7545	17610	17611	17612	17613	17614	17615	17616
4507	12868	15902	17538
11367	13993	42648
15808	34461	34462
4809	4811	35591
18447	67707
6633	12966	19731
2265	2267	4390
7445	27339
20014	20015	20016	20017	20018
59895	67020	67021
2254	9901
15723	55319	55320	55321
45109	45110
40671	45227	45228
26675	42557
1252	2952	3848	4360	4845	6747	12720
968	13212	68093	78992
29681	29682
14243	14244
275	5608
1193	13006	30650
80351	80352	80353	80354
15604	37818	37819
13319	32804	37629	41982	42604
1060	5180
1305	10070	10409	13793	20312
241	1866	19284	22563	36783
256	60962	61102	61103
67779	67780
36990	36991	36992	36993
41717	49517	63918	63919	63920
1233	59812	59813	59814
8356	13428	23318
10363	10364	15767	15768	58737
33729	33730
2338	2339	2340	2341
183	3136	23682
4545	23650	50772
75576	75577	75578
21410	39373
15694	53340
18191	43240
64674	64675	64676
15893	18583	18584	56735	56737
16777	20300	41964	41965
5141	21964	22950
63498	63499	63500	63501
4861	4862	4863	5020
48867	48868	48869	48870	48871
1797	4957	13577
1203	15458
40855	40856	40857	40858
5734	44596	61002	63603
35098	40028
282	15467	17657	23948
2423	12726	24574
5996	27688	51742
3151	50847	50848	50849	50850
4463	4464
10785	21145
966	41928	41929
13844	24736	52604	52605
5102	24126	30320
2277	11010	42098
417	7228
1252	18530	27956	27957	27958	27959	27960
1413	1414	1615	1756
1487	2687	6496	20277
5611	29515	29516
3614	12077	35875	39706	79998
20800	27991	77867	77868	77869	77870
133	15719	16790	16795	17216	61971	68946	71345	71784	71785	71786
800	4094	32302	47070
78140	78141	78142	78143
11444	14307	24774
8685	16686	53173	53174	53175	53176
22711	22712
13070	19342	19343
31803	63292
1916	51573
34601	34602
51764	51765
4092	15044	20244
26253	42605	42606
5115	47149	55703	55704	61476
7513	7514
18911	18912	18913
782	2568	5530	9025
2011	2012	2013
41262	47506	47507
1264	6743	37109
41303	41304	41305	41306	41307
18738	45725
67376	67377	67378	67379
8874	25634	25635	75482	75569
41909	41910	41911
3808	5796
4765	14817
17535	32288	59654	73338
63685	63686
1441	3062	14864	15025	39864	56406
181	13180	19857	39772	54541
10536	15321	25809	42597
1468	38639	80439
18188	18189
3635	9635
11546	11911
20028	20302	20303
77924	77925
139	32166	45739	72114	77538
1290	16523	25247
2147	3795	4095	4096	4097
75	8660
1028	36841	38904	38905	40624
3836	19076	19077
40789	42095	70750	70751
2647	36647	50672
3940	10540	40824
1091	1714	4533	4543
177	28163	42981
19028	55827	55828	55829	55830	55831
14776	37873
5737	6315	17982
4400	21357	56059
1636	6576	21827
3073	55563
35628	45880	47300
44888	44889	44890	44891	44892	44893	44894
6842	6843	6844	6845
41103	49219	55719	69129
357	358	1994	20864	20865	20866	20867
3580	24355	25014
10037	15535	36211
3788	31958	49653	50884
45173	45174	45175	45176	45177	45178	45179	45180	45181	45182	45183	45184	45185	45186	45187
30079	51786
3958	4374
264	265
10600	41251
28045	28046	32172	52414	63326
968	14317
4302	17813
1866	11776	11777
8622	63614
177	39948
22084	22085	22086
23503	23504	23505	23506
1247	1248
5357	7370	53363
4487	15482
314	14705	56084
10423	10424	10425
5325	22027	58913	72501	72502	72504	74807
16694	16695	16696	16697
1278	1280	1281
16523	25247
94	7535
45627	45628
16593	49535
9383	9384
35698	78194	78195
20839	20840	20841	20842
14817	16854	37691	37692
1158	54712
348	2952	11691
1543	12455	34458
4765	42038
65156	65157
5129	21715	25386
16096	42435	43118
9415	15286	15287	15288
1001	48762	48763
14883	68986	68987	68988
7700	41257
24270	25665
3247	4386	20860	26571
9117	22231	23729	33289
6303	20985	23087	23088
9545	61474
14357	19646	19647	19649	21305	21306
34703	34704	34705	34706	34707
16952	44012
2845	11715	11716	11717
363	365	27282	29271	40674	40675
36132	36133
74466	74467	74468	74469
49233	49234
4140	4789	4790
24575	24576
71414	71415	71416	71417	71418	71419
10670	10929	45815
13227	13228	20788	20789
7969	20623
683	5705	27392
42526	54326
6550	77452	80530
2153	24928	24929
8873	24543	60661
574	52321	52322
1998	13677
15891	15893	56384
10126	11463	14144	59917
11179	16923	77646
10026	10027	10028	10029	10030
37046	44463
259	18697
10139	30472
4301	8272	11575
18131	18132
1428	44155	59392
914	20148
679	680
18380	18690	21819	25094	32449	32450
36309	36310	36311
16403	16813	32440	40038
11873	44689
13428	16633	16634
8905	8906
58104	58105	58106
3449	33367	33368
4049	17277	43907	43908	43909	43910
35454	39889	39890
9375	9377
348	349	6128	6154	6259
1610	1805	2214
12116	74577	75161
1530	47801
1305	19118	26573
14436	36112
230	2332	5726
4014	34046	61271	61272
11670	74752	74753
23737	25260	25261	25262	25263
3610	5421	27420	32572
1638	26387
1323	18583	18584	56734	56736
4303	12929	12930
10807	13435
15054	31367
4520	4521
77977	77978	77979
8770	24487
81	4866	19045	31127	31128
36238	51033
17075	31826	56716	68779	68780
35697	35698	39174
28877	43193	46937	46938
10502	53474
1993	22265	23786	33690	43474	53754
2179	2707
7290	13635	41000
32297	63632	63633
9545	14286
27588	71131	71132	71133
26258	31247
81	784
14857	14858	14859	14860
3121	16877	16959
1723	21362	24277
7744	7745
1193	22233	30323
36168	36169	36170	36171	36172
12989	20472
1060	79526
1595	2378	10808	16839	16840	48632	48633
14063	16107	40230
19048	33376
968	5755	11954
10089	28978	29394	29570	29571
906	17567	20479	20480
12022	19286	22049	56861	60493	60494
3105	6040	9080
3369	3370	3858	14760
2839	21741
1267	1269	6770	36200	45316
3397	3858	7700	8913	15191	22246	68057
11101	11102
2385	18275	33318
8333	32415	75325
9900	11796	14624	14625
12466	39339
4277	52166
22188	41468	41470	50877
23179	54469
11372	42086	42674	42675
1947	47258
5938	48886
4265	14611
63164	63165	63166	63167
1138	7787	13111	48058
15321	16339	18813	19912
19595	19685
7573	12938	74591	74593	75048
2059	60763	60764
1497	8329	22576	28155	40572
2244	7921	12213	30402
5386	20975	42161	44724	44725
4358	4359
14359	34135
12962	49456
17383	26942
1292	15540	46402	46403
3203	3204
40667	41978	41979
23126	23127	23128	23129	23130
11796	17049	19637	56410
60390	60391
5393	5394	5395	5396
22811	22812
763	29692	29693	29694	29695	29696
10089	12019	33356	56531
1634	57289	57290	66327
24753	24754	24755
61496	73761	73762	73763
8327	16314	50171
5672	15602	24218	34457
1453	3845	3882	7200
10438	40616	40617
8630	42909
47577	47578
6226	16370	19092	21695	21696	52758
20684	23742	31248
4370	18014	18861	22619	47551	47552
1124	25344	38613	38615
9142	11621
1797	18155	20848	32102
11317	50949	50950
1378	33823	37218
4515	15064	15065
24651	72209	72210
13428	14660	17286	68661	68981	74459
2378	11909	18959
377	378
15773	65333	65334	65335	65336	65337
3614	8274	14122
1581	3368	5991
3205	20862	20863
3107	31176
3609	29742	29743	45555	51040	51041
466	1316	1317
574	46012
12746	12747	12748	12749	12750
3320	7011	20573
1039	16791	26276
2494	33736	70841
2252	2983	2987	8783	11545	11736
4191	80416
230	2272	80481
14881	80093	80094
1170	6765
6298	11819	38070	39120
2066	2699	12962	34912	39447
2244	22647	32361	38377
510	16096	18902
1944	9922	35877
4460	11675	11676	11677	55864
8711	8712	8713	8714
12653	12654	12655
139	3708	14546	32166
1727	9806	9807	9808
8333	19756	32414	32415
3544	3764	4628
56171	57663
34486	34487	34488
72621	72622	72623	72624
81	19045
7098	17259	17751	44041	44042
34069	42537
987	28572	58062
1192	8894	8896
10476	48942
11812	25706	31675
4398	6210	21888	31688
10579	17639
4312	25086	25087	39000
10432	13398	13399
177	15742	28705
25253	25254	25255
67767	67768	67769	67770
27462	30497
12890	24172	24173	24174
35482	35483
73798	73799
6831	14365	14366	14367
14829	15443	17778
5098	8715
19595	47388
52258	52259	52260	52261	52262	52263
15045	15046
1765	2566	12800	51880	69503	79003
14793	63787	66089	66091	70866	72444	72445	72446
1211	2977	2978
26397	26398
6674	78100	78101
852	3544	26148
32335	65892
886	26264	37106
940	4344
22841	27588	47530
1039	16139
4458	6490	13871	37462	67206
21103	21104
49184	79358	79359
278	4210	25081
11288	23183	63886	66346	69839
2448	11653	15906	17240
32804	71951
173	57867
60115	60116
2366	4385	15614	26620	69598
2246	10718	20398
38809	67607	67608
1192	57131
14058	50592
2374	18171	65001	65002
47822	47823
43231	46150
2172	5689	6434	12325	21826
43731	71251	71252	71253
10041	10581	34189	34190	34191
3338	13431	17190	25108
14711	14991	26878	67912
7787	25483	25484	25485
5530	37292	37293
57914	65055	65056	67976	72765
500	4765	36940
1985	2999	3000	33184	68152
4210	7535	15535	16543
24124	24125	24126
2344	46141
90	579	2699
9277	26698	39121
310	311
14860	28214	40620	40621
2840	59731
62031	62032	62033	62034	62035	62036
196	1965	1966
13110	20842	21470
8323	68414	68415
454	455
29755	29756
2202	2203
9951	29137	51526	51527
655	16851
5244	36414
10808	74622	74623	74624
19057	19596	19602	20581	23594	23861	24759	25981	25982	25983	25984	25985	25986	25987	25988	25989	25990
38541	38542
425	427	11475
719	8233	43863
1868	10746	69471
1191	51866
13566	14415	24992	35937	56811	59376
17706	36246	36247
27930	67667	67668
56274	56275	56276	56277
14254	29587	54400
683	11184	22826	23043
400	401	534	535	536	537
247	931	18967	20312
5149	35844	38678
314	1054	26938
13004	13005	13006
2184	2209	6578	11979	16906	25060
64680	64681	64682
107	4997	5207
37999	38000
21987	22889	35512	55049
14222	15475	17187
14991	15021	15022	64929
239	8757
2374	5233	5234
30495	40835
1565	2024	4907
16953	45827	45828	45829
32909	32910	32911	32912
62260	62261	62262	62263
6195	14778	14779	14780	14781	14782	14783	14784	14785	14786
6496	29550	29551
1029	52963
5325	9545	16943	22027	23980
16403	45690
22251	41192	41193
702	3085
10142	18815	18816	18817
26900	78479	78480
15039	69951
63186	63187
15139	16851	18012	18059
22121	22122
3565	3567	35069
7200	20036	39326
4251	26343	26344
5404	76106	78171	78172
852	3544	17923
961	11191	38767
21471	21472
3788	3790	49114	50845	54832	54833	54834
7508	7509	7510	7511	7512
259	1261	2565	30688
15998	17000	21943	25822
17884	44412	79305	79306	79307	79308	79309	79310	79311	79312
8685	8686	8687	8688	8689
9390	9391
1281	7146	7147
518	3121	26885	63114
21052	22063
179	3474	15773	17163	23448
10178	10179	10180
26047	34311	34312
5094	5809	13916	13917
7957	12903
15475	15540	22891	22892
491	18380
3546	39138	39139	39140
1991	33388
6889	60310	60312	69726
46957	60575	60576
13428	13429	16764	17870	17871	22814	40267
28892	28893
6835	18583	37650	38378	38379
17363	22832
15938	39155
3407	20897
1441	14864	39864	56701	64029	64030
241	3424	25731
39802	67028
13774	33889	39409	70212
5981	12274	17011	17012
38255	38256
6298	44128	55050	60984	67392	69916	70625	75988
3836	14991	15189	52848	70020	72023
519	1928	1930	2082	5899	6479	10915	12512	20521	33729	54703
76649	76650	76651	76652	76653	76654
4507	29041
181	1076	80340
3550	62532	62533	62534
17190	44837	45754
1008	5755	27627	42785	49298	65234
7126	8423	33657	38157
11545	16116	20795	45216	46456
8453	44507	44508
2065	10261	19983
4515	68589	71534	71535
18437	44283	44284	44285	44286	44287
21451	21452	21453	21454
23197	48290	53767	68742	68743	68744	69716
2300	2301
15872	74283	74284
7290	43971
116	19380	25888
13429	15166	22761	50094
18190	18191
7125	21074	31287	39217
1306	2701	2702
35667	51793
2178	32888
138	78735
38733	38734	38735	38736
10122	22264	23456	23457
26954	42627
1985	3424	49916
3091	9993	9994
3120	3121	15041	16959	29659	31732
67818	67819	67820
7200	14039	14040	14041
16284	40495	52999
11796	20329	21391	24207
14794	30020
55411	55412
8912	15274	15275
13039	79886	79887	79888	79889	79890
5731	12707	21089
4338	60248	60249	60250
5141	22950
1326	9595	16058	16059
22008	41088	49992
11790	16778	31055
80554	80555
3609	15967	20336	29209	29210	29211	29212	29213
15658	20920
24583	47927
20627	30535	30536
36058	36371	36372	36373
4154	58512	59706	66417
1947	5719
17725	17726
2917	13565	47411	47412	47413
11304	11305	11465
3901	6847
966	2940
7282	7283	7284	7285	7286
18086	18087	18088	18089
21423	21424	61364	61365	61366	61367	61368
40933	40934	40935	40936	40937	40938	40939	40940	40941	40942
3742	26392	41217
13642	14888	15839	62999
1440	11399
4765	15008	31534
6146	44868
1441	3061	3062	7385	16259	16427	61806	64289
35472	51385	51386
7167	7275
28224	28225
12198	12199
16094	44468	44850
2677	3648	3649
30234	60079	60080	60081
36727	67787	78053	78054	78055
21290	21292
8945	8946
16615	22887
14604	14605	14606
13818	19759	49747	49748	49749
5760	5761	43531
15644	15645	15646
14490	17221	60379
37111	42777	42778	42779	42780
8806	8807	8808
17013	17014	29489	74768
9855	54179	54180
19514	19515	19516	19517	19518
5024	39295	39296	39297	39298	39299
21699	21700	21701
13393	13703	17620	41719	41720	41721
4702	4703	4704
3367	7860	21870
20499	20500
4509	22379
17116	22223	71221	71222	71223	71224	71225	71226	71227	71228
7047	14251	14252
1008	7030	7200	27627
29725	29726	29727
135	352	1191	9648	17814	21862
13428	13429	27807
14589	15677	15691	24246
11973	11974	11975	11976	11977
3747	3749	22415	22416
2199	28434	28435	28436
12973	56446
20849	20850
33467	33468
3085	19037	19038
55397	55888
7457	16315
1153	15344	15345	56292
965	2646	55649
782	17559	33214
8717	31579	57126
43505	47366
2289	2290	15605	15606	15607
494	1694	20578
28020	28021
20566	20567	56913	56914
4811	27538	45661	73162
3545	6779
29748	29749	48303
35709	35710	35711
6585	17528
61582	61583	61584	61585
11591	27817	55801	67222	67223
914	12304
1486	4323
11758	11759	70427
7580	10421	10422
514	42564	43506
35669	39083	75613	79017
6298	10432	38070	39120
73894	74069	74070
3808	5744	7608	7609	7610
11147	28022
2983	11736
314	18917	22388
1020	14694	61902	64493	79141	79142
35542	40352	45154	51320
2377	15286	60242
7859	7860	37107
969	17136	37582	53701
51140	51141
1565	4271	19883	35857
11440	17535	23928	34001	34002
3593	27233
48313	48314
49021	49022
5146	7098	15011	15796
864	865	866	867	868	869	870	871
29862	29863	29864
11591	15493	26139
3446	6847	38874	38875
7341	11284	12277	49018
13308	56528
16446	16944
30912	30913
3293	7836	7837	28869	28870
147	53938
3593	19986	19987	19988
10382	10383	10384
20196	49247	54371	54372
1346	1349	15964
1402	1513	11613
1985	4210	12854	34003
4071	8333	20269	20270
46234	55510
14898	14972
17000	17001	64082
2542	2689	4419	10362	19857	29925	55884
1007	1008	2555	2952	10512
9858	9859	9860	9861
486	487	2067
2448	39783
11997	11998	11999	12000	12001	12002
4476	7712	17001	20652	30111
6743	9189	17558	69991
17453	17454	17455	17456
11615	47033
185	48745
5996	72065	79064
2305	7539	7544	19749	19750
17168	33459	33460
15333	24324	56038
910	6800	6801
7012	12757	21567
15723	29613
14350	26164	65243	65246	67399	68123	68124	68125	68126	68127
7794	7797
273	5521	5522	5524
11399	13428	23168	23169	32361
440	51869	51870	51871
2028	7656	8228	15167
2320	8210	17295
2497	18335	18336	18342	18344
2262	2263
37100	72372	72373
37272	49260
2332	37840	37841	37842	37843	37844
35084	42152	46510	46975	46976
3527	33148
38554	61619	65988	67092
10239	19065	19066
2448	15542	27575	31963
4498	12097
21717	28659	51069
14254	29589
1325	3792
22394	22395	22396
2272	9350	16411
21563	26139	55180	56023	76291
75991	75992	75993	78875
2986	10253
2931	2932	2933
181	25132	52331	54775
2363	36473
488	19838	38639	62791
10432	14515	15027	15302	15334	16316
1751	2310	28446
223	4362
5861	5862	7071
20379	20380	20381	20382
16952	49202
105	4210	16414	17289	70061	70062	70063
23013	32051	32626	32627	32628
17349	18142
11670	52105
2497	7200	20400	55546
14855	16353	37628
4405	4406	4407	4408
2378	3369	9919
201	50282	50283
940	1716	3253	51690	56652	59835
34029	34030
4094	4363
18246	20480	21226	21227	21983
9780	9781
367	2981	3708	5842
965	7276	16974
10142	25316	28212	28213
12524	27750
19707	30079	30325	65987	75218
1192	17910
1441	3061	9064	39864
7956	15331	17073	47082	47083	47084
1862	4074	4075
13013	53185
2964	16276	24850	24851	24852
13648	38358	38359
11251	55904	55905	55906
5333	40570
63148	63149
17927	68238	68465	68467
1987	11428
18361	27161
13429	16690	23468
14173	35788
1003	8718	11213	11663
1325	6440	60743	69876	69877
2095	7314
4222	7498
6212	33762
3368	15902	16023	16272
266	27314
1305	10545	10547	30169	55818
8718	42593
15224	68783
6287	23692	25485	66476	66548	77916	77917	77918	77919	77920
17101	33757	70195	70196
28901	39201	39202	39203
20747	66099
2179	34069	46905
13551	65578	67733	67734
16616	16617
13318	14260	50187
633	4917
36756	51398	51399
10612	10613
54669	54670	54671
241	34827	64472
3730	10089	11187	30947	37651
37929	37930
1077	3742	23350	37304
4867	4868
40619	49906
5731	12707	13396
8193	38922	38923
4777	4778	4779	4780	4781	4782	4783	4784	4785	4786
3631	9987	19578	20521	27733
1977	4659	8957	20755
38335	41847
19659	23105
1535	24202	63615	63616
35884	35885
5386	20975
81	19041	19045
6033	61568	65070
3936	3937
11116	11117
6426	67725	67726
13397	57424
11294	17534
3760	53064	54713
363	365	27282	44084	44085
3844	36273	36274
46246	46247	46248
16530	47295
5129	25386
6298	9350	15735	15736	42270
75469	75470	75471
138	78244
2971	45037
17674	17675	17676
11172	79630	79631
1039	17415	25438	59847
15543	15544	15545	15546
1331	12542	13212	14284	45725
45524	53404	56822
9951	19571	60542
13	423
9734	9735
50677	54021
11434	14057	15280	15281	29534
34317	34318	34319	34320
5592	6836	6837	35521	35522
181	18773	22253	47239
6936	10674	21862	21863
2421	7532	17394
10712	41078	49230
4049	9402	44831
10164	32807
61780	66935	70765
60	20301	32367	47995
16226	16344
4053	48059	48060	48061
6860	7952	14034	14194	43503
4505	4507	17538	29041
5594	6777	20012	20013
43251	63567	63568
13899	30092
110	1281	9749	28053
17417	17418	17419	17420	17421
5270	30085	76754	76755
3626	13666
624	625	627	12456	18364
16262	21987	41354	41355
5914	5915	5916
12868	26633	30885	55490	65275
26968	45384
965	36211
20	1485	2378
28086	30731	30732	30733	30734
7705	18277	49519	49520	49521	49522	49523
29236	29237	29238	29239	29240	29241
2685	2686	3255	4389	25609
2255	3196	34540
36052	36656
2179	14749	52258	58794
3309	3310	3311	3312
1892	9270	13610	13611	13612
2374	13319	72682	72683
8323	30983	74899	74900
14551	66116	66117	66118
14230	50859
1638	24267	24268
8193	17462	19455	38996
59102	59103	59104
2202	7975	7976	7977	7978
75	19124	27724
76851	76852	76853	76854
14496	14765	20854
4246	23729
3180	11251
6071	6072
27633	27634	39817
29972	29973	29974
33544	33545	33546	33547	33548	33549	33550	33551
15990	17145	59501
18888	18889
1507	15764	34368	40396
50023	78796	80328	80329
13070	25126
15517	24841	29651
13774	38211	58012	74977	74978	74979
9231	17500	46330
3940	10540	19857	25189
24298	24299	24300	24301
14409	14410	36976	36977
4680	8870	8871
23734	23735
34916	34917
9415	13703	22242	41719
10089	35895	42724
2812	2813
8363	42716
9496	14898	65136	65137
24287	32714	50912	50915	58043	58044
1079	13281	43428
11457	19739	19740
6343	77424	77425	77426	77427	77428
19582	61453	61454
13657	18670	19366	25037
2771	17640
1414	20733	40569
1880	8757
9695	12938
240	3294	5731	18011
36957	49752
2978	10394
11469	32666
63293	63294
1280	40998	47452	50048
25835	42412	42413
6663	13559
799	4010	4011	4025	4532
38076	43511	43512
181	182	26958
48720	48721
3881	7598	18557	18558	22168	28904	32177	32178	32179	32180	32181	32182	32183	32184
4469	9334	44973
92	2942	13132	34264
22841	37294	37295
799	48124
2116	11591	20480	27817
31145	41917	42066	48047	48048
36777	43257	47514
1007	20038
18980	18981	20485	20826
4793	20482	28804	28805	28806	28807
15172	15173	15333	44197
4323	12609
13006	13631	15477	17620	41200
1069	53720	53721	53722
1690	4301	13898	41775
64592	64756	64757
11873	11874	15835
1138	1789	12754	12755	12761	44212	44213
1257	13465	77442
3689	3691	3692	3693	7482	7483	7484	7485	7486	7487
11691	14458	32105	34786	34787	34788	34789	34790	34791	34792	34793
22447	22448
8937	20480	29667	52546	52547
40014	40015	40016	40017
3196	5207	12065	20555	27361
32331	35736	35737	35738	35739	35740	35741	35742
3551	3552
37027	37296
8434	10587
14021	14022	14023
26821	26822	26823	26824
3826	6828	6829
11167	16390	44188	44189
41522	41523
5113	5116	73103
7290	45532	68777	73167
256	1276	1598	3041	5826	7685	9122	17084	17085	25430	25431	25432
71710	71711
9377	30644	30645
7264	32436	78080
2141	63032
185	13013	14242
1914	7257	8770	50600
1191	7291	12398
2253	12304
1	2
14493	16135
22061	22062	22063
32780	32781	73589
217	2502	4754
39174	41835	41836
5175	25166
1789	10936	10937	10938
2850	21935	62559	63815	64358	64360
15450	15451	15452	16728	31501	55986
258	321	1863	3299	32434
653	13139	14490	15764	21411	43251	43463
1358	29381
7021	7022	7023	7024
9351	36569	47073	58090	75783	75784
916	30381	63271	63272	63273
34	10831	41085	41086
1142	1144	13865	21000	47567	47568	47569
14018	14019	14020
499	6274	25338	73603	73604
123	3526
3979	3980	5009	5010	5011
53551	53552
67573	67574
40226	48658
26930	44535	69206	69207	69208	69209	69210
14749	15384
21167	56150	56151
4219	8207	8208
1269	2421	2893	49808
3884	50818
3279	3920	5382	12269	12270
1324	14707
12170	24584
2244	8894	16161	38547
67320	67351	67352
15841	55161	70860	71542
14496	14765	27411
240	241	37336
12987	16178	16180	54217
181	2904	9040
1132	5758
8644	22023
40317	64106
8083	22815	31255
494	4457	30322
7956	19402	56637
3760	34130	67183
17842	17843	17844
18280	80716
14825	48349
22122	34464	34465
35484	45014
7950	9005	15342	32004	32005
2376	23996	64571
9575	17465	17466
24473	29003
47193	47194	47195	47196
33432	33433	33434	33435
1091	10458	17775	30565	30566
38925	38926
2850	7964	7965
166	15947	15948
8381	14678	38416	43543	43544
17628	19920	19921	19922	19923
17761	65258	65259
3580	32207	52735
6589	6590
11367	42649	49513
177	179	13069	36550
6769	66180	66181	66182
47159	60639
8083	63391
1716	2700	3902
1080	38739
4887	4888
8502	25364	37483	39348	40053	40054
3265	64876	64877	64878
12	14359	24841	26345	28839	77878	77879	77880	77881	77882	77883	77884
10746	59909	59910
25200	25201
1530	51971
241	9943
14749	20551	61226	71426	75094
26265	26266
22546	22547	22548	22549
26173	34772	60592
16574	73214	73215	73216
4492	29190	29191
718	719	720	722	723	2104
8153	34487	79476
51181	51182	51183
177	15725	61602	69623	69624
1325	14567	14568	15615	16139	16140
2406	6226	19472	21695	21696	31553	43066
7012	7838	13699	20581	42952
5206	6747	8641	34023
6046	9518	25162	27623
6201	6202	22353	36002
41245	73324	73325
12177	12178	15191	69028
2622	2623	9200	21642
11670	52140
2184	3912	36628	53566
32129	32130
27150	27151
4071	5253	17281
27797	27798
14947	40832
10581	27863	57894
2406	19472	21695
3301	7438	8295	8788	12418	12419	12420
273	1202	1303	13533	13665	28018	34072
31513	57698	57699	57700
42108	42109
4323	53178	53179	53180	63896
1765	5469	6300
1389	10058	34751	41609
174	8713	14462	14465
1596	50437	50438
15573	15575	22796	22797	22798
181	5872	18547	25129	25130	25131	25132	27900	27901	27902
14888	15839	68260	75125	75126
11293	17051	43273	43274
3980	6019	8198	38652	55016	55017
2622	38809	57989	63593	76199
3208	7081	7082	7083
28262	28263	28264	28265
2211	6231	23218	52967	52968
735	45904
4409	59580
6703	15820	22747	22748
18058	18952	25842
3549	42653	42654	42655
31879	31880
2267	4390	20506	20507
2179	13393	17016	17017	17018	17019	17020	17021
16922	46636
48940	48941
9339	11491	11492
12334	25197	25198
2044	37182	37183
37699	37700	65249	69281	73932	73933	73934	73935
3252	19653	21253	35134
12081	12082	12083
4251	13510
38850	38851	38852
7	3707	23781	23782
56668	56669	56670
9109	79296	79297	79298	79299	79300
1497	10678	22576
2264	2265	2267	26448	53451
1153	1326	36287
16237	19411	27363
10142	12730	13605	29097
6485	8536
6001	17768	29250
16305	16680	16681
11213	41912	55360
1326	15281	16950	27767
15529	22005	45533
5020	29087	31180
10428	33906	57565
68072	74245	74246
4627	14456	28761
1988	6851	11446
43332	43333
6098	44264
2503	22470	34144
7125	14939
10951	20065	53573
6496	15788	65173
1192	5464	68452	71731	71732
801	14228
655	6932	12236	15152
23202	25417	25418
1222	1223
941	2572	5372	17618	56138
28400	28401
28	27519
76212	76213
698	8313
11095	11570	43188	68043	68044	68045	68046	68047	68048
712	959
7545	12711	12712
14892	60957
23293	23294	23295	23296
6522	60065
21997	66043	69001
35452	35454
3368	14935	38955	65385	68866	75204	75205
7030	11980	78537
1085	5459	13148
3252	4092	11589	18952	25842	47404
943	4997	13020
13013	15117	15118	15120	16516	16517
17132	18462
19	13704
21711	33630	33631
3940	40824	53918
1486	70873	70874
267	31928
11370	11371
5899	6823	25094
47706	47707
887	3584	3585
43014	60326	60327
50402	50403	50404	50405
3461	20404	28054
28303	28304
24618	24619
16432	45971
1252	21494
4546	23981	31519
3632	6734	6735	6736	6737
367	1794	2882	2981	33973
1120	7277
6448	6449
70944	70945
2599	60848	70561	70562	70563
55686	55687
241	834	40377	42596
2373	13175	50281
14486	70358	70359	70360
1093	4210
5503	8182	23339
11023	43928
166	24390	25958	37353	80138
1918	3218	24097
12721	12722
22424	22425
1196	77142	77143	77144	77145	77146
1066	1067	1068	1069	42558	42559
246	247	66871
10503	64197
14328	42268
1610	11250	35536
20048	69135	69136	69137
73350	73351	73352	73353	77196	77197	77198
10859	22181	22182	22183	22184	22185	22186
17888	17889	20963
659	854	1756
18072	20794	21044	54783	54784
28480	28481
61169	61170
2820	8158
73893	73894
4459	56293
179	39590	53865
3982	7531	7532	60734
21015	75352
8177	21354
13285	55470
36929	40050	47850
3061	3062	3878	7385	9064
47514	47515	47516
7006	19139	19140
11682	22215
2634	11645	11646
854	17595	24221
2247	18884	30683	57080
11366	36859	36860
219	220	221	222
28474	41024
5410	31268	39263
3893	26709
4487	5464	48361
14229	14230
13116	43191	49007	49008
3368	5991	8880	11572	13391
7638	41548	41549	41550
2850	60564	69947
17495	17497	31579
3241	3358	3394	79610
15938	71971	71972	72363	72364
489	2375	7368	11604	17562	60003
28810	28811	48155
6835	71779	71780	75829
2533	62880
246	247	1734	60796	60797
29739	30998
15060	15061	30620
55936	77734	77735
14549	14551	16210	16211	60627
14354	69130
5146	7098	15796	18121
39083	55729	55730	55731
80204	80205	80206	80207
3684	3685	3686
49502	49503	49504
625	6823	21235
27718	34870	56353	58293
60448	60449	60450	64546	64547
3529	53525
82	83	84	85
31941	40423
47991	48830
633	2075	4025	4917
9822	9823
64522	64523
3033	3034
27413	30983	61060	61061
14831	15839	27298
11256	11257	17810
16400	16403	20074	20075
2850	14936	14937	14938
1005	20117	20118	66803
29410	29411	29412
232	233	2220	39399	69633	69634
22841	27588
17483	25478
2199	11100	43724
60514	67031	67033	67265	71960	72234	72235
32088	32089	32090	32091
3445	3481	69258
7859	7860
2221	52380
18023	40380	40381	40382
23852	24446	56262	66171
6821	19666	19667	19668
6298	69431	69432
17729	17734	31228
21702	21703	21704	21705
4520	13021	13958	53769
15475	22834	49581	49582
22835	61570	74913	74914
5344	17376	27901	52954	60543	60544	60545
10246	13141	14160
32237	33186	64160
2835	2836	2837
39216	69883	69884
78451	78452
18559	33801
358	5440
11616	42142
13558	43937
23501	25521	70656	70657	70658
1874	28543
17853	25687	25688	25689
44032	49332
14905	14908	75075
20259	36742
20680	52131
49543	49544	67841
1133	2272	12994	67993
38615	44987	44988	44989
114	115	116	117	118	119
4670	4671	4672	4673
36055	36056	36057	51732
40323	61380	66202
15868	15872	61308	61309
12682	22204
18980	18981
2466	2467
2819	2866	2868	29708	29709	29710
1534	57390
1468	10089	18943	18944	18945
902	10320
14023	38670
35872	53259
30171	46124	46125
22920	43714
1177	31615	31616
67675	67676	67677	67678
287	1288
5228	5230	6058
10253	25842
17373	17374
1401	8485
9630	64427	69246	69247	69305	69306	69307
2989	7921
71768	71769	71770
9270	61445	63027
63024	63025	63026
1609	1610	21683
16564	28085	61001	75225
373	444	445
12413	41118
26345	26346	26347
2530	31785	31786	31787
11607	11608	11609	11610
51407	51408
181	3939	17575
48845	48846	48847
7161	21243	29380	38795
4075	4554	42217
1076	5899	7161	30453
18792	24559
14892	24211	42913
16252	16253	16254
48521	57405	65259	67329	67330
1892	6537	40609
321	2952	6916	12101	12102
16341	61534
2497	3901	16221	32385
11781	11783	32474	57079
2307	17006	21227	22725	41112	41113
2214	9025
59329	59330
29929	60788
11095	19659	20719
45166	45167
18457	18458
35932	37366	41108
6052	21860	28242
5027	27049
4210	5743	60163	61841	64961	73062
3593	7280	27972	36073	36074
8300	32335	34283
2096	2097	2098	2099
1598	6287	27919	29880	32450
15983	16563	31046
29435	29436
23737	60413	60414	73765
10712	10713
8710	18475	24240
3341	67160	67161
19325	19326	27616	27617	27618
180	181	184	3940	11628	11629	25132	25189	40464	46931
79849	79850
659	20837	24560	25918
6146	17740	17741
7052	10952
2914	2915	2916
1124	45464
1131	5942	8043	18159	18160
22051	58537	58538	58539
4089	4090
6315	36130
2855	13774	13775
1160	4149	8464
2043	10771
1005	5007
8043	8184	8197	9987	9992	18325	18336	18339	27730	27731	27732	27733	27734	27735	27736
1428	35301
2356	13977
11925	11926	11927
2983	2984	2985	2986	2987
1372	3982	7531	13875	22500
5872	25131	27900	69467	77256	77257	77258	77259
1868	5614	6543	25817	31268	76889
63761	76255	76256
44214	44215
977	20694	20695
8471	8472
35636	38921
76231	76232	76233
38392	78503
9191	17855
16464	16466	16472	16479	16480	16483	57047	57048	57049	57050
493	494	27288
3790	3935	60415	67104
278	2664	2665	78168	78169	78170
35470	35472
15938	45320	55846
12366	17535	19315	32288	39629	39630	39631
48214	52073
3587	3809	3810	3811	3812	3813
246	247	1734	57793
14510	14513	14515	15302	61537	61538	61539
6192	47582	47583
7975	7977	7978	58116	59851
10938	17103	17104	17105
15230	71311	71312	71313
15592	62361
12	1893
67576	67577
69116	69117
11555	21346
1076	3730	6080	55219	55701
462	1985	14128
17468	25333	55074	55075
35472	36257
47215	62706	62707
961	65152	65153	68865
10249	11909	14054	14058
3794	3795
1029	6414	18103
15966	30653	60963	78720
47921	51771	51772	51773
654	13405	13406
15179	41051	46452
30650	43214
499	916	10618	12438	58896	59545	59546
1039	3893
7950	38792	38793
68018	68021	71035
14222	17075	17077	17187
13471	29229	37443
133	32526	32905	32906	32907
18738	67620	67621
230	2709	21871
51179	51180
575	814	15342	19471
20781	20782	20783
94	16944
145	3991	20632	67013	67014
35881	35882	35883
1528	36973
3335	47034
11796	21389	26560	74948
655	5990	9548	15152	16168	27743
18743	18745	18746	20409	60887	60888
9539	9540	9541	9542
277	278	2666	9472	59985	59986
1177	1305	2964	3446
2466	6191	60598
15820	15822	72014	72015	72016	72017	72018	72019	72020	72021
23229	47462	47463
8652	20806	27803
948	11248	11249
8770	34929	38777	44121
913	14284	24992	34337
2856	2857
1189	2842	3567	8313	21862	35478
12216	61672	61673
18616	18617
23902	23903	23904	23905
1146	22700	39708
644	40947
10239	19935	19936	63882
18441	18443	64668	66281
2866	2867	2868
8717	17677
20510	20511	20512
581	585	5608
18834	20319
3445	13948	20974
1694	41533	41534
11626	11627
20658	45809	79625
7757	36109	43761
11434	38060	38061
13223	13224	13225
1922	14340
5867	5868
7573	12938	74591	74592	74593
66347	66348	66349	66350	66351	66352	66353	66449
260	1734	1736	2406	3242	11847	22848	51972	51973	51974
55364	55365
6437	47416
1138	9843	18760	27566	60560
4098	4101
7592	7593	7594	7595	7596	7597	7598	7599
6110	38381
834	3999	6733
59519	63943
25923	25924	32892	32893
7539	7540	7541	7542	7543	7544	7545
3809	25806	47845
1310	60267
3940	66044	66045	66046
6494	43931	50563	53512
12648	16440	44906
16056	21782	26497	26498
11372	16952	55944
2376	11755	13340	41453
39849	39850
26012	63242	63243
39507	40176	40177	40178
15475	15540	16860
10274	12644	68543	74343	74344
191	2075
348	4283	4308	9200	9417	22752
367	10084	10085
256	9175
42598	42599
1487	2687	44190
80637	80638	80639
14892	16403	28219
2470	36773
16300	73452
5148	64782
41572	76031	76032
1809	3159	28592	28593
23	15125	53260
19684	20812
14496	20854	61688	72229
8718	38521
64443	64458	64459
6631	6633	12966
25264	25265
5383	53314
6733	7037
23432	23433
4370	16146	62438	62439
4688	11410
1130	29292	29293
12415	44242	44243
983	984	985
51693	55752
2406	17709	17710	17711
5787	38422	52518
45803	45804
38062	45191	45192
11118	11119
961	38544	52472	79853
16380	44813	50272
487	48449	50973	50974
14519	16565	23497	23501	52150
1349	46462
5258	5259	5260	5261	5262	5263
1316	21197	46007
4710	4711
5926	5927
5899	6823	26188	51094
5708	8187	8188
6831	16726	28251
2362	3486	20148
4070	4071	4072	4073
18639	18640
2179	2244	3558	4966
2860	2861
7290	11340	37193
13887	15347
1452	1453	1623	3882	7479	7480
826	24566
15106	15108	15958	47312	47313
22554	34536	46569
19484	71129
5338	9660	9661	9662	14956
3965	4902	19995	27946	30527	30528	30529	30530
8783	13283	17136	21563	35501
3808	5744	7609	7610	11119	54569
3940	6557	19380	26378
30765	30766
7956	31163
241	5572	8936	8937	18835	26928	26929	26930
13429	14962	14963	14964
235	41055
6837	8473	8474	8475
1020	25489	25490	25871	25872	55159	55160
1437	4765
4230	4231	4232
14270	14271	14272
4323	17899	20301	57517
19331	19332	19333	19334
3773	30445	39055
2018	38685
18680	18681	21814
8716	21302	30126
578	20795
1080	54503	54504	54506	66119
3228	3229
12294	20627	56121	68885
968	9270	9350
1257	11367	13465	22924
2609	6001	11714
23575	29858
1486	13082	14157	15307	15308	15309
224	931	1138	2735
15741	34056
8193	25358	25359	25360
1378	33823
183	37967	76498	76499
38314	39072	42116
2147	4071	38505
4454	8297	62110	62111	62112	62113
4323	15104	38972	38973
1118	2201	5209
6956	59381
941	18155	20831	25536
6058	8540	8541
2244	38547
15224	73783	73784	73785
16515	18561	78733	78734
13428	16634	22727	28367
3369	3370	14760	61379
586	1257	13465	60332
5756	5757
5047	21243
1291	1292	36882
53547	53548
15501	15502	16678	54518	61273
3188	3613	3614	12957
1403	4147	10849
11576	35727	36468	64890	64891	64892
32464	61699	71282
10922	10923	10924	10925
4376	39494
7445	8283	16196	41421
11164	54959
31642	63680	67002	70210	75899
177	32838	41753	48131
13507	23527
1008	1022	4012	7378
12022	26265	56860	56861	56862	56863	56864	56865
14849	14850	18614
1213	55789
9385	43502
57185	57186	57187	57188	57189
10746	34691	34692
24419	73296	73297	73298	73299	73300
80	81	59656	59657
105	106	65154	65155
12810	12811	12812
181	18775	20048	20049	25338	44538	53565
1947	1948	57597
44871	44872
1305	7045	13788
34172	54215
2331	3840
15872	50559
8718	8719	8720	8721
4300	77387
36670	36671
3975	3976
9097	39221	39222
26315	26316
34950	39608
31996	31997	31998
11914	56958	60313	68072
23897	23898	23899
5166	12868	14145
39819	43990
15166	35241
1008	7200	27627
37496	37497	37498	37499
3364	3429	6631	6633	12754	12755	12756	12966	12967
12499	21430
940	941	10712	14944	22403	22404
44155	61928	69952	69953	69954	69955
1248	39351
9723	36673	66048
575	35394
2470	24423	72410
22068	22069
12755	12761	20307	31610	33664	33665	33666	44159	50614
23805	23806
6698	23190
14790	46070	46071	74229	74230
2707	2708	2709
38588	53129	53130	53131
6440	15120	15757	68242
8541	38616
3980	5317	5318	23391	23750	23751	54645	54646
29941	79925
1563	2270	8288
2184	30325	61852	65607	74161	74162
5165	5167	15379	39589
3251	4132
1719	52442	52443	52444	52445	52446	52447	52448
5823	5824	5825
61309	73456	73457
907	53579
11699	11700
2441	14985	17221	19884	40743
5452	18231	23405
3497	40362	40363	40364	40365	40366	40367
1124	4300	7858
6154	19755	21790	24768	25725
1563	12047	15324	16926
7775	16697	52826	52827
3398	56116	65022
2118	2119	5609
1679	36909	52949	52950
29638	29639	29640
8045	24714	24715
27374	39403	46380
3788	4646	4648	54463	54464
71021	71022	71023	71024	71025	71026	71027
1196	15875	19958	70211	71187
14115	17866	77508
4665	4666	4667
8540	11864	29219	29220	33076
29410	54726	54727	54728
10023	10024
10704	63044
16176	34472
15399	26126	26127
183	37967	65426	65427
75	20590
7787	24818	24819
13904	48052	71237
9229	15811	15840	15841	75053
625	2374	8083	8084
532	533	21301
12435	12436	59987
3527	6745	32232
1714	21483	45098
6254	25991	25992	25993
4400	5596	11217
10818	17825	59955	59956
2011	38270
11895	31480	79400	79401
12827	12828	12829
22067	49763
2374	3652	3653	11321
10196	13958	78239	78240
1177	6833	6834
2421	20132	20523
92	1191	5225
2378	36943	46846
44449	51836
5515	5516	5517	5518
3872	31762
26756	69389	69390	69391
15009	73192	73193	73194	73195
68639	68640	68641	68642
8641	28291	28297
5707	5708	5709	5710
2934	14777	17499
73172	73173	73174	73175
6936	6937
16354	16355	16356	16357
12243	70394	70395	70397
3231	4208	9012
575	14947	15340	27741	27742
3398	16661	23649
12343	13629	13630	13631
4382	11326	11440	18565	23928	23929	23930	23931
16454	18173
62107	62553	62554	62555
60842	60843
7200	39325
41698	41699	45117
8185	23345	28948	28949	28950
10146	10147	16498	16499
64341	64342
8916	8917
3586	6226
12	1039	16175	16176	16177
1848	8717
17262	71764	71765	71766
29122	30170
2323	3247	4386	11336	42128
7560	10640
60885	60886
1138	22848	26603	27332	27333	27334	27335	27336	27337	27338
20724	69819
2687	6939	29482	29483
7031	26662	32678
1916	2824	29994
9269	17727	19653	28527	28670
59581	59582	59583	59584
2586	23986	23987
16254	16348	16349
159	36286	52540
3398	66308	66309	66310
14611	26967	26968
4280	4281	4282
2496	7922	14557	18262	72491
3376	7258	20023	22247
18139	18140	18141
667	670	1801	1804	5495	13422	21664	56485	56486	56487
76612	76613
2053	2272	4210
65055	65056	67976	72765	76948	76949
10704	31129	44521
135	352	1191	9648	17814	38232
76	27318	27319	27320
8233	26711
5731	12707	13269
2053	2228	11616	52701
46070	46071	65255	72037
1957	2635	3632	6096	7644	8331	31625	31626	31627	31628	31629	31630	31631	31632	31633	31634
158	6817	54053
2160	19964	21986	26869	28229
5868	53850	53851
46005	46006
655	5990
352	35370	41424	43127	46469	46470	46471	46472	46473
94	1264	1265
110	1721	36167	57656
9241	13899	35779
940	2043	2710	25730
13842	13843	13844	13845
12326	15532	21871	41647	61685	62770
32963	32964
1647	2670	2671
7969	7970	49529
8152	26611
3451	3541	12706	77939	77940
1326	7268	11572	15191	36429
6078	17847	31962	33927	33928	33929	33930
58811	58812
931	1138	2272	18921	22753
45739	72510	72512	74897
1874	36776
3416	3417
12542	13532	13981	23852
7445	16519	16520	53362
282	10231	17657	30550	30551
3061	7385	16258	16259
348	4308	12905	29684	30683
6043	13291
2378	20724
47398	47399
1614	10579	29073
4507	15902	17561
1765	17288	45392	48470	48471
76292	76293	76294	76295	76296
4395	51959	51960
707	1403
11258	13466
657	24083	28448
46588	46589	46590
2808	5397	5398	5399	5400	5401	5402
5524	9943	12355	48124
15719	31554	32821
6255	19759	28279	28280	28281	28282
48049	48050
3631	28061	48640
12158	12159	60979	60981	76837	76838
3061	7384	16259
7573	12938	12939	14830	14831
7300	18309
17567	18246	21226	21227
7033	7034
4822	29979
64596	64597	72646	72647
6742	6866	11691	14458	26953	33291	34786	34787	34788	34789	34792	34793	67307	67308	67309	67310
12941	55150
15727	15728
22637	30987	30988	30989
241	1596
19969	64813	64814
38556	38558	45923	45924
29032	29033	29034	29035
11682	46424	46425
1065	68815	68817
7379	21052	21258	26323	26953
65188	65191	71374	77377	77378
518	1326	9947	13649
4045	35227
1162	2710	8523	8524
41648	41803
15834	15837	65434	65435
61	18074	31542	54023
1065	1939	3698
1116	5499	45424	56261
13433	13435	68799
27425	27426	27427
32300	32301	32302	32303	32304
43307	43308
12605	12607	17556
4821	11214
14496	28504
2360	27377
7871	31941	37354
10859	10860
2253	24992
6298	44685	44686
20002	62541	62542	62543
654	5988	12991
906	20480	28328	31535	31536	31537	31538
1116	2859	5500	10013	10014
18334	24547	24548
8379	11226	28988	32645	32646
26923	26924
9733	12664
13634	37053	37054	37055
712	9621	37652	43680
4060	7378	10796
22029	65895
4587	8610	8611	8612	8613	8614
10116	10117
47797	47798
814	3293	44207	45199	56147	69421
15224	16745	61158	61159
3241	3358	3394	19803
4539	23061	23062
7445	36738
6952	18619	18620	18621
13102	40651
6127	10648	11096	11097
7794	7797	9754	9939	9940	9941
3902	31113
5225	12474	22027	39593	42656
3771	12013	16646
32431	45235
239	7838	13087	13699	13700
29386	29595
4811	13714	17517	25419
17217	17221	60927
3788	37278	76362	76363	76364	76365
5175	5176
543	943
68002	68003
7384	16259	43632
1610	12727	32360
256	2869
21897	41064	41897	41898	41899
34841	34842
636	8757	13533
1326	42490
378	6931	17389
1302	1303	2374	19538
25637	25638
41178	45572	55327
16742	28413
1528	41475
6770	19326	42280	42281	42282	42283
5990	16282
5948	19284	36783
19711	27460
5124	5750	16832	16833	16834	16835	16836
18	39423	39424
13	47261
29480	56483
7535	21779	41854	60861
32013	65428
23825	25295	25296	25297	25298	25299
1280	29100	56513	56514
3725	3788	4108	5430	13138	49653
1806	19468
9656	9657	10700
2059	4106	24499
321	3300	6731	21102
38392	38393
1099	35492	35493
27252	27253	27254
26308	26309	26310	26311
57321	59451	59452
14117	48029	48030
419	4791
40826	40827	40828	40829
655	1565	37198	48453
427	11475	28014
679	18465	21901	26804	47926
736	30277
72924	72925	72940	72941
16698	16699
22999	23001	50844	52516
18440	24900	77087
2441	12455	17221	36007	38352
2255	3196
4324	13712
30929	39976
32754	32761	68111	68112	68113	68114
3741	5691	19040	25083
64746	64748	72662	72836
44361	44362	44363
1199	1413	1565	1755	12098	26574
1082	18713	24877	24878
4362	40313
4553	36412	36413	36414
12763	20476	20477	20478
18930	18931
1170	10738
1595	18902
1138	63610	74700
14230	68501
4323	17899	36960
14860	38233	38234
10239	24795	24937	33106
9590	57436	57437	57438	57439
23173	30975	61575	61576	61577	61578
1596	2789	4846	7898	52310
7506	19814	35056
1170	9115	10456	10457
1261	2565	4309	11232	20936	56656	75295
14767	79531	79532	79533	79534
18054	28661
5930	7496	20590
105	106	38972	65151
5691	6835	27601	31147	31148
32896	32897
38443	52601
4379	4380	4381	4382
15927	15928	56398	69614	69615
13511	13512
9301	27627
2625	5372
18561	25979	29145	29146	29147	29148	29149	29150
1716	6585	15360	16432
52101	52102
6201	6202	22353	22354
14269	31514	34133	34134
7698	9643	27032	40762	40763
1039	46525
49739	54773
68247	68248	68249	68250
41103	51693	55752	55753	55754
10122	21890	22280	22281
45981	45982	45983	45984
376	633
75	241	26707	26708
21291	21292	27769	27770	27771	27772	27773	27774	27775	27776
2095	3335	7314	8290	24806	24807
1743	2527	22481	55309
1183	3376	3764	6405	9381
4548	4549	39825
314	2243	28269
3575	3576	13859	27889	27890
10045	14876	24376	36263
21058	61244	66276	66277	66278
50426	69547	69548	69549	69550
78579	78580
63264	63265	63266	63267
46404	51752
41278	41279	41774	58697
38029	38030
18105	57843
67772	74949	74950	74951
63760	63761
919	12473	27891
16096	36819
2209	13104	17927	56980	64141	68238	68465	68753
37279	37280	37281	37282
34289	37123
90	579
654	4302
23397	23398	23399	23400
174	40317	41268	57780
21680	21804
8541	12295
40990	42363	72123	72124	72125
11992	15260
13465	13466
6496	44248
72594	72595	72596
29616	32691	32692	41806
1807	3915	3916	3917	3918
24150	38826	38827
2969	7722	32125	32126
1339	51097
15116	15281	15385	66043
5148	35160
348	349	9200	12905
11682	26402	26403
1490	4502	4503
1233	16666	22049	68850	71625
3580	6754	19837	28544	28902
12279	35456	35457	35458
7837	14744	20045	25719
62461	62462
969	21139	59641
3044	9441	47129
26211	26212
11288	16883	46038	51902
3232	20371
70647	70648	70649
2327	17841	31043
5447	14180	14181
3367	5726	20975
5789	5790
11682	14331
1305	13153	24387	32931	65649
3196	13600	20479
1065	3278	18456
15930	28158	74885
7284	9657	26348	26349	26350
4012	4106	18364	18365
23264	33396	33397	33398	33399
39216	77846	77847	77848	77849
375	6550	67426	67427
311	13533	51900
41471	41472
712	2647	9621	35544
7052	37004
79686	79687	79688
544	11073
9339	9489	12821	17853	36108
20893	20894	20895	20896
35360	35361	35362	35363
17404	53499	53500
1716	5016	5017
2497	4106
48152	48153
20524	26931	60104	64302
1076	77073	77074
12849	12852	44822
419	4791	48974
3714	3715	52188	52189	52190
7125	23703	28249
5201	17295	48391
7589	9789
4413	4416
53367	53368
12686	12687	61333	61334	61335
3300	20141	22881	22882
28173	62544	62545	62546	62547	62548	62549	62550
1326	43395	50041
17479	30224	54362	54363
2055	12285	35536	35537
5608	6400	14804	37777
6918	32712	32713	32714
21623	35967	47668
11023	54744
2806	23370
14471	40340
23163	39754
45087	53560
20	2378
1039	16139	17415
6128	6129
20015	52463	52464	52467	69440	69525	69526	69527	69528	69529	69530
177	14829	15443	17779
1826	1827	1828	1829
18039	18040
17772	18036	53483	69677
37140	48496	48497	48498	48499
2366	5464	17045	56896	65266	71382
18221	25002	55054
3098	27294
25788	26503
10534	10536	40341	44946
11348	12239	60068	60069
11308	17727	18498
1201	1755	20188
39506	39507
21213	21214	21215
2366	40338	61948	61949
8960	29750
6817	36819	55572
375	31996	31998
13287	13288
22452	22453	37023	66457	66458	66459	66460	66461	66462	66463	66464	66465	66466	66467	66468	66469	66470
464	7284	62658	62659	62660
18398	57371
500	501
2669	34811
75050	75051	75052
11098	11099	11100
37188	37189	47072
2179	13393	14063	16606	16776	17016	24248	44941	74514
8880	20984	21019	21020	21021
1985	12854	21992	21993	22932	32168
3247	55486
71452	71453
19858	66179
65746	65747	65748
1487	48015	48016	48017
5357	11548
26193	56623	64269
2494	59783	63791	75238
14790	14793	73913	73914	73915
11900	53731
1325	8914	17140
31	32	7077	18471
6746	18883	18967	19358
5991	48274	48275
966	27362	27384
55121	55122	55123
9096	47692
63657	63658	63659	63660	63661
16357	16689	60972
9442	13249	51310
56375	56376	56377
58164	58165	58166	58167
3061	7383	7384	7385
5403	32505
1789	2018	28000	30182
1349	15543
11670	17271	17531	17532
3858	15792	23173
3773	44003	45881
29719	58493	58494	58495	58496
12868	15902	16247	63066
60513	68562
514	5148	79859
9351	75784	78955
18055	18056	18057
1279	1280	25780	56513
467	3969
2435	7557	11755	21286	48003
29631	62827	62828
966	2040	2043
16587	16588
1191	3113	3114
3091	3115	3116
556	3586	6226	51569	51570
2489	13657	18668	22286
2850	13190	49736
3368	16270	16271	61475
14711	15164	15165	15166
11616	40903
1716	2985	12195	35062
35515	50745	52341	52342
17772	34304	34305
3726	4538	7429
12295	16699
2585	3737
24077	57431	57432
183	3135	3136
13439	13441	73312	73313	73314
2770	45558
4089	21496	23446
4971	5875
1008	53460
401	17079	17080	17081
42980	42981	42982
5206	19739	20138	21284
36983	41596	42006
8504	23302	54855	54856	54857
7331	10253	17941	28475
27031	71196	71197
7557	7558
11295	11297	11298	11299
59169	59170	59171
31136	31137
9301	12837	33258	33259	33260	33261
31945	31946
2028	3416	65047	67282
10121	10122
1000	18698	24219	24639
72641	72642	72643	72644	72645
712	2042	2043	47064
1014	3102	8825	8826
1929	6190	67927	67928
14446	14645	17119	73382	73383
201	698	80496	80497	80498
31	32	33
2373	22683
27632	27633	27634
11682	40480	40481	40482	40483	40484	40485
8630	12742	14165
2647	76142
28896	48593
14625	23202	32397
5146	72079	72434	72435	72436
9515	19345
1546	10713	19512
1142	1144	13865	13866
13845	30015	68407
36216	36217
2270	53971
30487	30488
15667	25655	59720	60207
5475	5476
8250	12115
652	8726	8727
55591	55592
17677	17727	33715
16421	60382	60383	60384
266	1007	10128	29935	56089	56090
17495	17678
26458	26459	26460
177	18850	72481
857	26623	36924	36925
5633	6866	17553	21136	21137	21138
15651	16205	16206	16207
14922	14950	14952	22126	50172
19659	23105	76761	76762
23558	26741
6400	11589	16923
33803	54796
13919	35371
1416	3175	3868
2955	31543
1622	1623	1624
36039	36040
14515	15302
2497	34676	57152
2448	2796	13703	22099
703	8857	10088	59324
15054	15477	61881	61882
854	11277
4487	72121	72122
1563	15202
3533	3580	3581
6757	51421	55207	55840
3890	3891	6968
2744	66574	66575	66576	66577
460	46262
26617	28097	28098	28099
1299	27405
23766	24184	37714
12	15215	40920
3567	22305
10581	24958
1298	10578	28768
1305	28221	69343	69344	69345
217	47883	57500	67129
10134	18161	39860
47784	47785	47786
63720	63721	63722
8355	8356	38067
13798	13799	13800
41593	78362	78363	78364
52199	52200
4286	4287	4288
13697	35063
4917	27045	27046
3878	15123	16764	19957
13428	13429	21495
1281	1459	21343
1410	35564
2489	31720
4605	6887	20111	20112
2246	9951	19570	19571
15218	16107	16728	37528	70188
65736	65737	65738
706	20173	20989	21048	24702
3511	37813
6745	18560	55711	68937	68938	68939
4800	8288
18494	18495	18496	18497
3877	3878
22888	34404
133	32526	32904	32905	32906	32907
11783	57079	71283
32661	32662
15084	15085	15086
211	212	1535	9078
16095	18902
79616	79617	79618
8216	8217	8218
62497	62498
3515	13021	55763	55764	55765
36127	36128	36129
14533	14534	14535
45199	49581	78249	78250
2575	14776	14777
914	2253	21481	29912
20022	20024	33308	66974	66975
36112	36113	55461
9415	16024	16768	16769	16770
6465	19766	23013	34960	34961	34962
3593	74569	74570	74571
11796	17049	71984
1077	3589	49422
1196	4557	12628	30910	55883	57667
14218	14219	14220	55671
16638	28269	57197
3600	28145
18594	18595	18596	18597
5918	5920	24709	37889	37890
1862	4075	20646
13897	76074	76075
202	29635	29636	29637
4627	19702	21738	21739
2290	15605	34677	66024	66025
3723	6937	35395
43390	48154
799	1240	23210
45201	51641	66067	66068
11589	13102	13103
1311	9025	21269
16678	37181
2184	2732	68925	68926
1138	3242	12787
16332	16333
1003	11213	11663
224	11990	11991
6142	6143	6144	6145	6146	6147
19392	19393	19394
65	230	2709
1092	2887	5672
1677	72253
598	599	777	50276	50359	50360
13641	18406	38810	75275	75276	75277
17	18	39424
1752	79699
5463	5464	10428
358	3749	8177	9339	30621	36989
66504	66505	66506
6191	6192	23183	56426
16061	68318	68319	68320	68321	68322	68323
76	259	3356	18697
2974	15078	15079	15080	15081
357	358	360	36989	65311
36874	40618	40619
1977	8591	10261	16615	17975	24345
43900	43901
60	48034
23616	23617	23618
3527	4460	49361
4081	11427
16691	19857	21999	50510	50511	50512	50513
1554	21293	21294	21295
17786	17787
15077	57081	67025
17259	31380
7100	16710	31233	31234
625	12413	15730	18690	38685
4460	27268	40445	65631
6001	54139
29750	30462	30464
20300	29436
10675	42133
2097	5329	25094	55306	55307
2251	8379	17461	17462	19836	51313
67467	67468	67469	67470	67471
133	32906	32907	72533
3850	3851	3852
363	365	27281	27282	27283	27284
3293	39452	39453	39454
8508	9025	9301	14939	35874
26973	26974
14446	71775	71776
4225	13981
15388	31050	31051
11900	34959	45436
5389	5390	5391	5392
26733	26734	26735
7074	11708	31742
5948	19506	53517
5175	25166	38872
19571	30278	30279
16952	52492
26691	26906	47770
7952	13258	37269	46605
44	45	13872	45959
9277	26698
1535	13700	23718	63616	70959	70960	70961	70962	70963	70964
6110	6112	36011	36012	36013
14474	14475	14476	14477	14478
11191	42379
139	45739	47126	52975
14692	40055	54731
55506	78583
79442	79443
4154	19075	58512
7901	20021	20022	20024	33308	57518
61535	61536
961	11191	38544
1029	6082	32103
1895	4425	11528	11529
16952	40720
9030	9031	19777
65436	65437	65438	65439
6746	18953	18978
54967	54968	54969	54970
9619	36853	47423
2327	66915
13677	39341
30419	71530
256	24458
29277	29278	29279	29280	29281	29282	29283	29284	29285	29286
177	16573	30429
36757	36758
7791	28035	74761	74762	74763
5208	49263
1065	11683
15506	25822	37747	69715
47212	62364	62365	62366
72776	72777
375	1723	2247	3376	3762	3763	3764	4987
2380	29879	77644	77645
24317	24318	24319	24321	53827
43982	43983
47983	47984	47985
5056	60898
6835	6844	10743	15841	54971
47150	47151
41810	59318	66312	66313	66314
25072	35160	58012	68675	68676	68677	68678	68679	68680
37966	43434	43435
26917	26918	26919	26920
80575	80576
655	10142	14749	15141	69706	74760
1292	3293	11705	38876
30848	30849	72798	72799
33426	33427	33428
177	17259
1214	7331
13665	17451	20565
23501	24556	25520	25521
4546	8641	20034	35478	60409
4902	39745
1177	2677	4987	7078
1410	3834
30536	35150	35151
19870	29660
441	442	443
3567	14113	14115	17866
9073	9074	9075	9076
30047	58065	58515	68331	68332	68333	68334	68335	68336
30974	37751	37752	37753	37754	37755	37756	37757
3935	6725	20700	20701
28573	58238	58249
793	794	795	796	797
8760	33951
75376	75377	75378
11366	28274	69071	73315
16233	31109	32250
31046	31966
2209	2964	15840	25334	25335
1099	15963
17931	66558	66559	66560	66561	66562	66563	66564	66566	75270	75271
23761	37346	39484
5208	5596
560	561	566	6837
53121	53122
11311	36375	36376
2270	7285	16562	17376	31464
961	3536	58609	73116
3397	3858	18462	26631
931	1137	2733	2734	2735	2736	2737	2738	2739
1315	38433
94	19583	24120
42	17168	33459
11670	16895	37479	37480	37481
2373	37704
39778	39779	39780	39781	39782
2272	4301	7557	17467	17468
4366	4367	4368	4369	4370
13793	66521	74545
21000	21002	39697	39698	39699	39700	39701	39703
13091	13631	24492
1765	17549
217	15638
2834	2908	2909	62430
29399	29400	29401	29402	29403
763	9609
5689	10412	26391	43348
7656	15167
113	18793	24831
579	1716	1848	12433
7205	8000	21115	21116
9332	9333	9334	9335
29789	44690
15414	15415	15416	15417	17100	17101
1991	2018	3196	5672
11570	31921
5361	11796	17221	29151
5344	26710	30462	30463	30464
37824	37825
1331	1437	15083
1200	9161	17754	40371
1677	50175	50176
10415	10416	10417	10418	10419
579	1513	1796	2700	25934
2097	2098	5329	11078	11079
39593	61505
1485	17837
14519	23501	30516	55692
2850	9545	14997
57254	64833	64834
1298	1299
16110	35994
556	6754	13876
43047	43048
7902	15335	71655	74369	74370
6547	6548
2406	14183	31778
230	2272	39590
15971	35339
14017	16953	18180
1788	5672	10849	11457
3545	3546
116	1523
31644	79242	79243
11570	43535	43536
1852	1853	1854
14521	52280
3742	13121	37304	37306	42221	46207	53870
3589	12064
15918	20482	41472
18372	24409	24410
5834	16710	47468
10887	14014	38354	63635
1326	1665	14286	51915
1305	10544	10547	24620
3546	14662	16884	16885
1985	17319	27685	44787	51490	63856	63857
13393	35083	46011
6046	21986	74937	74938
11682	15543	17541	22143	64655	69843
14917	14918
63903	63904	63905
37876	37877	37878
1177	1305	2193	8810
15933	15934	15935
4003	15837	28583	63831
580	2055	4091	13515	13516	13517
3955	18154
13899	55588	75841	75842	75843	75844
1765	5149	6043
179	15320	20219	65498	71787	71788
5948	6524	20323	57859	57860	66913
17887	17888	17889	20427	31170	31171
1375	6316	7046	20467
9087	80523	80524
135	35655	37094	37095
14412	15018	15020	21683	25602
7805	25230
49085	49086
7713	13123	13405	62157
5564	5565	5566
1946	1947	37372	47258
28215	39057	39896	42229
1053	9030	20040
72	467	19124	74720	74721	77894	77895
14286	15281	58622
2202	59205
7257	29949	46821
11367	78192
7125	10214
6931	25654	41999	55415
5327	32957	71484	71486	73639
1260	3449	3451	6746	22728
30403	30404
61009	61010	61011	61012
29237	43107	43108
516	5129	5130	5131	5132
20493	23242	56083	65809	65810
1076	19131	21050	26399	39186	49818	49819
72622	72623	72624	72680
1240	4012	9550
1486	1487	41089	44791
3980	5317	5318
60106	60107	60108	60109	60110	60111
2209	14790	14793	17325	17326
1413	23554	31912
39508	39510	52541
1292	13429	19562	40949
13406	70126	77729
40606	51295
44969	44970
328	10097	10098	27270	27271	27272
12088	40071
3675	15486	15487	15488
13013	15120	23431	57062	66026
58946	60786
41209	41210	41211	41212
27273	27274	27275
35835	45878	45879	45880
13236	13237	37778	37779	37780
15912	53191	53192
7000	27512
573	575	15342	19654
12	1039	56942	69790
46101	46102	46103
11001	11002
1124	4300
57432	59363
7969	7970	46351
39135	65080	68518	68519	68520	68521
961	58609	58610
909	66996
8327	33337	51578	58525
5996	8771	23867	23868	23869
21084	25051	25052	34383
33374	40838
4050	4051	4052
3631	21816	35058	35059
1397	33632	33633
19314	53917
18447	77127	77128	77129
20	4754	36954
16901	16902	16903	62403	74976
16655	25801
216	1325	5992
16634	21180	44016
7775	11984	17567	17568
1177	17328	60722	65247
1240	3540	5008	42147
241	3424	29027	29028
90	3253	26037
3395	34904	37745
259	4545	19125
31443	31444	31445	31446	31447	31448	31449	31450	31451	31452	31453
7978	12652	13943	21342	48734
11979	15001	15841	24006	24007
57673	59757	59758	59759	59760	59761
15248	16405	16406
1593	23029	53965
20875	20876	20877
3882	5445	24798	41114	41115	41116
7077	14057	22679	22680	24192
11183	80010
1607	45518
32306	32307	32308	32309
4985	4986	4987	4988
57861	57862
71560	71561	71562	71563	71564	71565	71566
8249	54097
38250	38251
1196	3800	11580	55883
13347	13348	13349
3887	13714	13715	14885	28457
1261	2565	20936	56656	56657
6558	19766	46498
9545	68148
314	15889	17472
29476	29477	29478
8323	68371	68372
3781	8316	8317
735	9896
183	22789	22790
6823	18561	63699
14456	19545	19546	24455	24456	24457
1201	1755
20896	20911	77430
26201	55088
2116	16454	20555	25705
1789	3133	4532	52823
185	2021	4732
1160	20667	32227
1177	1374	24975	60317
8356	13428
24449	24450
68687	68688
47606	47607
8043	18343	18345	43235
224	1211	1212
123	124	125	126
23851	52751	52752	52753
2839	22753	22754	24582
4940	19556	57194	65661	65662
3069	8659	8660	17914	21842	21843
1162	5180	10850	20019
1534	17960	24507	33025	33026	33027	33028	33029
275	4550	9186	12703
9551	14135	67043	67044
29719	49557
16562	19040	37746
40992	40993	40994
64172	64173	64174	64175	64176	64177
14888	15838	15839	15841
13726	13727	13728
954	2825	12305	12306	12307	12308	12309	12310	12311	12312
13574	13980	18560
15396	23741	44445
2066	3367	73415
8379	32645	55544
2610	2611
30435	30436
7200	11638	57808
9844	36941	37528	70139	70140
2625	19005
8952	8953	8955	12506	46367
3785	6193
30058	41840
10428	15382
1177	1305	10545	24387	40683	60849
5372	26358
7952	46996
22966	49093	49094	49095
24219	35192	35193
41280	41281
35337	52002
8960	20979	29750	29751
959	2362	22883	51754
2887	25723	25724
5740	6042	44524
515	15022	15501	15502	29609	56159	56665
35080	36455	37061
2989	18074	29612
18535	37154
28610	28611
4735	39217	73062	78532
1519	2572	8122
3231	25999	26001	26005	26006	46699	46700	46701
4150	6835	18583	18584	20676	32693
11808	11809	11810	11811	11812
7728	77833	77834
2623	6493	11902
12489	12490
308	309
19315	19316	39883	46604
90	26597
25842	27024	31802	31803
2116	5176	7029	31135
19	20	2350
4549	41364	41365
2687	3844	28335
4399	12065	22029	63906
5437	38185
36931	36932	36933
3855	60152	63821	67875
16764	18839	18840
24	80092
1153	15344	56292
10581	25591
12223	12224
16564	29242	69785
7505	10850	22974	22975	22976
52615	52616	52617
2607	62173	76928	76929	76930	76931
90	19403	25921	25922
6269	40889	54354
31976	31977
5133	5134	5135	5136
19931	21637	21890	75506
15250	15251	15252	15253	15254
3462	18413	23407	24368	27163
9586	27316	44072
3367	3369	14221	14760
35049	52781	79730	79731
14434	74790	74791
7045	7616	9125	22775	28222	31049
2184	56747	56748	56749
2323	22030	34846
19484	25439
14777	15218	70188	74191
2421	3982	7531	34169	34170
79642	79643
27526	27527
101	29005	29006
6923	6924	6925	6926
21544	21545
69394	69395
9116	69709	69710
1329	12279	13752	32365	50930
55719	62145
9849	68962	74472	74473	74474	74475
5530	19322
33978	54115
17899	23497	23498	23499	24555	24557
3982	24480	24481	24482	24483	24484	24485
2270	31464	35276	44309
7628	50922	50923	50924	50925	50926	50927	50928
1330	32367	44333
107	108
5614	40882	40883
18052	24712
59545	63214	63215
543	80612
6550	77452	77453
14057	22530	43026
5431	55482	68876	73237	73238
17404	57264	57265	57266	57267	57268	57269	57270	57271	57272	57273
29929	60803
624	4012	29474	29475
16211	72394	72395	77417	77418	77419	77420
657	18952
808	896	897
13914	58352	60247
2283	2284	2285	2286	2287
679	53419	55653	59864	62911	67400
19166	19167	19168	69017	69018	69019	69020
70091	70092	70095	70096	74249
60	25558
256	1559	10279
75492	75493	75494	75495
11372	42086
2388	80430
14597	14598
6865	9717	9718	9719
1831	3711	3712
11367	35729	53651	63785
15001	24007	75255	75256	75257
519	1672
5373	22381
3080	32585
13030	14991	16592	70842
8770	10400	29466
48491	48492	48493	48494
6082	24446	48505
40453	40454
4475	33141	33142	38168
16254	16348	16349	16350	16351
14496	55958
72609	72610	72611
183	1076	5622	9536
4659	14274
16497	38953
3858	14706	17263
8811	8812	8813	8814
47097	47098	47099
7236	22972	48026	50366	50367
940	5754
3614	5166	80239
977	41078	41079
21420	21421
16055	17542
5636	5637
3986	79764
4007	29956
49608	49609
69298	69299
2934	15083	24218	25730
38851	47809
79876	79877
9588	42907	42908
64865	65705
15767	15768	59538
6496	32954
38425	46877
4849	18265
67883	67884	67885	67886	67887
3782	3783
1323	9708	22139	27137	40744
1202	1203	1414
183	59422	72637
22036	22037
473	1491	23106	44263
60699	60700	60701
959	39548
11900	14875	14876	14877
31379	31380
1281	1733	1734	3242
4389	8319	10239	14921	14922	14923	14924
5627	17344	20015	28977
48922	48923	48924
38933	58560
15548	28671
6405	53914
16432	55169
179	7801	7802
28371	28372	28373
223	3451	6746	18273	18274	18275
6725	20701	68237
67519	67520	67521
14883	15506	40357
22143	27949
13276	13279
10208	10209	24744	24745
13428	16634	56128
116	25888	30102
224	1138	1281	1316	2247	7787
11873	39289	41569
1292	15540
4358	79506	79507
277	278	9472	10089	11439	42404
5376	42069	42070
14503	17018	33719
21252	21253
3057	3980	25542	32616	32617	32618
1383	11006
7256	17953	20453	34539
2895	6318
5740	32290	32291	32292
7757	36110
22239	22242
12584	15439	60066
13429	16144	16145
6745	55711	63942
19144	19145
6980	10182
941	1797
16396	19669	23430	32679
58404	58405	58406	58407	58408
18061	18062
25844	65657
3962	14944	23176
4948	69704	69705
8283	19402	31791	40685
241	1866	23253	23254
23253	25840
8896	76069
2132	44767	44768	44769	44770	44771
17977	17978
4515	68397	68398	68399
11024	27913
31388	31389	31390	31391
8231	31436
16783	16785	66056	66057
283	17657	77964	77965	77966
23727	34843
1978	3099	46099
1600	3859	3860
17120	17121	17122
1077	10894
42195	46110
59922	59923
2850	8390	60423	68100	68101
16950	36192	36193	36194
3092	43427
419	4791	6957
21268	38216	41359
348	4308	20601
13577	13982	14412	22700
6557	19366	19469	24999	36878	36879
5176	41810
74427	74428
712	35669	52472
12474	16367	41692
1694	26670	41297	41298
1310	35976
4331	10669	12413	21552
2492	31230	61243
14055	14057	14058	22531
4946	26901	26902	26904	49731
76711	76712	76713	76714	76715
50234	50235
1325	56362
5094	7969	20416	28255	33386
3301	3302
11440	26851	26852	26853	26854
67875	74231	74232
59220	59221	59222	59223
142	143	17830
13963	17483	24496
9170	50031
2253	3134
1453	6909
5691	19040
12156	26203
8114	12510	25778
15789	15790	15791	15792	15793
348	349	1302
1005	18442	18443
35442	56161	56162	56163
183	747	6989	27702
10921	43655	43656
2456	13176
2118	2119	18105	55755
2504	26671
10252	15621
9801	31328	32889	32890
1021	4226	7194
10142	15576	27904
30664	30665
3267	7624	23238	23239
5968	5969
7445	8283	16520	41422
177	23991	29268
105	11380	27731	59266
3368	7268
133	21970	27903	45144	50125
2191	75072	75073
19858	72404	72405	72406
8541	28156
15686	48981	48982
38436	57743	57744
4400	21356	21357	41575
67749	67750	67751
7288	11766	11767	11768	11769
39399	39400
7648	56922	56923	56924	56925
17190	37760
8185	36040	60187	70180
1598	5936
15294	15295
5609	16397	23107	59972
5526	30701
1299	4791
9961	10047	10048	10049	10050	10051	10052	10053
72689	72690	72691	72692
29285	54673	70570	70571
67644	67645	67646	67647
533	3513	7715	17707
15949	15950	15951	15952
376	1985
36738	52157	52158	52159
13429	16772	22861
2589	55436
3397	3858	9919	18462	26631
58984	58985
1487	2687	3461	44190
3848	49025	68159	68160
5043	5044	5117	5118	5119
7381	9363	9364
9025	14939	57426	57427
181	17525	17527	27718
11434	11435	72178	72179	72180
659	18498	34392	47814
1161	7943	7944
1320	32418	32419	32420	32421
11473	11474
6427	6428
2059	4106	5731	12706	19593
2889	14412	14414
23012	23013	34960	50623
13768	13769	13770
6505	34208	51070
586	73146
479	480
34551	34552
6078	17847	33929	35824	38713	49991
49901	49902	49903	49904	49905
256	258	321	3300	4952	15555	15556
1716	4147
790	4608	4609	24558
5633	31004	39494
65569	65570	65571
7011	10454
3398	4049	9401	45755	45756	45757
17218	17221	48381	48382
70622	70623
280	11395	46126
6746	18953	18954
6970	16122	38412
930	931
33981	60825	61328
2572	7762	45703
105	4210	9945	15218
2393	4587	8611	23671
5099	5100
41593	52869	52870	52871
12657	12658	12659
4500	4501
1091	1305	6747
47630	68172
5653	5655	18726
3099	32286	57349	59437	59438
4750	4751
2669	63039
1487	6496	20277	29550
7755	16646
914	20149
9151	9152	9153	9154
15003	15004	15005
59519	66793
13134	22995	41682
105	55841
11905	23340	66324	66325	66326
2830	11374
6043	35723
2061	3571
367	514	10426
14096	14097	14098	14099	14100	14101
16784	16785	78463	78464	78465
1645	1647	23171	30466
3935	6276	40152	46329
77576	77577	77578
704	9945	21587
3836	11433	11434	11435
5743	45578	73281
33521	33522	33523	33524
22966	62706	69469	73163	73164
3589	44278
1629	50258
33693	33694
377	378	17388	17389
8671	10361
55795	55796	55797
2061	7252	49071	49072	49189	49190
3654	3655	20133	20509	45561
7142	42262
22805	22806	62649
33655	35446
1946	1947	37372
73504	73505	73506	73507	73508	73509
5116	15936	20732	20733
1213	1214	1215
57903	74689
12833	35043	51675
56046	78604	78605	78606	78607
7756	28751	49642
2547	5737	9536	25385
9025	24791
177	25892	43327	50413
16297	40679	40680	40681
2259	17884	18513	29343	41830	42790	50032
13938	54515	59591	65803
1879	1880	7981
2272	4301	70283	73122	73123
31481	31482	31483
39401	39402
5123	57280	57281	57282	64480	64481
5608	13391	15041	16348	17829
58176	58177
37269	39089
14738	14739	14740
1565	21943	26715
53210	53211	53212
34994	55421	55422
11288	11289	36738
3061	13558	31044
14794	44073	44074
8228	8701
10070	10409	34461	38404
3188	3613	3614	35875
5146	6578	15796	17191	46668	56983
2232	39049	39050	39051
10113	49176
20697	41050	48443
994	4068	46163	46164
38285	38286
79199	79200	79201	79202
758	24915	43363
3247	39309	67237
1054	1326	1440	9030	33607
851	12088	13312	39762	39763	47161	47162
21568	21569	21570
3369	14157	14760
45260	45261	45262
21756	34116	34117	34118
8622	8623	17603	25502	32496
966	13731	13732
3955	20956	23817
10302	79288	79289
7580	10337	10422	45348	45349	45350	45351	45352
1985	5995	16767	32859	32860	32861
46193	46194	46195
1738	34246	35461	36445	36446
5043	9449
9618	39240
7580	10337	10421	10422	45350	51383	51384
1196	3800	11580	11581
6002	17653	17882	17884	21167	63057	63058
139	15893	15899	39569
4917	8430
22331	22332	22333	22334	22335
4271	12235	60158	74318
1879	1880	7981	46286
3069	18960	18961	18962
15681	15682	15683	15684
1607	2121	2122	2123	2124
379	381	52922
7970	17781	18118
1302	18519	33809
38280	63698
556	4599	48371	64851
1292	2496	45255	45256
3741	23944	50025
8323	56238
515	516	655
1507	31942	31943
1052	6099	6100	6101
175	177	623
3265	4753	37107	39484
26956	66356
1602	1603	1604
1005	5948	18442	18443	80404
1998	33334
3470	3472	3474	15023	15773	17163
6103	14322
42785	64285	75835	75836	75837
1139	13824	20936
38432	43392	63631
21254	22340
75889	75890
6841	44025	44026
20395	32980
961	41777	53339
35134	74424	74425	74426
14387	48585	74268	74269
13070	25792
556	5900	25716	65072
16814	16815
2267	18920	22098
6073	12279	40330
8209	19934
2637	2638
4370	14946	14947
1144	16923	65128	65129
35932	45572	72965	75824
1134	14204	18105	57843
5731	13268	19593	63589
11736	18303
13104	44446	44447
11167	63409
38383	38384
2990	6585	36424
57145	57146	57147
18294	18295	18296	18297
3091	3602	48773
6298	44128	70432	74528	75801
43885	51968	51969
11682	20898
3435	6940
8897	8898
27427	59022	59023
2228	9660	10578	21563
15002	20652	45761	69536	69537	69538
4846	20646	20647	20648	27119	27120	27121
358	7544	22652	28635
13222	51539	51799	51800
1235	18606	21710	33347	65029
37422	54158	54159
4210	10607	11157
40012	80235	80236
1716	35472	36247	36441	38926	47217	63681	63682	63683
14292	58438	58439
5502	16429	16430
6310	41361	41362	41363
2710	22310
4439	4440
3044	51056
14749	15690	16235	16236	16954	64040
6999	7000
1299	3845	3846	3847	3848	3849
12605	12607	69765
968	13982	61722
27351	27352	27353
14878	14881	17256
7205	8000	20011	21115
2378	10808
4623	5192	5193
217	15784	23536
1235	2259	18513	22370	42790
16807	16808	16809	16810
1486	15308	16827
68348	68349	68350	75017
13620	13621	13622
1694	10012	16506	16507	16508	16509	16510
7370	63965	63966
57158	57159
998	1000	12342	12343
14790	14792	14794	29644	31501	55988
6501	20577	57951	57952
1091	25626	25627	49889	55650	55651
21422	21423	21424
6077	13443	13444
5872	25130	25131	73291	73292	73293
9932	11626	54667	54668
20015	52463	59918	59919
19498	36777	43256	43257
4265	36679
16773	34297
37114	41908
42	17168	51195
13482	27093	27094	27095
2244	32361
17447	20548	21232
9300	9301	12837	16267	16268	16269
4116	22117	66302
375	2075	33777	35502
3628	8359	8360	8361
10239	19935	19936
7957	24848	24849
10447	10448	10449
1862	28596
25976	32805	48181
2259	15454	41717	49517	63757	65959
52674	72165
3881	17559
8615	34353	34354
11873	47864
25649	57415	57416	57417	57418	57419	57420	57421
223	40969
14436	16653	41050	44068
33891	58631	58632
25366	35442
11367	35575
13448	16037
5325	22027	23980	31258
314	4741
15096	40523	41104	41105
1525	1526
11367	11440	35189	76857
35957	45362
10675	35336
3397	3858	18462
12646	39965
14014	31117	70110	76039	76040
12235	64156	71045
586	1124
1118	3231
1403	1413	3513	10712
13507	14346	51508
11408	11409
74980	78151	78672	78673	78674
16927	16928	61441	61442
15179	27687	69142	69143
9618	14898	21087	26620
76607	76608
4610	4611
29954	29955
9301	11980	12837	36483	36484	46886
3654	3655	19461	33526
23	65773
2209	15166	17927	32869
1403	2116	4147	5596
15677	40486
2087	2088	2089
9972	26357
16446	26039	53821	53822
1329	3366	5609
212	5113	5114	5115	5116
16228	61455	61456
5833	43524	43525	43526
11682	54602
1305	3654	10545	10547	13153
4988	5874	17712	57920
23426	23427	23428
5129	6823	21517	25386
11979	16317	64758
8	2498	5116	30367
2019	2021	2022	7628	39146	39147	39148
3681	3682	3683
47	72132	72133
3742	5689	22948	26389	26393	32588
20032	33712	33713	33714
74050	74051	74052	74053
21015	29799	56619	65280
56545	56546	68968	68969	68970
45715	52504	52505
8974	9650	9651
1372	2038	3487	26437
75560	75561	75562	75563
17137	59810	59811
13600	13601
7956	19758
34164	34165	34166	34167
13521	20924	30740	76860
12164	12165
16879	38070	58766
27274	27275	60913	60914
4210	13494	18443	18705
7044	73326	73327	73328	73329
7969	8710	23487	23488	23489
2825	57351	57352	57353
21360	24223
3644	40217	74543	74544
16403	21506	41366
14444	14446
857	2184	36651	51621	57307	58862
15404	15405	15406
19796	22966	60011	60012	60013
7715	16684
1203	1844	1941	1942	1943	1944	1945
1507	13667	13668
316	317	757	34902
1338	12175	12319
2253	18709	20480	38574
6936	35531	52858	78211	78212	78213	78214	78215	78216	78217
78047	78048
62264	62265	62266	62267
9520	46776	46777
76084	76085	76086	76087	76088	76089
1240	1306	10266	18995	19237	19238	19239	19240	19241
9301	31664
16828	16829	16830	16831
4454	7236	21711	22972	28106	41384	41385
7535	18023	70145	70146	70147
35024	35025
17085	17938	20995	60833	60834	60835	60836
3884	4600	79377	80349	80350
1161	4428
5996	6866	6867
18443	33082	64668	69786	70190
51676	51677	51678
35706	35707	35708
1788	5205	10849
17588	31400	38283
13553	17650	17880	21263	21264	21265
5153	14230	71055	71056
1156	4725	17985	43681	43682
2253	11223
76868	76869	76870
22576	34658
5464	10428	15713
79183	79184
18571	58446	58447
1060	3773
9454	9455	9456
3430	3431	3432	3433
14793	70866	70867	70868	70869
504	20370	23932	23933	54100
2942	7093	13134	40385
18223	25961	25962	25963
2378	10808	17049
49	14933	32405
4312	25086	25087	55757
13824	77773
43093	43094	43095	43096
23183	70176
66295	66296	66297
1144	16556	63824	78154
52370	52371
12682	31000
649	650
1156	4723	8618	80096	80097
8630	16863	48823
715	3593	4124	20851	36866	36867	36868
7837	7921	14744	25719	28495
1530	73035	75610
8333	18882	26752
2647	10037	38790
1305	3901	10070
2265	2266	12591	12646
1280	45519	66454	66455
352	1509	74088
23534	46610	46611	46612
29261	49109	49110	49111
6494	35129	43931	43932
3878	39493
3233	34204	41329	41330
5689	18004	26391
6823	17024	17715	18561
14673	14674	36589
2179	17016	17017
17386	17387
2771	4888	17136	17168	32917
15808	33100	67319
33152	33153	33154	33155	33156
1723	7059	8536	52952
14492	14526	14527	14528	50865
13898	14788	15129
16398	71655	73837	73838	73839	73840	73841	73842
27056	35385
18489	18490
1507	12752	13478	16371	16372
1292	4005	13429	16034	52108
32754	36665	36666	36667	36668	36669
10601	10602	10603	10604	10605
5726	29034	40119
13335	14415	18417	28475	61923	70606
11290	24642
1822	4452	4453	4454
10921	19886	62027
12600	15342	32257	70990	70991
57295	57296
3982	7531	13875	56837	57221	75458
76635	76636
36088	36089	36090
916	2629	10618	30381
11708	32562
715	3593	7506	18461
12868	15902	18384
50966	50967
183	9394	37967	77225	77226	77227
21748	21749
15919	23861	28759	58044	77520	77521	77522	77523	77524	77525	77526	77527
2710	13638	35188
13928	68463	68464
10923	71158	71159
159	27914
421	462	463	464
58685	58686
15939	53660
3881	15356	30558
22323	22324	22325	22326	22327	22328
602	57371
35653	44582	44583
43441	43442
12226	80618
24717	24718	24719	24720	24721	24722	24723
10248	11771	11772
2669	7805	34162
2267	13431
1302	18519	28102	28103
998	17033	34155	34156
20553	20554	67748
3358	3573	15943
1074	63788	65514	68974
499	5234	5899	6823
3531	44586
444	22704
3027	14987	22358
1139	13899	29027
10287	11458	57399
15407	15408	56808
2943	11979	69382
183	5614	5627	17576
1214	10543	13981
1316	9301	12837	16267	46746
1507	2505	34368
40720	75095
706	1513	49281
13102	41103	51693
1848	21253
94	1071	1339	42860	55476
3725	55614	65940
10951	37806	37808	46169	50033	50034
34069	44572
23340	59639	59640
586	1124	16262	35857
19347	27578
7377	20685	39585	39586
3728	3729	3730	23262	23263	23264
3609	12973	13931	41238
22138	27985	76943	76944	76945	76946	76947
2984	9120	9121	9802
4014	12009	12010	12011
179	19206
3858	14706	14707
18476	32740
37982	49849	54339
5898	5899	6823	20521	20522
2271	11755	17813
4285	72442
256	80167	80168	80169
72354	72355	72356	72357	72358
13187	51248	61062
2540	13887	15540	32439	44704	55948
1460	2406	19472	19854	25032
259	408	835	2291	5529
839	13604
961	22584	57816
247	1316	2272	4545	9301	24758	24759
26333	26334	26335
175	3019	22655	22656	34711
837	39083	49783
1020	14694
4283	18884	22752
4848	4849
34128	45598
8003	8995	46721	46722	47534
52530	52531	52532
25844	56811	70191
65683	65684	65685
2911	6125
71427	71428
41882	54827
26440	26441	26442	26443
1946	5572	8644	22023	22830
3061	3062	7385	36604
15983	16563	16564	16565	16566
17303	17304	17305	17306	17307
10373	10374
12906	20304	21400	23449	57783	62562	76585
41606	46246	49757
1080	5307
5440	8199	8200
1263	10573
6077	6078	33185	36506
38228	38229
35560	38468	64335	70732	70733	70734
1462	1463
24982	24983	24984
1566	2272	12765
811	812	12395	13292	57706
921	22300
1513	2985
6304	27491
2600	42053	43506	51691
1153	15343	15344	15345
5324	5325	5329	21507
266	10751	10752
3480	3481
39057	42229
413	11439	51882	51883
6465	12226	67428	67429	67430	67431	67432	67433	67434	67435	67436	67437	67438	67439	67440	67441	67442	67443	67444
8338	42243
2943	3367	3369	4210	68621
4629	4630	5873
15983	16564	24354
1349	16952	16953
828	829	830	14393
12768	12769
1089	20289
50430	50431	50432
2489	31720	40965
3529	28378	28379
1192	13310
44433	44434	44435	44436	44437
1274	5091	7091
22383	40160	72087
13444	70758	70759
29949	56010	56011	56012
14794	29644	30166
55936	64024	64028	67054
2814	2815	2816
2169	10142	10261	17470	24688
1249	1250	1252	53843
11434	15280	15281
19678	19679
644	24323	24324	24325	24326	24327
4370	14947	18861	41089
8660	18979	55594	55595
1193	3609	16071
67830	67831	67832
1903	5254	5255
77370	77371	77372
44993	46502	60168
14490	61041	76760
970	971	972
3395	53007
3399	36974
7205	7997	7998	7999	8000
47630	67585
4808	4811	52580	61574
5993	16950	17689	21315
11147	44310
14152	14153	14154	14155
2717	3146
3725	63910
2599	4625	52184
6110	15640	15641	48883
6647	7866	38266	38267	38268	38269
7994	22634	27428
18527	42302	68310	68539
16065	16066	39404	53163	53164
14749	61377	74767
7978	11419	13943
15073	15074	28974	42977	42978
105	106	19039	19040
14387	19818	63796	63797
3461	6513	40747
2251	10744	10746	59909	69471	71327
11605	12881	18076
467	14239	14240
2206	2209	6268	12474	16788	16789
7956	10951	46169
5046	42863
20189	30957
1138	7838	15586	15587	28561	28562
2846	5554	7065
6841	38457	38458	38459
3366	5608	36276	38354
15640	78547	78548
35515	45925
32524	63118	63119	74923	77907	77908	77909	77910	77911	77912
3369	42550	56285
913	944	1303
3546	14662	14663	56397	57757	69971
2251	2494	10744	17464	54507	54508
17218	17221	55874
5542	14893	14894	14895	14896
30577	30578	30579
63277	63278	63279	63280
16389	18663	45699
40531	40532
2439	7290	41000	41001	41002	41003
683	16965	79095	79096
5686	17450	42726	42727
39668	39669	39670
48611	48612
3527	15625	33148
5148	68061	68063	76672
2052	5532
13985	79360
2850	9919	75060	75061	75062
44323	44324	44325
1275	7091
20264	46466
4678	9205	45860
7986	31235	31236
1595	2378	10808	12492	16840	47773
25924	42422	70470	70471
24103	34357	41082
51890	51891
12164	24989	24990
182	1955	5008	20620	22276
45342	45343
7125	27517	27518
8825	25597	25598	68905
1138	9843	11543	18760	60560	65708
7094	24339	25272	25273	25274
4520	66069	66070
90	17677
7686	7687	7688	7689
1292	11705	13270	13271
1645	12973	74207
9621	12844	12845	36531
851	13311	13312
78622	78623	78624	78625	78626	78627
8197	18159	18339	77367
5710	51010	51011	51012	51013	51014	51015
21997	59627	59628	66043	71318	72193
13082	15307	24314
18981	20484	20485
10674	40767
6287	23692	23693	23694	23695	23696	23697	23698	23699	23700	23701	23702
7277	11347	32442	61154	64717	64718
3457	3458
24597	31701	31703
7868	7869	7870
18952	47841
10287	14183
1214	3571	18643	39844
39181	42688	42689	42690	42691
263	32277	47459	47460
19257	23791
18392	18393	18394
16424	16425	19453
49849	57963	57964	57965
14207	40191	40192	40193
259	4545	22569	23650
35885	36442	36443
5569	35623
16247	26633	78504
1977	8591	10142	10261	16615	35536
11051	51054	51055
13334	56551	67964	67965
654	1124	2985
1005	7933
18792	21679
15342	24625	24626	34503	34504
37148	51326	57451	57452
17296	17297
35918	35919	35920
1957	2635	3632	6096	7644	31625	31626	31627	31628	31629	31630	31631	31632	31634	38418	38419
179	5628
1647	3658	16978
2175	2176
4128	4129
25094	31514	32660	46256
9304	9305	9306	9307
4895	6918	17867	25217
5329	41038
1137	19358
40330	69104	69105
7789	7792	35465	52565
7756	25209	25210
114	118	55644
6490	13956
13801	55517	55518
4186	4190	7153	36624	36625	36626
225	3694	56453	56454
5853	5854	10756
3978	10240	10702	36052	39261	39262	41684	52086	52087
5608	14804	44992
1598	4893	13250	25641
16396	19669	41087
5948	8327	16314	73646
7059	21362	24508	44035
18981	32516
1196	12628	15068	32368
11644	15823
10921	13887	29281	46914
29436	43275
7648	25514	25515
21548	52846	58441
40059	40060	40061
655	16110	43200
2074	14724	57142	79767	79768	79769
7370	37265	53446	53447
28479	34468	55809
30328	30329	30330
3546	4946	18606	44816
15971	50695	50696
2165	12721
1193	41426
2260	2263	2709	27111
107	656	19258
7986	49922	50970
1082	13082	14156	14157
18639	35185
3502	17949
352	35370	35697	35698	39174
3580	16090	18038
1292	8193	15342	17462
22134	22137	22138	25608	25609
31370	31371	31372
39324	39444
9777	9778
14348	54442
14183	56182
1647	14997	26461	35262	35263
17029	18093	18094	20972	23063
47628	48388
44201	44202	52672	52673
5165	5167	15379
445	60532	60533	60537	65696
14743	42988
1378	4072	59908	73286
9414	15693
1977	6692
35954	35955	35956	35957	35958
34369	45392
15797	15798	15799	15800
18307	18308	79961	79962
22932	51432
5755	38084
10850	30264	30265
3431	8883	27226	27227
39306	39307
10275	39266	39267	42640	52973	52974
6816	23387	38917	49041
3256	3257
7775	7776	17568
28876	60142	69191	69192	77232
39760	73165	73166	73167
58505	58506
3329	5500	18572	19702	21772	65584	65585
40315	41103	49219	50015
6731	6733	7037
3196	10936	15020	20685
2609	11714
3517	3518	3519	3520
95	35228
183	19810	35181	35182	35183	35184
21697	21710	23291	46170
80424	80425
2746	2747
1497	8333	20270
14711	15654	26878	69237	69238
36313	36314	36315	36316
2205	2209	15840	51544
289	5874	22885
24651	72209	72210	72233
3334	3335	40153
686	5931	5932	5933	5934	5935
17805	23656	26645	51371	51372
2246	22227
658	977	32586	32587
735	736	737
106	2209	15841	45581	45582
61585	62757	76767	76768
30929	45372	45373	45374
466	6414	6817	57615	57616
2366	4385	25492	40338	40339
1745	1746	1747	1748
10675	11410	78121	78122
33085	33086
13352	13353
3872	46258
636	13533	21879	24915	24916	24917
43502	46780	46781
41020	41021	41022
10642	10643
658	2055	31674
11723	33585	33586
3044	9441	32737
15251	15506	56082	56083
127	17161	18646
3788	5431	14285	63298	65572	70472
2190	3151	9019	61196
1711	40790	40791	40792
31794	31795
43839	46671	63841
4952	6226	6535	33615
1596	22778
1029	10681	50686
3098	20106
9945	21587	39445	45776
20	50531
12184	41132	41133	41134
2262	78676
13339	22166
20014	20015	46696	46697	49677	52463	52464	52465	52466	52467	52468	52469	52470	52471
1485	35057	35983
25256	25257	28546	40281
2890	6380
37071	51703	51704
16109	16110
2572	53629	79462
35573	35574
6400	10888	53098
1441	3061	9064	74928
5992	12990	32066
1480	2378	4114	10808	16837
11682	14331	21952
14496	19168	38179
2505	13702	45206
8209	50448	50449
3882	5441	51240
1257	6209
21825	21826
1183	3481
9736	28639
452	37637	62862	64941	64942	64943
1076	13525	14881
11271	11272	11273	11274	11275
3092	19006	33176
48925	48926
5996	18000	23548
3113	79590
14883	24405	34983
42152	46509	46510	46511
428	430	59622
18372	19244	79032
13773	15096	15532	21871	41647	61685	62770
3215	3217	3218
75437	75438	75439	75440
1181	4456	10935
52684	61609	61610
7713	18106	68942
20771	20772	21977	48184	48185
33467	68030	68031	68032	68033	68034	68035	68036
3461	16156	59655
11759	16546	16547
8076	16292
73854	73855
21890	35146	68261	68262
14905	14906	14907	14908
1862	7296	39967
9254	52195	80285	80286
166	5325	9545	22027	23980	39813
13429	15540	27530	41920
961	63018
2584	10503	28707	42905
1955	18644	18645
37902	43938	43939
179	7084
1515	2555	3654	6586	10961
29087	29088	29089	29090
1892	9270	48645	55596	63027
1191	4301
27885	27886	27887	27888
3449	8451
14034	72587	72588
12559	19676	57410
13104	48329
2987	47087
4696	11876	11877	11878	11879
181	1065	3940	13119	23468
5691	6835	27601	38980	38981
174	41267	41268
13793	20312	59698
13419	43658	43659	45378
8395	10671	36465
14991	15334	20030	22382
9028	16078	16079	16080	16081
10432	26515	53046
59010	59011	59012	59013
23642	27515	39085	39086
11638	39035
15334	22383	26705	26706
13582	13583	13584
11060	11061	39088	41234
4210	4371	10607
183	3091	27440
11270	16065	34809	34810
16096	17385
72923	72924	72925	72926
240	2018	2880	37336
15677	16415	16416	16418	36995
3490	3491	3492	3493	3494	3495	3496	3497	3498
7166	7167	46705
9957	25379	35030
22269	49484	49485	49486	49487
7200	57914	66697	66698	74119	74120	74121	74122
8713	12695	23852	37705	64855
1179	5703
36303	43391	43392
63171	63172
5647	5648	11115	16955	16956
74638	74639	74640	74641	74642	74643	74644
25844	56811	65635
51001	51002
1643	29091
3462	3463	3464	3465
4545	34411	40270
17965	69838
9945	15438	22535	64501	64502
7787	59996
2687	15754	34733	75299	75300
1385	1386	1387	1388	1389
192	6055
953	954
20267	21015	61939	64538	66177
1189	1509	1946	3978	10702
1060	26225
20012	22413	60185	60186
322	323	324	325
5204	15443
3858	15251	26528	26529	26530
21862	30769	30770	30771
5862	19769
9780	80632
179	1486	15308	34068	34069
4800	8622	8623
58185	60528	75868
11796	16371	21389	21391	21392
3869	70893	70894	70895
1798	13704	52376
8	556	3111	28259	28260
11384	11385
1326	14286	33607
17363	31109
1177	4952	6765
3368	8880	16023	16024	20984	55968
1740	13199	35678	37677
2505	13249	18069
13444	15670
11213	50854
3398	61708	64035	71552
51453	51454
10286	14183	18710	42766
5196	19918	41949
38799	41960	41961	43912	43913
27523	76323	76324	76325	76326
6664	15731
1607	10226	29187	29188	29189
13061	13062	13063
1441	71189	74080	74081	74082	74083
135	64525
5530	23727
2209	14831	15839	30226	30227
43991	43993	54697	54698
1403	4147	25536
1326	15281	15531
4311	4312	53344
453	49107	49108
33641	36393	36394
177	19673	22647	34351	34352
9120	18155
16962	47995	56382
363	365	27282	66932	73437	73438
3445	7986
17167	17168	17169
5665	60488
55564	66583
15412	47410
1997	36675
2387	2388	2389
256	2232	17440	20995	21901	22663
20855	20857	34525
961	13744
3587	3813
3057	3980	26077	26078
22577	22578	22579
4373	10295
24789	24790
36598	36599	36600
43551	43552	43553
3982	7531	13875	17394	64451
4676	26285	26286	26287	26288
704	705
46	48	49	8894	29014
59019	59020	59021
6298	44128	55751	74527	74528	74529	74530
8371	30587
3069	26099	62909
5873	5874	46111	46112	46113
48106	48108	80071
7755	11073
20831	64284
15975	15979	77657	77658
1305	2904	35828	36615
256	492	4022	20944	20945	20946	20947	20948	20949	20950	20951	20952	20953	20954	20955
2832	6287	9301	46746
19959	40703
64591	64592	64593	64613	64614
1961	10302
9590	25411
2246	50291	50292
79878	79879
5672	14802	14804	62604	62605
73013	73014
7589	29946	29947	29948	29949
989	21250	49954	49955
6781	6784
7163	37640	37641
1351	18648
5293	9329
16550	24973	24974
7350	14743	25569	50412
443	4180
736	3377	8284	17782	22469
18692	59979	59980	65055	65174	65175	65176
16033	23664	35012
26661	37573	37574
36719	36720	36721
1039	35649	44895
8904	75703	75704	75705	75706
10455	41483
6967	6968	8864
25924	60286
8541	17720	50231
3609	12973	14746
961	5608	40128
14888	15839	17064	68557	68558
698	1358	3834	29381	39227
348	4283	4308	8421
1716	4659	4998	9386	21574
76963	76964
67421	67422	67423	67424	67425
28818	51725	51726	51727
12	16177	16487	21092
2272	46527	46528	49512
1007	1384
28937	28938	41308
17567	30784	31699
16564	32877
358	5658	5969
2089	8115
37962	37963	37964	37965
16056	27762	54568
56499	56500	56501	56502
7989	11064
16389	20330	65900	65901
1023	7279
2267	2964	25334	64864
25924	27116	58533	58534
29243	29244	29245	29246	29247
22022	29728	29729
2203	3428	11451	13138	13774	15096	38212	39268	40972	41647	48569	55457	57657	63860	68617
11969	11970	11971	11972
6192	14224	14225	14226
39788	43942	43943	43944
715	17345	18720	25915
14486	59618
2277	43080
8604	8605
1770	1771	1772	1773	1774	1775	1776	1777	1778	1779	1780	1781	1782	1783	1784
2262	2263	9983
4773	7624	9666
17924	17925	20412
29155	39693	60958
2406	7982	22755	29445
7290	16002	51882	70104
2383	19969
12761	54999	55000
36656	41186
824	2307	4161
6040	12388	12389	12390	12391
4048	4049
15571	15572	31501	55986	55987	55988	55989
14054	38339	47311	71750
1475	1476	1477
241	29027	56934
1196	4556	4557	4558	4559	4560
799	4010	8307
21751	21752	21753	21754
5234	26891	54516
14878	14881	19415	19416	19417
2441	3396	41360
19039	19040	23181	45329
1946	1947	34569	50331	63959
52904	52905	52906
43045	43046
9005	14883	16071
14844	14845	14846	14847	14848	14849	14850
3930	3931
1507	12908	61927
13723	19758	19893	19894	19895	19896	19897
246	247	4157	18781
1326	44526
14908	29812	44240
21950	54761
14254	19039	37681
18506	22683	25069
61689	69075
53203	53204	53205
5800	22989
59084	59085
27779	59460	59461	61432	68087	68115
1192	13708
2120	9351	58090	58091
5173	5174
21715	31809	38122	38123	38124
79717	79718
36303	37189	51403	55240
7098	17752	47226	63157	63158
17070	39787
1378	4419	22138	65318
65649	70574	70575	70576	70577	70578	70579
348	5731	9417
19155	19156
966	4068	11563	40280	76826
1252	27957	77921	77922
7787	13129	13130
2354	33115
259	3571	15912	50250
52528	52529	77415
15396	23740	23741
2272	7557	17468	25333
110	21985	21986
1358	1565	8960
3834	29915	35749	35955
15719	15721	15723	16456	16457	16458	16459	16460	16461	16462	16463
7700	8914	14270	14271	14272
48725	70364	70365	70366	70367	70368	70369	70370	70371
4210	7019	11141
7329	9901
1520	8460
4545	9301	22573	25665
1235	2259	17082	46586
19800	19801	19802
13099	16706	16707	16708
5734	13933	22389
8623	17999
66886	66887	66888	66889
25598	61632	61633	61634	61635
39508	39509	39510
11201	19678
18498	18501
80296	80297	80298	80299
10844	60818	60819	60820	60821	60822
51724	62243	62244	62245	62246
105	106	5691	19039	19040
23237	26293	26294	26295
10278	18684
1564	3318	3319
11682	14217
500	37556
3098	51287	51288
1765	37196	50508
20772	21977	31330
6875	7586
64905	64906
72320	72322
110	1721	9732	60112	66703
27682	28527	28670
5762	5763
2366	25044	31952	31953
181	25884	54648	60003	67420
59202	59203	59204
37945	47319
14991	15501	15502	16592	41717	56665
136	452	8249	14650	16167	16168	16169	16170	16171	16172	16173	16174
13076	33747	33748
2388	39528	80674	80675	80676
76047	76048	76049	76050	76051	76052	76053	76054	76055	76056
1751	1756	6321	48260
42923	68784
1756	5450	17754
12647	13272
2236	2237	40952	40953	40954	40955	40956	40957	40958
14500	30660
1326	1867
1946	3977
12682	15930	28158	33287	37892	54177	54178
15216	38809	67607	67967
2331	16033	16034	29059	29060	68671	68672
3171	8201
30929	39976	39977	39978
2378	40651	52183
224	29138	34113	49567	49568
2489	10785	49624
17761	65259	73948
8541	8630	12295	15412
3434	3435
1303	5899	15687	16370	21819	21820
48421	48422
2709	77663	77664	77665	77666
36792	36793
166	9545	22027
29332	29333
15027	63755	78270	78271
1119	1120
3091	5424	15988	30145	58111	58112
6837	34000
47	16008	16010	17078
2026	2029	13452	42516	57949
5735	19118	23209
34827	72534	72535
63054	63055
2489	3580
22034	28416
9301	60355	65390	70136	76029
7012	28209	36167	44539	60909	60910	66937
7691	22341
2913	69259	69260	69261	69262
959	11980	39729
1719	3233	18153
35472	38391
11901	42462
20992	20993
19144	67353
1193	23242	59637
4222	7459
41246	69994	69995
40697	41091	41092
9386	13149	20406	20794
2209	12638	16531	16532
11638	12931	12932	39035
18086	18087	18089	50035
14991	16537	61665	61666
47	16234
11747	30272	30273	30274
5165	5167	15379	39588	39589
7113	56235	56236
1756	5450	10849	17754
7113	15156
35957	38510	38511	38512
375	1005	20501	24868	56809
11818	11819	11820
23579	75585
18102	18103	18104	18905	18906	18907
12118	32272	32274	32275	32277	48078
7782	7783
37058	37059	37060
3826	3827
10938	18303	76304	76305
223	419	1600	3021	4895
2360	3834	61636	75851	75852
9951	79873	79874
2687	76994	76995	76996	76997	76998	76999
11482	11980	60495	60496	64668	67136
38306	41452
13443	13444
3099	26377	35022
39149	39150	39151	39152	39153	39154
17328	25048
3980	27566	27567
4312	26379
30696	38369
4306	10474	11024
7902	10142	75883	75884
25017	43225
11367	42248
499	1694	5234	5899	20495	20496
14898	16638	37202
12682	16770	31000	31001
419	3070
14991	21870	31987	39869
22260	54239
13004	13006	13631
10578	20115	20599	20600
5338	13456	68469
1260	17491	26590	26591	26592
1192	21167	35207	40588
7370	20882
2647	12216
40990	58690	58691	58692	58693	58694	58695	58696
3253	17677	32402	32403
15342	15475	16764	22834	22835
1428	35283
3369	3370	16904	16905
8384	32526	42437	46645
4022	4309	17950
1997	9211
3426	6128	6154	8147	8333	48158
10921	38726
13108	42721
4813	7075	7076	7077
5856	12367
5166	5357	30336	37705
7933	66311
27089	40358
70946	70947
3844	25464
419	4025
12	19226	35887
1543	48727	48728	48729	48730	48731	48732
2842	13007	38066
31	10432	22105
2882	33973	46887	46888
9588	10968	14017
8896	9586	34920	46486	46487	46488
13150	20244	67501
52777	52778
94	230	1275	38749
241	3424	4344	18835
10067	10068	44730	69086
13347	23949	23950
133	35372
2890	3315	10465	10466	10467	10468
25360	37230	37231	37232	37233
35326	44086	44087	44088
3749	22416	30621	30622
4545	19272	20948	25061
191	4943	20038
58788	58789
2934	9548
7580	10336
260	3539	3732	3882	4961	9025	14239	36746	39191	54634	54635	54636
43420	43421	51683
7441	8217
3497	3498	10634	10635
49602	49603	49604
1192	1290
5207	31113
68027	68028	68029
25723	37128	74275
16783	16785	50320	50321
45108	69381
6894	6895	6896	6897
13104	35076
24218	34103	34104
13138	13774	15532	55457	63800
585	5608	35612
858	860	863	55923
51688	51689
1214	19137	42950
8352	10135	56981
267	10576
45745	45746	45747	45748	45749	45750	45751	45752	45753
9170	35989	35990	54921
8948	8949	8950
67107	67108
27784	27785
5102	23469
6930	8819	25326
3396	40013
4374	12775	12776
5586	63774
4738	18975	18976
11644	46773
1509	5725	5726	41824
7637	8026	8027	8028
1985	47302
34632	34633
9624	11935	11936	11937	11938	11939	11940
11682	30643	37951	37952
7	556	6910	11797	12291	13876
8763	27726	27727	27728
16421	60382	68185
3580	23510	63608
15912	61596
10432	26515	37134
7837	43782	78906
18	10849
5854	7763
4147	21230
4373	6840	36619	45151	45152	45153
1235	50984	50985
6841	70197	70198	70199
8585	15022	55548	56160	63757
6320	32461	32462
1061	1062
55276	55277	55278	55279	55280
31827	31828
2917	2918
1257	57587	65745	76128
655	2934	9548	15152
532	1058	4301
20896	20905	20907	43862
211	25466	30392	30393	30394
1985	22134	22138	60006
19214	23431	53032
1944	5596	8075	9269	17965	21714
2808	5397	58459
15789	42753	75340
5726	38144	46879
3834	7701
1375	15841	27671	31047	31048
12932	33226	33227	33228
13997	21216	52310
8309	35678
39735	43432	43433
11953	60262	60263	60264	60265
2855	6572	33889
1118	5209
2271	2435	38094	38095
27779	53382	56431	59461	67374	68087
2850	12744	12745
29413	29414	39679
31003	48621
2646	5199	48062
36026	36027
13149	20405	20406
2364	2366	2367	18461
1879	46183
34952	34953	36257	49307
7350	16425	56409
1874	9947	15176	35168
6501	15217	15363	15364
2256	2257	2258	2259
1794	1795
6664	6665	15730
3147	7952	18848	27377
26881	37005	37006	37007	37008	37009	37010
47049	47050	47051
206	207
758	18289	18919	47622	47623
530	8250
500	15626
8694	9249
8894	29179	29180	29181	56013
1305	10547	20706	26018
43642	64489
60	2575	2576	2577
256	1007	1008	2406	4770	18580	18581
1306	2904	10266	10267	10268	10269	10270
3098	17655	17657
15118	23431	49488
23631	49437	49438	49439	49440
544	18886
18169	64721
59031	59032	59033
19074	34463
2406	19284	28624
2599	2854	2855
23537	23538
41854	60861
5924	35345	76759
2383	2426	2427	2429	31469
2850	14938	14996	14997	22642
1152	1153	1154	1155	1156	1157
1196	3799	3800	44665	56803	57842
3445	22653	59502
28978	33059
28835	28840	50623
36818	36819	39384	43998
1177	58418
1846	2539
52620	52621
715	10663	21964	23720	23721
76752	76753
47603	47604	47605
2677	26626
14023	52102	70835	70836	70837
3502	3918
11802	11803	11804
175	13393	35082
3513	8230
20198	56817	61028	61029
2267	16283	16284
1202	3685	9766	19537	19538
3171	11224
1336	1337	1338	1339
10551	29866
22494	61689
19529	68900	68901
24254	26260
158	3790	15189	16649	55449	55529
19552	19553	39475	43897
7445	8283	37098	37099
15872	51545	51546
7573	30780
17383	26155	26942	40769	40770	53605	53606	53607	53608	53609	53610	53611
76809	76810
59139	59141	59196
585	6400	14804
9138	40341	44946	45586	80143
2709	10325	14005
1097	35516
12950	65475	65652	65653	69507
5755	48950	65113
9075	60864	78477	78478
16293	16294	16295
26925	26926
19284	20622	20623	20624
19741	30848	30849
6578	23404	33852	37039
5386	43954
16655	22508
13891	13892	13893	13894
2380	17161
52816	52817
11670	37479	37480	47655
5786	5787	29916	38422
47152	47153	47154
58939	58940
1138	7787	31053
8880	15655	15656
135	25166	31167
747	18255	74314
15792	74525
24614	24616	70447	70448	70449	70450	70451	70452	70453	70454	70455	70456	70457	70458
2494	9228	9229	16276
16018	55547	61552	64181	64182
11401	15610	15611
3580	3809	43548
9945	14486	15218	38631	39291	39292
50773	50774	50775
2386	69222	73873	73874
10307	18136	18137
4931	26629
24105	24106	24107
20924	20925	20926	20927
35634	45953
3376	5477	7078	10844	12105	15055
8019	12261	20962	36001
4547	49155	49156	49157	49158
16773	36248	36249	36250	36251	36252	36253
2505	8713	13249
17829	18048	33826
1890	30431	70263	70443
25655	74929	74930
2272	2441	4210	5404
21315	28989
4309	23691	39218
58464	58465	58466	58467
12130	12131	12132	12133
2043	15096	41254
3687	25760	25761	25762	25763	25764
56322	56323	56324	56325
1485	1486	42633
45067	45068	45069	45070	45071	45072
4370	15765	18861	22619
10912	10913
10540	16296	16297	16298	16299
44966	44967
17071	17073	17074	64045
1608	32497	32498
33492	33493	41730
6078	17847	33929	35824
6841	50080	50081
6191	6192	46904
16433	16434	16435
2418	8439	11559
3869	32237	33186	33187	33188
1507	44896	44897	44898	44899
16529	16530
25366	28666	44543
1266	1267	1268	1269	1270
1645	1647	23172	55067
16574	17339	17340	57991	57992
15560	16081	35563
3242	11634
4619	7520	20129	20130
41314	50491
4559	8379	17027	27291	28735	28736
5530	7011	22078
10712	18315
2873	7202	7203
94	7536	28949
854	39377	39378
4801	4802	4803	4804	4805
3529	10388	24187	30467
14186	35534
29911	37981	37982
636	5172	61771	67162
8894	34920	42266
20607	66898
3369	14221	14222	56259	75108
4507	4686	12682	16914	34888
1885	80572	80573	80574
58135	58136	58137
7290	41854
16122	36775	40839	40840	40841	40842	40843	40844	40845
19964	48320	48321
2660	41765	48258
45762	45763
559	9025	14939	18364
26617	26619	57571	57572
37583	37584
4917	23578
43114	43115	43116
34055	42788	46197
26400	26401
278	15712	31500	65074	66093	66094
2687	6578	23404	33852
5334	16195
1976	26972
11011	11012	11013
46579	68041
18105	18106	22506
314	7698
58818	58819	58820	58821	58822
19761	19762
29790	56175	56176
21410	45104
3374	4569	27118
14876	38173	79103	79104
12178	38444
6571	41913	42027
73702	73703	73704
504	566	886	23376	23377
13013	15150	17962	41712
3593	6543	23035	31266	31267	31268
15031	15032
1607	25183	25184	25185	25186
7616	28847	28851	58359	64062	64063	64064
72613	72615	72674	72764
1793	28282	51795
4302	73722	73723
1647	26461
9186	11675	12703
11739	18427	29074	31132
14094	14095
39839	66857
4399	17024	63990
14711	14991	15654	44934
2056	12285
15374	15375	15376
28402	28403	28404	28405
3580	19837	19962
181	3940	18204	18205	18206	18207
110	6212	9262
23258	55194	55195
14991	15540	20030	61421
5416	5417	5479	5480
913	18952	25842
539	1707	3969	5529	6288	6473	16327	19202	19203	19204	19205
2406	4599	5896	17711	19472	22696	22697	22698	22699
35600	50764
25229	25230
3657	12990	14157
1519	32741
20304	21400	21401	61212	61213
3399	46809	46810
2053	8083
1023	4014	21298	21299	21300
4847	17902	17903
4915	21044
486	487	32025
4827	5438	10554
55484	55485
14898	16693
41414	41415
5113	5116	66532
16305	35337	42529
1195	1196	15068	29225	32368	33898
71074	74367
38076	56794	67263
2273	2412	6885	6971	10139
45338	45339	45340
8396	10754	10755	18369	24352	28411	34052	57562	57563	57564
15521	57229	57230
4454	17657	33097	34387	34388	34389
1323	2493	2494	2496	55543	56559
800	1160	10349
27348	27349	27350
6760	12449	26047	58628	58629
2251	8379	17461	17462	17463	17464
16586	33986
40345	40346
2842	30811	61648
230	41309	41310
22634	22635
1160	25721
31642	62242
24150	35173	35174
959	11069
7292	7293	7294	7295
2406	18024	20422	23799	35538
1315	36635	49453	49454
14898	14972	26698	48257
39171	50918
2270	6760
27524	27525
1453	48441
6997	7106	7107	7108
14898	14972	37513
27247	67451	71166	71168	73462	73463	73464
1138	70017	70018	70019
1672	58787	80142
47470	47471
3366	14009	37196	37710
35962	39304	39305
5686	14355	57912
9059	9060
663	1756	4761
8645	8646	8647	8648	8649
1694	26670	30268	30269	30270
1918	54251	54252
75798	75799	75800
14548	27613	27614	27615
3323	3324
30929	48383	63664
2498	2500	2501	57598
4049	52138
15604	16721
22122	28204	28205	28206	28207
13429	15342	44522	44523
348	349	13268	77476
64872	64873
18700	23104	23105	23106
5614	17576	24504
8327	59327	59328
3573	26419
4089	65098	65099
2503	12341
2850	4515	16764	49736	69947	70995
4049	15614	22654	29691	31009
74	76	2565
13490	13491	13492
30504	39114
6287	20392	52123	52124	52125	52126
2572	14613
260	3580	4546	9182	11466
3901	9765	16221	19028
70079	70080	70081	70082	75421	75422	75423
1947	33933	35112	49125	49126
13091	23431	51410
27405	29704
256	467	5616	6288	22109	22112	22113	29880	29881	29882
36966	36967
2850	3858	14938	22173	23975	31421
7838	13699	13700
13393	13703	42885	42886
20409	69491	69492	69493	69494
13393	15321	17190	26922	47255	54850	71389	71390	71391
20755	23724	23725
5597	5598	5599	5600
13703	15477	17620
69607	69608	69609	69610
21865	26753	26754	26755	26756
26640	34646
6320	10958	54438	54439	54440	54441
3808	19524
5357	59957	64196
3397	3858	9919	15154	23202	56263	69161
556	6737	8315	25099	25100
43359	43360	43361
37245	43613	43614
41341	41342	41343
3901	9345	9346	9347
1114	37945	37946
4065	22886
6081	16961	16962
5689	22948	41444
2393	5163	5164
15120	33768
64320	64321
3930	8889	32522
2246	10718	52842
9957	17539	54858
1008	10498	24037	24038
240	241	2059	7818	9551
16428	30339	30801	45813
22807	22808
60416	60417	60418	60419
663	2669
1985	13600	33392	46333	46334
12068	12069
2703	2704	2705	2706
15392	17899	21651	21652	21653	21654
8714	37877	75921
45299	45300	45301	45302
2683	2684
3820	58088	59677
1275	11717
18306	62386	62387	62388
29875	29876
234	2803	7110
21430	30367	33205	45275	45276
76562	76563
6904	24317
1739	62175	62176	62177	62178
3980	5318	23391	46147
139	15893	23353	52828
25956	25957
8760	33951	40409	43778
9595	16058
11942	73347
1428	33757
8704	9270	14077	16879	19064
49	36093
57903	71339
4714	19513
5208	53854
6843	6844	6845	47848	52799
31971	57612	57613
1120	76367
44814	44815
5404	12854	47825
1200	21791
77596	77597
801	16653
15918	26621	26622	26623	26624
20138	50853
4491	4492	4493
653	6702	17063	38547	44937	44938	44939	44940	44941
19519	19520	19521
1357	18068	22566
1888	1889	1890	22824
2373	2374	12382	18506	39914
1200	1351	2127	17469
24233	38396	54456
661	40943
16535	25109	46304
9656	9657	9658
13308	48802
2302	49357
64640	64643	72820
29094	35104
5404	78945	78946
73060	73061
7770	54328	70227	70228
42095	42616	42617	42618	42619	42620	42621
12571	20687	48292
6372	6373
1844	1941	1942	1944	1945	44515	44516
18443	56069	66281	75243
6077	11480	20901	20902
2917	8530	8531
1189	10674	36052	42090	42091
2203	12078	21728	35560	36631	36634
1595	7967
5205	5206	11290	24641	24642	24643
198	1766	1767	10579	21340
62302	62303	62304
3061	3062	7385	16427	26444
9778	15210	34614	36464
5996	51742
6879	35237	35238
67763	67764
4676	16646	19687
1378	9440
46462	46463
17403	17404	62415	67955
2803	9553
16357	70086	70087	70088	70089	70090
655	16110	43200	43201
17190	64258
179	2251	15841	16317	20219
1110	1868	3453
6578	47950	47951
1484	1487	14486	14832	21870	72498
1453	22473	22475	63421
7593	9943	22945	22946	22947	47155
5094	6040	9550	69997
2358	7921	30090	62028	62029	62030
5689	5691	18738	22948	23181	63459	63460
17766	59699
43170	43171	43172
16092	16093	29024	29025
16085	65896
177	18647	22647	43327
20211	22867	22868	40876
22080	57197	57198
118	71187	77148	77149
5148	5149
3247	22107	28067
248	249
4399	17024	20479	20480	70608	70609	70610
16614	16615
8273	15931
5602	5603	31406	43811	43812
39858	39859
36569	66993
1085	5459	46116
31107	72219	72221	74358	74359
16009	16010
6803	25944	25945	25946	25947
25256	25257
6536	9668
22328	54880	54881
1160	6358	24607
16615	35295	35296
1998	8155	35197
518	3121	26885	32680
35825	39189
52826	64214
135	3188	3613	3614	7557
3487	5292	22754	55256	55257
4209	4210	52804
1134	2272	4330	4460	45725	60333
2272	7428	13102	14318	28759	54618
20837	27449	27450
7384	35013	35014	35015	35016
15686	40634
7833	25433
518	1326	15083
3085	34616
8713	43721
7769	8003	23705
3745	3747	22416	24957
11810	11812	16673
29010	33741	34634
9897	29949	71478	71479
3862	60300
64319	69683	69684
812	31581	33207	33208	33209
30440	77303	77304	77305	77306	77307
26546	26547
23706	23707	23708
4389	16357	16689	62446	68930	72295
9206	21466	21467	24318	24319	24320	24321	32954	37802	44930	44931	44932
6440	34499	34500
2018	4024	4025
7986	36407	49921	49922
7464	10734	12203	30739
44151	44152	44153
15603	15604
799	5686	14355	26304	34105	57912
37893	37894
3061	37506
76556	76557	76558	76559
1714	4533	4534	4535
7142	80220
2380	15340	16403
2384	2386	18275	24814	24815
6577	18256
38561	38562
1468	15953	15954	15955	15956
28471	28472	28473	28474
21046	21047
15022	17219	17221	55548
1280	51993
51638	51639
38432	52893
3911	3912	3913	3914
31913	32828	32829
25013	77064	77065	77066
6500	6501
4911	4912	4913
2072	2074	80391
73773	74074	76306	76307
12327	19435	23737
2717	3146	16773
31070	31071
111	29499
44031	80552	80553
1191	18380	28432
30882	30883	30884	30885
105	106	11618	11619
4460	18563
515	31728	33450
40229	43560
25769	28125
223	1135	1136	1137	1138	1139
1643	3773	5596	9915	25844	78675
2277	52171
26292	36098	63001	63002
22037	37728	37729
5404	52318
10010	20223
14136	47670	47671	47672	47673
34069	36756	54581
4034	46756
54543	61423	61424	61425
29023	67961	67962	67963
13149	20406	24425
12781	12782	12783	12784
18699	18700	18701	18702
12178	12956	12957	15271
1173	1174	1175	1226	3079
3675	24821
95	19423
4271	12235	65433	76237	76238	76481
90	2053	4659	11613
3376	6462
3562	5684
21155	27295
659	3196	6479	6823	13600
14347	33144	57922
9351	36569	47073	64563	64564	64565	64566	64567
58596	58597
3707	23781	24077
1955	7518	10734	25938	25939
23897	23898	53819	53820
2247	22452	28786
6952	10750	42594
1161	13435
3445	12073	25390	25392	38343
16979	16980	16982
10954	11372	15342
4154	33027	33502	51753
1528	36979
12931	52665	77263
5034	11691
1598	1601	10577
55324	55325	55326
22134	22138	60006
71446	71447
7046	73684	73685	73686
299	300	13530	22609	22610	36735
3533	28266
15686	30908	30909
6298	11819	40330	40331	40332	40333
10579	22092
5635	7012	60823
235	4577	53679
2028	5575	7656	41208
4625	7368	8760	21243
44499	44500
6298	36294	55050	55751	60983	60984
12973	15279	56086	56446
4537	4538
1082	2398	13082	14156	56365
25864	25865	25866	25867	25868	25869
7952	32119	55851
1177	2095	7258	22247	52169
13121	26391	57834	57835	57836
13648	16824	44553	44554	44555	44556
993	5116	42015
1064	1065	15678	15679	15680
6172	18013
35365	52074
1879	24920
46446	46447	46448
349	1384	28305
31190	47908
257	3584	32783	32784	32785	32786
3747	3749	5593	33339
3061	3062	7385	15303	55322
2213	36877
23233	35592
2616	8633	8634
11458	43957
6835	71443	71444	71445
506	615	42736
46191	67103	73994	73995
17376	19505	52954	77312	77313	77314	77315	77316	77317	77318
3461	5665	9577	10659	12982	15064	20404	46530	46531	46532	46533	46534	46535	46536
1866	18461
22360	32805	64698	64699	64700
51896	51897	51898
2383	2429	12958	34956
10046	11401	14975	51391
6082	23195
2277	15409
2063	11242
5542	17220	32277	50638
27000	35337	45789	45790
150	2343	55834
16233	31109	46769	54539	54540
16710	19511	22785
5273	14020	45566	52705
39679	42296
22610	40380	66758	66759
4005	15572	63825	63826
256	8622
15971	44412	49345
13429	27530	41920	44817	44818
3675	58806
6282	10578	10579
7933	15808	20501	23613	44765
11616	75778
34274	34275
230	5429	22669	41788	63101
516	9945	14486	14762
14020	17478	33027	58414	67365	67366	67367
6436	6437
11631	60514	67265	67266	67267	67268
3146	13500	13501	13502	13503	13504	13505
65160	65161	65162
2214	13898	32070
3773	44963
54614	54615
9120	10253	15062	18955
3344	5574
16354	16355	16357	59821	59822
1356	4846	12802	12803	12804	12805
3707	23781	23782
49006	56621
13811	13812
2095	27565
130	1023	6512
1191	5225	12255	13132	22842
63366	63367	63368
655	2575	12235	16168	68097
20513	20514	20515
1084	17956	42540
7125	7941
17074	28153	32721
15690	15692	16235	16236	16954	64040
80133	80134
1707	2018	8393	19116	19117	52715	52716
14625	28545	64020	64021	67789	67790
70205	70206
25224	25225	25226	25227	25228
11234	18956	18957
464	20525	24043	62734	62735
4971	4972	4973	4974	4975	4976	4977
70896	70897
2116	9923	18155
20696	20697
9241	15129
7789	54911
7445	16520	70931	70932
7045	21973	24481	26411	26412
11737	12973	14058	22531	65987	74587
2435	3788	11755	12023
1060	44532	44533
4866	12330	22137	22966
6823	17715	18138	18561	18690	21819
3114	15941	20071
9350	16411	40342
5425	11137
1941	1942	2889	14420	33918	33919
17349	56452
8718	11213	16667	50464
2277	41530
24828	80267	80268
21099	25690
65045	65046
16952	55944
39832	39833	39834
17710	17990
4301	8272	11575	11576
1007	5633	32843	51657
30271	36133	63030	63670	78702
2277	58162	67187
34586	58258	58259
67799	67810	67811
35442	41223	43297
16863	31191	61191
241	32931	34795	70568
6154	19755	21790
17504	60510	73423	73424	73425	73426	73427
258	1183	7011
41000	41654
438	14465	62981	62982
10921	51929	51930	51931
522	523
21767	21768
29122	29123
7957	11993	53531	53532
3248	3249	3250
5851	18971
7690	7691	7692
3855	13873	75880	75881	75882
32613	32614	32615
2053	2700	37155	37156
1563	9430
14022	48803	51492	51493
1269	24658	38019
9376	58866	58867
4389	10239	15001	19643	42629
66841	66842
1354	5056	20677
11839	12868
2227	2374	4955	5036	14412	15018	15019	15020
20048	63756	72468
16389	24849	70481	70482	70483	70484	70485	70486	70487
59789	79492
41480	67087
2364	7368	14972	79416
10442	10443	10444
6440	19498	41891
8894	14543
20039	30060	59984	74451	74452	74453
33355	61757	61758	61759	61760	61761
16219	62744	62745	62746	62747
12118	32275	32277	38936	38937	38938	38939	38940	38941
1732	58390	58391	58392	58393	58394
1003	8718	50355
5758	42506
6537	16250	61444	69100	74124	75717	75718
2839	9025
2378	34963	35328	35329	40651
29072	34723	34724
7628	10275	45213	45214
25943	56723
2393	7006	9045	9046
1925	1926	1927
1403	7505
452	4107	16171	16172	50598
3038	3039
36772	41769
3044	14386	14387	48142
12032	17024	37190	41832	59621
2075	2866	53440
21329	21330
63128	63129	63130	63131	63132
1416	3175	64745
3445	25390
1788	4225	12874	12875
7219	7221	11256	11257	11258
37408	37409	47414
24254	33919
8711	12178	69625	69626
10169	10354
1191	4210	4457	4460	19583	45740
29456	51897
1451	10476	23013	23994	34362	69599	69600	69601
26483	26484
12213	28008
11865	25736
11381	23966
18	2116	5205	9923	49914	49915
1137	24206
41960	41961	44972
16603	16604	44003	67936	67937
67015	67016	67017	67018	67019
31046	39653
7441	44099	50999
2689	4866	35806	35807	35808
2270	7969	20416
6298	12243	44128	55050	55751
29313	59594	59595	59596	59597
20706	42147	56911	56912
4765	7757
107	18391
9241	35779	57930	57931	57932
17457	17458	17459	17460
14297	42294
1378	2542	19857	26027	59552	59553	60061
211	10818	10819	10820
5146	15794	15795	15796	39109
5353	36773	58795
24218	44081
20747	65489	65490
28377	35848
17406	17407	17408
49269	49270	49271
5102	23469	60662
13772	13774	39268	42120	59834
4370	14946	14947	20290	20291
4181	4190	7153	42119
17729	17732	17734	30314	30315
29986	29987	29988	29989
35697	51167	51168
40223	46835
23	63976
3407	80717
1515	3654	4195	27838
11166	11167
2378	7268	12762	15027	22656	26706	64101
72	76	1137
6835	27601	37117	37118
2358	42058
2434	2435	6743	18560	55711
16952	16953	39599
51458	51459	51460	51461	51462	51463
278	1191	3614	25166	36926
715	2364	2367	2487	14275	14276
16162	29978
16777	72560
197	10704	19721
2184	20576	20577
38612	41197	51037	51038
273	2172	21963	24920
52365	52366	52367
16302	16303	16304	16305
3527	6745	13303
14317	33467	48382
1421	1422	1423
1736	3242
4866	21196
12450	16184	16185	16187	16188	16189	16190	16191
59571	59572	59573
181	4283	4284	9630
64608	64609	64610	64611	64612
1099	1100
183	6234	18099	18100	18101
5554	7751
8323	8409	61876	61877
6505	40351
27798	57381
10954	15889	15930	17619	18406
11777	20409	28691
4895	57539
2647	12216	40457
56380	71060	71061	71062	71063
8622	24171
2436	34604
201	42411	79635	79636
12164	17566	43197	43198
735	3991
2790	19632
39167	73570
7518	16133
12458	32980	41969	42756
17024	17715	19677
13711	41775	44533
17001	17013	17014	24505
2378	36944	44867
40997	40998	40999
6937	35996	35997	52858
133	134	135
66811	66812	66813	66814
2263	22844
136	138	13520	36176	36177
556	3706	3707
1547	2699
2625	3196	19005
13393	64339	72059	72060
5464	11650	35169
52055	52056	52057	52058	52059
352	20796	34752	35370
30410	30411	30412	30413	30414	30415
25247	39574	39575
311	2439	2440	2441
1989	15712	37227
2789	2790	31274	31275	31276
12542	17200	30848	30849
3244	3245	14873	14874
15532	57752	57796
40168	40169	40170	40171
18321	18322	18323
38070	54312	55845	67458
1331	14317
43718	76386
49	7007
12	15216	15517	24841
3882	6354
42766	57904	57905
6837	12697	26277	54066
1584	1585	1586
21253	22692	22693
15792	73750	73751
965	11451	13775	14059	15096	15531	40972	73129
3538	6287	14239	29774	29775	29776	29777	29778
6576	24043	30237
177	1294	37760
1144	16555	16556
10831	10832	10833
5146	15794	15795	15796	79824
763	9899	19372	21262	52791
44119	78665	78666
69106	69107
6496	9278
42853	70924	71598	71599	71600
60728	66511
7099	17111	20726
7354	7355
1120	11726
15475	17077	64121	64122
28215	32441	50236	50237	50238	50239	50240
24103	34357	74915
7382	38003	38004
3788	44472	48143	48144
58199	58200	58201	58202
61680	61681	61682	61683
5938	5939
10921	29281	36825
679	7865
1261	2565	20936	67823
10539	63375	70331
1440	43000
99	27429
10807	55740
15411	31621	67569	73333	73334
1054	1326	33384
18112	44378	44379	44380
135	2276	40573
11584	17853	36981	36982	36983	36984
3446	6847	73600
4587	18756	34847	51025
783	37411
64575	64577	64631	72732	72862
52984	52985
94	1264	1265	43068
2209	22246	22362	29998
3604	7866	39887
5101	5102	5103	5104	5105
3940	40293	53982	53983
1196	11580	12628
1645	1647	14997	30466
790	940	1162	2985	11545	29195
4811	10687	12266
1131	2406	19913
3310	15087	15088	15089	18903
49	1065	3831	37210
4765	21678	56425
4014	6103	16507	18038	22703	22704
27053	27054	27055	27056	27057	27058
464	40009	59935	69253	69254	69255	69256	69257
4004	11705	20888	36882
3247	14591	22107	80122
21177	21178
20445	20446	20447	20448	20449
1889	1890	32953
256	3041	3071	3722
822	823	824	28368
260	559
32166	45739	74812	77670	77671
4021	4022
348	1600	8897
7770	67144	67145
182	1868	5007	5008
182	8412	20620	21866	21867	21868	21869
1007	7011	10676	10677
3173	11951	17560
1745	7259	27202
4561	4562
20645	20646	20647	20648
6006	10586	17657	22208	32937	32938
47581	74251
260	4546	40655
30055	30056
135	25271	35533
8333	18882
46184	46185
201	966	40489
2272	5166	15824
52290	52291	52292	52293
12337	17976
46002	46003
48419	48420
56769	59872	72143
9660	23333
25222	79509
1077	3445	51919
515	516	12279	16106	16173	31967	31968	31969	31970	31971	31972
15900	23352	23353	40487
8541	17720	52721
181	182	11628	40464	53752	53753
44028	44029
1975	4546	65576
22966	60011	73671	73672
2247	7345	9036	9037	9038
3826	6828
37846	37847
3255	61638	62724
23737	25260	25776	33101	33102
2744	6174	28561	48134
11841	25368	66211
1975	4546	24776	65576
1092	5927
19223	20914	45264
586	69577
7113	44335	57167	64109	64110
1077	6148	6149
34069	50684
2072	2073	2074
41902	44327	44328
13267	80210	80211
2872	32696
93	11839	15108	37278
11591	26139	55801	60179
2913	69259	69260	76919	76920
14171	18720	39390	48378
180	24657	25338
10277	10278
30543	30544
21017	21018
24103	34357	41117
25655	59820	63010	76207	76208	76209
5146	7098	15795	15796
21987	22889
5931	5932	5933	5934	5935
3529	40739
633	799	2232
8713	13746
6074	37512
1004	2244	79611
2267	2272	12461	17876	18812
13429	16690	17172
2601	2602	2603	2604	2605	2606
1413	16746
8462	41698	45117
16813	61465	61466	61467
4105	7480	23989
6719	6720
78377	78378	78379	78380
181	4284	5426	5793	5794
50902	50903	50904
482	2172	7382	17641
3788	5430	5431	6889	60310	60311	60312	60313
533	13898	21500	21501
7031	39335	39336	50819
278	1191	4371	9472	42404
2272	8714	12994
906	7775	20480
1854	72570	72571
12118	32272	32273	32274	32275	32276	32277
4546	49026
6137	6138
2184	19251	30325	60951
3255	76933	76934
30126	32036
67865	67866	67867	67868
5824	12785
112	191	240	3394	10210
22304	30215	37541	37877	44798
4887	5037	37494
31711	40886	40887
5592	6837	59498
2363	39776
375	835	1022	2247	10581	23703	26009
965	2646	7713	58574
7239	7240
69566	69567	69568
8	57338	62783
71021	71022	72488
34438	34439
17227	17228	31349
2213	36422	37881
45407	45408
1053	1054	37107
159	10275
14790	14792	24307	65445	65446
35830	35831	35832
1130	10276	26104
9571	18680	20668	51768
1064	15502	15503
2059	35131	35132	35133
5057	10134	12625	18249	19322
15010	15335	74825	74826	74827	74828	74829
43890	43891	43892
34136	37406
13423	13424
5734	16221	28030	74696	74697
14749	15139	15140	15141
1116	1118	28026	31386
4208	5018	13979
1177	23287
72694	72695	72807	72808
2378	9350	10808
10165	34575	48427
12	16177	16487	19478
51448	51449
8463	12542	20025	20026
9621	12844	12845
9330	39009	39010
15008	25582
1900	1901	4949	4950
1412	26101
913	7331
5596	26503
9723	36673
223	1733	1734	1736	3242	4545	11844	11847	22848	22849	22850	22851
16122	40839
1240	19992	66482	66483	66484	66485
10275	46902	46903
3246	41605	41606
5207	18680	20480
2184	15841	26702	41345
3609	5378	22374	22683	36569
20050	20051
4301	4608	14803
9607	9608
3571	23407	24368	27164
19322	59912	59913	59914
3133	16859	35472	37782
17810	29932	34271	34272
5081	5622	5873	9536	17138
1269	13541	13542	13543
14888	15839	68260	68558	74636	74745
5046	21731
39542	39543
8874	24539	24540	24541	24542	24543	24544	24545	24546
14547	15342	24625	24626
8273	11932	19063
9782	9783
21332	22750
1732	31374	62190	62191	62250	62251	62252	62253	62254	62255	62256
8363	53146	53147	53148
1202	5129	5899	6823
5737	6982
18	22070
11366	11367	22924
11677	13605	13606	13607	13608	13609
2745	2952	4360	4845	17992	17993	17994	18000	18002
40298	40299
1131	43455
22425	46798	46799	46800	46801
4625	14109	14110	14111	14112
1064	15218	15915	17190	23468	56946
56220	56221	56222
14817	55094	55095
224	931	8396	10753	28759
7019	11595
3247	30206	47496
12294	23465	23467	31408	31409	31410	31411
15054	16523	36528
2306	46221
663	1199	1200	1756
6200	6201	6202	6203
8711	55347	76648
11200	11201
6437	9095
23497	29750	63866
36211	36212	36213
4399	17023	17024
1600	12821	17853	17938
5167	46309
6192	43578
4947	27731	32439	34270
3085	5622	18118	54544
14188	14189	67298
12412	22748	56525
53738	53739	53740
31024	65415	65416	65417	65418
8003	8993	13019	28505	42384
2505	11572	15191	22745
14023	50121	65487	65488
16494	20329
29929	60717
2253	21769	21770	21771
258	321	9953
6493	19741	61504
1733	1735	78359	78360	78361
10954	13199	15930	20878
3196	30112	34541
6394	6395	6396
15909	16950	56437
38432	48876	78962
1138	7787	9489	47520
15096	39282	40972	48569	55494	55495	55496	57658	64363	64364	64365
4987	5497
1077	37301
5462	5464	6939	10428	23705
275	34569	36647	42138
1090	3882	3883	3884
2073	2074	57138	57139	57140	57141	57142
1892	40609	78027
531	19303	31924
279	280	39507
11705	13887	29510	29511	29512
3858	15792	26632
13099	38700	41645
53159	53160
48736	48737	48738
3445	20973	28009	28010
181	10540	13119	20541
1161	4613	21068	21069
52927	70194
1890	30200	30201
1162	11591	73586	73587
15415	33757	45761
531	3529	30580
51442	51443
11796	34289	37123	53248
8913	15191	17141	20108	22543
2476	28647
4765	13656
732	31770	31771	31772	31773	31774	31775	31776	31777
3546	3741	37308	43483
15224	69037	69038
2244	38073	39609	45279
37828	37829
1315	13199	14734	63336
4525	8348
3858	23173	26530	51521
1202	1414	4147	11458
1023	3635	3636
49	36842
2622	14144	20000	31268	63181	77221	77222
15189	16190	61794	64925
74658	79143	79144	79145	79146	79147	79148	79149	79150	79151
5996	6731	9375	32464
50368	50369
10408	10409	10410
3251	4132	12433	33201
5689	12061	16562	22949
201	4460	49361
12288	12289
112	240	1789
1240	5008	16643
1991	7332	9854
3212	7777	7778
239	39090	39800
181	6931	14398	21522
35906	43009	43010
9269	18058	23810
3047	3048	3049
19681	19684	76509
5431	10113	36609
3376	24274	24275	24276
38926	47563	47564
58716	58717	58718	58719
44030	44031	44032
12616	17923	60188
30832	32102	56563	65851
1441	15122	15123	56406
59160	59161	59162	59163	59164
3626	41075	41076
3233	20616
5587	36120	39083
16764	20722	48298
43651	43652
4226	7194	11468	49331
19556	20038	20039	39121
39833	54013	69465	69466
1193	4459	21943	25822
11984	66841	66842
177	68438
6745	55711	67305
5102	23905	60651
1153	23431	36389
17404	30778	33143	33144
16398	16622	16623	16624
2184	13428	16634	30325	65607
1528	44951	44952
5602	5603	66701	66702
3368	8880	53000
12809	68787	78023
60	17499	22979
17001	43661	64044
1153	15345
8880	16024
1293	2542	4418	4419	21344	21345
20431	20432	20434	20435	20438	22926
81	29321	29322
1213	1214
56627	56628
15524	33152	33153	33154	33155	34871
15900	32166	45739	67338
179	50157	50158
7125	35085	42152
533	21301
5233	58900
177	32838
4333	4334	4335	4336	4337
48876	54095	54096
5161	9224	37661	37662	42919
854	27404	29487
5167	9192	13452	41609
6315	23919	23920	23921	23922	23923	23924	23925
13466	24268	67169	80231	80232
2850	20055	22606	22654
43050	49255
3121	14650	15041
17136	17168	32917
67679	67680	67681
1	53236	53237
2770	22670	22671	22672	22673
22859	22860
11098	21216
2850	3858	15743	22173	23975	31421
4482	57890
10298	67313	67314
26623	66791	66792
18138	18380	18690
2055	6142	27066	30378
16424	16425
3048	3049	17419
2497	3589	15620	18302
16122	50304
17406	17407	23222
17904	17905
12660	12661
1736	12883	24598
7561	42401
1535	4799	22206	22207	34228
1565	5354	5355
12177	12765	15191	42385	55720	55721
1453	3882	6994
22419	22420
735	21942
736	28638
797	2947	22916	31521
10543	58864	63674
5450	6321
188	2024
69387	69388
16700	16701	16702	16703	16704	16705
29045	70169	70170	70171	70534
1005	75872	75873
14673	14674	78340
24017	24018
5872	6760	14444	25129	73292	78060
5056	20120	40074	40075
16401	16403	61398
5260	12475	23955
20038	42121
4046	15525	53801
3377	4917	7970	16735
54678	54679	54680	54681
31987	32483
12327	19435	22969
6287	23693	23697	35000
8641	31506	40384
24103	34357	55993	65095
6038	6039
3631	33068	33069	33070
61737	61738	61739	61740	61741
1799	17856
3546	11287	14663	16884	23174
11288	42480
961	52935
14695	14696	14697	14698	14699	14700	14701	14702
259	47713	66780	70477
3764	25218
12219	66579
466	9530	30465
2687	2698	2717	12891	12892
3098	22845
16096	18902
181	4284	5426	20360
37517	37518
16053	16056	16986	68215
4765	15540	31534
241	5653	18835	20152	43494
2922	2923	2924	2925	2926
801	10142
2687	28334
20211	22867	22868	44625	44626
494	1607	1694	4014	26670
913	13882	14284	24992	37196	38325	38326	38327
1065	3675
1326	5870
2440	15691	17221	38768	38769	38770
15604	19360	19361
35653	35655	38480	38481	38482
913	4608	4609
26775	26776	26777	26778	26779
17927	75757
1441	3062	14864	15025	56406	61766
814	3293	15342	43879
77574	77575
18959	41657
789	790	7985	7986
3840	5464	10428	15482	15713
10578	10579	19959
93	9919	64515
15166	66062	66063
64220	64221
25366	31154	35693	47853	52170
30881	48884
41881	41882
10278	13295	59313
15602	23612
5948	23022	48744	67205
45241	59472
11401	27041	41799
2331	41710	51879
40083	40084
3580	6226	18561	25979	28544	49397	49398
292	294
15315	16445	36429	63400	63401
464	24795	25980
328	66615	66616
1865	3316	63302
32719	42224
198	1766	2117
76756	76757	76758
678	7891	45328
6259	7200	23218	24768	24769	24770
29302	29303	29304	29305	29306
6558	20130	33722
9276	69587
110	1281	9749
3098	3180	8764	40420
1179	8177
18558	79612
7030	54090	54091
7533	13969
3099	6965	31738
1123	1581
9595	10067	10068	10069
2623	5609	18606
3940	48620
7648	12666
8942	8943	8944
1228	14851	14852
1804	13420	21664	49554
16785	58127	58128	58129	58130	58131
12869	12870	78709	78710
116	18277
10579	17638	17639
14060	67772	67773	67774	72983
41513	41514	41516
18380	23346
6447	11436
183	5622	5872	16012	23157
1515	3654	6586	8139	10961
278	22764
54543	61424	78993
64746	64748	72661	72662
17001	43585
2372	2374	29475
9900	14898	21085	21086	42491	64434
13844	16018	52604	61552	64181	74667	74668	74669
7073	7074
3878	15123	26654
3369	3370	19818	29608	29609
36112	39305	53063
11837	38211	41647	71493	74226
25163	25164	25165	25166
1310	35892	35893
6051	6052	17960
6831	14366	46300
74309	74310	74311	74312
90	8781	14675	28657
17878	17884	27907
790	4550	7221	12703
3064	73622	73623	73624	73625	73626
74678	74679	78933	78934	78935
1039	17415	19366	56796	64078	71359	71360	71361	71362
1324	6496	15787	15788
13298	13299
27321	31916	31917
59258	59259
4487	30632	30633
16380	17494
2543	7950	10800	38792	38793	38794
666	1349	12213
37798	40872
60405	60406
4554	12103	12104	12105
3171	3928
659	1513	9901
11631	60514	60515	60516	60517
3843	3844	25655
4393	6245
6040	6956	31438
3543	3544	17817
7046	28365	28366
1665	9947
7573	12938	17099
11839	57796	65241	70779
27069	27070	27071	27072	27073
19752	22153	22154
2067	2131
80384	80385	80386	80387
2503	13070	36367
9893	58616	58617	58618
10936	25644
21402	21403
1795	6576
7956	11992	17112	68233	74329	78782
183	8152	26611	27853
31	32	33	38297	38298
43333	67216	68118
4821	14472	14473
4866	11464	11980
1563	7443	28109
12497	44377	52254	53190
12078	75649
68209	68210	68211	68212	68213	68214
28810	28811
852	3544	27577
3941	3942	3943	3944
2483	18972	66095
37088	37089	37090
2179	11367	26164	35575
1607	4987	6820	6821	6822	6823
14860	22612	32593
12652	40042	40045	58734	58735
50744	62063	62064
2326	3589
241	3589	17281
76790	76791	76792
16284	18493	73420
1985	5635	12854	25081	34003
1125	10674	37094
32723	32724
5542	11221	11222	26558
1874	35168
7370	37265	37266	37267
15497	15498	15499
6891	17145	17146
357	358	1994	20864
21641	32023
3208	24536	24537	24538
5208	26237	26238
75	241	5928	5929	5930
105	11380	27731	75016
134	135	35960
5689	7790	18004	22949	63849	63850	63851
42324	58522	58523
11979	15477	15841	16317	59427	59428
22835	61671	78677
23983	23984
7921	14952	16061	25755
3788	5431	58045	61706	63298	63299
35665	35666	35667
1997	23221
59514	66623	66781
5357	80063
15843	44468
1324	13904	24602	24603
6073	43456	67102
13742	13743	36905	36906
8540	11864	17720	28812	29219	29220	50050	50051	50052
940	18846	18847
1690	4301	41775
2850	3858	19349
39115	39116	39117	39118	39119
679	6542
1196	3800	41175	43043	44665	44666	44667	44668
16284	19899
15191	20108	65370
3741	15101	16276	26673
633	9786	12821
3215	3218	68684
10581	27863
61322	61324	78274
574	575	31831	53062
68003	68088
50271	78732
18988	18989	18990
31803	68940	68941
29631	58212	58213	58214	58215	58216	58217	58218
3788	5431	36007	36008	36319
2421	3589	9630	44278
25231	25232	25233
3580	12875	23510
2850	14593	61589
24790	28645	28646
797	18996	29513	29514
24268	64540	64541
40593	40594
20668	25553	25554
37027	38374	38375
944	2055	24642
22043	22044
278	1486	3417	59940	66093	71068
35964	49646	80042	80043
181	18774	25339
26253	26254
9630	25522	28025
24260	24261
4283	18884
679	5615	5616
1065	15763	16446	18669	23468	26039	26999	35512
256	419	1985	3440	3441	3442	4791	37547	37548	37549	37550
25671	25672	25673
4	33575	33576
7572	13596
14417	14418
5903	5904	5905	5906	5907	5908
311	2439	40471
12255	80528
4416	44171
14193	70902	70903
12543	12544
18665	18666	18667
4887	5899	15675
14589	24246	45458
5743	60163	64961	74125	74126	74127
30992	68892	68893	68894	68895
61727	61728
1202	1303	1414	11458
2850	9401	56750	60564
8121	46789	49256	49257
1085	34565
65147	65148	65149
23192	34552	69808
110	1721	6761	6762
15872	44046
90	2699	17900	29784
6647	36485
41311	41312	41313
12078	21728	36631	36634
3609	14934	57880
2097	13021	50289	50290
17770	60120	60121	60122
15473	15475	45199	49581
25935	42693
11796	13013	15120	21391	25870	41712
1311	1312	25535
57469	59676
5762	6659
39499	39500	39501	39502
192	63007	63008
185	13013
26251	26252
12279	29841	34129
1095	67098	67099	67100	67101
518	17109	66242
3057	3980	25539	25540	25541	25542	25543
1848	3253	8717
2475	2476	68636
16760	60623	71465	71466	71467
4129	36579
1240	4074	5734	15912
13429	14964	27530
23837	23838
1372	11555	18966	21346	21347	21348	21349	21350	21351	21352	21353
8249	14273
11819	53496	53497
181	184	4283	10540
1460	2406	17711	19472	19854	25032	25033
1288	3242	7637	40508
31145	42225	42226	42227
11279	13391	16024	32454
1441	23717
2378	16108	41647
12413	21597	64836	76742	76743	76744	76745	76746	76747
10275	47347	52974	56351
3730	51282	51283	51284	51285
5106	5107	5108	5109	5110
7379	9590
6812	9087	33917
12635	28811	68402	74349	74350
17966	23024
13423	17565	24820
9608	16403	19869	58878	58879
12372	46673
18713	38461	41757
1734	3242	22638	22639
3310	3312	40884	52029
4264	4265
183	5594	7506	26888
2842	29673
4463	49988
499	14042	73273
30308	34365	34366
266	4799	6019	8770	50600
7188	11884	11885	11886	11887	11888	11889
2441	23109	38150	38151
7969	12707	20416	21089
2263	49825
14297	40459	53915	53916
3339	9677	33645	33646
2075	2497	2879	2880
2162	11551	46850	46851	46852	46853	46854
4409	16095	16172	16855	16944	33643
241	1866	9339	11491
1403	10849	15959	22677
10346	60584
791	792
1331	5726
18586	20198	35776
1565	19884	26665
31752	65866	65867	65868
29012	44342
658	25832
3368	16272	35143
1985	2999	3000	21965	24436
1202	11201	11680
10793	12697	64637
9301	10632	12837	36483
5431	36609
1122	1124	54039
8193	8194
60	7268	15996
7085	35524	35525	35526
7789	7792	49598
2393	3098
1985	3424	14552	14553	14554
42794	52667	68485
2047	7004	57844
116	3618	18277	66050	66051	66052
105	60883	69085
9229	71712	71713	71714
43816	52323
14898	38173	38174	38175	38176	38177	38178
35643	63898	63900	78558	78559
16065	16066	17241
35568	35569	35570	35571
56823	56824	56825
35696	45900	45901
5264	33777	39054
3893	17042	34617	34618	34619
9557	9558
4866	5622	19766	20027	20028	21925
2435	9928	20066	62635
34069	36421	46356
1326	15191	18245
71468	71469
1007	50637
586	64867
217	2417
60	14777	22979
2209	14776	14793	32565
7045	18717	21972	32512	32514
15054	34323
2942	7093	13134
1303	2337	15827	24273
22589	22590	22591	22592	22593	22594	22595	22596
1008	7200	24037
51518	51519	51520
2358	28982
11110	11111	11112	11113
2245	9012	29366	51190
5376	8528
35854	50479	60801	60802
1679	1895	36485	36486	54942
2599	40627
27903	30869	30870	30871
654	789	790	7942
704	2378	14898	17049	23138
6440	22174	26262
1179	12430	79376
19385	19386	19387
7445	8283	17416
40223	40224
4285	79808	79809	79810
2020	4731	4732	4733
7384	15068	26405	32368	42852
13089	13091
37330	37331	37332	37333	37334	37335
30948	30949
177	32838	42367
46802	46803
2179	2709	40206
5462	33906	43312	57565
33082	64668	66419
59091	59092
2160	2488	9377
735	17782
183	1005	2421	17634	42057
72863	72864	72865	72866	72867
9401	14749	17493
60639	71568	71569
12219	26264
47	16008	16009	16010
22762	22763
183	3091	5424	15988	30145	48330	59326
1138	7787	12878
2228	2320	4344	7891	30773	40307
16095	16096
7229	7230
34371	34372	34373
17383	31817	34349	36218	51872	51873	51874
223	6747	20134	35845	74838	74839	74840	74841
151	26785	26786	29686	30750
72222	72223
8757	18690	18918	21819	28873
17328	75364
13052	13898	21103
3258	3259	3260
7290	16002	43971	51882
2209	10536	22925
44670	63808	63809	63810	63811	63812
1565	5329	26798	29732
14640	15166	56195	56196
41607	41608
5734	47409	52187	52301
6546	26298	27393	40904
17813	39619	39620
9072	14705
51215	64387	64388	64389
1490	5348	5349	5350	5351
2496	7922	56559	69402	69403	69404
8912	80418
5809	8848	8850	43774	43775
12338	18876
7263	31706
10534	10535	10536
42923	45317	45318
1795	34757	34758
3356	23449
17767	75323
1400	1401
4389	16033	19307
17051	47587
3364	3788	5428	5429	5430	5431	5432	5433
37521	55585	55586	55587
14425	14426	14427
8660	18979	55594	55595	57009	61114
35716	35717	35718
12325	23737	29144
7788	7789	7790	7791	7792
3737	3738
22259	22260
7791	28034	28035	28036	28037
230	40170
13600	19534	67487	67488	67489
294	14429	56215	58827	58828	80608
348	349	66017
1125	39317	39318
9879	9880
70312	70313	70314
2689	35806	35808
1261	17710	20936	77817	77818
9209	66632	66633	66634	66768	69592	69593	69594	69595	69596	69597
30326	30327
348	46090
181	2436	3106	4285	11350
4492	12841	12842	40585	40586	40587
1598	10802	25430	29880	44950
2887	24698
5021	21075
8961	8962
16565	20102	78288
1079	43591	43592
36211	60142
14733	41140
52299	52300	56172	56173	56174
5662	23678	23679	23680
4625	6703	8760	26656
1004	3837	9619	31187	39923	39924	39925	39926
2177	7268
92	1191	12455	13132
60460	60461	60462	60463
2267	4389	15001	18920	22098
9503	9504	9505
135	6110	12572	21862	35530	35531	35532	35533
763	1076	1260	77528	77529
30505	37878
16380	29180	48488	48489	48490
224	25484	29702
15145	15146	15148	15149	61791	61792
57440	57441	57442
182	5007	25096
10674	13386	21862	22304
13428	14660	15333	15831	17286	64835	72173	72174	72175	72176
35685	35686
4947	26111	26115	69482
7100	12178	19511	24959
38085	38086	38087
179	666
15026	35727	56503	56504	74213	74214
5325	16971	16972	65929	65930	65931
230	3366	33889
23897	23898
34069	43580
2516	2517	2518	2519	2520	2521
39403	39404
4459	51775
69877	69901
8706	35406	35407
5822	22920	43714
8421	9200	20954
14964	74546	74547
2923	2924	33638
43158	75750	75751
1564	3318
655	7268	7902	9392	10142
1005	3487	9108	9109
4987	27751	27752	27753
1528	2471	2473
13641	15342	19936	32257	34711
2585	30682
2378	11572	15027	15191	15454	16838
18561	19773	32157
15789	24841	31500	67155
706	20989	21253
27687	32641	32642
4946	26901	26904	56745	56746
196	197
26296	30476
181	182	183	5344	22321	35854
2075	5572	29553
4988	5874	46880	46881
33951	62460
14991	15477	16592	16917	17218	70831
1892	9270	11482	35474	36816
8630	36298	36299
18	1138	11994	13111	13112
1441	13861	21020	28393
14389	14390
1065	3830	3831
3057	3980	12006	12007
15938	47610
5021	12523	12524	21663
5530	5745	19321	19322	61239
19622	19623	19624	19625
25935	51804	51805
105	55582
8009	31064	31066	31624
38925	77337
1080	65282
56789	56790	56791
31344	31345	31346	31347
42171	48451
486	487	8542	8543	8544	8545
23266	64142	66175	66176
230	22669
6930	22002	22003	22004
5646	5648	11115
1414	29783
61996	61999	62149	62150	62151	62152
31181	31182
79053	79054	79055	79056
21806	74220
2377	15503	15504	64583
58304	63363	63364	63365
12739	47922
8789	9510	11813	50062	50063
68030	68032	68034	68036	76871
2698	59508
7011	7013	30138	30139	37056
1259	17569	17570
61	1116	16446	25935
10440	24302	47290	47352	51058
11932	73103	73196
3940	10540	38948	45209	45210
16949	16950	16951
3376	10545	11921	20800	27991	67209
2271	2435	39220
19111	19819	64248
1559	4705	4706	4707	4708	4709
260	3281	3580	14239
29976	73473
52071	52072
6550	51156	51157	51158	51159
14790	14791	14792	14793	14794
7902	10142	17077	17186	17187	64151	64545
2018	5206	8641
22067	26938	26939	26940
28044	28045	28046	28047
4201	42206	80154	80155
707	1610
4917	16221	22392	22393
15517	24841
9626	14163	14164
14944	18155	30221
17727	18498	21253
18757	18758	35463
3100	17345	20015
13320	78134
6843	6844	25648	25649	25650	25651
17595	56777
2497	29011	42016	47897
4639	4640	4642	11742	11743	11744	11745	11746	24981
3742	13117	13118	13119	13120	13121
4561	27456	27457
256	2291	6559	6560	6561	6562	6563	6564	6565
8718	19213
25797	31711	52677
3553	49259	62301
5985	5986
3507	41671
4956	41235	63967	63968
6988	6989	6990
63879	63881	71047	72047
3857	3858
15731	22465	22466	30018	30019
12542	22996	67875	73911	75707
5102	21168
1403	5526	24642	29427	29428	29429
9550	12799	54380
12821	17853	17854
12660	12661	52151
2596	11402
32331	35736	35737	35739	35740	37759
50	73364
1742	7952	36048	46681	46682	46683
1565	28545
1252	2744	3454	21491	21492	21493	21494
2375	11604	59302
5012	5014	9275
2206	2209	12474	16788
51666	51667	51668
46242	73487	73488
514	2599	13636	54040	54041	54042
5464	15481	17299	48361
23146	23147
12868	14650	15380	15902	16173	16246	16247
11044	35272
44476	54423
1005	20501	24868	25917
11682	15543	15544	17541	21953	52674	61433
1751	1752
6939	17606	45560
26706	27041	51333
1460	2406	19472	19854	19855
22067	31095	31096	31097
3810	3882
35063	35720
224	2736	8393	8394	8395	8396	26834	29098	29099	29100
2842	35098
232	233	55940	55941
38361	63124
18019	48457
49828	49829	49830
59069	59070
1153	19214	35364	39598	41864
31642	67002	70209
7030	61659	61660
13920	56792	56793	56794
44335	64109	64110	64126
11201	19316	40656	40657
31513	56070	56071	64497
2328	3861
381	11796	14625
56148	56149
4209	4210
12992	12993
15208	40067	40068
11571	11572
8055	8056	8057
3544	23357	58050
9732	9733	23839	23840
181	11629	17231	20360	21055	29049	39772
183	22789
9120	9121	48463
7496	8819	8820	8821
11095	36771	44387	44388	44389	44390	44391
4653	4654	4655	4656	4657	4658
1158	18329
38091	38092
373	3247	22106	22722
1264	9071	9072
2949	5655	7303	7304	7305	7306	7307
6255	19759	28279	28281	51496	51497	51498
21935	21936
59115	59116	59117	59118
7329	7331	9901
4694	21922	21923
35643	78816
3173	3174	11951	11953
2263	9553	9554
9025	18822	18823	18824	18829	18833	40942	57777	61180	61181	61182	61183	61184	61185	61186	61187	61188
57034	80146	80147	80148	80149
13196	13197
1372	4022	19028	19029	29071
1909	4210	13494	17289	65671
11326	17521	17523	17524	60647	60648
23741	44445	47760	47761
1076	5622	19131	26399
2882	3328	40582
8187	8188	11035	36601	36602	36603
14194	60471	60472
3882	6910	10554
26173	32481	35134
10438	41671	42735
4307	18521
3366	6043	25885	63329	63330
3734	73527	73528
63879	63881	71046	71047	71048
4210	9945	26166
149	37373	37374
3341	4652	4922	39186
839	42731
4116	4177	7968	9129	9130	9131
575	4370
3858	21162
3364	3367	9406
2270	6760	31464
644	7698	22049	23735	68661
2850	15742	30166	34265
13392	42396
41823	41824
1798	67988
5981	12272	12273	12274	12275
3963	7031
400	401	402	535	50891	57901
48778	48779
25601	42062
2845	4483	6974	79804
18783	26530	40636	61099	61100	61101
7606	7607
181	18774	25339	25341	29646
697	15454	38831	41258
13592	30058
585	586	35730	35731
43158	49652
57794	64279	73022	73023	73024	73025
105	60882	60883	60884
13013	45936
22142	22143
3472	3474	15773	17162	17163
31	32	33	14956	23071
4210	13898	20109	49343
2272	12994	30271	33469
1118	3231	6922
17775	77815	77995	77996	77997	77998	77999
1356	4846	12802	12804	12805
363	365	27282	29271	40675
585	8541	40187
1091	4766	63506	63507
5826	5827	5828
9790	9791	9792	9793	9794
58021	58022	58023	58024	58025
46923	46924
1440	46030
311	3133
15415	37180
8541	11401	12295
4732	30825
33984	72345	78963	78964	78965	78966
38708	47996
1414	11458
36105	36106	36107
35643	45099	45100	45101
7012	62904
80	81	749	750
12990	15291	25356
6002	17882	21167	27907
36631	44122	44123
10746	69471	71327
3515	45300	76239	76240	76241
2095	6620	12267	12268
5934	26383	35245
16952	19905	40720
16798	17843
34069	36366	41348	41349
24774	35515
2272	8713
27382	27383
29480	56559	74748	74749
10064	10065	10066
3445	13948	24441	24442
11951	52408	52409
46200	46201	46202
1814	1815
5148	42715
16748	16851	22908	37041	37218
1065	7769	7770	7771	8003
2850	3369	9545	20054
35515	35516	35517
23372	23373
36026	36028	49956
94	14705
22940	22941
2850	8390	50365
7376	7377
22556	41410	63260	63261	63262	63263
25014	34795	35761	35762	35763	35764	35765	35766
36410	40223
2390	2393	7560	30150	30151
23296	41189	41190
289	5420
556	8147	12603	25100	32831
12809	24049
2060	2061	3586
8333	19754	20643	20644
18299	49563	49564	49565
12651	12652	40042	40043	40044	40045
2952	28623
41638	41639
2439	40471	45830	45831	45832	45833	45834	45835	45836
3515	6315
1116	1378	22202
16773	34297	79477
4306	10474	30524
626	54855	78807
644	34835
3114	4068	6152	37580
41125	49027	49028	49029
20236	20237	20238
26310	47187	47188
5361	11796	59277
2872	8724	8725	8809
3726	3727	79347	79348
63748	63749	63750
11065	11068
8546	8547	8548
10008	36040	56155	56156
633	3394	4952	80265
14412	67489	72231
180	2209	3742	13118	37304	47409
2656	44758
1001	1002	1003	1004
2744	6173	6174	6175
90	2055	6142	12285	13150
37705	55690	55691
4398	7332
3580	4141	4142
1181	16157	16158	16159
58470	80634	80635	80636
14419	55350	55351	66874
3929	52693	52694
11531	22342
15869	39373	39591	39592
1005	2421	9630	23613	62918
6043	24979
2272	3872
18138	18380	25094
718	719	720	722	723	2104	8233
4399	22749	62605
29634	36400
12177	12178	12313
8658	8659	8660	8661	8662	8663
3858	11601	15212	16754	28698
58887	58888	58889	58890
14898	37513
24149	24150	24151	24152
7952	11837	13256	13257
17840	53059	53060
7053	7054	7055
6910	17803	28433
2165	8541	11401
1022	27479
2839	5627	50931
17781	38299
2829	5737
2612	20399	29263	29265	29433
2441	14985	17221	40743
34696	34697
2503	43917
1988	2263	9553	34125	34126
25390	59503
32966	35337	49738	49739
20267	33073
14922	14952	16061	36226
467	6288	27387	27388	27389
239	3533
4374	50752
3356	23451	23452
17606	39471
23769	23770	23771
75392	75393	75394
14881	21163	40928	40929	40930
24031	24033	66339	66340	66341
11335	42608	42609	42610
49548	49549	49550	49551
15334	22382	22383
50012	68428	68429
13428	13429	16634	65861
1985	17489	33392	55349	59876	59877
7952	42640	42641	42642
56177	56178	56179
45520	45521	45522
58180	58181	58182	58183
29198	29199
1383	34095
7700	8913	8914	8915
20553	20554
24233	48195
44807	44808
1417	6078
8704	53348
41768	48495
15548	25292
150	1161	1967	1968
230	31105
2533	30514	30515
10165	36092	53407	53408
40820	40821	40822
19511	33736
14574	16748	29771
4301	14803	33467
13648	17766
7225	7226	7500
486	487	25598
2244	13710	14057
116	600	601
315	316	317
7645	7646
8960	20979	20980
13494	13786	18443	24657	24658
2850	9401	9606
4536	22011
8601	11670	17271	17531	17532
13004	13006	23173
10142	16615
50323	50324
7409	7410	7411	7412
22248	24759	25983	66360	66361	66362	66363	66364	66365	66366	66367	66368	66369	66370	66371	66372	66373	66374	66375	66376
14218	14220	14222	17076	53635	53636	53637
19832	27884	28276	52846
3446	6847	67204
3099	21063
29111	35098	43532	43533	43534
314	1324	39709	50085
8961	8962	8963	8964	8965	8966	8967	8968	8969	8970	8971	8972	8973	8974	8975	8976	8977	8978	8979	8980	8981
628	629	630	631	632	633
17529	46857
62240	62241
16537	61666	66111	66112	66113	66114
179	8760	16875	19015	23448
16053	16056	17541	27762
1596	33436
11812	15475	38042	44207	44208
2590	10636
3730	11187	27893	27894	27895
17024	37190
44469	44470
9619	36185	47423
27062	27063	27064
26428	26429	26430	26431
19796	77167
11226	13972
2942	2943	19507	30768	50806
13227	13228	77506	77507
4201	13071	13072	13073
2028	3416	41914	65033
1497	3449	32414
2393	36497	36498	36499	58945
3858	11601	19404	46336
13791	13793
8	5084	12438
18374	29160	49578	49579	49580
7062	17116	58159	58160	58161
32725	32726	32727	32728
3247	4386	7982
12078	38141	38142	38143	38144	42125
4389	10239	19643	42629	74278	74279
5524	32332	54055
14898	22891
6870	6871
22122	40871	51439	51440
42688	42689	42691
7654	58352	60255
40906	64066	64067
67825	67826
13428	16431	16634	22727	48812	65861	70858
24405	31955	61411	66755
1039	56795	56942
22700	30957
2273	35356
5580	14650	15902
8083	23985
5745	16312	21079	21080
1281	1734	1735	11691	25652
39135	62037	62040	62041	68295
4003	15837	28583	63831	65474
5659	5660	5969
9624	38260	38261	38262
1202	1203	1204
12723	70179	77923
34903	34904
14549	14551	47966	57608	57609	64215	64216
37464	37465	37466	37467	37468	37469	37470
14446	20006	46419
14287	14288	14289	14290
4999	5000	8008
260	1302	2255	10785	18519
1403	2253	2374	21769	37091	54699
33242	33243	33244
92	1264	15932	40737
20064	20066
3567	5464	17298	17299	17300	17301
3395	6110
4323	53178	53179	53180	53181
224	260	40061
80259	80260	80261
12	12863	47576
3920	10606
8540	18376	28812
3118	15096
14496	45505
24759	27162
35072	35073	35074	35075
940	2116	48284
2912	5141	24805
14188	14189	14190
1975	39854
79115	79116
40546	48726	50612
22080	57372	70717	71146	71147
12868	15902	57934	57935	64199
110	7948
15477	15928
3887	14885	58838	58839	58840
3626	30495
4246	8438	10557
18260	24739	24740
5327	19528
8717	31578	57126
1879	42928
35697	35698
4739	9550	19660
12908	21338	73336	73337
16678	41766
3826	3827	6828
34741	34742	34743
4812	14242	14551
2435	6743	21286	21287
3810	19024
3980	4987	10498	51331
8263	8264	8265
5662	41856
614	8660	62960	67139	77334	77335	77336
12	26137
37693	37694
7833	23434	23435
32873	43727	43728	43729	43730
287	2024
3675	36627
3300	12821	20141	27918
5037	34136	37494	43449
107	2235	47674	47675
579	20184	73377
19603	19604
4418	16567	74156	74157	74158
46	47	49	15148
15475	15540	16764	29720
14395	14396	14397	14398	14399
2358	32597
17931	66558	66559	66560	66561	66562	66563	66564	66565	66566
11994	11995	62819	71815
444	28978	57335	57336
1233	59797	59798
29094	35103	42209	42210	42211
5989	5992	5993	66077	66085
18231	35254
3937	42542
16004	16005
38884	48783
68105	68106	68107
13320	14284
3613	7557
24293	24294	24295	24296
1134	14818	35892	66200	75975
76300	76301	76302
4587	30772	79523
37067	37068	37069
5658	5659	5660
4385	25493	49861	54882	54883	54884
7957	18467	18468	18469
236	237	6399
81	1396	7384	24500
60658	60659	60660
3170	3171
1581	42884
7445	16520	65281
46375	55242	55243	55244
16596	16597
1401	30478	61172
12279	24672
6939	45560	50591
3152	3967	3968
8891	70437	70438	70439	70440
1795	8081
2421	21362	24507	24508	24509
11469	28246
13373	13374	13375
8713	76155
12327	19434	19435	19436	19437	19438	19439	19440
1868	5614	25817	31268	31315	76889	77018	77019
20683	20684	20685
22449	26038
1765	11616	17549
448	8789	9077
16638	23202	39864
26242	26243	30517	32048
1745	38287
905	906
67332	67333	67334
64604	64605	64606	64607
678	14800	39219	39220
1192	8894	15670	42266
2505	4005	24978	46408
135	40573
256	3882	8177
1795	7036	26900	79868
4271	67070	67071	67072
10217	10218
2184	56748	72505	72506
3367	5726
466	50130
5691	11095
816	20811
38341	43382
1116	5500	19702
14667	15049	17000	30047
14991	15189	21414	61825	64925	70020	72023
5404	46965
8012	20014	20015	46696	46697	46698
1559	4705	4707	4708	4709
9559	9560	9561
287	1288	1289	2720
64650	72603	72604
22272	22273
6055	13347	18390
62583	75606	75607	75608
19040	80695	80696
3231	28798
9943	24264	24265
1732	12632	12633	12634	12635	12636
24229	24230
17069	17070	39786	39787
4799	8770	25660
1600	17085	17938	25393	26792	30727	30728	30729
7445	16519
1201	63646	63647	63648	63649
1240	1702	3571	15912	19536
367	21928
64760	72707	79208	79209
7952	35472
14543	15869	16764	16933	20156
1329	5609
545	546	547	548	549	550	551	552	553	554	555
514	11341
20683	60593	71145
1072	14550	55615	55616	55617	55618
5464	40295	40296
363	365	27282	31400	59474	59475	59476
467	6288	24241	55157	55158
10545	10546	13154	56079
279	280	46126
5476	6952	40065	40066
1528	3702	36332	37263	37264
2077	2078	2079	2080	2081	2082	2083
6889	30655	30656	30657
3176	23329	23330	23331
6110	6111
51193	54317	54318	54319
2842	11311	35478	38129
1124	4302	25343	25344
1305	24387	24388	24389
59642	59643	59644
5047	52659
7114	20562	22529	28634
3293	5352	5353
29062	29063	29064	29065	29066	29067	29068
42404	50660	50661	50662
19786	19787	19788	19789	19790	19791
37878	49573
1694	26669	26670
5192	5193
3858	14934	18462	19404
10089	17363	31733	44534
47	16009	16010
57397	57398
3982	7532	17394	56223
4323	25504
8848	51135	51136
3425	7277	11347	12239	37652
2116	6400	40580	62605
4371	18138	18689	18690	18691	18692
12655	48757
56412	56413
3893	23367
3121	13023	60731
3061	7384	53589
35667	40610	40611	40612
12012	12013
1596	3812	9787	20095	20096
12135	12136	12137	12138
3171	35148	35149
6880	48458
234	2803	2804
1160	2863	6358
14245	14246	14247
72714	72715	72716
683	41493
20918	20919	76918
2942	11658
828	829	830
75595	75596	75597
8718	14230
1401	4450	18760	18761
34345	34346	34347
1202	1203	3196	6493
14222	15422	17076	56441	72171	73829	73830	73831
57160	57161
23431	41765
1089	25014	51484	51485
45307	45308	45309	45310
4866	20845	23103
24318	24321	31900
19707	30325	65986	65987	65988
105	106	55582	55841	60884
9520	20250	20251
5386	43527
4625	46186	46187	46188	46189	46190
15166	60152	63821	66062
6557	18256	19366	19469	19470
15251	26530	36857	36858
8113	16606	62860
12	57956	75236	78158	78159	78160
3151	11467	21289
3808	5744	7608	7609	7610	71859
14959	14960	56576
1077	6042	11216
12399	40323	61380
10160	10161	10162	10163
75536	77716
17270	68378
13013	15117	15118	15119	15120
70632	70633	70634	70635
1357	5829	5830
12766	12767	32073
181	17231	41849
18520	27500
2824	7445	19026	41422	60705	67893
66	18074	21243	24486	29438	29439
659	22780
1610	22226
15388	31050	31051	35358	35359
1530	1532	46385
9445	9446
158	34049	34050
16300	80507
2368	17397	54795
166	61725	61726
15438	66266	67034	67037	69706
6033	55824
8957	8958
2393	4587	7560
11979	16906	64128
17113	17114	17115	17116	17117
2484	18971	28766
2441	11614
5175	15638	39710
67745	67747	76633	76634
13099	31133
25086	25087
49187	49188
21187	51730
5868	27366	29298
11095	26207	40285
77951	77952	77953
2974	15079	15080	39726
1118	11091
17024	20733	21430	33310	63767
50241	50242	50243	50244	50245	50246
43771	43772	43773
7952	11837	16445	55575	70731
22716	38089
48472	48473	48474	48475
5854	20683	20684	20685
19474	22966	60013	69469	69470
797	29513	59378	59379
34	13971	16953
76174	76617
21883	21884	21885
21355	21356	21357
5024	5780
14622	14623	53293
4271	12235	58239	75922	75923
9887	33597	33598	33599	33600
5012	53334
3513	3514
6938	19956	26204
21355	30875
1843	1844
499	625	12413	18559
2028	3270	3416	65047
72693	72694	72695
2232	18821	31004
16773	36250	52273	52274	52275	52276
1162	11258
21236	21237
3771	11923
8113	24380	24381
5836	5837	5838	5839
65374	65375
2358	5626	37772
2360	2361	2362	2363
1039	17415
2015	28925	28926
67	68	69
7181	42708
7113	11601	15154	15155	15156	56330
63314	63315	63316
2492	47185
3788	3790	3792	44175	51257	51258
27244	67450	67451	67452
256	258	4952	9952	9953
34353	34354
12225	12226	12227
6	8
1252	13093	27804	42228
1916	3535	28058
2277	23212
27208	52772
38528	60037
2376	11755	55766
65681	65682	75570
961	11191	13142
65800	65801	65802
2053	25136
11283	66603	66916	66917	66918
931	15622
13641	14690	32257	38810	67086
4559	36777	40539	53649
15902	57677
2698	2717	9241	35778	35779
1756	20989	26138	56023
11427	34314
22125	53042
5353	20300
3310	26480	32442
14446	46419	48609	48610
20232	30198	57909	77472	77473
3675	15763
19349	21318	37589
13518	13519	13520	55850
15109	47526	47527
15358	47581	56399	67182
18178	21241
1020	25490	30597
4481	4482	4483
39069	39070	39071
32301	62590	62591
4399	5207	7219	33358
6898	79294	79647
951	952	7113
12088	45687
13566	20684	22822
35643	41177	61493	78026
3456	25409	25410
67141	73996	73997	73998	73999
5178	5179	5180
5524	43995	43996	43997
14332	14583	14584
16110	23051
181	4283	19960	47234
3114	17820	17821	17822	17823	17824	17825
14509	14510	14513	14515
15044	20794	21044	44656
5938	49793
5386	10908
1647	14938	25604	51302	51303	51304	51305
3935	7728	47890	47891	47892
37127	37128	37129
514	5148	37109	37202
25669	25670
65717	65718	65719
40543	40544	40545
57339	57340
1486	4321
54393	54394	54515
500	46468
2484	18155
220	28983	28984
50065	50066
3277	48405
5790	15297
5266	17448
2441	12852	52250
22884	27354
352	56793	57693	69962
1946	1947
139	1372	68528	68529
41764	50528
31642	52425	63680	67002
2503	13070
13478	22105	62456	62457
314	10728	11288	17474	21997
7456	7457	14577
12283	12284
5207	18390
1634	57289	66327	77983
12859	12860	12861
518	3121	14574	16748	26885
31145	42225	43309	43310
1144	63312	63824
7113	63833	63834	63835	63836
1162	2710	8524	53281
116	181	183	18331
51705	51706
813	814	815	816	817
17496	17498	32402	47062
4993	33154	40477
17813	35934	47517
2209	17289	17927	57919	63764	63765
14876	14960	40581
22248	22249
50477	50478
23120	34844
73695	73696
3740	6192
2246	58363	58364	62778	62779	67373
2832	5047	21243
3609	15614	20329	20336	20337
1080	73927
181	21053	21054	21055	21056
18170	27201	31931	31932
11755	78667	78668	78669
3883	4634	6471	33887	33888
11601	69138	69139	69140
22275	22567	44912
177	14960
23960	80644	80645	80646
1306	2497
43340	43341
2709	10325	24443	24445	37103
22977	22978
260	3580	24271
5146	37039	42897
36072	53616
697	72323	72324
39080	40725	46637
358	5477
2659	2660	2661	41765	48258
3196	4344	4398
24080	33314	68449	68450	68451
46420	46421	46422	46423
2228	4659	14069	18390	31350
3622	6154	10609	10610
55810	55811	55812	55813	55814
3293	16962	27041
2272	9349	10205
3788	3792	32526	39908	44529
1334	24412	31850
36482	46010
31630	31631
1916	2824	12099	12100
6496	18806	19776
16234	33135	60058	60059
13393	20066	56765	71556
2824	7445	19026	41422	67893
230	40986
13015	22031	57799	73501	73502
23960	47808
543	826	4023
8313	12572	21163
14115	16204
3901	8568	8569
1008	12164	18977
4813	13013	21077	41942	41943	41944
35223	35224	35225	35226
4219	79437	79438
1054	11839	14567	14568	16140	28883	28884	28885
13452	36244
30314	30951
3376	5579	6462
19041	44313	44314
2028	3270	36354	44823	44824
54119	54120
15096	55496	70014
47	32993	56117
11812	25706	36389
40504	40505
3114	15941	53048
55934	60241
6050	6051	6052
16928	17087	17088	57946	57947
2744	6173	8150
53486	53487
28827	28828
13641	15334	61714
11635	11638
12116	18904	64398	73310	73311
51646	51647	51648
5554	11259	11727
76457	76458	76459
15868	15871	15872	33669
21051	24443	24444	24445
4014	6476	6477
22029	27024	31803	51917
7978	12649	12650	12651	12652
6284	11188	11189	11190
677	678
2251	16032	16034	28514	52848	52849
2074	23935
3425	11347	69848	74267
8504	74429	74430	74431	74432
138	1922	1923	1924
14952	29318	29320	38806
6803	9550	18066	18067	18068
1257	11257	45077
13013	46220	54220	54221	54222
24100	24101
22321	22322	38947
3727	10750
3584	29327	57483	57484	57485	57486	57487
71012	71719
2378	15692	57024	57662
67635	67636	67637	67638
6631	31095	52473	52474
46614	73006
1868	2423	23308
2061	7252	49071	49072	49073
1607	4014	21298	28369
1005	7933	23613
1331	2272	13212	14284	45725
7837	7921	45768	45769
19362	19364	19366	19367	43763
181	6413
15900	44411	44412
2271	11397
21779	41854	63630
968	1911	40609	68093	68094	68095	68096	68097	68098	68099
13393	33518
8937	28768	28769
246	247	4157	56514
1189	1946	79374	79375
15358	65118	65119	65120	65121
1072	14550	55615	55616	64806
8799	8800	8801	8802
358	7544	20865	21075
48018	48019	48020
57895	59671	59672
13533	18918	51092
23047	23048	23049
2378	9415	40637
14540	36088	44137	44138
2271	2435	16262	39220
22243	22244	22245	22246
991	1200	1312	1610	1752	1766	2053	8230	8231	8232
15233	15234	32526	51471	51472	51473
2709	14005	20066	28656
311	16859	43836	79865
11114	11115
5686	33176
11979	13786	13788	22495	29799
1498	1499	1500
22711	24853	24854
2378	7268	12762	12763	16837
2272	13632	75826	75827
1085	44431
9944	9945	13249	15218
1848	18440
4811	29548
2378	9350
2798	16654	16655	16656	16657
1076	3730	11187	14198	22491	22492
1596	20205	20206	20207
53603	61359	61360
60	14777	16136	64559
179	3470	8760	14627	18817	49150
70036	70037	70038
4550	4609	9185
1469	1470	13091	24247
19349	36883	36884
27708	27709	27710	27711	27712
4492	12841	12842
15453	15454	15455	15456
12890	24172	24173
220	5659	5660
1477	9257
1918	3338	6543
2406	11613	17710
3568	53439	53440
3980	4987	5497	10498
585	654	37287
18665	18667	52324
13648	43709
42330	47898	60251
1191	13132	17761	43231
21950	31426	31427
11291	34038
7286	17375	17376
41413	65599	65600	65601
7837	22544	27372
2165	5230	42814	50729
110	19351	19352	19353
726	2851	2853	4350
1326	13005
1326	1441	13861	43827
18485	18486
1862	4074	4075	7094	12566	25751
3872	36027	43884
644	1486	9277
7787	13129	13130	24819	31007	31008
4952	7200	14039	28623
14496	50350
799	1023	8143
259	4545	22569
1177	1305	2612	7258	7970
15839	74634	74636	74690	74691	74692
3580	25600
1679	1895	9988	38269	54152	54153
55041	55042	55043	55044	55045
6408	6409	6410	6411	6412
9948	9949
7838	11119	28905
447	449	1576
3609	50194	55274
990	17283	28699
4866	11463	36959	47260
3854	3855	32885
71469	75022	75023
1478	1479	1480	1481	1482	1483	1484	1485	1486	1487
56344	59224	63607	63608	63609
1196	4557	18734	18735
14776	14777	69335
8182	10458	26291	26292
2184	55981	56748	57262
223	40246	40247
2364	2366	25044	31952	31953	36797	44857
2441	4271	29732
76089	78279	78280
278	1331	4687	4688	5609	5755
34190	77859	77860
14653	24190
17552	22554	25894	34536	34537	34538
2889	13982	14412	24074
1489	1490	11429	11430
6222	9586	28215
60970	61190
5761	15348	57110
12865	12866	12867	12868
241	3424	18835	60324	60325
782	4105	43978	43979
1441	29530
1326	29052
19956	56704	56705
14803	36828
23667	23668
13963	17483	27994
11781	32474	73614
21367	22644	22645	22646
3398	4049	35674
10164	10165	10166
8952	9495	23202
6440	13631	27847
1116	1378	4627	54071
227	3366	7952
64173	64175	64176	64177	66318	66319
5554	26394	26395
3980	23112	69496	69497	69498
7368	9736	21242	21243
1153	1193	15774	36950
44179	73217
8781	8782	8783
348	80266
6835	15835	17118	29625
13082	15307	56108	68658
736	16841	30290
3609	12973	29230
15185	15186	15187	15188	15189
231	447	448
182	21868	26027
7668	19220	35473	35474
2271	2448	21095	31098	34988	34989
1329	9185
19025	23703
49	14991	16142	16488
2547	2829	5737	9536
375	26290	57701	58032	58033	58034
1997	26770
1020	21783	23156	62164	62165
16522	66790
2848	4049
6841	44026	44272
5596	11588	28475	31667	31668
1745	7259	7260
6195	6196	6197	6198
19403	23079	23080
1372	2270	3982	7531	13875
1895	6647	63103	69666	75065
1039	1338	35435
16419	16422	55962	55963
77767	77768	77769
6501	16410
1177	1374	17328
39901	39902	39903
217	50488
31913	32828	32829	32975	32976
12355	12356	38245	38246
19328	19329	19330
19229	19634	38194	38195	38196	38197	38198
4450	7469	11775	17342
1191	12763	48645	57876	67938	68809
6103	49975
10045	14876	14961
21977	21978
38259	67875	73910	73911
13393	16776	17163	58382	58383	68951
2209	10335	16112
33786	33787	33788	33789
7181	38097
33818	33819	33820
2421	66949
29001	29002
7331	17941	19653	24662	33760
159	1437	14898	16638	27914	27915
15285	64203	64204
25148	25149	25150
177	43810
4822	20563	20564
2263	4938	38253
38432	48876	48877
2698	3181
1039	15516	56795	72028
2024	2863
16101	42695	42696	42697
7152	12020	24058	60829	60830	60831
31060	60753	60754
29805	29806	29807
978	979	980
4917	22392	22393
13556	13557	13558
25364	47442
1604	66456
13099	45736	45737	45738
15001	30168	69856	75128	75129
1392	1393
29340	29341	29342
31789	31790	31791
4092	27066
11682	22215	36035
1358	39227
1716	4147	5372
78373	78374	78375	78376
14898	20960	37513	63359
13759	48033
23642	27513	27514	27515	27516
14908	15682	62206	73503
9381	29833
46594	46595
3843	3844
181	21522	25338	26552	63180	69464	77123	77124
14653	16271	42428
4823	4824	4825
678	12717
8193	20983
15118	20404	73787
9030	19464	72146
17432	18103	18104
574	12200	17041	64290
14711	15164	15165	15654	61898
2789	2790	19632	33480	45733	45734
24990	31699
24667	28728
11682	17187	40018
76396	76397	76398
2558	2559	2560	2561	2562	2563
52047	69042	75814
4520	46659
7772	62424
3425	5572	8936	9617
8483	39933	39934	45718
499	2374	11526
9043	44271
8563	8564
4200	4201	4202	4203
18700	20067	34579	34580	34581	34582
1785	1786	4396	52865
25555	25556	25557
16543	35472	39089	53826
3246	3247
2154	24290
3614	12075	12077
19488	61775
4720	6576	19435	28423	39686
5476	37087
14793	66089	70382	72445	72446	74039	74040
1403	2227	2228
35472	36048	44788
1655	23416	23418	29178
17485	31273	40193	49960
32361	61873	70504
579	26174	31711
13444	26992
14650	22293	68080	68081	68082
23312	47508	47509
1842	8918	18285	18286	18287
41120	41121
159	3293
181	1868	20048	20049
12	1039	56795	69419
712	2647	5198	5199
5609	41637
3741	3743	5691	18087	25655
1645	1647	23171
2179	8586	13070
14755	37063	54778
9588	10968	40479
23761	59976
706	21254	25294
5734	18443	53732	53733
13772	13773	15531	15532	41647	47159	57752
6654	16957	16958
223	1733	1734	1736	3242	7787	11844	11845	12882	22849	22850	31310	31311	31312	31313	31314
3099	17805	26645	26646
1798	8070
1138	2272	2754	8396	17875	17876	22753	23600
697	8630
968	9270	55769
2002	2003	2004	2005	2006
1097	41213
16523	44565	44566
9736	18992
9599	20015	26111	29906	29907
4409	35925
20221	20222
31190	75566
7469	24806	66862	66863	66864	66865	66866
2945	38043	38044	38045	38046	38047	38048	38049	38050
1281	1459	12169
12208	12210	12211	12212	32288	39450	44827
40627	43123	43124
2505	37390
2429	12960	42132
1192	13333	75918
2441	38408	54426
2079	3848	18325	22253	25472	25473	28062	28063	28069	28070	28072	28073	28074	28078	28079	30128	30129	30130	30131
18820	18821	18822	18823	18824	18825	18826	18827	18828	18829	18830	18831	18832	18833
348	7378	8421	18364
1065	10746	15841
6425	9028	52633
579	26174
1234	38886
12423	24486	24522	29380	52964
50500	50501	50502	50503
4151	7258	34456	43276
2199	11586	11587
34242	34243
49219	63627
326	327	328
37254	59558
5586	71952
6750	6751	6752
487	43688	43689
21943	41841	61795
23497	23499	23501	24557	57087	57088
1638	2374	5672	18029	18030
1486	7697	7698
14124	14125	14126
26772	26773
41220	41221
28158	36015
1372	1401	2270	4960	10391	30952
14908	29812	35156	44240	44241	48747
8055	8056	8057	10193
66431	66432
3278	15519	18456
9335	11337
1240	2061	4010	4554	23210
4328	4329
2261	44344	73887	73888	76057
5868	34082
3044	9441	17236
1091	22496	25998
2494	9228	74602	74603
3529	28378	28379	39211
4091	4092
13227	13228	38059
74237	74238
19328	27653
6440	22173
3487	52689	52690
75692	75693
5421	20688	20689	20690	20691	20692	20693
2193	6847	21842	37132	55541
14934	28158	36285	36286
7196	8844	8845	8846	8847
236	966	4688
35677	35678
3091	11206	11207
14471	26881	49524
24584	41386
9843	20132	65708	74910	74911	74912
23183	70951
17111	17112	61955
15936	17803
579	22478
2698	3215	3218	64117
30166	31500	65073	65074
69796	69797	69798
31355	31356
3377	14456
217	42089
4370	41089
2687	3255	3844	23755	36071
3685	13112
10275	14900	50928	52487	52488
20706	20731	23478
7030	39765	39766	41103	45837	45838
42914	42915
15224	75383
4469	4470
12890	39312	46384
11912	11914	13419
16031	16032	16976	60711
6731	6733
7656	19008	35534	61923	70083
53757	53758	53759	53760	53761	53762
1193	54208	54209	54210
269	19753	67479	67480	77559	77560	77561
4505	21324	42671
4600	8774
11451	36211	78284	78285
636	16962
16787	17876	67176	67177
1975	1977	32373	32374
1316	2497	35191
4130	80151
181	17190	18773	26702
55641	64783	64784
35964	55192	55193
464	17121	24795	33105	62758	62759	62760
58395	58396	58397
41436	41437	41438
58036	58037
3255	15755	16111	16112
231	232	233	2220	70792
47035	47036	47037
7901	20877
24667	32389
2702	4450	30127
14922	54828
198	17566
1131	26993	26994	42040
839	1976	43122
4307	10474	10475	10476
14567	43164	43169	43885	55001
2061	7227	30584	52149
44935	44936
20627	30536	47424
1039	16245	17018
8197	18335	23703
1290	16523	51517
58535	58536
9733	12664	20569
7545	34546	34547	34548
697	1438
6614	6615	6616	6617
236	237
26640	34646	44812
357	359	53145	66605	66606
5386	36839
3310	6228	15055
1275	21188	21189	21190
90	706	2771	4997
11095	26207	37371
12694	35534	54085
6002	17883	17884	21167	27907	45968
4809	4811	45661	56175	66394	66395	66396	66397
15139	16748	16851
38498	38499	38500
5996	10400	23869	50273
224	19596	43069	43070
9907	11901	54126
79173	79174	79175
3844	45108
1193	12343	15121
34952	34953	34954	34955
11555	34660	57845	57847	57848	62475	62476	62477	62478	62479	62480	62481	62482	62483	62484	62485	62486
556	1607	27489	49451
110	1600	6018	6019	11680	17853
7620	7621	7622	7623
4000	4001	4002
1259	1260
53469	53470	53471
3593	49734
10954	19858	55714	55715
4049	9401
7339	24302
239	34590	39090
3546	14989	28771	28772	28773
65348	65353	65354	72576	72577	72578	72579
4917	7833	9877	24209	24210
2360	70689
10938	23558
1507	10240	44733	44734	44735
18747	20896	20911
2742	70624
3429	6631	6633
7258	31237	31238
42186	76143
790	7221	11675
20789	56728	56729	56730
1372	3982	7531	13874	13875
2744	3454	60953	65179
14898	14986	23476
43722	43723
11290	22700	37238	37239
18743	19028	19284	32513	56402	65296	70852
18689	53146	59992	64324
14221	14222	15561	56259	56260
14348	50043
16851	54801
6170	6171	6172	55507
31525	53435
655	14551	30871
14794	15012	56326	74661	74662	74663
2819	46285
28652	28653
35139	35140	70334	77955
3368	5084	21480	27315	65068
18443	39571	39572	39573
73810	73811
22366	22367	22368
4459	5166	16515
5359	5360	32392	32393
38460	51197	51198
2272	21555	40061	49594
12450	48462
14272	36962	62200
19572	21419
799	1866	3425	4010
1177	6812
6303	8532	23642	27515
1338	13551	64701	67733
1694	2061	57105	57106
75429	75936
7447	26686	30874
11259	17549
1252	5419	10159	21494	52478	57668
29592	29593	29594
1007	10933
14908	15682	62204	62205	62206	62274
7006	10408	10409	10410
15604	56588	56589
3881	7078	7833
5325	5329	16623	29356
966	14032	36211	67622
1260	77085	77086
17166	34069	35489
662	664	9563	18546	21340
7848	7849	7850	7851	7852	7853	7854
52312	52313	52314
7769	8003	28504	29899	37356	40712
1084	8003	40712	41867
11569	11570
9170	75564	75565
2228	11418
10671	18639
7152	10089	12020	14888	33356	56231
5166	7775	14935	58934	66516	75958
14749	15384	17221	25636
21534	28768	51004
4034	4035	42546
5809	11894	11895	11896	11897	11898
10442	79361	79362	79363
3817	13966	13967	13968
1751	2310	18795	28446
4476	7712	12591	27531	27532
3461	6513
11754	11755
59944	59945	59946	59947	59948	60457	60458	60459
634	31484
6918	7838
47498	47499
17500	17501	17502	17503
5761	13905	13906
26047	42046	42047
4265	40137	40138
7280	10350	10351	10352	10353
16398	44714	44715
278	1191	2941	3614
20934	20935
13391	16023
2270	2689	61199	61200
80359	80360	80361	80362
15971	44352
6838	15918	22122	56658	56659
21112	36228
5245	22187
851	22214
89	90
18713	44710
10429	21169	21170
799	2406
183	59966	59967	59970	68681	68682	68683
3622	7970	16735	18769	31257
27475	38230
25744	25745	25746	25747	25748
4136	4137	4138
34030	56372	56373
3091	20527
7900	7901	7902
20640	20641	20642
8560	8561	8562
6496	20901
9184	11205
108	706	2090
4735	8478	55498
54704	54705	54706	54707	54708
11759	23167
45949	45950	45951
1733	3242
3529	43371
55989	68403	68404	68405	68406
20048	63756	68590	68591
14214	14215	14216
9568	28446
1065	14387	15679	68815	72319
626	4399	17024	17715	17716
464	65552	65553	65554	65555
6939	42340	42341	42342	42343
27620	27621	27622
6575	11366	73315
20171	20172
1634	1635	9476	51062
2267	25334	72010
15053	15054	15381	34323
1139	57692
2863	39526	44684
3788	22304	44610
14794	56209	56210
79318	79319	79320	79321
25616	41290	41291
76807	76808
19909	33116
14555	14556	14557	56850	56851
10037	27377	75979	75980	75981	75982	75983
181	21345	21522	22389	60048	60049
68853	68854	68855
3267	7624	28862	28863
11390	11391
10196	78805	78806
4948	78620	78621
3376	54109
1240	5008	16642	18966
68507	68508	68509
3048	17419	28689	28690
2229	2230	2231
5440	8199	30228	32055	58576	58577
94	6633
6237	43341	45314	45315
7082	36019	71199	71200
1846	5653	20152	32980	42756	43494
7561	9683	9684
21471	28347	28348
4399	22749	73540	73541
6441	6442	6443
1191	12455	12456
4154	7668	8839	35474
130	2269	2715	16609
18561	24254	38518	52331
4733	10275	19466	34621	34622	34623	34624
60672	60673
36471	36472
18713	18714	68491
6298	7159	7160
2492	31229	31230	31231
14436	36112	36113
42095	43547
4045	49803
20222	46301
12078	42125
20211	40875	40876
8899	8900
14650	15902	17102
51046	51047	51048	51049
8238	22985
31	14616	14617	14619	14620
25253	25255	39634
2179	13393	17016	17017	75093
9824	9825
800	2161
14286	64329
3858	8993	14760	19404
36829	36830
39563	39564	39565	39566
1785	1786	1787	4396	52864	52865
241	1866	17953	22072
7341	61098
13397	40896	58134
135	37738
6633	10939	35643
1289	14939
808	24135	24137	74436	74437
1862	4917	9943	20646
12170	37107	37270
51203	51204
71736	71737
23167	24289	26346	49742
5172	14649	14777	17201
4421	5331	46859	46860
8540	64111
3954	3955	3956
14946	14947	22246	29998
1789	45691
10951	46169
1292	15166	35964
5464	14749	71731	71732
2676	2677	11283	24115
37015	37016	37017	37018
55082	79538	79539	79540	79541	79542
2327	4478
909	910	10441
25726	32145
2053	31829
13082	15307	20985	24314	46707	49140
12584	18017	43610	43611	43612
818	5672
15333	22370	22371	30806
5653	5655	20152
6211	6212
7219	11257	13392	24652	24992	58370
17754	24587	25405
6521	6522
58419	58420
201	2332	49361	50397
25257	44185
13319	53940	70213	70214
48909	48911	55036	55037	55038	55039	55040
14899	14900
1357	5452
10161	44078
14515	26434	26435	29830	29831
19484	72194
1789	3604	79344
256	492	19596	20948	56600
224	4569
16245	16750
10832	54578
5353	25646	45263
5168	19381
17024	18561	41164	65629
4116	9131	22117
33019	33020	33021
35874	66666	66667	66668	66669
1955	30682
375	18835
6496	27501	28714
1177	23210	32559	49987
21724	69220
44568	44569
11982	11983
7787	61078
48768	66771	66772	66773	66774
7952	8462
44	45
2263	9553
49465	49466	49467	49468
10287	58184	60528
24103	34357	71643
1191	1329	38518
18981	28842
1566	2272	16859
31351	75464	75538	75539	75540	75541	75542
1804	11713	37621	43125	43126
18327	18328
6082	24446
4587	9337	41196
39038	69164	69165
348	5731
4599	75241	75242
9358	16781
13079	13081	13082	54280	54281
2095	6918	17667
8323	18813	51588	51589
4630	5873	30646	48820
533	13392
7804	15142	29719	39204
35643	35941	41177
18270	32780	32781	32782
15614	31293	39321	40684	41717
9586	9587
5138	27116	40350
2635	4931	34600
1985	8452
10409	49831
1007	55391
3872	65928	69072	75696
14083	14084
8076	13521
2179	16606	29750	44792	73613
18765	19813
3006	10818	50735
3654	3655	3828	6965
20934	23212	41655	41656
2376	15996	16879
7919	14132
1752	19959
1039	15795	25437	25438
11401	12741
1487	21654	22809	30479
135	8313
12987	16178	16179	16180
1765	15658	45392
7870	19807
1759	9514	9515	53138	53139	63803	63804
19322	23703
181	13119	18773	19307	19469	23468
49043	49044	49045	49046
22143	51810	51811
5360	12178	12957	15271	28710
10665	10666	10667	10668
3832	63358
32606	42887	42888	42889
18793	18794	18795
6040	6955	10581
73663	73664	73665
624	627	799
348	349	8421	18885	27583	27584
5161	8296
1298	2228	4147	10578	18709
217	1716	6400
5572	8936	8937	27138	27139
62294	62495
3943	9360
14790	46070	46071	65255
43827	72250
27480	27481	27482	27483
51328	51329	51330
698	9186	16944	35891
13393	18226	22942
421	77298	77299	77300
2790	63515
3631	33034
75567	75568
79800	79801
23985	25064
35472	37202
71367	71368
3376	5734	19460	20023
4381	57829	57830	57831
223	24733	58125
1233	14717	14718	14719
10335	34410	45629
8177	40349
6791	6793
44834	48464
158	159	22316
2470	9957	24423	29953
12940	12941
11370	15540	46403	80070
71795	71796	71797
5012	32875	32876
5706	8757	22750	52879
5116	15936
4793	8347	11593
4659	37711
13444	15670	17090
15002	16317	64683	64684
4046	6938	18711
3530	11450	14754	15096	39268	45871
1302	8641	11077	21145
43303	43304
45403	45404
48010	48011
983	984	2137
1231	1232	1233
14590	14591
60	4323	22714
14490	15656	74026	74027	74028
6209	14944	26745
4004	11705	15887	29511
16624	19669	19924	32492
1952	15925	39880	39881	39882	39883
29712	29713	29714
278	1331	12703	16138	42571
1873	1874
2227	12499	39095
13088	13089	13090	13091
488	489	490	491
464	24795	24937	33106
3654	3655	20132	20581
4370	14947	15765
23670	28945
6434	10586
2448	36075	36076
116	183	2270	25882	25885
51907	51908	51909	51910	51911	51912	51913
2503	16594	21158
8083	31337
179	44358
10365	10366	10367	10368
19959	30972
7280	27972	36073
3069	3581	4517	24659	24660	24661
42258	50847	50848
7031	17758
1177	5735	23351	25067
11489	11490
33537	33538	33539	33540
828	829	6920	27805	54488
7264	49167
2709	13077
8145	8146
36474	36475	36476	36477	36478
8436	8437	8438
9241	18774	20817
46	47	48	49
7837	20045	39231
1202	20733	22010
30187	38473	38474	38475
3099	3100	12577
1716	5596	17390	20561
43596	43597
36958	49752	70284
358	5032	6599
277	278	9472	10089
6041	12838	12839	12840
10385	10386	10387
655	1480	16168
59514	66622	66623
11682	32483	36210
2542	2689	4419	9099	53623	53624	53625
77588	77589
7017	58578	58579
21342	45955	45956	45957	45958
13283	60143
15121	44905	67060
6904	11682	24317
4081	55006
4071	10554	19990
1263	9827
8050	29552
4530	27672	34250	34251	34252	34253
7142	21022
4302	34569
5204	16364
6524	9657	17701	62807	62808	62809
12496	33905
2441	12455	37157	40326
2211	13388
11095	37370	37371
2850	9401	31702
14446	14645
31361	31362	31363	31364	31365	31366
43712	43713
6975	19859	19860
8716	15529	45870	78608
25703	28209	41519	74433	74434
60	27933
7200	39326
11839	13923	15658	63939
464	7284	22082	26658	26659
14115	60582
35465	37569	40789	50691	50692	50693
1315	6532	14972
23504	23506	32865	32866	32867
913	4609
1290	15197	15200	15201	59279	59280
1039	1418	16094
47124	47125
5130	8210
5689	9241	22949	46031	70398
8930	52453	52454
39413	44010
29381	49682	49683
1235	14860	22612	32593
8628	8629	8630	44541
898	899	900
14760	36049	36071
2365	2366	7368	49620
18680	55690
1745	5845	5846
2894	2895
8309	35678	38925
15505	15506	16033	29511	41072	58885	58886
9415	19484	31378
4222	5912
3882	6910	10554	75456	75457
4092	10253	35180
28813	30599
556	3111	3112
158	3790	16211	55529
7787	25483	25484	29702	29703
180	26931	28487
11139	52513
1315	3369	3609	13199
90	38124
64168	64169
2171	27737	27738	27739
8880	13391	16024
5410	36111
7518	7520	26572
10686	10687
3821	6823	33310
5608	5609
177	14960	22647
12200	51604	51605
3069	8043	18339
5797	5799	5800
30756	71257	71258	71259	71260	71261
43581	48470	54743
2406	11513	19472	36460	36461
28829	57833
1372	9765	16221	36480	36481
10939	78822	78823	78824
41893	69035	69036
2514	2515	7700
2744	25288	25652	30644	77763	77764
13885	36026	55667
78576	78577	78578
7370	11796	22388	26560
11257	13466
7573	12938	15841	75313	75314
1191	4371	4372
8464	30832
3376	20023	28458
166	6440	11827	14551	22027	43479
20795	27993	42330
47597	47598	47599	47600	47601
3098	4125	34063
580	12080
4971	6949	6950
3377	22469	24938	24939
9877	18063	29026
2423	18894	18895	18896	18897
7545	56843	56844
14077	55657	55658	55659	55660
44548	44549
4381	9711	33284	36905
11161	11162
16690	25158	31500	31501	31502	31503	31504
1330	10871
52576	52577	52578
12914	39174
35098	44680	44681
31165	31166
14614	14615
17706	17707	17708
1139	31563	57692
7367	14465	62981	62982
487	12235	65579	65580	65581	65582
105	53239
1417	12751	29436	44716
1315	13199	14734
24652	70219
2543	19169	19170
15222	15562	15563	15564	28976
2571	2572	2573	2574
3893	70160
6918	6919	6920	6921
2902	10486
1191	6777	12455
854	25074	26117
28143	28144
256	931	3041
4198	4199
16095	22041	34282
76568	76569	76570	76571
348	4308	12905	18760	18774
5874	13250	13251	13252	13253
21675	21676	21677
11290	17632
14905	14908	61506	61507	61508
12799	28863	36517	36518
1003	1004	38548	39401	39402
13887	29281	37064	41884
13821	45137	45138
1240	11803	20275
46181	53289	60279	60280	60281	60282
13214	42420
39360	75932	75933	75934	75935
7776	18178
7068	7069	7070
2593	2594	2595	2596	42924	42925
7290	13635	40718
1608	29157	29158	29159	29160
94	2855	7536	27377
4683	4684	4685	4686
17098	19740	69744
1124	6400	11410
53975	53976	53977
51982	55467
3631	6096	13110	33727
18668	22663	23788
94	35194	75689
783	18341
5175	13082	39421	39422
8558	28155	55143
24097	46058	50370	50371
3652	3653
8685	16686	45672
1513	2700	11328
37435	44560	44561	44562
20404	46417	53216	63897
20302	73852
42104	43283	43284	43285	43286
1346	1347	1349	12213	17171	18607	55653
3376	3446	6847	18443	35827
75063	75064
13563	13564	13565
14272	34951
10691	10692
2687	4720	6576	6577	6578
8313	80056
7085	48265
3092	19006	24969
11923	11924
12	16487	57248	57249	57250	57251	57252
130	3796
11179	12541	12542	30848	30849
15912	52891
15051	74087
14577	43003
11477	11478	11479	11480
4948	47585	47586
23879	23880
26391	59722	77290
3527	6745	52077	52078	52079
4718	4719
21254	24359	24360
8862	8863
10438	55770	78243
23958	30505	60631
21926	21927
969	1756	21683	22888
35947	35948	35949
911	912	13048	13049	13050
7523	7524	7525	7526
1513	2700	19258
5116	17138
37212	37768	37769	37770
633	7355
8615	34353	34354	39814	39815
72858	72859	72860	72861
67592	67760	67788
20601	25703	34197	39419	41519	60331
39666	39667
11984	17567
6397	6398
2100	12791
2265	2267	4389	18920
23575	29858	33535
1389	4874	8403	8404	9378
70586	70587	70588
3546	14543	14663	15146	56397
7370	37265
58332	58333	58334
11903	11904	11905
2388	33423
1138	3242	20922
9072	12078	40723
110	2159	2160	5003
6758	6759	6760
5871	5873	5874
499	39045	39961
34893	62005
94	13282	14004	55879
11562	11563
1303	2127	2337
3559	3560	3561
1716	3984	24992
5761	7290	48079
357	358	1994	17989	28897
23413	23414
4007	6238
518	49051	49052
1765	4298	4299
2895	54985
81	1468	14149	60901	64945	64946
6494	6495	6496	6497
9401	12978	62903
942	2127	26858
3212	3213
62443	62444	62445
4217	13156	15495	25479
40220	40221
2277	35728	42544
10921	15723	27877	29613	62991	62992
58874	58875	58876
2432	2433
1142	71013
6066	23440	27928	27929	27930	27931	27932
8274	21020
7370	67156
1544	22053
13793	18966	20024	20312	37093
12343	13631	45719
181	11628	11629	21931	25132
1097	1098
20601	25291	39419
45758	45759	45760
4765	35109	44180
28791	57083	70793
579	21610	27066
17028	50841	50842
19309	19310	19311
3882	4827
1130	9942
10201	22180
27914	44723
4411	65999
59832	78531
48603	48605	49553	49554	49555	49556
54913	54914	54915	54916	54917
32478	32479	32480
2373	38841
2441	5404
82	53240
12421	14368	14369
79575	79576
20011	26371
2456	21440
1005	2421	3982	11777	21929
1879	14069	44027
259	835	2291	5529	77429
1615	16653	49541
987	989	40868
10517	10518	10519	10520
27466	53713	53714	53715
11365	11367	19965
3446	6847	28841
10808	30737	65583
22557	22558	22559	22560	22561
9919	16239
70229	70230	70231	70232	70233
79248	79249
4071	58773	63519	63520
61324	75793	75794	75795	75796
16645	79892
10226	29188	52195
40664	46191
20553	20554	27361
18220	63274
4625	16019	75722	78869	78870
79336	79337
4303	4305
5409	16059	36506	46635
63341	63342
7100	19510	19511
19008	61923	64668	65192	65193	69074
18437	21362	27813	70713	70714	70715
12343	13631	15123	45719
10040	19520	26960	26961	26962	26963
3044	44659
6008	17695	29587	46348
13863	14451
4557	24172	60235	60236	60237	60238	60239	60240
17006	18246	21226	21227	21297
6370	6371
5116	55564	60209	66294
7970	17781	19284	38299
1193	9005	23242
2670	2671	37703
518	13648	15083
26756	37367	41235	41236
9149	63388
35223	35225	35226	47202
4236	8883	8884
1138	3242	12787	25511	25512
1530	38652	38653
12433	18972
10134	18161
6112	6848
1596	20205
13592	70650	70651
1324	3870	3871	39769	44964
1354	1355	5627
32729	58097	58098
24270	27743
256	1752	1863	5033	10001	10003	25845	25846	25847
500	25666	39627	44652	44653
18713	27635	27636
40380	40382	56762	56763	56764
1120	7276	73004
1804	10184	21664	56225	56226	56227	56228
1007	1008	7013	7110	10512	53813
11412	11413
77624	77625
4409	11445	16229	16230	16231	16232	16233
30482	30483	30484	30485	30486
15020	31918
4515	12595	48400
9361	9362
175	24942	33838
11810	15471	45199	56145	56146
1678	1679
1828	34913	34914
1826	1828	39404	77634
2377	36954
45710	70429	70430
7167	47859
11270	44441	45572
3369	3370	30895
7445	25389	36738
18860	22340
2270	5393	5394	14397	18300	18301	20252	20253
2873	32260	32261
1252	8177	8660	11555	18528	18533	24178	27958	27959	27960	28002	28004	28199	28200	28201	28202	43160	43161
2406	4599	6226	19472	21696	31553
37825	37827	39676
42929	53736
23321	23322
53539	59484	59485	59486	59487
5382	5790	12269	12270
5870	9205	30148
3983	24662	28475
3369	3370	19818
1060	2416	2417	31843
14689	17774	28528
501	53193
6773	18183	18184
12	37850	44520
4168	26363	26364
196	358	556	3021	3622
17813	35934	47517	47909
37058	37060	38115	38116	38117	38118	38119
1082	35557	39537	39538
3449	3451	34795	34796
499	1259	1985	3481	5899	6823	42774
28464	34075	34076
5734	19460	28030
2259	7077	16300	16301	32746
348	5731	12707	19853
18997	18998	18999	19000
8631	17419	29112	29113
6496	17899	46579
15612	21997	65876
357	358	467
46771	54373	77414
277	278	10089
4323	25706	26121
20683	20684
1092	2253	5672	10849	43193	43194
3320	20573
30126	32036	32357
5499	19702	30375	31979
64800	64801	64802	64803	64804	64805
2952	3848	6916	10511	10512
6939	41592
33222	33223	33224
4275	5081	6772	6774	6776
17293	17294
11283	31955	66600	66601	66602	66603
3061	7385	37747	37748	43972
6754	17972	33527	33528
224	21178	21617
19669	33731
14760	61379	74116
47074	47075	47076	47077
321	5792	6731	7364	7662
6426	67726
1846	6013	6014
7241	7242	7243	7244
16110	49582
5325	16943	22027	35988	40713
6298	7159	7160	7161
24375	26553
2538	57722	57723	57724	57725	57726	57727
27013	27014
23542	23543	23544
2496	5691	5948	45680	45681
1525	5242
543	544	914	944	80021
14908	44240	44241
26110	26583
3546	3741	49172
21273	21274
314	10728	21997
3354	3992	3995	6012	8108	9422	12269	15526	44091	44092	44093	44094	44095	44096	44097	44098	44099
15604	23741	37819
70671	70672	70673
60513	75892	76666
3300	5792	35847	55827	55916	55917	55918
18774	25884	70374
2100	2101
27000	48956
2607	2609	62617
4754	53845	53846
3515	5155	32223
79177	79178
34196	77393	77394	77395	77396
22841	27588	29167
1975	2571	10142	11457
29043	63040
55424	55425	55426
9660	9661	9662
40346	45609	76609
63920	65520
20597	21784	21785	21786
2047	7003	7004
24651	72079	75196	75207	75208	75209	75210
357	358	1995	43674
3741	19909
11167	32558	35186
51191	51192	61712	61713
7045	26411	43935
16858	16859	67782
3300	6731	8019	12821	20140	20141	21102	27918	48297
1685	10471	26764
37490	37491
5731	9338	9339	9943	19368	26783
4733	10275	34621	50217	50218
24985	75547	75548
5325	15612	15613	15614
9441	15872
9619	16024	50106	50107
2327	8508	24176
2202	47159	47160
6746	18953	21075	21588
1008	4455	5942
9301	13824	16268	65388	65389	65390	65391
14518	14519	64512	65212	65750
6760	25129	25131	73291	73292	77218
259	1453	3810	3882	4075	4478	4827	6908	11802	11803	15356	19025	19322	20205	28249	39038	57051	66760	66761	66762	66763
21914	21915
18676	22751
9591	9592
16050	23877
902	18320
34077	34078	34079	34080	34081
135	19063	50578
198	16798
116	5640
39093	56148
10142	16614	48718	48719
20205	51745
1486	12591
1753	17511
6481	14385	21692
5592	6836	6837	12302	12303
321	2745	2952	3299	4360	5792	8020	17993	17999	20036	23867	60873	60874
2717	26673	43639
31972	33450	71051
2095	4934	4935	4936	4937
6918	23519	23520	23521
15260	29627	40950
5084	5085	5086
1076	6931	34667
3445	13948
8116	9030	61571	68511
3270	3272	3344
11372	15504	20393	54518	68296
49884	49885	49886	49887	49888
1530	46496	55059
279	3872
7290	9618	12025	37193
5102	27050	27051	27052
31887	48958	48959	48960
2132	42347	42348
21523	21524	21525
15055	59996
6769	31544	31545
5992	68478	68479	68480	68481	68482	68483	68484
8784	8786	9865
23687	23688
10951	72082	72083
36870	61914	75785	75786
3368	15691	15694	16272
12906	33275	33276
44058	51103	65424	65425
179	47571	47572
18969	30012	30013
240	241	6731	6733	7037	9077
4922	39186	79791	79792
36614	52764	52765
5872	7559	7560
2489	3580	4141	4142
9945	39445	45776	49384
108	2234	2235
17121	24795	33060	33061
4389	18920	22098	44364
4687	50197	58102	58103
10239	12869	55965
9401	15998	15999	16284	18493
79753	79754	79755	79756	79757
2727	2729	39865	42205	48008
3580	5885	8624
23470	23471
35098	43532	53263	53298	53299	53300
63143	63144	63145
50310	50311	50312	50313
585	6400
23579	60284	61841	75896	75897
13428	15333	16634	17287
5327	16094	50794	50795
4271	12235	65433	76236	76237	76238
357	32435	32436	32437
4473	4474	4475
7331	8781
12566	31368	31369
575	4370	14947
67659	67660	67661
16264	60396	60397	60398	60399	60400	60401	60402	60403
1509	35517
2144	2145	2146	2147	2148	2149
114	116	3987	22085	22086	30102	30858	30859	30860	30861	30862
57321	57322
17924	17925	19115
93	2276	36569	67130
2775	10859	27671	62809	77199	77200	77201	77202
11759	23169	26346	54366	54367	54368
1608	20279	21310
58482	64423	64424
4539	4987	7610	8413
11759	48285
2095	22247	55973
12235	13282	17221	64974
26821	26824	39320	43266
70389	70390	70391
1038	1039
66147	66148	66149	66150	66151	66152
655	2177	2503	13393
24116	24117	24118	24119	24120
2179	2707	2709
12994	14161
8338	44839
8737	10847	10848
1515	3654	4195	8139	8140	17281	17282
8652	8653	8654	8655	8656	8657
70247	70248
38563	38564
9475	31024	73417	73418	73419
17535	39631	52328
11570	37503	37504
1384	4014	28854
54163	54164	54165
76	27318	27320	58753
20434	20438	26011	26012	26013
5924	8894	40900	40901	40902
24232	24233
698	1191	38518	49576
2611	10239	18808	56742	72407
2873	7203
21280	34210
5035	21987
4050	4051	23825
14429	56215	56216
60791	60792
23105	58549	58687
14496	14765	20854	47555
1077	1378	23997	48788	48789	48790
46092	54330	68773
14292	54047
93	9030	16226	16389	16390	20329	35186	37278	49616	49617	49618
3337	55520	75360	75361	75362	75363
31033	61834
21391	79915	79916
14444	14446	24793	46419
3593	4124	36945
77346	77347	77348	77349
74055	74056
269	1076	20232	22492	22775	30197	30198	80373	80374
9097	48935
11450	13773	15532	22669
61221	61222	61223	61224
15567	15568
2540	2541	2542	2543
3939	13397	18413	18414	18415
1947	17876	20378
1331	13327
36365	37071	37072
18443	64668	66281	75243
533	11588	14415	21301
3307	33342
60825	68505
37348	39303	40973
80712	80713	80714	80715
2332	6455
22125	62984
2573	6241	6242	6243
12874	12875
2486	3589	5059
1324	1326	5090
15051	15054
145	3991	13713	20632
10850	18601
16086	28847	58359
36296	36297	46551	46552
62288	66421	66422	66423	66424	66425
13102	14318	76182	76183	76184
15517	15939	23361	46419	56795
6550	75044	75045
110	1721
8003	19497	29898	29899	79765
12412	17629	58347
32885	55353
23202	56778	56779
17895	17896	17897
15469	55645
8273	54048	54049	54050
79820	80020
7771	8003	8995	13019
6399	16389	24849	70481
10536	51807
659	5296	5297
12	19226	26313	48066
36957	36958
7178	7179
3906	3908
28839	32637	33853	36284
1153	10429
5914	21726	21727
95	12524
11311	36376	57501	57502
15877	27257	27258	27259	27260	27261
49	11376	15212
16122	36775
15912	19536
545	64838	64839	64840	64841	64842
16071	32839	56317	56318
1610	4827
230	3395	40986
3335	14254
5404	35472	44788	46263	46264	46265
18521	27850
3444	5883
67290	67291	67292	67293	67294	67295	67296	67297
48965	75341
266	9012	12263
44476	56199	56200	56203
17082	36254
13099	16708	25241
21791	28138
73697	73698
14667	15998	21943
4798	77631	77632	77633
1005	20804	20805	26362
4049	5382	5790	38828	38829	51361
16256	33658
9652	9653	9654	9655
5167	35932	70202	75589	75590
3795	5809
1416	7000	49494	49495
230	3858	6532	19404
2698	2717	11445
280	41788	54661	73012	75739	78767	78768	78769	78770	78771	78772	78773
1196	2609	19958	70211
11309	17727	18155	60031
3893	17043	56204	70160	75315
812	31580	31581
913	4608	58271
9049	9050	9051	9052
12455	38462	38463
28573	58238	58249	63189	63190
7257	43466
64617	72898	72899	72900	72901
18125	18126	18127
6672	6673	6674
17931	17932	17933	17934	17935	17936	17937
5165	5167
8630	16862	69553
16887	16888
16155	16382	32364
28572	73769	73770	73771
14147	14148
72449	72450
22852	60020
64390	64391	64392
175	179	15054
8338	17818	17819
3900	3901
5981	12059	12060	12061
7180	7181
6484	18956	23299	35251
17218	17221
10724	10725	10726	10727
1647	25604
1765	3836	42627
289	49204
4938	38253
23838	25673	34747
21052	21258	21260	22063	24222	25411	25412
12870	67210	67211	67212
4895	6734
1193	13005
27744	27745
12450	16184	16185	16186	16187	16188	16189	16190	16191
6169	6172	10919
2246	2247
620	12110
1985	10098	44851
143	1833	2825	4634	24302	28330	28331
4546	20035	27627
11812	15291	15475
6494	43931	50563
17389	23539	24244	24245	24246	28228	28474	40445	41024	53883	55774	55775	55776	55777	55778	55779	55780	55781	55782	55783	55784	55785	55786	55787	55788
556	16880	16881	16882
2441	4271	37158
12540	40273	41369	41370	41371
22758	37201	37202	37203
13132	17761	46038
12177	12178	38444
20	8070	8071
70494	70495
1191	6703	26312
79599	79600
1276	42359
45439	51641	64143	64144	64145	64146
6298	7160	36294	60559
1486	15939
444	11839	22704
6298	40331
507	9276	27799
1065	2331	16367
8993	16245	41007	41008
5419	10159
6891	9208	30914
19588	19589
1437	15083	15773	20040
3487	34812	34813	34814
3444	5883	19382	42709
586	11258	13882	13883
14412	15020	24493	34845
17001	50739
514	19822
515	31730	33450
11921	15988	21667	33850	48175
3369	3872
6436	36120	36121
14286	63512
33228	36471	63984
2376	15902
17262	71929	71930	74943	74944	74945
5672	10849
3631	54344	54345
49196	51626	54379
5311	27420
2272	16859
4374	41170
15540	15636	15975	15976	15979	65054
10279	27491	27492
11796	16638	21391	23202	24207	39864
965	3529
32840	32841
7045	13786	13788	42028
242	243
18105	19008	78263
5361	11796	17049	19637	26560	56410
44449	52741	52742
3567	22305	22306
13428	14793	15771	64874	64875
24645	71297	71298	71299
31046	61141	61142
13885	46191	52983
1528	2471
45841	45842	45843
50214	50215
14682	21632
1339	49765
504	23932	23933
3437	36818	42380
50838	50839
1014	28572	57567	57568	57569
42729	55354	55355	55356	55357
19734	50334
16182	47849
4068	41689
2232	3580	27409	31804
67613	67614
177	28163
2406	4599	5896	11098	17711	19472
15893	15900	26902
51518	51520
22006	71041
11705	13429	21801
6320	6463
1275	47464	47465	47466
76522	76523
5120	5351	7407	7408
467	18368	23326	28544	50763
217	38955	68866	68867	68868
1177	1374	60317
9919	18841	56086
15012	42144	42145
2209	17927	64141	68238	78034
3974	18246	19959
32468	32469
16968	56603	56604	56605	56606
19025	67012	71792	71793	75190	75191	75192	75193	75194	75195
2321	2322	2323	2324	2325
905	41658	71073	71074	71075
76539	76540	76541	76542
23453	23454	23455
27933	27934	27935	27936	27937
10432	16316
6324	6325	6326
2944	2945	38065
175	176	177	178	179
10540	10541	38125	38126
32142	32143	32144
37313	80540	80541
13464	43675
4140	21546	21547
21688	26298
5872	16011	16012	16013
3729	3730	23263	26249	39906
16053	16056	17541	17542	17543
7830	63816	63817
64612	64651	64652	64653	64654
3434	4479	18059	24488
848	849	850	851
26103	30418
53539	56018	56019	56020	56021	56022
16950	71117	71118	71119
179	14759	15318	65455	66053
11759	19168	33561	45050
38843	38844	38845	38846
52396	52397	52398
32510	32511
11052	11053	22688	22689
3580	4060
6073	12279
3367	14009	45928	46692
5122	18451
14347	17106
9828	9829	9830	9831
14441	14442	14443
18920	32994	32995	32996	32997
7518	26572	43883	57661
23416	23417	23418	26504	26505
49	7982	16142	29497	61042
2179	9945
475	48617
20	16367
7340	7341
9645	10536	52740
2887	22660	22661	25724	30822
11921	15987	15988	21667	21668
9229	15700	18586	20198	28651
22122	57637
2437	3358	5996	10400	17939	18000	23548
1647	16917	16918
32369	73832	73833
21482	21483
18255	69308	69309
2244	38073	54871
44687	44688	80493
602	28922	28923
18900	47727	47728	47729	47730	47731	47732
57245	57981
12431	44654	44655
1985	4488	46500	59877	77823	77824
45021	45022
5988	13405	55690
50015	63625	78403	78404
94	14009	35634	55416
961	11726	52602	52603
23524	49289	49290
1191	6778	8250
1131	1597	4080	4081
12990	25356	25357
1809	2744	18436	19972	22825	31927	57694	57695	57696	57697
3102	19920
20048	56781
16735	16736
6103	52814
20066	47604
51436	51437
10278	20928	37440
7236	22970	22972	22973	26001	33359	33360	33361	33362	33363
39350	54931	61823
6111	36040
11399	21950	45305	45862
22150	22151	22152
466	28577	28578
20819	20820
5464	10429	26952	65173
29739	29740
22143	24248	65168	65169	65170
19638	29736
1065	1939	2332	41710	41711
9339	17938	40253
8760	16839	65214	65215	65216
3062	3337	7293	7385	13431	14592
3117	3118
7871	37695
13444	17090	71174
3887	13714	13715	14882	14885	32001
3723	3725	10142	11259	18816	18817	79997
13577	20480	23798
67590	67591	67592
8463	18952	23810	24992	27722	58256
1235	9205	9206	9207
8352	10135	10136	10137	10138
145	3991	67261
11293	49744
13100	13101
67849	67850	67851
58902	58904	65698	65699	65700	65701	65702
7264	32436	78080	78778
177	15725	69623	69624	78254	78255
211	25465
20048	63756	73131
67609	67610	67611	67612
44254	44255
15399	26126	51438
10808	18243	56455	56456
11994	49758	49759
1225	1226	3079	12055
38115	38118
36398	36399
26139	56023
1004	2244	16155
18874	18875
1985	14419
29373	29374	29375
13225	14895	28696	42308	44198	56165	56166
18951	30537	30538	30539
942	2771
11010	16793	62766	62767
8763	14128	20976
2147	4072	7901	28391
3586	5572
2169	2170
25365	55102
3887	16006
44818	63667	63668
501	55335
19889	19890
36841	68330
5505	16393
7869	29087	29090	66538
11777	20409	23558
25598	52641
28811	31710
3730	3742	26392	44020	44021	44022
28045	28046	32169	32170	32171	32172
13861	53882
39488	39489	39490
4696	44834	47947
78306	78307	78308	78309
13958	41671	51242	51243	51244	51245
8922	42916
5333	15631	15632
11367	13293
23499	29750	60612	60613
5990	5993	7582	22143	24248
32607	32608
7125	25068	42152
80609	80610	80611
3553	3554	3555
9415	15286	28517
1985	28150
14218	14222	15561
15438	17262
2018	4025	38397
37954	64910	64911
17217	17221	63758	65936	65937	65938
11682	64291
11367	13293	40318
13091	34951	54072
37058	38116	54531
17953	61136	61137
1039	17415	26157
33912	33913
62292	62293
6170	6172	71275	71276	71277	71278	71279
258	1179	1715	3884	5049
38070	75914
14711	14991	15654	16826
1250	29311	29313	57809	57810	57811
59893	59894
11480	20842	49229
18072	52956	60593
1307	14135	14136
313	40130	50026
5431	10113
3098	3180	8764	8765
2263	27111	35939
55262	55263	55264
4917	17782	21404
5735	19118	22016	22017
11280	11281
179	23849	42932	42933	42934
23418	35562	65602	65603	65604	65605
1515	3654	10961	17439	17440	35992
22061	22063
11233	14677	43405
6828	21268	25924
4399	75735	75736	75737	75738
4739	8291	28719	28720
50580	50581
18506	24676	30053	30054
20021	20022	20023	20024
7341	13830	66604
44400	46209	46210	46211
782	2291	5529
45712	45713	45714	45715
10231	10232
2437	2438
2590	5193	9640
826	51290
1116	10014	31979	61988
11678	17363	22831	22832	22833
14860	19041	20846
4594	6904
18133	18134	18135
533	11545	18417	22822	28767	35501	51343
4019	80436
12078	36631	36632	36633	36634	51792
105	6043	23870	44534	50072
54543	54972	54973
18314	34125	40096
500	36512	36513	36514
1131	2832	23346	26679
4385	13748	13749	13750
3567	22305	55015
24557	29750	42657	42658
1991	1992
5161	8296	37661	37662	42918	42919
3113	37565	37966
16153	16155
3247	22107	47107
94	7535	7536
348	8420	8421
10578	10579
22753	31677	57982
500	1084	1085	1417	9947	11456	14232	17271	62210	62211	62212	62213
42396	60354	70299
5333	5334	38009	38010
7167	49092
26387	26713	47612
1610	3905	9149
4450	9328	9630	40062	40063
1232	11791	11792	11793	11794	11795
34953	50940	50941
23233	35592	40257	40258
49	11376
633	799	8143
185	48476
2310	10142
13764	13767	35849
30036	30037	30038	30039
10782	12295	16699	36237
239	763	36556
6577	7900	17210
2276	2277	5775
3098	7006	14171	36497	58300
20661	28215	32441	53238
19865	19866
16237	36048	63134	63135
30768	76009
22762	30455
3536	35669
3376	4822	19522	19523
62052	62053
1413	11276	11277
1177	1305	10545	65303	65304	65305
2989	41561
90	855	23414
1003	8718	11213	13983
34449	34450	34451	34452	34453
1675	19778	37081
11191	11820	12398
68206	68207	68208
11513	12162
314	8791	17134	17471	17473	17474
40316	40317
2505	7100	8713	56895	66508
3293	16962	27205
2710	13638	13639
14709	32233	32234
4450	4451	9328	18760	18761	41667
10743	21697	23291	29759
24242	24243	24244	24245	24246
1647	53502	74480
7350	25569
15694	19818
50733	50734
17713	17714
6425	44691	44692	44693
4210	58139
2374	5234	5898	6823
272	4608
44127	46081	48837	48838
75	241	13824
25948	35603	35604	35605
4948	18852	22137	40141
37073	49835
108	706	1402	1403
2863	2887
12957	24959	25479	28710	39549
1125	46549
9301	19525
1647	24694	45892
2267	17976	26448	26449
14509	14510	14511	14512	14513	14514	14515
467	931	2736
1673	4432	29520	31621
499	2372	2373	2374	2375
3121	29764
1635	38265
56479	56480	56481	56482
42025	79931
5918	5920	24711	31140	46974
2265	5719	57597
17772	20988
16254	30009
1916	2824	18122	21135
69711	69712	69713
845	13650	13651
475	12726	14162
55362	55363
9887	17486	17487	17488
40889	55404
30076	30077
26003	45771	75130	75131	75132
47774	47775	47776	47777
7000	44701	44702
743	12242	41531	41532
1469	2934	8274	11434	14057	15281	15531	21987	22530	24347	29534	33229	33230	33231
10237	10238	10239
8	11686	31722
1723	7059	8536	9665
732	80068
35651	45003
3351	3352	3353
116	1043	5640	8351
2590	2591
4091	13516	34774
7698	45632
4071	4072	5253	17500	47783
6209	10938	19322
783	47505
8525	8526	8527
60691	60693	61307
763	5554	6116
3609	12973	16797	43153
1911	13441	55638
44056	44057
28994	28995	28996
4306	11024
8193	13091	13631
12761	31610	31611	33665	33666	54181	54182	54183	54184
8003	8995	13019	37426
1307	14135
74890	74891	74892	74893	74894	74895
1039	17415	32046	64078
30984	30985
2075	3589	5570	5571	5572
2689	19857	30331
2700	6082	6493	17843	17844
181	9630	22321	22322	40427
27831	27832	27833
1082	35950	35951	36238
5735	10408	10409	10410	20312
5524	19546	24457	28911	36268
1191	4371	18508	50232	50233
23523	70046
1264	6633	11493	40737
1282	1283	1284	1285	1286	1287
1235	4816	19498	22370	38786
35234	35235
556	557	558
159	30650	43214
9028	14900	49969	49970	49971
6440	52714	56116
6578	11979	36821
18	3280	36701	36702
7293	41616	56819	56820	56821
26993	26994	30551	35154
4948	18851	18852	18853
16228	37838	41839	42995
30593	30594	30595
11172	11173	11174
7234	11777	22631	25491
54819	54820
15010	15011	15012	15334	15335
1291	45245
3369	9406	72562	74209
5106	10278	22658
1842	2839
32506	32507	32508
41146	41147	41148	41149	41150
2700	25934
51622	51623	51624
10070	10409	39829	49831
4271	12235	38544
1530	38652	41141	47753	48302	63732
43426	58955	58956
15026	15027	15028	15029	15030
3858	11601	39965
7714	44261
17739	23371	67881	67882
4550	4608	4609	9185
24574	78790
16595	43840	43841
76597	76598	76599
17714	33622
5431	50280	74353	78777
655	5869	12236
29573	44848
21314	21315
20266	20267	20268
6319	6320
10089	42404	50661	65064	65065	65066	65067
7045	13786	13788	14256	14257
1497	56267	74982	74983	74984
4739	8291
3883	17690
3901	6847	29810
1050	3180	19988	59931
14860	15540	28214
1985	31351	79586
23556	23557	44763	44764
17432	18103	18104	32384
8858	9484
53528	53529	53530
75517	75518
902	3027	3440	4246	4573	4574	4575	4576	4577	4578	4579	4580	4581	4582	4583	4584
5253	66626	66627
12852	12868
16605	29074	48317
13104	22363	22364	22718
2270	3982	7969	17915
12355	12356	14207	58348
8615	39815
10921	27877
43300	43301	46935
4385	52476	52477
1192	47104	47105
6932	69801	69820	69821
10474	24291	80002
14829	30289
419	1985	4791	6535	42560	54628
1196	4556	4557
6440	67368	67369	69570
14577	63911	63912
31743	31744
9695	12938	15541
23497	23499	24557	28507	28508
9205	43601
76614	76615
15388	15389	61500	61501	61502
21693	21694
13091	13631
25364	25365
7239	20586
931	6560	51291
40638	68934	68935	68936
4071	4072	5253	7969	20588	39078
655	14749	15141	43077	55925	69706	71426
10951	16533	20493	55310
68566	68567	68568
1065	37002	37003
19542	69707	69708
3797	10127	41084
37926	37927
6493	9766	11200	11201
27508	27509	27510	27511
14471	44671
2065	4997	8783	11545	23261	45216	46335
4454	11317	31045	51852
4898	44070	44071
1331	8462	55800	65036
4323	8166	8167	8168	8169	8170	8171	8172	8173	8174
2850	8390	9401	16289
21408	53037
35293	44941	71520	72217	72218	72219	72220	72221
35850	35851	35852
55489	65181	65182
14705	65704
16784	16785
18072	24854
559	7258	57192	57193	57194
3395	4068
51886	56998	56999	67359	70336
2209	15022	15501	15502	17927	57919	63764	64140	64141
316	317	16685
240	241	5057	5058
31802	31803
659	20837	25918	30419
2206	2208	2209	16789	24697
5809	16722	16723	16724
462	464	7284	20524	22081	22082	22083
7506	19814	19815
1468	14149	22446	26622	60901	64945	64946	65467
10693	10694
1290	1292	8193	34956
1985	6557
467	1137	1316	4106	6288	9600	29134
17882	17884	19042	19050	60657	72376	72377	72378	72379
12325	19064	23737
8275	8276
12994	16542	52271
68886	68887	68888	68889	68890	68891
17389	38289	61480
65	2709	5148
6073	12474	15667	56212	56213	59720
4279	35030	44173	44174
3035	3036	3037
27300	29919
116	1043	5640	26247
15043	17390	37417
16025	16026	16027	16028
241	1305	18461	19118
1311	1312	30640	30641	30642
36864	36865
1453	3571	6909	10063	20205	22473
47149	64952
8379	25143
654	4302	38613	38615	39435
5325	14566	58912	58913	58914
2677	2921	13096	46689
17402	17403	17404
845	38339
3853	3854	3855	3856
227	4271	11449	13898	59817	59818
799	22700
698	1331	9186	33660
2247	6469
77819	77820	77821
22175	22176	22177
15992	15993
13393	17017	18226
40170	48194
515	2258	2259	15597	36629
3395	35271
1082	35950	36238
13335	32102	61923	61978
22246	29998	50615
50920	50921
13954	13955
4265	14611	16040	16567	49671
3609	4929	4930
21301	53435	53436	53437
943	945	21481
11382	37638	37639
3320	30918
4424	4425
6841	9211	16024
61329	61330
10331	63089	63090
8960	17739
663	1716	11418	13613
1189	1507	1946	3977	3978
72755	72756	72757
190	191	32506
4375	4376	4377	4378
1993	22265	23786	33690
6460	6461
22792	40878
696	15543	25381
13149	18360	24425
2423	24574
8913	26774	33123
2243	8894	28399
139	1292	13429	37775	48647	48648
70660	70661	73939
16754	22470
556	8147
16717	31712
42174	42175	42176
14058	29476	29477	39192	48120
2744	60285
8306	14186	32280	32281	32282	32283	32284
9170	40254
10089	33356
4323	12341
13774	33889
3420	3421	8132	8133
166	15947	68486
3589	4554	20205	36731
11839	14568	20983	45859	58863
43580	45774	51833
1358	5404
18302	38139
29074	48317	70510
3529	24186	24187	24188
2320	2456
3593	6546	14292
1091	2291	4993
18	61251
10044	10045	10046
7469	24050	25308
15971	36785
9945	15140	20551
44049	80616	80617
13428	14660	15333	15771	16634	17287	64835
5447	5862	7071
16859	60356	68085
30339	54557	54558
23202	25643	56264
566	3095	14811
26122	26123	26124	26125
9300	9301	74461
72605	72606	72607	72608
26213	64924
16863	31191
16655	30958	30959
14357	19645	19646	19647	19648	19649	19650	19651	19652
1799	36340
108	18860
2132	39289
9778	15210	15785	15786
499	14042
10753	66869	74108	74109	74110	74111	74112
1823	14458	14459	28113	46094	46095	46096	46097	46098
1050	4991	4992
36439	36440
5260	9934	9935	9936
6891	13208	13209	13210
421	1985	7340	14419
1305	2497	28221	28222
1326	10201
3593	19004
8704	26712	26713	26714
52676	79503	79504	79505
4631	7969	17781	20416
586	11908	11909	11910
11601	14272	58952
3848	4952	7662	9375	25411
4208	26869
198	33285
516	655	8586	38083
5713	6952
8231	12499
2209	15872	16789	24697	44639
44599	73495	73496	73497
18859	18860	22340
59079	59080	59081
5513	51609
1275	5091	14128	29175
313	30183	30184
2421	18301	56411	64405
3376	7791	20800	27991	75100
37848	37849
16464	16466	16469	16470	16471	16472	16473	16474	16475	16476	16477	16478	16479	16480	16481	16483	16484	57260
1000	9031
1065	1323
15971	42776
2358	62219
1324	9030	17773	17774	23604	33628	33629
16777	32267
6670	6671
4399	12064
1288	3882
5331	35342	51481
256	1535	1993	2291	4569	4570	39425
2435	6744	6745	21728	55711	55712
45	968	9269	9270
15746	15747	15748	15749
5991	12907	12908	58427	73018
71355	71356	71357	71358
7290	9811	40607	68776
3111	38662
7743	9668	9669	9670
196	1579
20860	23537	27239
55349	59677	59678	59679
30495	35176
46936	50899	50900
20329	64849	75764
19041	21196
4370	18861
2543	14576
60	51687
4688	5755	48950
47317	47318
66208	66209	66210
1005	29684	77230	77231
6105	6106
4821	43324	43325	43326
33003	33004
6447	15306	50280	50425	55605
12216	70560	76252
42902	42903
1844	22005	22006
37408	37409	37410
37914	42298
4093	23599
4447	11476
12905	13576	70726
2536	77138
185	7994
7384	16259	39705
108	706	1106
2028	5575	7656
196	3622	24763	24764	24765	24766
27076	27077	27078	27079	27080
10938	11589
177	32657	37424
12936	12937
25715	25771	38661
661	7529	20123
4399	27493
1723	8536	52750
4161	4162
17187	29791	39175
33467	70607
224	1138	2735
13366	21979	21980
183	5425	29083	29084
6073	43456	71236
22298	22299
37945	60380
39612	39613	39614
4809	63692	63693	70013
4395	4396	4397
15586	20855	20857	21573
3254	10608	15915
105	106	36342	55582	63634	69926
603	8432	8434	8528
56319	56320
1329	9185	10586
1565	35857	40743
3771	4699	14317
2182	2183	2184
183	3091	3462
259	624	9301	17441	48115	48116
15218	20109	64982	70188	71160	71161	71162
7445	16519	16520
10020	12372
166	57308	57309
29471	32271
22988	22989	22990	22991	22992	22993
14839	14840	14841	14842	14843
3099	11684	12761	17533	31609	31610	31611
1031	19798	28372	64787	64788
5089	46811	46813
352	2028	34752	35415	35416
6747	8641
55822	55823
6576	15386
38625	42510	42511
9945	14749
12235	65432	65433
15054	16523	54565	54566	54567
1060	45337
1116	9733	22786	22787
21466	24317	24318	24319	24320	24321
1008	5942	17434
3529	19882
38391	48855	71003
1413	3513	5201	17295
2378	2934	9548	12762	16170
8874	25634	25635	61105
80182	80183	80184	80185
5938	13278	36805	36806
1161	51129
59857	59859	69836
8313	37112
4014	20003	20004	20005
24871	26275
12177	12765	15190	15191
5037	25426	25705
13428	15333	16634	23181	64937
65769	65770	65771
35403	35405	51252
4168	14135	24339
247	931	1281	18369	54462
196	12672	12673
53997	53998
6550	18171	63461	63462	63463
2491	2492	58488
6400	11410	43186
45432	45433	45434	45435
61153	61154
2029	2143	30634
10142	23440
4046	15192	33247	33655	53801
2055	16165
12177	12765	15191	16951
9405	10436
4888	51612	51613
519	520	58787
31578	33091	73856	73857
239	758	759
1976	45679
3446	6846	6847
2264	2265	2266	2267
400	401	402	21313	52563
38839	38840
6753	21754
8711	15125
3369	3370	19818	29608
2924	4246	4895	14337	31328
49288	49289	49290
23	1978	61363
14733	29076	43911
17230	17231	17710	62705
12295	25244	36282	36283
18867	26438	26439
14254	29585	41154	41155	41156
225	17268	17269
179	7801	13069	53711
9469	9470	9471
22716	45891
36805	55439
5705	35801	35802	55523
10675	43842
2056	31674
42992	56560	56561
464	2393	7036	7560
33802	33803
826	26193
1372	2421	3982	30627
183	5622	9630	10021	10022
53470	53471	56495
2689	7791	19857
159	3293	8880	13391
14922	14950	14952	22126
499	62729	62730
15503	15504	16376	61287
20015	20016	20018	52463	52465	52467	59918	69438	69439	69440
1120	46017	46018
35095	62287	62288	62289	62290	62291
267	3904	57532	74594	74595	74596	74597
26042	26043
256	1490	5348	6654	35122	35123
54121	54122	54123
1235	2358	21710	51586
16693	54710
17775	25624	25625	25626	25627	25628	25629	25630	25631
961	13915	22584
14632	14635	37754
29489	43333	67216	67217
30590	30591	30592
2868	3098	5155
1833	10569	15778
12295	36282	36283
2380	2850	6254	22605	22606
3609	23242	57880	70832
247	931	1453	18967	19358	19359
29076	43911
2497	31603	70023
4370	16146	71881	71882
1302	8641	11077	21145	37161
181	3445	11628	17527	25132
2448	21094	21095
5327	17353	64185	64186
3740	7444	72272
6191	6192	39169	39171
5653	12524	18726	23703	34869	34870
34742	34743	45591
14991	15022	15502	15503	15504
9012	25084	25085	51190
27841	47711
15388	21997	34721	34722
36727	67783	67784	67785	67786	67787
12413	13909
2623	24323
36934	36936	47443
64589	64778
54823	54824	54825
52179	52180
11582	13506
64865	77440	77441
22466	31901	31902	31903
44981	44982	44983	44984
14766	14767
4389	61981	68931	78739	78740
35416	36354
7100	12177
2423	11778	11779	25720
585	11613	14074
6501	20747	38005	57951	62979	62980
2374	3653	18918	42774
2043	48576	48577	48578
5580	5581
3160	13816	13817
16564	56409
10938	20635
5930	76376	76377	76378	76379
20541	20542	20543	21931	54321
13199	13393	34785	44876	66230	66231
9947	11520	25739
21015	66509	66510
1118	2201	13902	13903
1565	35700	40787	54262	54263
46406	50410	50411
22370	36874
820	3940
2796	31098	63753	63754	63755
487	20551	65579	65580	65582
35643	45099
14749	16799	16877
4323	17917
108	19985	33213
26098	62926
13476	23946
4340	4341	4342
4049	7965	40860	40861
8540	8541	28156
14595	44133	44134
464	26659	59934	59935	69251	69252
7367	13736	14346	15306
24233	38396
10859	68651	68652	68653
5596	16432
5464	56896	68452	68453	68454	68455
6320	39436
30049	30051	41921
34257	46183
13030	15841	16317	16320
12120	14020
13657	18668	18670	54977	54978
71218	71219	71220
42651	45943
712	961	966	27384
6212	8391	8392
23757	42714
35731	46958
3878	44757
17349	36197	36198
11900	33655	35050
6074	6538
13522	13523
13593	13594	13595
17349	18142	18143
1257	13319	55606
3537	9787
533	940	13392	17965
15498	30901
4064	4065	4066
1303	5899	6479	80289
183	1076	15808	30669	52479
6171	79059	79060	79061
40838	53315	53316	53317
2754	8396	61050
17677	17727
5760	5761
39724	39725	39726
13099	40631
53855	53856	53857	53858	53859
6578	31501	72251	72252
7533	44136
4449	4450	4451	18761
50384	50385
2406	36461
217	40359
2074	80047
580	19399
67833	67834	67835	67836
31630	48350
4962	4963
42692	63725	63726
62817	62818
1723	2924	8327
13393	17620	53837
5800	36978	41648
7445	37820	57403	57404	67909
14347	68460	72264
24774	35515	39290
1280	56513	65193
2053	43242
14574	14575	16045	16050	19015
5739	5740	5741
419	7904	11515	31516	31517	31518
495	496	497
54348	54349	54350	54351	54352	54353
21897	46871	46872
37276	41454	41455
17321	37858	37859
1595	23601
4246	23829
31084	31085	31086
8946	15346
3589	7111	7642
12652	13943	21342	66274
21017	21018	40110
1765	37196
1694	1695	1696
29883	29884	29885
211	10818	15936	42601	42602	42603
12298	42315	42317
78834	78835	78836	78837	78838
19040	19097	19098
738	743	12242
2543	64879	73413
28108	52812
8947	13648	17349
70007	76274	76275
3708	3709	13486
30324	30325
1125	36083	36084
7955	7956	7957	7958
1280	49764
5894	5895
3048	8631	17419
6042	22321	54729
12413	18106
1305	2193	9714	9715
5925	68954	68955
3247	9096	25364
2332	37841
6103	34827	77796	77797	77798
11924	52692
279	280	20107
1831	2908	11829
14292	35957
3474	22143	71651	71653	71655
10912	62202	62203
177	22647	52355
585	1331
135	9351	9648	49322	67114	67907	74132
17474	21997	65875	65944	65945
21890	75571
3159	8004
14451	46770	46771	54373	54374
3616	63644	64411	64412	64413	64414
6356	6357
11326	17523	66611	66612	66613
1039	20724	35004	38469	38470
45771	80245	80246	80247
56046	56047
14419	28301
36151	36153	37602	37603
6252	6255	19759	56101	56102	56103
12990	14222	27040	56259
49843	49844
21084	25051	25052
2406	11613	32413
3918	4971	8749	8750
66920	72408
3580	8859	13664	13665
1065	47119
2421	24412
14622	14623	27551
4595	11252
62556	62557	62558	62559
1162	35188	35189
6002	17882	21167	50247	50248	50249
1292	3293	36896	36897
5689	9241	18738	22948	63459	70308	73145
40975	40976
13397	57422	57424	69427	69428	70161	70162	70163	70164	70165	70166	70167	70168
7268	11571	12763	14014	15995
16574	48716
11874	16224
18535	18536
70997	70998	70999	71000
32800	32801	32802	32803
21362	21366	33027	58413	58414
2259	13562
26102	26103
29134	36880	63513	70555
21156	46753
7279	10296	10298	64914	64915
55725	55726	55727
11914	13419	40868	43657	43658
8880	11572	17829
18013	18014	54990
22029	24062	65895
12833	35043	37594	63613
3233	19181	19182	19183	19184	19185	19186
3366	73255	73256
21545	26144
8830	11921	33573
655	47262	47263	47264
1281	19448	24612	57643	61023
8476	11341	56686
14595	14596	16488	16489
6578	14790	31501	36821
854	17595	26219
70600	70601	70602
7344	10285	11855	11856	18741	37783	37784	37785	37786	37787	37788
1535	3011	7901	22206
39198	44576
67560	67561	67562	67563
11288	15116	16883	54282	54283
4399	17024	17716	58168	58169	58170
3061	15264	28361
13566	16923	69372
46181	49949	51406
36835	36836
13773	50357
1833	17788	30407	30408
1179	2247
5102	61104	75385	77659	77660	77661
1647	23170	23172	25396
15109	51791
21569	21570	25959
5000	17002
183	462	1985	6557	18277
20449	50963
1131	3041	3998	7662	24361	24362	24363	24364
1487	20092
5731	12707	13268	13396
17136	21139
185	2019	2020	2021	2022	2023
5791	43718	76230
33770	33772	48339	48340	48341
43885	47495
116	18277	18774	38924
5338	13864
17975	45997
37171	37172	37173
16297	43390	56770	56771	56772	56773
36738	53830
6374	18001	22724
14222	17075	17076	17077
375	12219
2842	3567	11311	42962
78289	78290	78291	78292	78293
3045	7111
1892	8704	43101
14891	14892	15396	28219	28220
5726	47485
2277	13393	19712	33518
468	471	472	702	703
2272	2441
43958	43959	43960
10920	10921
2366	25043	25044	36797
16464	16465	16466	16467	16468	16469	16470	16471	16472	16473	16474	16475	16476	16477	16478	16479	16480	16481	16482	16483	16484
12651	12668	79076
1892	4210	11160	78131
66835	66836	66837	66838
11732	11733	11734
2494	3146	23181	55543
135	352	1191	9648	17814	38353
8706	50027
2305	2306	15462
28340	28341	28342	28343	28344	28345	28346
16543	35472	54150	65150
6320	48579
1707	10063	18229	18230
1053	1054	14749
29226	29227
2259	17878	18512	36739	36740	36741
15118	29647	29648
8894	8896	28399	34920	42122
1302	3580	5885	9025	23654
2116	6490	27229
2939	6436	21431	21432	21433
575	35484	37533	47896
1814	4324	38528	38529
6841	40654
2272	9618
7838	13700	28192
3445	17085	17938	25390	25391	25392	25393
7728	19317	19318	19319
260	2232	3537	3580	9843	9844
23689	23690
35626	35628	35629
10432	33742	45073
10675	63895
44736	44737
3513	18476	49899
353	702
976	977
7982	26469
70354	70355
46061	46062
14946	29790	32257	75217
241	834	39770	39771	40377	42596
1985	3820	33392
8006	19435	35466
33217	33218
18389	18390
73175	73805
3580	6994	28544
20394	20646	20647	21529	21530	21635
6015	6016	6017
16950	60706
26995	26996
3855	13873	47041
1068	37954
1303	6823	17715	26420
556	3111	28259	28260
15028	15030	20477	38133
3061	7385	14794	17322	68667	68668	68669
4058	4059	7439	9035
2213	4122	10113
38115	38776	53690
3650	3651
18282	18283	18284
15210	36932	42191
1301	10740	10741	10742
8591	11968
27244	70829	70830
27917	48818	48819
16909	67316	73571
4210	34654	76249
5344	6042	8191	9236	10853	12445
1610	2214
11546	61390	61391
22715	22716	22717
50932	50933	50934	50935	50936
58227	63585
7451	10134	27113	27114
1235	10788	10789
28474	79798
6557	69508
24018	25133
55090	55091	55092
968	9270	13612
11551	46214
4345	4346	54720
1985	2999	3000	14419	21136	26793
31832	31833
185	187
24130	63106
16524	16525	16526
475	77096
7167	43239
28173	34326	34327	34328	34329
2374	17715	26120
1595	12327
72287	72288	72289	72290	72291	72292	72293
57719	57895	59671
5464	17606	38242
36088	36090
67622	78485
267	6747	20679	45663	45664	45665
7945	7946	7947
13429	16144	50435	53804
13294	13295	13296
2245	2247	22112
948	4314	65298
3935	6276	35630
11111	50537	50538	50539	53328
26272	26273	26274
6077	6078	36507
49179	51236
1694	4312	13496
1985	22134	60006
20304	20305	20308	20310	42748	48041
13304	13305	13306	13307	13308	13309
17713	25249
1120	7276	35160	58012
784	10565	10566
50433	50434	50435
25094	34469
23409	23410
18559	18560	18561
1403	12285
33296	33297	33298
48334	48335
3567	35069	35070	35071
1276	2442	2443	2444
16147	16148	16149	39293
14009	60123
20568	21555
1480	2378	7268	10808	19530	22656	65808	76144
4947	8710	61290	69336	69337
3020	3021
7518	37497	38572
3527	3529	6047
15328	30577	60149	60150	60151
13444	27696	33520
556	13267
3546	11287	14663	16884	16885
5360	9721
92	1191	18511	56948
834	10063
29211	41854	42512	79964	79965
14034	14194	72008	72009
135	17812	17813	17814
3831	54483
5046	5047	5048
7891	13826	13827
59780	59781
14090	60244	60245	67231
20279	21310	23794	60961	60962
3831	50182	50183	50184
44471	47237	78984	78985
5146	7098	15796	18887
28881	34609	34610	34611	34612	34613
518	14574	16045	16748
1581	8880	13391	16024
1917	1918
11259	41387
15529	45533
16398	43375	43376
3788	5431	26910
4655	10850	38897
15475	16764	22834	48896
223	247	1138	1733	1734	3242	7008	7010	7011	7012	7013	7014	49151
11014	11015	11016
13630	13631	23670	42713
8801	36397
2179	13722	40206
5689	12061	16562	22949	36131
8114	71256
10278	20928
3882	20190	23288	23289
18	54861
11217	24062
18560	66095
1563	17372
51193	51194
43953	67878	67879
14054	38339	69986	71353
14950	14952	22126	25655	38807
54816	54817
4210	19583	48347
655	1484	1487	12178	15867	16270	16825	21870	24248	26965	27743	67190
2381	2382	2383
14991	15614	16202	26586	29465	72431
9415	34447
77616	77617
29352	29353	29354	29355
16954	19099	19107	40524
183	6770	33594	38835
19	20724	30817
7370	11902	46870
2687	4866	19796	23103
556	3707	6754	34427	34428
4092	43351
40237	41137
31184	31185
48398	48399
48299	48300
2272	2441	7290
913	46032	46033	46034
10441	10917	10918
36536	36537
5309	17971	17972
3191	3192	3193
29949	36989	46892	46893	46894	46895
10429	61521	72343
1007	1008	31516	49596
39635	56788
4014	34046	61271	66924
21366	21367	24078
2687	6578
2259	16301	35817	36123	36124
1525	5362	6185
230	5726
50375	50376	50377	50378	50379
636	1437	13372	16962
28937	28938
24574	52982
7329	9916	23850	23851	23852
14967	14968	14969
54501	61416
2437	3356	3358
7833	10515
12213	15107	22494
3376	4986	17432	19028	25561
22231	30010	30011	63564	63565	63566
2272	36303	37188	37189
25558	35249	35250
2356	8713	38706
70930	77669
653	655	13103	45149
59755	59756
1235	15173	56204
4071	5252	5253
4373	17173	17174
57535	57536	57537
1162	1329	1331
4985	4987	17952	17953	22247
17577	17578	17579
9231	25924
3740	33745
5948	56780	56781
9945	15056
7515	11070	11071
7668	11367
17781	23489	55971
575	3858	11812	16805	16806	35967	44208
17829	63075
80175	80176	80177
14412	18155	27811
1299	17435
22134	22139	25897	69288	69289
10142	13341	15576	15577
48613	53545
23253	31425
3730	22916	24193	24194	24196	24579	38077
3538	9025	14239
12755	12761	20307	31610	33664	33665	33666	44159	44160
15396	23739	23740	23741
2376	11754	11755	41453
1022	1023	4309
6909	10063	46833
47	68497
17813	40700
9970	9971	9972
736	1985	3424	22713
9270	13612	63027
5425	15988	46495
471	4548
65981	65982
1050	6780
6490	27229	34395
5940	58290	58291
375	18835	49536	72589
19	41612	41613	41614
36565	75529	75530
22555	22556	38070
259	2564	2565	21640
1487	7817
27127	41161
3106	4478
1823	5864	10077
11928	11930	70774
3374	9017	10298	33225
3461	12178	50335
29968	29969
1200	1351	29561
35924	53196
5766	70513
9116	12177	55487
110	1721	21984	21985	21986	48487
13429	16690	16756	46270
578	19130	33577
11261	13933	57368
8273	23900	23901
25211	25212
36029	36030
22984	22985	23685	23686
7393	7394	7395	7396
43155	68083	68084
3760	18138	34369
17446	17447
12044	12045	12046
259	835	19536
1326	35066	58852
24110	24111	24112
5476	37086	37087
790	6436	37372
10771	67474	67475	67476	67477	67478
241	931	29945
1134	14204	60333
15886	35611
9040	38363	38364	38365
8952	8953	8955
9224	20196	53580
6259	19754	19755
4069	5122	68153
15212	58688	58689
17493	29294	29295	29296
1497	28154	75584
133	32906	32907	63418	66212	66213	66214	66215	66216	66217	66218	66219	66220	66221	66222	66223
39124	39125
217	9048
13696	14323
1716	26253	42701
5726	47824
8641	25794	26956
1191	4371	18690	28432	31698
1271	1272	1273	1274	1275
12706	23580	59879	61155	65177
72816	72817	72818	72819
1403	1716	4147
364	3730	7233	19040	50780
7969	19945
2043	3935	10675
5554	5555
5714	62458
634	1756
2952	6746	8019	20776	26909
4254	4255	4256
8874	25634	25635	75480	75481	75482	75483
16710	51528
2066	22520
614	2992	2993	2994	2995	2996	2997	2998
1647	47928	47929	47930	47931	47932
358	1994	1995	5477	5744	11119
89	914	47419	80423
28864	28865
9270	21479	55521
31887	38127	38128
3609	5586	29211	29933
35599	35600
43164	43165	43166	43167	43168	43169
1177	3948
41477	58661	58662
1076	2904	2972
3752	3753	3754	3755	3756
800	47181
2680	39038	44732	52946
1161	14829	15671	18480	18481	18482	18483	18484
3113	3114	4110
4373	42816
4389	14881	22098	38703	59820	74260	74261
4856	4857
45940	45941	45942
475	3970	12726
7006	14171	14172
15251	26530	51521
2384	2386	18275	24814
1647	14648
515	516	31972	32746
1118	11090	21976
2238	53263	53264
19004	56519	56520	56521	56522
12441	12442
2377	11615	11616
4235	4236
90	658
6483	6484	6485	6486
1081	63021	63022	63023
4386	12382	16102
1351	2669	8232
177	18850	61863
5726	53040	53041
71619	71620	71621	71622	71623
36510	36511
34977	34979	47420
25738	55406	55407
1804	5495	21664	56486	58649	58650	58651	58652	58653
18	46291
58796	58797	58798	58799
31419	72580	72581
6748	67385	67386
16521	16522	16523
62967	62968
18806	34024
1338	12175	12319	13831
988	45522	57677	67163
704	2441	9302	39602	39603	39604	39605
18398	24070
10938	20635	20636
48896	61038	61039	75186
1507	7671	10702	36823
11443	57745
16537	16852
4210	11044	17605
67037	71794
1005	2095	20118
75033	75034
5800	39824
4599	17401	22698	29495
19544	19545	19546	22208
108	2090	2700
5917	5918	5919	5920	5921
2184	55981
11708	47679	79725
17727	21048
7616	28222	28847	28851	32931	70872
14625	14749	22359	22360
24120	38391	48855
33354	33355
961	22584	38544	57892	67178
13631	24906
34069	37509
72734	72895
7030	40142	40659
1192	15670
1677	38210
10253	52956
2244	16160	29572
22305	44288	48972
13539	37029
27679	27680	27681
9300	9301	12837	16267	16268	16269	60355
2572	53629	54514
19956	73793
7125	32810	37557
2623	5609	18606	21710	63877
3663	33281	47846	47847
624	1734	5735	18792	33959
6001	6491	19071
3121	16959	25438	63066	69691	69692
9143	9144
75767	75768	75769
8000	21115	21116	50105
353	14085
3730	28914	38077
1202	4147	11458
8760	12292	16019	33951
63947	63948	63949
25920	59309	59310
6573	9116
9072	45708
44563	64409
13150	27066
7565	14847	59340	64856	64857	64858	64859
12770	12771	12772
80672	80673
33365	38915	38916
4821	4822	29979
46436	46437
655	11434
968	33365	37582	46875	46876
658	919	10712
3069	26099	67084	67085
9067	9068	9069	9070
26265	27134
69875	78282	78283
11552	11553	11554	11555
1470	43638
117	1043	1044	1045
19307	28839	32637
5731	12705	12706	12707	49186
135	1191	4068	8249	8250
23642	27513	27515	29192	29193	29194
183	23872	23873	23874
181	1985	2272	31108	31109	31110
2166	19883
7290	43845
9754	48140	48141
8323	23827	23828
4019	8337	8338
5792	14039	35847
2659	75771	75772	75773
14439	60021	60022	60023	60024	60025
6493	12304	23555	32235
2406	24021	24022
13249	42385
60224	60225
1486	16438	47561
1528	2471	2472	2473
10401	10402	10403	10404	10405
79089	79090	79091
38216	69812	69813	69814	69815
69777	69778	69779	69780	69781
5464	10427	10428	10429	10430
814	12295	13703	39321
62673	62674	62675	62676	62677
5616	22108	22109	22110	22111	22112	22113
29425	35128
1324	14565	17774	23605	29230
52381	52382
9945	14484	14749	22535	60774	60775
9887	16640
3367	29940
10239	14446	24793	24794	24795
2674	8191	8192
6110	70204
37302	37303
1716	49281
658	4432	29013
32957	71483	71484	71485	71486	71487
1288	3882	6354
1240	2421	12905	17394
13033	13034
1161	75765	75766
1235	9205	9206
19427	19428	19429	19430
1874	34725
9270	11482	26379	31204	39624	68971
1065	2209	44790
38405	38406
48420	48735
14653	48042
1097	45688
71440	73218
6777	20012	27962
2534	5901	31800	31801
13013	15120	52843	52844
13996	13997	58000
6077	17847	32612
6001	17326	38503	38504	70572
1005	40798	77826
13887	29281
2868	14044
2061	3233	34444
181	5622	5872	25129	25130	25131	25132
1441	32777
944	20668	29464
2366	24666
1513	30442
45	13872	16923
22981	29214
4201	4202
19028	60171	60172
2262	8880	9618	9619
14589	15675	15677	16415	16418	36995
9184	11205	56782
1131	9024	9025
41110	74817	74818	74819
13631	24492
1451	14144	23013	23993	23994	23995
14595	14596	61752	72247
15761	15762
20916	20917
4045	17628	73536	73537	73538
8230	50860
2232	28544	61211	62588
3398	28843	36980
1261	2565	13434	13435	13591	67823
11562	11563	23076	23077	34206
39126	40261
3546	14660	14661	14662	14663
1065	47792	50211
4049	9402	9403
9022	9023
3265	20071	65525
15399	26127	32084
13452	35371	39953
1804	26052	26053	26054
1324	11839	17557	39769
31643	31644	31645
11682	21952	42442
665	666
6746	18883
17006	21226	21227	21297
1372	2270	42443	42444	42445
1647	18723	32720
3641	3642
9155	37955	37956	37957	37958	37959	37960	37961
135	37446	51560	51561	51562
1143	9300	9301	55950
9067	9068	9070	79582	79583
13393	16776	56516	56765	74746
11270	56853
656	855	6753
501	71438	71439
2535	5651	5652
2406	7982	22755	22756	22757	22758
29323	39320	54887	54888	54889
2819	58483
179	39590
6727	6728	6729
4312	30957	44145
966	56280	56281	56282	56283
66005	66006	66007
5854	7775
2218	17349
1794	2882	27528
2850	32922	32923	46731
4826	4827
1541	31723	31724
14824	14825
961	4302	11616	40227
2593	2594	2595	2596	10997
40912	40913	40914	40915	40916	40917	40918
57135	57136
1039	2376	6073	12474	38456	61842	71551
6212	6650
3858	14707	26632	69322	72384
349	2232
24130	24131
655	43200	79434
13082	14156	23669	56108	56585	75175
80233	80234
39039	39040	39041	39043	62743
1162	11591	15494	60179
4181	4182	4183	4184	4185	4186	4187	4188	4189	4190
3398	4049	43016	49023
10803	51450
256	1863	3041
21641	21642	21643
13885	16744	54433
14510	14511	16813	56638	68637	68638
81	1396
5402	7237	11828
22541	22542
33080	33081	33082	33083
4045	4046
5499	11134	27592	32293
3114	4068	44302
23012	23013	24093	24094	24095	24096
23772	23774	39803
1008	3980	17918	18884
1372	7098	7099	17259
1378	2802	54386	54387
46259	46260
2232	5996	6867
8955	39053
53027	53836
4177	10098	20428	31057	31058	31059
21613	22262	62134	68713	68714	68715	68716	68717
68313	68314	68315	68316	68317
1440	9030	9900	26384	37107
1941	1942	7219	14467	33310	41900
35924	43816	47550
23086	28540	28881	38635	38636
5790	24713	33278
16399	61989	75820	75821	75822	75823
67534	67648	67649	67650	67651
1007	4712
35250	49017
864	21210	21211	34060
1469	15630	65267	65268
4866	20027	20028	47397
15764	34368	37346
24595	24597	24609	31701
2363	50309
21271	21272
67872	67873	71335	71336	71337
45644	58449
230	2709	33889
275	5608	13405
2363	39340
2325	33866	42128	44819
15727	51982	69124	69125	69126	69127
12058	42758	47055	54780
3246	3247	18612	35683
20192	20194	20196
15243	50357	55413	79227
1065	1939	2184	10951
217	2272	3872	12170
352	37852	38425
6777	20012	35616	60126
28684	28685
12655	44860	44861
3299	29556
532	4915
5204	15443	15672
35678	39568
20975	24120	35447
918	919	1403
2277	58162	67187	70321
1060	65794
75377	75378	75528
1892	9270	14317
14510	14515	16813	61537	67959
9515	20999
4437	4438
13515	56949
22962	22963	22964	22965
63397	63398
15303	15839	21015	44412	56619	68340	68994
11095	47022	54466
15872	44045	44046
6937	52857	68592	68593
10824	10825	10826	10827
1331	4330
29343	30350	34874
21178	40111
7684	7685
18792	54682
12920	12921
15789	16951	21505	21506
11414	11415	11416	11417
14749	15384	40571
13393	16775	16777
11217	28184
2326	2327	2328
35160	39268	41647	48046	57657	58012	63860	65076
20015	31333
42992	51223	68517
13566	14415	35937	69804
2670	2671	23368
78613	78614
5329	38634	52080
35093	35094
16594	16595
1607	21886
11041	19074	53297
12047	12279	36426	54868
68805	68806	68807	68808
1082	11293
9012	56242	75165	75166	75167	75168	75169	75170	75171
3344	25440
363	365	27282	29271
3431	21670	21671
1468	3940	18943	66739	66740
2179	68495
72933	72934	72935
2075	4025	9600
6425	11076
19534	39958
198	1513
5930	7495	7496	7497	25916
2116	8937	28768	39216	44535
13149	14452	14453
27693	27694
2623	5609	51057
1235	15173	16422	33346	43936
23202	56263
16053	16056	27762
273	26771
80303	80304	80305
1416	1417	11670	29436	48215
965	15234	38514
20686	40413
59547	68874	72211	72212	72213	72214
11705	15421	15423	38549	38550
2244	16160	16161
1060	7096
6841	51099
24994	77620
49178	49179	49180
9401	12178
217	2272	2710
9545	72362
4071	4072	13793	63519	63520	73853
29472	69885
79602	79603	79604
23765	23766
1259	40185
16033	16034	29059	29060
8879	73592	73593	73594
241	1862	4207	20152	58668
41653	79835
5776	17345	20067	26841	26898	30254	30255	30256
20	36954
57053	57054
16034	51785
2586	13887	23987	45081	51928
499	12438	23300
2052	2460
1131	9331	26128	57084
68618	68619	68620
15170	74389	74390
839	11360
3887	15399	26127
4629	4630
9962	38243	38244
7870	47518	47519
59855	59856
2228	11458
77179	77180	77181	77182
40695	40696	40697
35472	41841	41842
4917	9746	20332	20333	27236
23501	24556	25521	32969	32970
6704	6705	6706	6707	6708
15096	15532	21871	38212	42744	61283	61685
1264	40737
40172	51875
5726	36609	44542
2199	5418	5419
3742	3743	6316	20135	20136
5020	5021	5022
12819	61585	73717	73718	73719
13393	30283	33518
603	8432	8528	24016
15344	34495	34496	34497
10938	11179	20636	20684	65694	65695
2685	2686	2687	3255
2056	42377	42378
81	6865
12346	12347	12348	12349
3539	37293	46647
3251	33932
8960	51226	58049
17283	21692	30503
1053	1054
19488	45475	45476
3269	3270	3271	3272
2599	5198	34949	45130	65111	65264	65265
8259	15350	15351	15352	15353	15354	15355
808	897	17107	17108
10197	10198	10199
5872	6760	25129	69467
39361	46834
11874	15835	54672	54673	54674	54675	54676
21362	21365	33027	58413	58414	74907	74908	74909
797	5094	13376	13377	13378
24473	56931	56932	56933
35885	41673	41674	50909
1647	3658	19059	19060
8577	8578	8579	8580
13386	68010	68011
11423	12115
10126	46816
1752	6823	21517
1868	22081	69519	69520	69521
500	37838
7518	23682
22	1566	4301	18959
26670	60165	60166
2572	19959	26306
968	2376	9350
4948	47585	53838
560	561	564	566	5592	6837
14057	64183	65253
13487	13488	13489
15223	15224
18110	21096	21097	21098	21099
3446	6847	8105	8106
654	4302	6152
60	14777	17499	22979
2883	2884	2885	2886
7200	53105	53106
1413	1716	5201	12098
10713	13347
13372	42850
20300	64330
3366	4210	7535	13494
19036	30572	30573	30574
11812	15471	15472	56145	56146	56147
1844	1944	13551	19903	19904
57101	57102	57103
4971	5875	12087	12088
38361	53513	53514	53515	53516
1138	9543	28411	61326
71835	71836	71837	71838	71839	71840	71841	71842	71843	71844	71845	71846	71847	71848	71849	71850	71851	71852	71853	71854	71855	71856	71857	71858
12868	15902	30885	55490	65275	71271	71272	71273
9877	9909	38163	38164
1937	3449	33899	43383	43384
348	1600
181	4373
138	13520	36176	55413
8660	12706	23722	75690	75691
2447	2448	21095
4323	17898	25706
59136	59137
59093	59264	59265
21791	47478	47479
12063	55124
43565	62589	76260
4323	16565	23497	24557	30517	37810
1396	21271	24445
11293	43770
19074	34467	34468
7385	16029	16030
175	179	19206
6932	78647	78648
2421	21362	24507	24508
23327	23328
72616	72663	72664	72665	72666
10429	72239
5990	5993	9946	14503	14504
61	7161	24522
20896	67259	67260
3251	4134	28348
139	15893	35480	62431	62432
14675	19610
1985	3820	6557	6558	12854	17319	17491	23415	28523
11326	18565	23931
2435	8313	35335
13429	16690	55297	55298
2342	64016	64017	64018	64019	64020	64021
8757	8758	8759	8760	8761	8762	25475	25476	25477
1282	1283	1284	1286	1287	55513
11926	19529	31158
6747	14775	33325	33326	33327
17469	17470
47764	47765
18397	19852	32226
25897	77239	77240	77241	77242
16764	17349	56962
1453	23532	44504	44505
311	2439	2441	39658	39659
655	7141
8416	38676	38677
6817	21018	42457
4378	51837	51838	51839
56592	56594	57232	57233
14905	14906	14908	17034	17035
36421	38471	38472
4569	18241	18834	18953	27186	29999
33590	70683	70684	70685	70686	70687
7098	14067	17258	17259
1203	5596	35877
23850	23851	23852
3369	3370	14641	14642	14761	61379
31033	31260	53025
697	1349	15454	24638	24639
367	8162	8163
4450	50204	56845	56846	65828	65829	65830
2374	14183	21355
72451	72452	72453	72454
41484	41485
7921	8003	8993	8995	13019	37423
2685	2687	36071
24460	48676	63762	63763
3789	3920	26910	37878
2214	12677
8623	10159	60757
13898	21103	48021
223	1138	3242	7012	7787	12787	25512	27338	31053	51523	51524	51525
14595	29662	30216	30217	30218
67022	67023	67024
55625	55626	55627
9415	13703	35732
2494	16276	79698
2164	2709	3367	13882	39350	58915
29968	31866	31867	31868	31869	31870
1008	6287	27761	27923
1008	2555
2089	11796	16638	17835	19636	19637	37123	59710	59711
6212	9258	9259	9260	9261	9262	9263
2378	5361	11796	12492	16838	33140	73474
49	17951
2116	25705	27105	27106
1280	1862	1863	7010	12809
16678	52161	52162
533	8075	20174	22822	29784
4283	4308	19772
4809	4810	4811	27538	45661
241	1866
76683	76684	76685
272	485	5988	17641	47608
556	2767	25716	66607
21252	21253	29029
5804	9149	9150
51894	51895	53228	53229	53230	53231	53232
22437	22438	22439
1076	19131	29182
33695	49022	54493	54494	54495
1338	14972	55516	70109
5587	32365
68856	68857
25068	47736	51016
66895	66896	66897
1177	1305	6927
6	7	8	9	10
8297	28106	34387	62112	62220	62221	65971
2203	12074	12075	12076	12077	12078
2830	10972
13793	16221	18966	70341	70342
20300	29436	61772
17284	27653	27654
1372	2421	2904	3981	3982
