2 1
9 11
40 39
46 45
26 25
55 56
42 41
29 28
58 57
60 59
7 8
18 19 20
14 15
31 30
32 33
51 52
35 34
16 17
50 49
44 45
37 36
4 3
13 12
54 53
47 48
9 10
43 15
61 16
36 38
21 22
27 22
5 6
23 24
68 67
2 1
9 11
40 39
46 45
26 25
55 56
7 66
29 76
42 41
60 59
7 8
75 74
18 19 20
37 70
32 33
69 67
35 34
64 65
50 49
44 45
7 37
4 3
13 12
54 53
47 48
71 40
9 10
43 15
61 16
63 62
27 22
5 6
23 24
72 73
2 1
9 11
45 46 44
26 25
55 56
7 66
29 76
78 58
42 41
60 59
7 8
18 19 20
14 15
78 77
78 79
37 70
32 33
51 52
69 67
35 34
83 82
64 65
50 49
7 37
4 3
13 12
54 53
71 40
80 81
7 3
9 10
43 15
61 16
21 22
27 22
5 6
23 24
2 1
10 11
45 46 44
28 85
55 56
7 66
29 86
29 76
42 41
60 59
7 8
57 84
18 19 20
43 14 15
31 30
78 79
32 33
51 52
35 34
83 82
64 65
50 49
7 37
4 3
13 12
54 53
47 48
7 3
9 10
87 88
21 22
27 22
5 6
23 24
2 1
89 90
9 11
45 46 44
28 85
26 25
25 93
55 56
7 66
29 76
42 41
60 59
7 8
18 19 20
31 30
78 79
32 33
51 52
69 67
26 71
35 34
64 65
50 49
4 3
13 12
40 93
54 53
47 48
92 91
9 10
43 15
87 88
21 22
27 22
5 6
23 24
68 96
2 1
89 90
9 10 11
46 45
28 85
55 56
42 41
29 76
60 59
7 8
95 52
57 84
18 19 20
78 79
37 70
51 52
35 34
16 17
64 65
50 49
44 45
4 3
13 12
3 94
54 53
43 15
87 88
21 22
27 22
5 6
23 24
68 96
2 1
9 11
71 40 39
46 45
42 85
28 85
26 25
55 56
7 66
66 97
29 86
42 41
60 59
7 8
95 51 52
57 84
18 19 20
78 79
31 30
37 70
32 33
26 71
35 34
16 17
64 65
50 49
44 45
4 3
13 12
98 99
3 94
54 53
43 15
9 10
87 88
21 22
27 22
5 6
23 24
68 96
2 1
46 45
42 85
28 85
26 25
71 25
55 56
7 66
29 86
29 61
29 76
42 41
60 59
95 51 52
57 84
18 19 20
31 30
78 79
37 70
32 33
69 67
35 34
64 65
44 45
4 3
13 12
3 94
54 53
71 40
101 76
7 97
43 15
100 60
87 88
27 22
5 6
23 24
68 96
2 1
89 90
10 11
46 45
42 85
28 85
71 25
55 56
7 66
29 86
29 76
42 41
60 59
95 52
57 84
18 19 20
31 30
78 79
37 70
32 33
51 52
35 34
83 82
64 65
44 45
4 3
13 12
98 99
3 94
54 53
101 76
101 41
43 15
100 60
87 88
102 103
27 22
5 6
23 24
68 96
89 90
40 109 39
46 45
42 85
28 85
55 56
42 41
29 33
60 59
7 8
95 52
57 84
18 19 20
31 30
37 70
106 12
32 33
35 34
83 82
64 65
50 49
44 45
4 3
13 12
98 99
3 94
104 105
54 53
47 48
101 76
43 15
87 88
107 108
27 22
5 6
23 24
68 96
89 90
71 39
40 39
93 39
46 45
42 85
28 85
26 25 93
55 56
7 66
29 33
42 41
60 59
7 8
95 52
110 111
57 84
18 19 20
78 79
112 113
37 70
32 33
101 33
26 71
35 34
83 82
64 65
50 49
44 45
4 3
13 12
98 99
3 94
54 53
101 76
43 15
87 88
27 22
5 6
23 24
68 96
89 90
40 93 39
45 46 44
42 41 85
28 85
26 25 93
71 25
55 56
7 66
29 61
29 33
60 59
7 8
95 51
57 84
18 19 20
78 79
37 70
32 33
101 33
51 52
114 61
35 34
16 17
64 65
50 49
4 3
7 37
13 12
98 99
3 94
54 53
47 48
101 76
71 40
43 15
87 88
21 22
27 22
5 6
23 24
68 96
89 90
26 39
40 39
46 45
42 41 85
28 85
26 25
71 25
55 56
7 66
29 33
60 59
7 8
77 57
57 84
18 19 20
78 79
37 70
32 33
69 67
114 61
35 34
16 17
64 65
44 45
4 3
7 37
13 12
3 94
116 115
104 105
54 53
47 48
32 61
71 40
101 76
92 91
43 15
100 60
87 88
28 76
21 22
27 22
5 6
23 24
89 90
46 45
32 85
28 85
26 25
55 56
7 66
42 41
60 59
57 84
18 19 20
78 79
117 70
32 33
114 61
35 34
64 65
50 49
49 118
44 45
4 3
13 12
86 76
98 99
54 53
47 48
41 91
43 15
100 60
87 88
102 103
119 120
48 97
28 76
21 22
27 22
5 6
68 67
124 123
26 93 39
40 39
45 46 44
26 25
71 25
55 56
7 66
29 86 28
60 59
7 8
110 111
57 84
18 19 20
78 77
78 79
32 61 33
114 61 33
51 52
121 117
121 101
114 48
35 34
125 126
64 65
60 49
49 118
4 3
13 12
71 93
98 99
117 94
54 53
47 48
47 97
71 40
122 82
41 91
43 15
87 88
102 103
61 16
36 38
21 22
5 6
9 11
10 11
46 45
114 85
107 85
55 56
42 129
42 41
29 86
7 66
66 3
102 131
60 59
7 37 8
7 8 76
57 84
18 19 20
78 79
32 33
51 52
32 121
121 117
121 48
35 34
125 126
117 130
116 17
16 17
64 65
60 49
44 45
37 47
37 92
117 127
3 127
13 12
86 28
54 53
47 97
128 80
122 82
41 91
43 15
100 60
87 88
102 103
3 97
36 38
107 76
21 22
27 22
5 6
92 28
92 41
133 11
9 11
10 11
46 45
42 85
107 85
108 85
55 56
42 41
29 86
132 58
60 59
47 8
57 84
18 19 20
78 79
14 15
37 70
32 33
51 52
37 114
116 114
40 109
35 34
117 130
16 65
65 64
65 115
116 17
16 17
60 49
44 45
37 3
13 12
54 53
47 97
122 82
43 15
100 60
87 88
102 103
3 97
21 22
27 22
5 6
23 24
108 97
133 11
40 39
46 45
42 85
129 85
26 25
55 56
7 66 76
29 86
132 58
42 8
60 59
8 76
18 19 20
32 33
121 117
35 34
64 115
16 17
44 45
13 12
54 53
47 97
92 91
43 15
100 60
87 88
119 120
27 22
5 6
23 24
89 134
9 11
61 11
46 45
92 85
3 85
129 85
26 25
55 56
7 66 76
29 94
132 58
102 131
60 59
8 115
18 19 20
32 33
51 52
35 34
135 122
4 65
65 64
65 94
116 17
44 45
13 12
99 72
94 129
54 53
47 97
92 91
41 91
43 15
87 88
3 76
119 120
27 22
5 6
72 73
37 11
9 11
46 45
92 41 85
41 91 85
136 137
26 71 25
26 25 109
25 93
55 56
92 66
29 115
60 59
61 8
95 52
18 19 20
51 52
32 121
32 114
35 34
116 17
44 45
13 104
13 12
40 93
54 53
128 80
71 40
43 15
7 3
100 60
87 88
119 120
21 22
27 22
5 6
68 67
37 11
61 11
46 45
92 66 108 85
41 85
136 137
71 25
55 56
29 115
42 3
132 58
60 59
61 94 8
139 138
18 19 20
43 14
51 52
121 117
35 34
117 130
116 64
101 64
44 45
13 104
13 12
32 117
54 53
128 80
43 15
7 76
87 88
119 120
5 6
68 67
46 45
86 85
101 85
28 85
107 85
136 140
136 137
136 141
26 25
25 93
55 56
47 42 3
29 115
102 131
60 59
61 8
95 52
18 19 20
43 14
78 77
78 79
32 114 33
51 52
35 34
17 48
116 64
44 45
13 12
40 93
61 94
54 53
128 80
80 81
101 41
41 91
43 15
7 76
87 88
119 120
63 62
27 21
21 22
5 6
68 67
2 22
2 1
40 39
143 39
46 45
86 101 85
101 107 85
136 140
26 71 25
71 25 93
25 40 93
55 56
66 108
29 115
47 42
60 59
140 142
137 142
75 74
95 52
18 19 20
43 14
78 79
32 33 115
51 52
26 109
109 93
35 34
116 64
49 118
13 12
98 99
104 105
47 3
54 53
80 81
41 91
43 15
7 76
87 88
103 81
36 38
119 120
63 62
27 22
5 6
148 147
89 90
46 45
25 143
55 56
66 48
66 108
145 144
102 131
60 59
18 19 20
78 79
32 33
51 52
35 34
146 67
116 64
44 45
13 12
98 99
32 115
54 53
80 103 81
101 107
43 15
100 60
87 88
36 38
119 120
92 48
63 62
27 22
149 22
5 6
68 96
124 123
89 90
46 45
66 85
48 85
129 85
55 56
75 151
102 103 131
60 59
145 150
95 52
18 19 20
43 14
78 79
32 33
51 52
35 34
146 67
44 45
37 10
13 12
98 99
54 53
92 101
41 91
43 15
87 88
103 22
61 16
48 108
63 62
5 6
68 67
68 96
151 2
2 103
89 90
40 39
46 45
66 129 85
36 85
26 25 109
25 152
55 56
55 88
92 66
132 58
102 131
60 59
94 8
95 52
18 19 20
78 77
31 30
32 33
35 34
83 82
146 67
37 10
13 12
98 99
54 53
101 28
154 40
41 91
43 15
75 27
87 88
103 153
103 152
61 16
71 152
48 108
63 62
27 22
5 6
23 24
27 149
68 96
71 2
2 131
2 152
89 90
37 11
45 46 44
66 108 85
26 71 25
25 152
55 56
132 58
102 131
155 21
60 59
95 52
18 19 20
78 79
31 30
32 33
51 52
109 21
35 34
92 17 107
13 12
98 99
99 72
54 53
101 28
122 82
41 91
43 15
100 60
87 88
61 16
154 152
36 38
48 108
63 62
92 129
5 6
27 149
68 67
68 96
2 27
2 22
89 90
46 45
92 66 85
101 28 85
26 25
25 21
55 56
55 88
92 66 108
132 58
102 131
60 59
74 27
95 52
18 19 20
43 14 15
78 79
32 33
69 67
133 10
35 34
146 67
49 118
44 45
13 12
98 99
99 72
103 141
141 22
54 53
80 103
80 81
122 82
61 16
71 21
63 62
5 6
27 149
68 157
68 67
124 123
89 90
46 45
101 28 85
159 158
51 158
160 51
26 25
55 56
55 88
92 66 108
151 152
132 58
102 131
131 149
60 59
74 27 149
161 139
18 19 20
78 79
32 33
156 96
133 37
35 34
146 67
44 45
37 10
140 145
13 12
98 99
99 72
54 53
71 80 81
80 103
43 15
100 60
156 157
61 16
36 38
71 107
63 62
5 6
89 90
46 45
95 158
101 28 85
26 25
71 9 25
55 56
92 66
66 108
132 58
131 51
60 59
8 141
18 19 20
77 57
43 14
163 78
78 79
159 165
133 70
32 33
69 164
119 165
162 96
166 145
35 34
146 67
50 49
44 45
13 12
98 99
104 105
54 53
80 81
40 27
43 15
75 27
75 149
100 60
61 16
143 129
102 107
107 149
63 62
5 6
68 156
89 90
46 45
69 158
27 158
101 28 85
8 85
26 25
9 25
55 56
55 88
151 152
92 66
69 131
103 131
131 51
60 59
75 74
74 149
18 19 20
77 57
78 79
32 33
119 165
166 140
35 34
168 146
50 49
44 45
13 12
98 99
104 105
54 53
71 167 80
80 81
80 27
43 15
9 75
100 60
153 21
61 16
107 149
63 62
5 6
68 156
124 123
89 90
172 11
46 45
101 28 85
170 126
170 171
26 25
55 56
66 108
66 8
151 152
102 131
103 131
60 59
36 8
102 74
40 74
77 57
57 84
18 19 20
78 79
32 33
119 165
165 169
166 140
35 34
44 45
13 12
126 72
99 72
54 53
122 82
43 15
103 107
61 16
71 167
5 6
68 156
124 123
89 90
172 11
45 46 44
101 85
170 174
170 173
170 72
26 25
55 56
66 108
66 8
103 131
60 59
48 8
75 74 149
175 176
18 19 20
77 57
78 79
133 70
32 33
165 169
35 34
49 118
13 12
174 126
177 126
98 99
99 72
93 107
104 105
143 1
54 180
54 53
101 28
43 15
75 27
178 179
61 16
36 38
71 167
48 108
27 22
5 6
124 123
89 90
37 11
172 11
11 70
46 45
101 28 85
170 53
170 126
55 56
66 108 8
181 182
75 151
103 131
60 59 49
48 108 8
75 74 169
75 74 149
60 185
185 118
78 57
77 57 84
18 19 20
78 79
14 15
133 70
32 33
93 52
165 169
133 10
35 34
50 49
13 12
54 126
180 126
98 99
143 1
43 15
184 183
61 16
71 167
27 22
5 6
72 73
148 147
124 123
89 90
37 11
11 70
45 46 44
101 28 85
26 25
55 56
66 108
181 182
103 131
60 59
59 49
48 8
108 8
74 169
74 149
139 138
186 176
77 57
57 84
18 19 20
78 79
32 33
178 182
187 73
35 34
125 98
50 49
13 12
126 107
98 99
104 105
54 75
43 15
75 169
60 73
102 103
61 16
36 38
98 62
23 162
5 6
177 73
148 147
124 123
89 90
37 11
11 70
46 44
46 45
101 28 85
160 190
170 73
55 56
151 169
181 186
26 25
60 59
59 118
48 8
108 8
191 139
161 139
31 176
176 57
57 84
57 30
31 30
78 178
78 175
133 70
32 33
133 10
63 187
35 34
178 192
13 12
126 188
43 15
61 16
169 152
36 38
71 167
189 184
23 162
5 6
63 177
124 123
89 90
37 11
11 70
46 45
28 85
26 25
55 56
77 193
132 58
195 60 59
161 57
175 57
78 175
194 99
35 34
75 49
178 84
161 84
84 138
44 45
13 12
126 107
126 188
126 118
101 28
43 15
9 60
60 196
61 16
169 152
5 6
124 123
89 197
89 90
89 106
37 11
11 70
45 46 44
28 85
170 73
26 25
55 56
181 182
60 59
59 202
48 8
108 8
200 199
195 201
175 57
35 34
198 138
161 84
13 12
177 126 188
126 107
9 99
104 105
178 30
101 28
43 15
75 53
198 186
61 16
169 152
36 38
72 169
148 147
124 123
37 11
11 70
46 45
113 134
101 28 85
160 190
26 25
55 56
55 88
181 30
193 30
208 207
48 8
108 8
206 178 176
175 57
133 70
189 205
67 109
35 34
50 49
44 45
161 84
13 12
177 126 188
126 107
60 99
104 105
203 204
9 60
75 53
60 177
43 15
36 38
71 167
184 196
72 169
124 123
132 210
37 11
11 70
101 85
90 134
26 25
55 56
48 8
108 8
178 176 209
175 57
163 175
133 70
211 212
75 109
67 109
202 49
50 49
44 45
161 84
13 12
177 126 188
126 107
104 105
206 178
77 186
101 28
36 38
71 167
72 169
163 186
5 6
148 147
124 123
133 11 70
37 11
10 11
197 90
112 46
46 134
101 28 85
215 213
160 202
26 25
55 56
208 207
48 8
108 8
178 176 209
206 178 176
175 57
18 20
78 79
159 202
112 113
163 175
13 106 12
93 52
211 212
218 219
172 141
50 49
4 48
177 126 188
217 216
104 105
77 186
213 214
122 82
92 61
71 167
72 169
163 186
5 6
148 147
89 197
89 90
89 216
132 210
37 11
11 70
197 106
46 134
101 28 85
113 134
26 25
55 56
60 181
4 108 8
206 178 209
178 176 209
175 57
78 61 79
163 175
133 70
10 70
106 216
93 52
67 109
218 219
219 224
203 223
83 82
50 49
202 184
37 10
221 220
110 88
13 12
177 126 188
126 107
60 99
104 105
75 190
122 82
92 61
71 167
72 169
163 186
222 6
5 6
148 147
124 83
89 197
89 90
133 11 70
37 11
101 28 85
112 134
106 134
26 25
108 8
206 178 209
159 199
199 202 184
206 178 176
175 57
112 226
112 12
163 175
205 49
205 141
104 106
93 52
67 109
218 219
35 227
83 82
50 49
228 44
221 220
13 12
23 177 126
23 126 107
104 105
5 105
229 216
77 186
75 190
23 177 188
122 82
43 123
43 225
61 79
162 118
71 167
218 224
122 56
163 186
89 112
132 210
37 11
11 70
11 235
197 134
90 134
4 85
101 28 85
26 25
181 233
163 58
58 176
108 8
206 209
178 209
159 199
175 57
78 16
78 79
163 175
172 205
205 141
133 70
104 106
200 147
234 227
43 232
83 232
75 109
67 109
35 34
83 82
190 202
50 49
221 220
104 5 230
230 6
13 6
67 231
177 126
126 188
229 216
229 6
56 82
43 56
61 16
61 79
71 167
163 186
124 83
132 210
89 6
241 82
37 11
11 70
11 235
197 6
46 20
28 85
26 25
179 181
181 233
163 58
239 240
178 209
159 199 202
199 202 184
221 139
83 236
178 176
90 6
175 57
159 205 202
163 175
133 70
205 202 184
93 52
75 109
218 219
50 49
37 10
13 12
67 231
177 126
206 178
101 28
167 40
56 82
43 123
43 225
43 56
75 231
237 87
237 88
238 107
71 167
23 162
222 5
148 147
89 112 6
89 134
132 210
37 11
122 11
11 70
197 134
211 46
101 28 85
26 25
132 181
179 181
163 58
77 58
239 240
31 176 209
178 209
246 247
163 175 57
216 90
90 6
159 205
133 70
205 184
13 106 12
93 52
218 219
219 224
35 244
172 202
50 49
104 230
206 178
77 186
34 227
43 82
225 82
82 245
243 9
231 242
36 38
71 167
23 162
221 210
241 236
122 11
11 70
197 134
211 46
101 28 85
26 25
179 181
181 233
163 58
239 240
48 8
206 209
31 178 209
31 176 209
139 138
163 57
175 57
213 90
112 90
78 79
133 70
205 184
232 225
133 122
35 244
135 77
172 141
202 141
50 49
13 230
248 227
226 217
123 82
243 9
231 242
36 38
148 244
124 83
221 210
241 236
122 11
11 70
101 28 85
26 25
179 181
163 58 186
77 58
104 249
239 240
178 209
176 209
159 199
199 205
31 176
163 175 57
111 82
31 178
133 70
205 202
205 184
133 122
172 202
172 141
50 49
227 250
161 84
105 45
99 162
5 216
104 105
167 40
132 178
195 169
147 244
231 242
36 38
148 244
221 210
241 236
122 11
11 70
101 28 85
26 25
163 55
55 107
193 98
163 58
179 181
19 249
206 209
178 176 209
159 199
31 178 176
175 57
112 6
163 175
205 202
205 184
133 70
106 230
133 37
172 141
50 49
227 250
161 84
251 45
229 251
132 178
153 21
36 38
241 236
122 11
46 212
101 28 85
160 75
26 25
55 107
179 181
163 58
77 58
19 249
239 240
31 209
178 209
159 199
206 31 176
206 178 176
252 236
175 57
9 20
78 77
78 211
14 135 15
163 175
253 227
205 202 141
133 70
232 225
133 37
50 49
243 229 45
177 126
98 99
75 190
43 213
75 53
169 152
36 38
113 6
163 186
122 11
101 28 85
26 25
55 129
179 181
163 58 186
239 240
249 18
254 207
159 199
252 236
31 176
175 57
31 178
78 191
78 79
205 202
133 70
19 18
232 225
133 10
135 15
172 202
202 141
50 49
161 84
37 10
221 220
229 45
98 99
94 129
243 229
255 227
177 188
75 53
147 244
169 152
169 21
221 210
160 75
26 25
132 58 186
163 58 186
239 240
254 207
159 199
31 178 176
175 57
9 20
78 221 79
14 135
256 250
205 202
133 70
224 18
232 225
133 10
172 202
161 84
195 99
98 99
104 105
101 28
255 227
75 53
147 244
169 152
26 25
193 30
132 58
163 58
77 58
19 249
239 240
159 199
139 138
31 178 176
175 57
9 20
78 220
78 79
133 70
232 225
133 10
172 202
50 49
161 84
257 227
126 188
98 30
101 28
43 213
75 53
147 244
169 152
169 21
163 186
101 85
160 75
26 25
55 129
193 30
132 163 58
77 58
239 240
178 209
159 199
139 138
31 178 176
175 57
78 79
205 202
205 141
133 70
258 84
172 202
50 49
191 161 84
161 84 30
4 107
220 79
126 188
94 129
75 190
177 188
43 213
75 53
147 244
169 152
36 107
163 186
195 2
2 3
89 134
101 28 85
160 75
26 25
55 129
193 30
132 163 58
77 58
239 240
48 8
159 199
139 138
31 176
175 57
224 20
31 178
194 118
78 79
205 202
205 141
133 70
172 202
50 49
4 108
13 259
177 126
126 188
75 53
147 244
169 152
163 186
122 11
101 28 85
218 134
55 36
55 129
78 181
58 30
58 209
239 240
254 207
178 209
176 209
159 199
139 138
78 31
78 161
78 79
31 178
258 202
205 202
205 141
133 70
172 202
65 108
50 49
179 138
13 259
77 186
34 227
195 3
147 244
221 79
118 260
169 152
98 184
163 186
89 211
122 11
101 85
28 85
160 75
26 25
55 36
55 129
42 3
206 181 175
181 175 57
181 176
77 58
193 58
58 30
261 239
239 240
254 207
178 209
159 199
139 138
78 31
78 179 161
175 84
258 141
205 141
65 182
172 202
4 65
65 108
50 49
179 138
191 84 30
177 126
126 188
163 30
75 190
34 227
178 161
169 152
98 184
163 186
132 210
122 11
101 28 85
26 25
55 36
55 129
42 3
179 181
221 181
181 182
77 193
193 30
191 58 84
221 58
58 57 84
261 239
239 240
159 199
139 138
163 176
78 57
78 77
78 221
258 205 141
205 202
218 219
65 182
172 202
65 108
50 49
163 84
132 220
179 192
230 12
262 13
67 231
161 30
75 53
169 152
191 161
163 186
191 186
122 11
197 12
101 28 85
26 25
55 129
42 3
193 30
132 58
58 57 84
254 207
159 199
161 139
139 138
175 176
31 30
78 79
258 141
172 205
205 202
205 141
133 70
50 49
206 84
132 220
177 126
163 77
36 38
177 98
191 161
122 11
211 134
101 28 85
3 85
160 75
26 25
55 129
42 3
181 192
254 207
48 8
159 199
175 176
31 30
132 78
78 79
258 202
258 141
205 202
205 141
133 70
65 182
172 202
50 49
262 259
13 259
227 263
177 126
75 53
177 98
191 161
122 11
101 28 85
26 25
55 129
181 192
132 58
193 30
48 8
159 199 184
175 176
57 84
258 141
205 202
205 141
133 70
10 70
133 122
172 202
50 49
227 263
177 126
98 99
34 227
177 98
191 161
98 99
133 122
122 11
101 3
101 85
227 118
65 182
28 85
26 25
133 70
75 53
55 129
172 202
42 3
191 161
10 70
205 202 141
84 57
48 8
177 126
159 199 184
78 79
175 176
258 205 141
205 141
48 8
98 99
101 36
101 85
2 143
143 155
75 248
248 184
28 85
26 25
13 134
75 53
55 129
172 202
191 161
139 138
84 57
177 126
159 199 184
175 176
218 106
258 141
50 49
78 77
98 99
122 11
75 248
101 3
133 11
65 182
92 85
28 85
55 129
172 205 202
181 192
14 135
191 161
84 57
48 8
177 126
78 79
175 176
159 184
258 141
205 141
133 122
122 11
122 235
75 248
101 3
177 126 188
65 182
92 28 85
26 25
75 53
55 129
172 202
172 141
42 3
191 161
84 57
48 8
72 201
72 256
78 79
175 176
159 184
258 141
205 141
2 155
122 11
122 235
42 101 3
75 248
177 126 188
65 182
26 25
55 129
172 202 141
14 135
191 161
139 138
84 57
48 8
92 48
72 201
72 256
78 79
258 141
205 141
122 11
122 235
75 248
25 143
177 126 188
28 85
26 25
75 53
172 202
55 129
14 135
191 161
205 202
139 138
84 57
72 201
78 79
175 176
148 184
2 155
122 11
122 235
75 248
25 143
177 126 188
28 85
172 202
55 129
135 15
191 161
205 202
139 138
84 57
78 79
175 176
159 184
2 155
122 235
156 143
126 188
28 85
25 155
55 129
172 202
42 3
135 15
191 161
205 202
139 138
48 8
177 126
78 79
175 176
159 184
258 205
148 147
50 49
122 235
177 126 188
153 21
28 85
133 10
25 153
135 15
172 202
191 161
264 15
258 202 141
177 49
139 138
122 11
126 188
133 10
42 3
191 161
179 186
139 138
177 126
175 176
159 184
258 141
2 21
122 11
11 235
177 126 188
133 10
55 129
172 202
135 15
191 161
258 202 141
205 202
139 138
175 176
135 15
98 99
122 11
122 184
122 235
177 126 188
49 21
65 182
28 85
133 70
55 129
42 3
191 161
179 186
205 202 141
139 138
31 209
48 8
175 176
258 141
148 255
122 11
177 126 188
9 265
28 85
55 129
172 202
191 161
205 202 141
139 138
48 8
175 176
159 184
258 141
50 21
60 98
11 235
126 188
9 265
28 85
133 10
55 129
42 3
172 141
191 161
205 202 141
139 138
48 8
177 126
199 67
78 79
175 176
159 184
258 141
50 21
11 235
126 188
9 265
28 85
65 182
25 155
55 129
42 3
172 141
191 161
133 10
65 108
153 155
202 141
139 138
72 49
48 8
177 126
258 141
205 141
50 21
55 107
9 265
28 85
65 182
55 129
135 15
191 161
153 155
94 129
202 141
139 138
177 126
175 176
258 141
205 141
50 21
177 188
9 265
28 85
133 10
135 15
172 202
42 3
191 161
153 155
205 202 141
48 8
139 138
177 126
175 176
258 141
92 107
177 188
126 188
9 265
28 85
133 10
133 70
135 15
172 202
191 161
153 155
205 202
48 8
139 138
175 176
258 205 141
135 15
50 21
101 3
107 8
177 188
9 265
28 85
65 182
133 10
133 70
191 161
153 155
205 202
139 138
84 57
159 199
78 79
175 176
159 184
258 205 141
2 155
28 85
55 129
42 3
139 138
175 176
78 77
78 79
258 141
205 202
205 141
200 227
266 15
9 265
65 182
133 10
135 264
135 15
172 202
206 221
101 3
177 188
60 98
36 38
191 161
175 176
266 135
266 15
50 49
65 182
28 85
133 10
133 70
55 129
42 3
191 161
147 172
205 202 141
139 138
48 8
177 126
36 38
258 141
50 49
2 155
101 3
135 267
11 235
177 126 188
177 196
28 85
133 10 70
42 3
55 129
191 161
205 202
139 138
48 8
159 199
94 127
258 141
205 141
101 3
101 28
122 11
135 267
11 235
177 188
177 21
9 265
28 85
65 182
133 10 70
172 205
172 202
55 129
191 161
177 196
65 108
202 141
139 138
84 57
48 8
177 126
159 199
94 127
258 141
205 141
206 221
50 49
60 98
101 3
101 28
122 11
122 235
135 267
55 129
191 161
205 202 141
139 138
264 245
84 57
48 8
159 199
175 176
258 141
175 176
50 49
122 11
122 235
135 267
3 85
28 85
133 10
133 70
42 3
55 129
58 57
191 161
65 108
205 202
139 138
84 57
48 8
159 199 184
78 79
258 141
205 141
135 267
122 11
28 85
55 129
42 3
58 57
48 8
161 139
139 138
175 176
258 141
205 202 141
133 70
65 182
133 10
172 141
65 108
50 49
122 235
177 126
126 188
126 196
206 221
101 3
101 28
60 98
191 161
175 176
50 49
122 11
122 235
101 3
135 267
28 85
133 10
133 70
42 3
58 57
191 161
65 108
65 8
48 8
205 202 141
139 138
177 126
177 72
159 199
94 127
258 141
50 49
101 3
101 28
122 11 235
135 267
65 182
28 85
133 10
133 70
55 129
58 57
191 161
65 108
65 8
199 244
139 138
177 126
159 199
175 176
94 127
258 141
205 184
175 176
50 49
122 11
122 235
156 143
135 267
101 3
126 196
28 85
133 70
55 129
37 10
58 57
191 161
65 108
48 8
139 138
36 38
258 141
206 221
50 49
122 11 235
156 143
135 267
101 3
188 196
126 196
72 196
28 85
133 37
133 10
133 70
58 57
191 161
199 244
48 8
139 138
31 209
179 209
159 199
36 38
258 141
206 221
122 11
101 3
135 267
11 235
9 265
28 85
133 37 10
133 70
172 202
58 57
191 161
48 8
139 138
31 209
179 209
159 199
78 79
175 176
258 141
206 221
50 49
101 3 28
122 11
55 246
11 235
9 265
28 85
133 37
133 10
133 70
42 28
58 57
191 161
48 8
139 138
31 209
159 199
126 72
175 176
258 141
206 221
50 49
101 3
101 28
55 246
122 11
28 85
133 37
172 202
42 3
58 57
191 161
37 10
202 141
205 264
139 138
31 209
48 8
177 72
159 199
126 72
36 38
258 141
206 221
50 49
101 28
122 11
135 267
155 21
37 10
58 57
191 161
199 244
202 141
48 8
139 138
159 199
258 141
50 49
246 88
135 267
9 265
28 85
133 70
58 57
191 161
202 141
48 8
159 199
36 38
258 141
205 184
50 49
122 11 235
55 246
135 267
156 143
28 85
133 10
133 70
42 3
58 57
172 141
191 161
139 138
31 209
159 199
36 38
258 141
205 184
135 267
122 11
28 85
55 246
55 88
42 3
181 192
58 57
155 21
48 8
159 199
199 244
139 138
57 84
258 265 141
133 70
133 9
172 202
65 108
50 49
72 188
36 38
191 161
174 100
50 49
122 11
135 267
11 235
188 196
265 141
133 10
133 70
55 88
58 57
191 161
48 8
139 138
78 79
258 141
174 100
50 49
122 11
101 3
11 235
172 265
265 141
133 10
133 70
37 10
42 3
191 161
65 108
48 8
139 138
78 79
258 141
205 184
174 100
50 49
122 11 235
101 3
172 265
265 141
3 85
28 85
133 10
42 3
191 161
48 8
139 138
31 209
159 199
258 141
205 184
174 100
50 49
101 28 85
122 11 235
172 265
265 141
133 10
42 3
191 161
161 139
48 8
139 138
84 57
159 199
174 100
50 49
101 28
122 11
122 235
28 85
133 10
42 3
191 161
161 139
139 138
84 57
178 179
159 199
36 38
206 221
50 49
60 98
101 3
101 28 85
122 11
92 107
11 235
265 141
129 85
133 10
172 202
42 3
58 57
191 161
205 202
139 138
84 57
48 8
36 38
93 52
174 100
50 49
122 11
11 235
172 265
265 141
28 85
133 10
10 70
42 3
58 57
191 161
205 202
28 129
139 138
78 79
36 38
258 141
174 100
50 49
77 58
172 202 265
202 265 141
268 269
28 85
133 10
10 70
58 57
191 161
205 202
139 138
84 57
159 199
258 141
174 100
50 49
2 155
11 235
172 202 265
28 85
7 76
133 37
58 57
191 161
205 202
202 141
84 57
31 209
78 79
175 176
122 11
55 246
11 235
202 265 141
28 85
7 76
133 37
172 202
42 3
58 57
191 161
37 10
205 202 141
139 138
84 57
159 199
258 141
122 11
258 265 141
202 265 141
55 245
172 202
42 3
191 161
205 202
48 8
84 57
139 138
159 199
270 93
258 205
122 11
246 245
188 196
258 265 141
202 265 141
28 85
55 245
172 202
181 186
42 3
191 161
48 8
139 138
84 57
159 199
175 176
174 100
122 11
135 267
258 265 141
202 265 141
28 85
7 76
172 202
181 186
42 3
58 57
191 161
48 8
139 138
84 57
4 127
175 176
174 100
122 11
258 265 141
202 265 141
28 85
7 76
133 37
55 245
42 3
58 57
191 161
48 8
139 138
84 57
4 127
159 199
270 93
93 52
2 21
122 11
265 141
271 21
28 85
7 76
75 53
135 245
172 202 141
181 186
58 57
191 161
268 272
48 8
139 138
84 57
159 199
126 72
93 52
258 141
174 100
122 11
258 265 141
202 265 141
268 269
3 85
28 85
7 76
172 202
181 186
191 161
268 273
48 8
139 138
126 72
93 52
50 49
122 11
135 267
258 205 202 265
258 205 265 141
28 85
7 76
58 57
191 161
65 108
139 138
126 72
78 79
93 52
206 221
174 100
80 81
135 267
258 205 202 265
258 205 265 141
28 85
7 76
191 161
65 108
48 8
139 138
126 72
168 95
270 93
93 52
50 49
122 11
135 267
11 235
28 85
172 141
191 161
48 8
139 138
126 72
94 127
258 205
258 141
50 49
80 81
122 11
135 267
7 85
28 85
172 202
172 141
191 161
258 205 202
139 138
4 127
126 72
93 52
205 141
50 49
80 81
7 107
11 235
258 265
205 265
265 141
28 85
76 85
133 70
191 161
205 202
139 138
84 57
126 72
50 49
2 155
101 3
80 81
7 107
11 235
28 85
7 8
133 37
133 10
133 70
172 202
58 57
191 161
205 202
22 274
139 138
126 72
175 176
93 52
168 69
101 3 76
7 107 8
75 275
172 265
258 265 141
28 85
76 85
170 73
133 10
191 161
161 139
58 57
22 274
205 202
139 138
159 199
126 72
78 79
270 93
2 21
80 21
156 143
101 3 76
107 8
275 51
172 265
258 205 265
265 141
28 76 85
133 10
172 202
42 3
58 57
191 161
205 202
139 138
84 57
126 72
78 79
175 176
270 93
275 51
7 28 85
160 168
42 3 76
58 57
81 155
107 8
8 76
168 95
161 139
139 138
175 176
205 202
93 52
276 269
133 10
65 108
50 49
37 10
270 93
126 72
80 21
81 21
156 143
191 161
268 276
22 274
277 245
2 271
75 275
275 51
7 85
3 85
28 85
58 57
155 21
168 95
161 139
139 138
175 176
57 84
78 79
258 265
205 265
93 52
268 269
133 10
187 22 274
172 202
50 49
37 10
94 127
174 126
126 72
80 271
107 76
174 100
191 161
268 276
22 73
277 245
2 21
75 275
3 85
28 85
168 95 158
170 126
170 73
58 57
155 21
69 95
139 138
175 176
31 30
78 79
258 205
258 265
205 202
93 52
172 265
133 37 10
187 22
187 73
174 126
94 129
80 81
191 161
22 274
50 49
69 95
75 53 275
268 269
95 158
3 85
28 85
170 174 126
170 126 73
133 10
37 10
58 57
191 161
268 276
205 202
94 129
22 274
139 138
168 95
78 79
175 176
94 127
258 205
2 155 22
2 21 22
69 95
55 246
3 85
28 85
76 85
7 76
170 73
174 126
42 3
42 76
172 205
191 161
37 10
268 276
65 108
94 129
258 202
205 202
139 138
84 57
168 95
78 79
93 52
2 271
2 155 22
75 275
95 158
3 85
28 85
170 73
55 246
42 3
181 186
155 21 22
31 209
168 95
69 95
139 138
259 90
57 84
205 202
133 70
268 269
133 37 10
94 127
94 129
80 81
122 245
156 143
191 161
2 22
75 275
28 85
95 158
55 246
181 186
155 22
31 209
168 95
69 95
139 138
78 79
258 205
172 205
205 202
133 70
93 52
268 269
133 37 10
50 49
94 127
174 126
100 126
94 129
80 81
21 22
191 161
2 21 22
75 275
95 158
3 85
28 85
170 73
55 246
42 3
155 21 22
31 209
168 95
139 138
175 176
205 202
268 276 269
133 37
50 49
37 10
94 127
174 126
100 126
94 129
80 81
101 3
191 161
2 21 22
3 85
28 85
168 158
95 158
170 73
55 246
155 21 22
3 8
31 209
139 138
175 176
57 84
78 79
205 202
270 52
93 52
202 265
265 141
268 269
133 37 10
172 202
50 49
174 126
94 38
80 81
191 161
2 22
168 158
95 158
28 85
55 246
181 186
3 8
31 209
159 199
139 138
175 176
259 90
57 84
78 79
172 205 202
205 202 265
270 52
265 141
268 269
133 37
133 10
65 108
50 49
4 3
94 127
174 126
80 81
92 3 48
21 22
191 161
268 276
271 22
75 275
3 85
28 85
168 158
95 158
170 73
155 22
48 8
139 138
175 176
57 84
78 79
205 202 265
93 52
265 141
268 269
133 10
65 108
50 49
94 127
174 126
174 100
21 22
191 161
54 27
50 49
80 81
55 246
156 143
180 109
75 275
205 202 265
265 141
21 22
95 158
268 269
133 37 10
191 161
137 273
48 8
78 79
94 127
93 52
75 275
51 158
101 28 85
3 85
55 246
155 21
48 8
175 176
57 84
78 79
172 205
205 202 265
93 52
266 122
265 141
268 269
278 137
133 10
65 108
50 49
94 127
54 67
174 126
180 231
180 27
191 161
266 122
50 49
101 85
155 21
205 202 265
265 141
3 85
28 85
278 136
278 144
278 137
196 73
168 158
95 158
42 3
191 161
65 108
155 22
51 52
84 57
259 90
78 79
93 52
148 255
95 158
101 85
3 85
28 85
136 137
170 196 73
181 186
155 21
139 138
78 79
205 202 265
51 52
265 141
268 269
50 49
94 127
206 221
80 81
7 76
36 76
180 27
191 161
148 255
75 275
95 158
101 28 85
3 85
76 85
278 136
136 137
170 196 73
55 246
155 21
139 138
175 176
78 79
205 202
205 265
270 93 52
265 141
135 56
50 49
94 127
54 67
7 76
180 27
191 161
148 255
75 275
36 85
107 85
168 158
95 158
136 137
170 73
55 135 56
155 21
139 138
175 176
78 79
256 49
205 202
205 265
270 93 52
265 141
50 49
94 127
101 3
7 76
28 76
196 73
191 161
119 51
148 255
50 49
60 98
101 3
107 85
75 275
205 265
265 141
155 21
168 158
95 158
7 76
136 137
278 137
170 73
8 85
191 161
119 51
205 202
28 76
78 79
94 127
270 52
148 255
2 22
2 1
168 158
69 158
95 158
136 137
170 73
55 135
181 186
31 209
175 176
78 79
258 265
205 202
270 52
93 52
265 141
135 56
172 141
50 49
94 127
270 51
80 81
101 3
7 76
246 88
180 27
191 161
271 22
148 255
2 1
69 158
95 158
170 73
155 21
48 8
31 209
175 176
57 84
78 79
258 265
205 202
270 52
93 52
202 265 141
186 182
278 137
50 49
7 94 76
101 3
27 231
180 27
191 161
2 1
148 255
50 49
69 95 158
101 3
205 202 265
205 265 141
155 21 22
168 158
72 95 158
7 76
278 137
170 73
135 55
172 141
191 161
180 27
139 138
31 209
78 79
93 52
94 76
148 255
2 1
3 85
94 85
168 95 158
55 135
155 21 22
31 209
139 138
78 79
258 265
258 141
172 205 202
270 93 52
172 265
278 137
135 246
172 202 141
65 108
80 81
80 72
101 3
7 76
180 27
191 161
2 22 1
7 85
94 85
170 188
55 135 246
144 273
31 209
168 95
139 138
78 79
205 202
270 52
93 52
202 265 141
186 182
278 273
135 56
172 202 141
137 273
80 81
80 72
101 3
101 28
188 73
7 76
196 73
191 161
271 22
279 1
2 1
78 77
81 72
80 72
101 3
170 188
188 73
202 265
265 141
196 73
279 72
135 56
172 202
172 141
191 161
65 108
94 129
205 202
139 138
31 209
137 273
159 199
168 95
78 79
270 52
93 52
206 221
279 2 1
81 80 72
101 3
170 188
188 73
196 73
268 269
202 265
21 22
135 55
172 205 202
191 161
271 155
155 22
94 129
202 141
31 209
159 199
175 176
270 52
93 52
81 72
80 72
101 3
75 275
170 188 73
172 202 265
172 265 141
196 73
155 21 22
278 137
135 55
191 161
144 137
268 269
94 129
205 202
139 138
31 209
78 79
175 176
270 93 52
81 72
80 72
75 275
170 188 73
172 205 202 265
172 265 141
196 73
21 22
7 76
136 144
268 269
191 161
65 182
155 22
94 129
139 138
31 209
137 273
78 79
175 176
270 52
93 52
81 80 72
135 246
75 275
170 188 73
205 202 265
202 265 141
186 182
65 182
21 22
7 76
172 205 202
172 202 141
180 27
191 161
155 22
94 129
139 138
78 79
175 176
270 52
93 52
75 275
170 188 73
144 273
139 138
175 176
78 79
172 205 202 265
93 52
51 52
27 109
172 202 265 141
186 182
65 182
278 273
135 246
50 49
174 126
137 273
94 129
80 72
7 76
27 231
81 72
246 88
21 22
180 27
191 161
148 255
75 275
170 73
55 135
48 8
31 209
175 176
78 79
172 205 202
93 52
202 265
265 141
186 182
65 182
278 137
50 49
137 273
80 81 72
101 28
188 73
7 76
21 22
180 27
191 161
268 276
119 51
75 275
270 52 158
144 273
155 21
139 138
175 176
172 205 202
10 70
93 52
202 265
186 182
278 137 273
50 49
37 10
174 126
80 81 72
101 28
188 73
7 76
75 53
27 231
180 27
191 161
2 271
14 267
75 275
136 137
170 188
55 135
55 56
155 21 22
139 138
175 176
57 84
78 79
172 205 202
205 202 265
133 70
10 70
270 52
93 52
186 182
65 182
278 273
135 246
50 49
94 127
36 94
80 81
188 73
7 76
75 53
27 231
81 72
196 73
191 161
268 276
148 255
2 1
136 137
170 188 73
55 135
155 21
95 51
161 139
139 138
175 176
205 202
205 265
270 52
93 52
186 182
65 182
278 137
50 49
94 127
271 1
80 81
7 76
180 231
81 72
196 73
191 161
268 276
271 22
206 221
148 255
50 49
78 77
81 80
81 72
135 246
170 188
188 73
196 73
205 202 265
65 182
7 76
136 137
278 137
135 55
133 10
133 70
191 161
139 138
270 95
78 79
94 127
270 52
93 52
50 49
81 80 72
170 188 73
196 73
186 182
65 182
205 265
265 141
7 76
133 10
37 10
191 161
161 139
205 202
139 138
4 127
28 76
270 95 52
175 176
94 127
93 52
28 85
136 137
170 188 73
170 196 73
155 21
48 8
270 95 52
161 139
139 138
175 176
258 205 141
205 265 141
93 52
65 182
278 273
135 56
50 49
37 10
94 127
271 1
80 81 72
7 76
191 161
268 276
28 85
136 137
170 188 73
170 196 73
42 3
48 8
270 95 52
161 139
139 138
175 176
78 77
78 79
205 265
133 70
93 52
202 265
265 141
186 182
65 182
133 37
133 10
135 56
65 108
50 49
94 127
80 81
7 76
81 72
191 161
2 1
28 85
136 137
170 188
27 155 22
48 8
270 95 52
161 139
139 138
175 176
176 182
205 202
205 265
133 10 70
93 52
265 141
186 182
278 137
4 65
65 94
65 108
50 49
94 127
137 272
137 273
80 81
171 188 73
81 72
196 73
27 21 22
191 161
28 85
136 137
170 188
144 272
27 155 21 22
270 93 95 52
161 139
139 138
78 79
133 70
205 202 265
186 182
65 182
133 10
65 108
50 49
94 127
137 272
271 1
188 171
188 73
7 76
119 120
196 73
191 161
28 85
170 171 188 73
278 136 137
27 155 21
270 95 52
139 138
78 79
205 265
93 52
202 265
65 182
133 10
172 202
65 108
50 49
37 10
271 1
80 81 72
7 76
119 120
196 73
191 161
2 1
136 137
170 188 73
170 196 73
55 135
42 107
27 155 21
48 8
270 95
139 138
78 79
205 202 265
186 182
278 137
135 246
65 108
50 49
37 10
54 67
271 1
80 81
171 73
7 76
180 231
3 107
119 120
92 48
81 72
191 161
2 271 1
278 136 137
170 73
42 3
27 155 21
270 95
175 176
78 79
172 205
205 202
205 265
93 52
186 182
65 182
75 125
65 108
50 49
37 10
80 81
171 188
188 73
3 107
119 120
81 72
196 73
191 161
50 49
81 80
81 72
2 1
188 73
196 73
186 182
65 182
28 85
278 136 137
205 265
42 3
172 205
191 161
205 202
139 138
119 120
271 1
270 95
78 79
93 52
50 49
81 80
81 72
135 246
188 171
188 73
196 73
205 265
278 137
133 37
170 73
42 28
172 205
191 161
155 21
65 182
28 85
205 202
139 138
270 95
78 79
93 52
50 49
81 80
81 72
135 246
188 171
188 73
205 202 265
65 182
278 137
133 37
75 125
28 85
58 57
191 161
27 155
139 138
119 120
270 95
95 52
78 79
175 176
270 93
93 52
50 49
81 80
81 72
171 73
27 21
196 73
186 182
278 137
133 37
170 188
202 265
172 205
172 202
191 161
27 155
139 138
31 209
119 120
270 95
78 79
175 176
94 127
270 93
93 52
50 49
81 80 72
170 188
171 73
205 202 265
186 182
27 21
135 55
135 56
172 205 202
191 161
139 138
84 57
270 95
93 95
175 176
94 127
93 52
50 49
81 80 72
171 73
205 202 265
27 21
155 21
170 188
135 55
135 264
172 205
191 161
92 8
84 57
119 120
270 95
78 79
175 176
94 127
270 93
50 49
98 99 73
98 171 73
81 80 72
171 188
205 202 265
265 141
170 188
27 21
133 37
135 55
191 161
92 8
139 138
92 48
270 95
175 176
94 127
270 93
93 52
2 1
170 188 171
55 135
92 48 8
270 95
139 138
175 176
57 84
78 77
78 79
205 202 265
202 265 141
278 137
133 37
135 246
135 56
172 202
75 125
50 49
99 73
171 73
27 21
191 161
268 276
50 49
81 80
81 72
98 73
170 171 73
171 188
27 21
205 202 265
202 265 141
196 73
135 56
191 161
268 276
238 237
92 8
139 138
159 199
270 95
78 79
175 176
270 52
93 52
270 52
93 52
205 202
205 265
50 49
81 72
101 85
227 253
265 141
27 21
42 85
28 85
278 137
55 135 56
191 161
238 237
27 155
202 141
139 138
92 76
270 95
93 95
78 79
175 176
94 127
270 95 52
93 52
205 202 141
205 265 141
50 49
98 99
81 80
81 72
170 188
258 265 141
27 21
42 85
133 37
55 135 56
191 161
180 231
31 209
92 76
78 79
36 38
94 127
2 1
170 188
55 237
155 22
48 8
31 209
159 199
74 149
270 95
95 52
139 138
78 79
258 265 141
205 202
93 52
186 182
278 137
26 22
172 202 141
50 49
94 127
98 99
80 81
7 76
180 231
36 38
119 120
92 76
81 72
191 161
268 276
2 1
42 85
101 85
28 85
170 188
144 137
27 155
155 22
31 209
159 199
270 95
139 138
175 176
78 79
258 265 141
205 202
93 52
186 182
133 37 10
75 125
172 141
202 141
94 127
98 99
80 81
180 231
36 38
119 120
92 76
81 72
196 73
27 21
21 22
191 161
7 85
42 85
170 185
160 168
136 281
155 21
159 199
74 149
74 171
270 95 52
139 138
175 176
57 84
78 79
258 205
258 141
265 141
133 37
135 56
172 141
65 108
98 99
137 280
7 76
180 231
119 120
81 72
191 161
268 276
271 22
69 158
7 85
42 85
136 281
159 199
74 171
270 95
139 138
175 176
57 84
78 79
258 205 202
258 202 265
258 265 141
270 52
93 52
172 202
172 141
65 108
98 99
80 81
101 3
149 171
7 92 76
81 72
196 73
191 161
268 276
7 92 85
92 28 85
42 85
155 21
31 209
199 184
270 95
175 176
57 84
78 77
78 79
31 30
258 205
258 141
270 52
93 52
265 141
133 37 10
172 202
172 141
65 108
174 126
98 99
80 81 72
101 3
7 92 76
180 231
196 73
21 22
191 161
28 85
278 136
42 28
199 184
270 95 52
139 138
78 77
78 79
93 52
265 141
227 282
278 137
133 37 10
172 202
172 141
75 125
54 67
98 99
80 81
101 3
171 184
7 92
180 231
92 76
156 143
191 161
92 28
42 3
155 22
31 209
270 95 52
139 138
175 176
31 30
78 79
172 205
205 202
93 52
202 265
265 141
135 56
172 141
65 108
54 67
98 99
47 97
80 81
101 3
101 28
171 184
203 204
180 231
92 76
81 72
208 255
191 161
275 283
28 85
278 136
132 58
155 22
31 209
270 95 52
139 138
78 79
172 205
93 52
202 265
265 141
135 56
172 202
172 141
50 49
4 127
174 126
98 99
47 97
80 81
203 208
92 76
81 72
156 143
196 73
191 161
92 28
275 283
101 28 85
170 49
170 183
42 3
31 209
159 199
270 95 52
139 138
258 141
172 205 202
270 93 52
202 265
265 141
133 37
133 10
135 56
172 141
75 125
83 122
65 108
50 49
4 127
98 99
47 97
80 81
128 271
97 184
92 76
81 72
196 73
191 161
92 28
119 275
120 275
275 283
101 85
28 85
170 189 188
42 3
270 95
139 138
175 176
283 24
258 141
172 205 202
265 141
65 182
135 56
172 141
50 49
94 127
98 99
120 93
284 82
80 81
128 271 21
75 62
92 76
81 72
21 22
191 161
268 276
275 283
37 85
47 85
76 85
170 189
170 183
55 135 56
132 58
97 8
74 21
270 95 52
139 138
175 176
283 24
78 79
258 141
172 205 202
205 265
93 52
265 141
202 141
50 49
4 127
94 127
98 99
122 284
284 82
80 81 72
101 28
171 188
171 184
171 183
189 188
128 22
92 76
191 161
101 85
28 85
215 203
278 136 137
136 137 281
170 189
170 183
55 56
132 58
155 21
97 8
31 209
270 95 52
139 138
175 176
78 77
78 79
258 205
205 265
93 52
265 141
135 83
135 56
50 49
94 127
54 67
116 115
80 81
171 184
122 82
128 21
119 120
92 76
81 72
21 22
191 161
128 2
2 155
119 275
28 85
136 137
136 281
170 189 188
170 183
55 135
7 42
132 58
58 57
155 22
97 8
31 209
199 171 184
270 95 52
139 138
175 176
283 24
78 77
205 202
93 52
172 265
65 182
278 137
278 281
135 83
135 56
135 284
172 202
172 141
64 115
4 127
98 99
116 115
80 81 72
122 82
128 22
196 73
21 22
191 161
268 276
267 284
119 275 24
28 85
136 137
136 281
7 42
47 42
42 3
58 57
48 8
97 8
257 142
31 209
199 171 184
270 95 52
139 138
57 84
283 24
78 77
258 205
258 141
205 202
37 83 70
93 52
172 265
135 56 284
172 202
75 125
64 237
65 108
98 99
80 81
80 72
101 28
122 82
92 76
191 161
268 276
203 148
28 85
136 281
47 42
42 3
48 8
31 209
199 171
270 95 52
57 84
283 24
285 147
258 205
258 141
205 202
205 265
93 52
172 265
65 182
278 137
135 82
64 115
202 141
50 49
98 99
137 281
101 28
171 184
122 82
147 244
48 97
92 76
81 72
196 73
191 161
268 276
275 283
28 85
136 137
136 281
170 73
144 73
31 209
270 95
283 24
57 84
285 147
258 205 202
258 202 141
258 265 141
270 52
93 52
266 122
172 265 141
268 269
65 182
278 137
172 202 141
75 125
64 115
98 99
237 115
47 3
80 72
101 28
171 184
122 82
128 153
128 22
147 244
180 231
48 97
81 72
196 73
191 161
268 276
116 28
275 283
275 24
101 28 85
170 73
31 209
199 184
270 95
95 52
139 138
175 176
57 84
205 202
205 141
70 127
93 52
266 122
265 141
133 281
172 202
75 125
50 49
54 67
98 99
80 81 72
188 183
171 184
122 82
28 237
48 97
92 76
196 73
191 161
101 28 85
136 137
170 73
257 142
31 209
199 184
270 95 52
139 138
175 176
57 84
283 24
172 258 205 202
98 205
93 52
75 125
64 115
37 127
98 99
80 81 72
177 188
171 184
122 82
203 208
3 107
36 38
156 143
196 73
191 161
268 276
275 283
101 85
170 73
42 3
48 8
97 8
31 209
270 95
95 52
175 176
283 24
258 205
258 202
70 127
83 64
65 108
286 237
270 93
98 99
47 97
80 81 72
101 28
177 188
171 184
122 82
180 231
36 38
196 73
191 161
268 276
120 275
170 73
132 58
31 209
199 171 184
270 95
139 138
175 176
258 205
205 202
70 127
266 82
116 17
17 36
65 108
287 202
286 237
37 127
98 99
287 141
80 81 72
177 188
122 82
180 231
48 38
36 38
97 38
119 120
196 73
191 161
268 276
215 148
14 267
120 275
170 73
55 83
142 73
31 209
199 184
270 95
139 138
175 176
194 118
78 79
258 205 202
70 127
172 265
135 83
75 125
17 38
65 108
286 237
270 93
98 99
80 72
177 189 188
171 184
122 82
237 82
180 231
119 120
81 72
196 73
191 161
268 276
215 148
14 267
170 73
102 155
97 8
270 95
139 138
175 176
78 79
70 127
187 50
135 83
125 103
17 36
65 108
50 49
98 99
47 3
80 72
177 189 188
171 184
122 82
237 245
180 231
3 38
36 38
119 120
81 72
196 73
191 161
14 267
120 275
170 73
102 155
199 184
270 95
139 138
283 24
57 84
78 79
70 127
187 50
135 83
65 108
50 49
49 263
37 127
98 99
47 3
80 72
177 188
189 188
171 184
122 82
180 231
36 38
119 120
196 73
191 161
119 275
47 42
125 131
199 184
270 95
93 95
139 138
175 176
78 79
70 127
266 83
109 231
187 50
64 115
65 108
203 263
98 99
80 81 72
171 184
189 188
180 231
36 38
196 73
191 161
120 275
275 283
170 73
199 184
270 95
139 138
175 176
78 79
285 273
70 127
65 108
50 49
203 263
47 107
80 81 72
177 188
189 188
171 184
122 82
128 153
208 34
36 38
92 76
156 143
196 73
191 161
120 275
275 283
275 24
170 73
102 155
97 8
199 184
270 95
139 138
175 176
57 84
78 79
194 118
70 127
187 50
135 245
67 64
64 115
65 108
203 263
80 81
171 184
189 188
92 3
3 76
81 72
196 73
191 161
268 276
148 282
119 120 275
119 275 24
275 283
170 73
75 131
199 227
199 184
270 95
139 138
57 84
78 79
285 273
70 127
93 52
36 265
135 245
75 125
125 103
65 94
65 108
64 115
17 108
50 49
203 263
80 72
227 171
171 184
177 188
189 188
36 38
108 76
81 72
156 143
196 73
191 161
268 276
92 108
119 120 275
275 24
160 170 73
47 42
132 58
75 131
199 227
270 95
139 138
175 176
57 84
78 79
70 127
93 52
187 49
135 56
135 264
135 245
4 65
65 94
64 115
50 49
203 263
98 99
80 72
177 188
189 188
171 184
92 76
196 73
191 161
268 276
92 108
14 267
275 283
160 170 73
47 42
75 131
199 227
270 95
139 138
175 176
78 79
70 127
270 52
93 52
187 50
64 115
50 49
49 263
4 3
203 263
80 81
80 72
177 188
189 188
171 184
122 82
108 76
196 73
191 161
268 276
149 22
275 283
160 170 73
160 196 73
132 58
75 131
199 227
128 74
270 95
139 138
78 79
70 127
93 52
177 17
50 49
4 3
80 72
188 183
171 184
208 34
92 107 76
102 21
191 161
268 276
149 22
92 108
14 267
119 275
275 283
160 73
170 196 73
132 58
199 227
270 95
139 138
57 84
78 79
205 202
70 127
93 52
266 264
187 50 49
135 83
135 56
135 245
64 115
203 50 49
203 263
98 99
54 180
80 81 72
227 184
122 82
119 120
92 76
107 76
191 161
149 22
92 108
215 148
288 152
14 267
160 170 73
132 58
131 65
31 209
199 227
128 74
270 95
139 138
57 84
78 77
78 79
258 205 202
37 70 127
93 52
135 83
135 56
203 49
152 115
264 284
47 3
54 180
80 81 72
171 184
122 82
203 208
92 76
107 76
108 76
196 73
191 161
268 276
149 22
14 267
160 73
170 73
31 209
199 227
128 74
270 95 52
139 138
175 176
57 84
78 79
258 205
37 70 127
93 52
187 49
135 83 245
135 56
17 108
203 49
50 49
203 208 263
264 284
47 3
80 72
227 184
171 184
188 183
122 82
92 76
81 72
92 107
196 73
191 161
268 276
149 22
14 267
160 73
170 177 73
55 135
181 186
199 227
270 95 52
139 138
221 176
175 176
57 84
78 77
78 79
258 205
37 70 127
270 93 52
135 56
135 245
64 115
17 108
50 49
206 84
100 67
98 99
264 284
206 221
47 3
80 81
80 72
171 184
122 82
92 76
196 73
191 161
268 276
170 177 73
55 135
55 245
42 3
181 186
31 209
199 227
270 95 52
139 138
175 176
176 84
57 84
78 77
78 79
258 205
37 70
70 127
270 93 52
266 264
187 50
17 108
214 263
120 93
128 1
47 3
54 180
163 77
80 72
171 184
174 188
122 82
128 271
128 22
7 92 76
174 100
81 72
177 196 73
191 161
268 276
170 177
55 246
181 192
132 58
31 209
199 227
270 95
139 138
175 176
176 84
57 84
78 77
78 79
37 70 127
93 52
187 50
135 246
135 56
135 245
174 125
17 82
50 49
168 169
163 77
80 72
171 184
174 188
7 76
178 186
174 100
174 189
81 72
191 161
268 276
177 73
160 170 73
170 177 73
92 55
181 186
132 58
78 58
199 227
270 95
139 138
175 176
176 84
57 84
78 79
31 179
258 205
37 70 127
93 52
200 227
187 50
168 169
98 99
163 77
80 81
80 72 152
227 183
171 184
174 188
92 82
122 82
108 82
7 76
174 183
119 120
174 100
196 73
191 161
268 276
72 22
170 177 73
92 55
55 108
181 186
163 58
78 58
178 58
199 227
270 95
139 138
175 176
176 84
57 84
78 77
78 79
258 205
37 70 127
93 52
135 56 245
80 72
227 184
171 184
174 188
122 82
7 76
132 79
119 120
107 76
174 100
81 72
177 196 73
191 161
268 276
277 245
2 1
210 79
170 73
92 55
55 108
181 186
206 58
58 84
199 227
270 95
139 138
175 176
57 84
246 111
78 79
159 67
37 70
93 52
268 269
187 50
135 110
98 17
50 49
37 127
221 220
98 99
47 3
80 81
80 72
171 184
174 188
189 188
122 82
7 76
149 152
107 76
174 100
191 161
268 276
177 73
277 245
2 1
120 275
92 55 17
55 98
163 181
178 181 182
132 58
92 58
199 125
199 227
270 95
139 138
179 175 176
57 84
246 111
119 283
78 79
70 127
186 182
268 269
187 50 49
17 82
214 49
49 263
98 99
47 3
171 184
174 188
122 82
132 179
92 179
107 76
174 100
81 149
191 161
268 276
277 245
148 204
89 134
119 275
160 73
55 60
55 17
92 58
173 184
199 125
270 95
139 138
31 176
175 176
176 182
78 57
220 57 84
80 111
31 17
163 78 77
78 79
175 84
70 127
93 52
268 269
178 182
92 17
220 17
50 49
221 220 84
98 99
178 77
171 184
174 188
122 82
174 183
92 179
174 184
174 100
191 161
268 276
277 245
124 181
160 196 73
55 246
98 58
78 289
270 95
139 138
80 111
221 57 84
161 57
186 57
17 175
70 127
268 269
83 56
220 17
50 49
79 84
220 237
98 99
54 180
77 237
174 188 184
122 82
147 244
92 179
174 100 184
191 161
268 276
277 245
120 275
160 196 73
55 246
175 209
199 125
199 227
289 79
270 95
139 138
175 176
220 57
80 111
78 79 84
132 31
70 127
202 265
50 49
220 30
98 99
163 93
161 30
54 180
186 82
147 244
161 79
174 100 184
191 161
277 245
54 180
50 49
122 186 82
55 246
210 79
120 275
202 265
196 73
163 186 82
182 209
160 60
191 161
135 83
178 17 108 176
139 138
178 108 209
37 70 127
191 220
191 99
270 95
78 79
93 184
120 275
170 60
55 246
55 108
47 42
290 150
178 209
199 125
199 227
270 95
139 138
175 57
78 79
285 272
285 273
186 175
37 70 127
6 18
268 269
187 49
17 79
79 84
220 161
220 171
192 245
174 98 99
47 3
54 180
122 82
60 196 73
178 108
122 79
100 184
191 161
270 275
120 275
55 246
47 42
103 131
150 106
199 227
270 95
139 138
78 175 57
70 127
218 219
202 265
268 269
220 17
17 79
220 84
37 127
259 103
47 3
54 180
71 40
122 82
60 73
178 108
174 98
268 276
270 275
170 60
55 246 87
199 131 227
254 207
199 125
270 95
221 139
112 104
70 127
200 227
202 265
268 269
220 17 84
34 49
37 127
222 45
104 105
54 180
171 184
122 82
60 73
71 167
174 98
196 73
268 276
89 134
221 210
119 275
270 275
170 60
55 246 87
199 131 227
254 207
206 209
270 95
17 139
112 104
34 253
70 127
268 269
187 49
37 127
67 73
174 98 99
54 180
171 188
122 82
60 73
178 108
167 103
167 22
268 276
200 227
167 25
98 99
221 210
107 76
199 131 227
196 73
202 265
170 60
170 73
60 67
125 199
228 230
268 276
17 139
37 127
178 108
222 45
270 95
70 127
200 227
167 25
174 98
7 107 76
199 227
173 171
171 188
196 73
99 188
60 67
60 73
103 131
262 17 138
17 139
285 273
178 108
270 95
175 70 127
207 212
199 256
199 227
270 95
198 17 139
125 256
256 184
37 70
262 18
17 18
268 269
133 281
187 49
198 17 138
262 198 138
37 127
292 291
60 67
174 99
104 105
206 178
206 108
174 171
7 107
60 73
167 153
174 184
189 184
174 98
196 73
206 108
167 22
174 98
125 98
221 210
292 291
257 214
107 76
227 184
174 171
196 73
188 184
268 269
7 76
174 99
170 60
60 67
60 73
198 138
139 138
285 273
37 127
262 18
217 150
270 95
206 108
167 109
167 22
173 98
125 98 99
107 76
196 73
268 269
7 76
170 60
187 49
60 67
104 249
262 17 18
17 139 138
207 150
285 273
178 108
222 45
270 95
5 105
112 216
206 178
54 180
167 109
167 22
46 212
196 73
268 269
7 76
170 60
170 73
60 67
222 17 139
17 138
17 18
281 105
293 150
217 150
285 273
262 18
178 108
149 152
270 95
285 112
206 108
98 99
248 214
119 275
174 188
196 73
202 265
268 269
170 60
60 67
17 139
17 231
17 138
281 105
178 108
270 95
54 180
173 98
98 99
107 76
270 275
196 73
202 265
268 269
7 76
170 60
60 67
17 139
17 138
178 108
270 95
54 180
98 99
221 210
107 76
119 275
196 73
268 269
7 76
170 60
75 294
75 149
60 67
17 139 138
285 273
178 108
270 95
148 204
229 295
98 99
7 107 76
196 73
268 269
170 60
75 149
222 17
17 139 138
270 95
148 204
98 99
190 67
221 210
7 107 76
196 73
268 269
75 53
60 73
104 19
262 17
17 139 138
262 18
37 127
285 273
149 152
139 18
270 95
173 98
98 99
7 107
196 73
102 21
268 269
7 76
60 67
60 73
104 19
104 5
262 17
17 139 138
285 273
149 152
5 105
270 95
98 99
286 241
16 214
7 107
196 73
268 269
7 76
60 67
268 276
17 139 138
286 236
37 127
149 152
270 95
98 99
241 236
196 73
268 269
7 76
187 49
285 273
198 139 138
270 95
149 152
262 18
196 73
268 269
7 76
170 73
187 49
60 67
60 73
268 276
198 17 139 138
285 273
222 175
270 95
149 152
168 212
98 99
40 39
196 73
268 269
82 284
60 67
60 73
286 17
198 17 139 138
270 95
98 99
40 39
196 73
268 269
187 49
60 67
268 276
198 17 139 138
17 18
262 18
37 127
222 236
222 18
270 95
149 152
98 99
119 275
196 73
268 269
7 76
170 60
170 73
262 17
198 17 139 138
286 236
173 99
270 95
98 99
214 184
267 245
196 73
268 269
7 76
75 53
60 67
262 17
17 139
17 138
262 222
286 236
222 139
270 95
148 204
98 99
196 73
268 269
75 53
268 276
17 139
17 236
17 138
262 138
222 138
262 18
286 236
222 139
149 152
270 95
98 99
40 39
241 139
75 62
125 62
170 60
75 53
17 138
286 236
277 245
198 139
198 236
149 152
270 95
18 45
98 99
40 39
198 241 236
7 76
170 60
75 53
268 276
17 138
286 198 236
262 18
277 245
198 139
270 95
54 180
215 148
98 99
40 39
198 241 139
268 269
276 269
7 76
170 60
75 53
17 138
286 198 236
262 18
277 245
149 152
270 95
98 99
241 139
196 73
268 269
170 73
187 49
75 53
268 276
17 138
286 198 236
277 245
198 139
149 152
270 95
98 99
190 67
75 62
268 269
75 53
60 67
187 49
268 276
17 138
286 198 236
277 245
198 139
270 95
47 42
47 3
98 99
75 62
120 275
270 275
268 269
75 53
60 67
60 73
268 276
17 138
286 198 236
277 245
198 139
270 95
47 3
98 99
75 62
120 275
270 275
196 73
268 269
75 53
60 67
42 3
187 49
268 276
198 17 139
17 139 138
270 95
139 45
149 152
47 42 3
75 62
196 73
75 53
60 67
268 276
198 17
17 138
139 138
277 245
149 152
270 95
47 42 3
213 234 296
275 283
196 73
208 296
187 49
60 67
60 73
294 149
75 53
268 276
198 17 138
286 236
277 245
198 139
149 152
270 95
47 42
47 3
213 296
75 62
196 73
170 73
187 49
60 73
198 17 138
17 139
277 245
149 152
270 95
7 47
47 42
40 39
241 236
75 62
125 62
196 73
170 73
75 53
60 67
60 73
294 149
187 49
268 276
198 17
198 138
286 236
277 245
149 152
270 95
7 47 42
98 99
75 62
196 73
7 3
75 53
60 73
198 17 138
139 138
286 236
37 127
277 245
149 152
270 95
7 47 42
47 3
196 73
187 49
60 67
268 276
198 17 138
277 245
149 152
270 95
7 47 42 3
98 99
214 39
187 49
60 67
268 276
198 17 138
222 18
277 245
149 152
270 95
7 47 42 3
98 99
297 244
241 236
214 39
196 73
60 67
60 73
268 276
198 17 138
51 24
222 18
277 245
149 152
270 95
7 47 42 3
98 99
241 236
125 62
196 73
60 67
147 244
268 276
17 138
37 127
277 245
270 95
7 47 42 3
98 99
248 296
75 62
125 62
120 275
196 73
268 276
17 138
49 296
37 127
222 198
222 18
259 18
259 45
277 245
270 95
7 47
47 42 3
98 99
214 39
75 62
196 73
75 53
60 67
268 276
17 139
17 138
222 18
277 245
270 95
47 42
47 3
54 180
98 99
241 236
75 62
125 62
196 73
7 76
60 67
187 49
268 276
17 138
262 13
222 18
277 245
270 95
47 42
47 3
213 296
98 99
214 39
75 62
125 62
196 73
7 76
60 67
147 244
268 276
222 18
277 245
149 152
270 95
47 3
54 180
213 234 296
215 148
75 62
125 62
7 107 76
196 73
155 21
75 53
147 244
147 263
187 49
268 276
17 138
222 18
277 245
149 152
270 95
47 3
75 62
125 62
196 73
7 76
75 53
147 244
268 276
198 17 138
222 18
277 245
149 152
270 95
213 296
75 62
125 62
196 73
7 76
187 49
198 17 138
283 24
222 18
277 245
270 95
213 296
75 62
125 62
196 73
102 21
7 76
75 53
268 276
198 17 138
277 245
149 152
270 95
213 296
214 39
75 62
125 62
196 73
75 53
60 67
60 73
268 276
198 17 138
119 24
283 24
37 127
222 18
277 245
149 152
270 95
208 213
213 296
214 39
125 62
196 73
60 67
268 276
198 17
198 138
119 24
283 24
222 18
277 245
270 95
125 62
275 24
60 67
198 17 138
283 24
222 18
277 245
149 152
270 95
213 296
101 28 85
75 62
125 62
4 107
7 76
60 67
187 49
268 276
198 17 138
283 24
222 18
149 152
270 95
47 3
213 234
213 296
101 28 85
40 39
125 62
202 265
7 76
75 53
60 67
102 155
198 17 138
283 24
277 245
149 152
270 95
47 3
213 296
40 39
125 62
7 76
75 53
60 67
198 17 138
283 24
277 245
149 152
270 95
47 3
213 296
40 39
75 62
125 62
7 76
75 53
60 67
198 17 138
277 245
270 95
213 234
37 148
40 39
75 62
125 62
60 67
198 17 138
37 127
277 245
270 95
213 234
75 125 62
7 76
60 67
198 17 138
277 245
270 95
101 28 85
40 39
75 125 62
196 73
7 76
170 73
75 53
60 67
198 138
37 127
277 245
149 152
270 95
7 101 85
40 39
125 62
196 73
7 28 85
7 76 85
75 53
60 67
198 17
198 138
277 245
149 152
270 95
13 45
98 99
7 101 85
40 39
75 62
125 62
107 85
196 73
7 28 76
60 67
198 17
277 245
149 152
270 95
270 120
213 296
101 107 85
125 62
196 73
28 85
7 76
75 53
60 67
198 17
28 76
149 152
270 95
101 28
190 67
40 39
125 62
28 107
196 73
7 85
28 85
75 53
268 276
198 17
277 245
149 152
270 95
208 213
40 39
125 62
196 73
28 85
7 28
198 17
37 127
277 245
270 95
40 39
125 62
155 21
196 73
7 76 85
28 85
198 17
277 245
149 152
270 95
125 62
7 76 85
268 276
155 22
277 245
270 95
98 99
125 62
196 73
21 22
7 76 85
208 296
262 222
277 245
149 152
270 95
190 67
40 39
125 62
196 73
7 76 85
28 85
94 76 85
170 73
277 245
270 95
125 62
196 73
21 22
7 94 85
28 85
7 76
170 73
160 60
222 45
277 245
149 152
270 95
190 67
267 264
125 62
196 73
21 22
7 85
7 76
60 67
198 17
277 245
270 95
208 234
98 99
125 62
196 73
7 76
60 67
60 73
277 245
270 95
37 148
208 234
173 98
98 99
125 62
196 73
21 22
7 76
170 60
60 67
277 245
270 95
98 99
101 28
125 62
196 73
21 22
7 85
7 76
170 60
125 53
268 276
198 17
277 245
270 95
98 99
125 62
196 73
7 85
28 85
7 76
170 60
125 53
198 17
37 127
277 245
149 152
270 95
98 99
125 62
107 85
196 73
7 85
7 76
170 60
198 17
277 245
149 152
270 95
98 99
125 62
107 85
196 73
21 22
28 85
7 28
7 76
170 60
187 49
60 67
268 276
198 17
277 245
149 152
270 95
98 99
101 28
125 62
196 73
21 22
28 85
7 76
170 60
75 53
60 67
268 276
198 17
37 127
149 152
270 95
98 99
40 214
109 155
109 21 22
125 62
196 73
27 21 22
28 85
7 76
170 60
75 53
268 276
198 17
277 245
149 152
270 95
98 99
27 109 21
27 109 22
125 62
196 73
155 21
7 76
170 60
60 67
268 276
198 17
155 22
277 245
149 152
270 95
13 45
98 99
125 62
196 73
27 21 22
155 21 22
7 85
7 28 76
170 60
58 175
268 276
198 17
277 245
149 152
270 95
13 45
98 99
246 87
109 155 21
125 62
7 107
196 73
27 155 21 22
7 28 85
7 76
170 60
55 87
58 175
198 17
277 245
270 95
47 3
98 99
55 246 87
109 155
125 62
7 107
196 73
7 85
7 76
170 60
58 175
268 276
198 17
27 155 22
264 284
277 245
149 152
270 95
234 296
98 99
40 214
109 21
125 62
155 21 22
196 73
28 85
7 76
170 60
58 175
268 276
198 17
27 155
37 127
277 245
149 152
270 95
98 99
40 39
109 21
125 62
27 21 22
196 73
170 60
58 175
268 276
198 17
155 22
37 127
277 245
149 152
270 95
78 57
47 3
98 99
246 87
109 155
196 73
27 21
155 21 22
170 60
187 49
55 87
294 149
58 175
268 276
198 17
277 245
149 152
270 95
36 38
78 57
47 3
246 87
109 155
196 73
27 155 21 22
7 76
170 60
55 87
58 175
268 276
198 17
277 245
149 152
270 95
98 99
294 214
67 196
196 73
155 21 22
7 76
170 60
55 87
268 276
286 87
87 88
198 17
222 18
277 245
149 152
270 95
109 155
196 73
7 76
170 60
55 87
268 276
286 87
87 236
198 17
155 22
277 245
149 152
270 95
36 38
78 57
125 62
196 73
7 76
170 60
55 87
286 87
198 17
277 245
198 139
149 152
270 95
78 57
36 38
78 36
125 62
196 73
7 76
132 58
26 155
55 87
268 276
87 88
198 17
72 27 155 22
71 22
277 245
149 152
270 95
36 38
78 57
175 57
47 3
98 99
125 62
67 196
196 73
72 27 21
7 76
132 58
26 72
55 87
268 276
198 17
51 283
222 18
277 245
149 152
270 95
36 38
222 18
47 3
125 62
196 73
155 21 22
7 76
132 31
132 58
75 53
55 87
181 233
26 72
268 276
198 17 139
72 155
277 245
149 152
270 95
36 38
47 3
213 234
125 62
196 73
155 21
7 76
132 58
187 49
55 87
75 53
268 276
286 87
87 88
72 155
155 22
198 17 138
37 127
120 51
277 245
198 139
149 152
270 95
36 38
47 3
213 296
75 125 62
196 73
155 21 22
7 76
132 58
75 53
268 276
198 17
286 87
198 138
139 138
37 127
277 245
149 152
270 95
36 38
213 296
75 125 62
196 73
155 21 22
7 76
132 58
75 53
187 49
268 276
198 17 139
198 139 138
37 127
262 18
222 18
277 245
270 95
149 152
13 45
170 60
55 87
132 58
155 21 22
213 296
270 95
198 17 139
17 139 138
222 18
109 21
125 62
286 87
37 127
13 45
270 51
60 67
47 3
7 76
75 53
75 62
120 51
196 73
27 21
268 276
277 245
47 3
213 296
109 21 22
75 125 62
196 73
155 21 22
7 76
170 60
132 58
55 87
268 276
286 87
198 17 139 138
120 51
222 18
277 245
270 95
36 38
175 57
13 45
191 210
44 134
55 87
181 233
132 58
155 21
213 296
270 95
17 139
175 57
222 18
109 21
125 62
198 138
286 87
7 76
75 53
294 152
196 73
21 22
191 161
268 276
262 222
277 245
213 296
75 62
125 62
196 73
155 21
7 76
132 58
55 87
268 276
286 87
87 88
17 139
222 18
277 245
149 152
270 95
36 38
175 57
98 99
125 62
107 76
196 73
72 21
7 76
55 87
268 276
286 87
17 237
17 139
254 207
198 138
222 18
277 245
149 152
270 95
36 38
174 98
98 99
125 62
196 73
7 76
26 22
55 87
268 276
286 87
17 139
186 176
198 138
277 245
149 152
270 95
36 38
40 39
55 87
132 58
155 21
213 296
270 95
17 139
186 176
26 72
75 125
125 62
198 138
286 87
286 88
222 259
98 99
7 76
75 53
149 152
36 38
71 22
107 76
196 73
268 276
277 245
98 99
125 62
196 73
7 76
132 58
75 125
286 55 87
55 236
191 161
286 87 88
17 139
17 38
37 127
198 138
262 222
222 259
222 18
277 245
270 95
36 38
28 85
107 85
286 55 87 88
155 21
254 207
234 296
270 95
17 139
186 176
175 57
125 62
198 138
37 127
222 259
60 67
7 76
75 53
36 38
196 73
191 161
277 245
28 85
286 55 87
286 55 88
220 58
155 21 22
213 296
234 296
270 95
17 139
163 176
175 57
222 18
187 49
125 62
198 138
222 259
60 67
47 3
7 76
75 53
36 38
196 73
191 161
163 186
277 245
196 73
155 21 22
28 85
7 76
75 53
286 55 87
191 161
268 276
17 139
254 207
198 138
163 186
222 18
222 45
277 245
120 95
270 95
149 152
36 38
163 176
175 57
37 148
107 85
55 87
132 58
155 21
254 207
270 95
191 139
175 57
222 18
187 49
125 62
83 186
198 138
286 87
37 127
222 259
7 107
7 76
75 53
149 152
36 38
196 73
21 22
191 161
163 186
277 245
37 148
28 85
107 85
55 87
132 58
155 21
254 207
270 95
17 139
163 176
175 57
222 18
109 21
187 49
125 62
163 83
198 138
286 87
37 127
222 259
7 28 76
60 73
149 152
36 38
21 22
268 276
277 245
37 148
124 83 56
107 85
55 87
155 21
254 207
270 95
161 139
17 139
175 57
14 56
222 18
125 62
198 138
286 87
98 99
211 226
211 224
7 76
75 53
75 62
36 38
28 76
21 22
268 276
277 245
107 85
55 87
132 58
155 21
254 207
270 95
17 139
175 57
14 56
222 18
187 49
83 56
125 62
198 138
286 87
98 99
226 224
7 76
75 62
149 152
36 38
28 76
21 22
268 276
277 245
124 83 56
210 36 38
40 39
221 85
55 232 87
155 21
254 207
270 95
17 139
186 176
175 57
14 56
286 232 87
125 62
198 138
222 259
7 107
7 76
75 62
149 152
21 22
268 276
277 245
37 148
124 56
286 55 232
286 55 87
155 21
254 207
270 95
17 139
186 176
14 56
187 49
83 56
125 62
198 138
222 259
32 211
7 76
75 62
294 152
149 152
36 38
196 73
21 22
277 245
124 135
124 56
32 211
98 99
232 264
75 62
125 62
53 62
155 21
7 76
132 58
166 145
294 149
17 139
254 207
286 87
198 138
37 127
222 259
277 245
149 152
270 95
163 176
124 56
98 99
75 62
125 62
196 73
155 21
7 76
166 145
60 73
17 139
254 207
198 138
222 259
222 18
277 245
270 95
163 176
36 38
175 57
14 56
124 56
181 233
254 207
67 201
270 95
259 139
17 139
163 176
175 57
14 56
187 49
125 62
198 138
37 127
222 259
259 251
98 99
54 180
191 32 161
7 76
75 62
60 73
36 38
107 76
196 73
277 245
54 180
98 99
40 39
75 62
125 62
107 76
7 76
132 58
187 49
186 176
198 17 138
17 139 138
254 207
37 127
222 259
222 18
277 245
270 95
36 38
175 57
213 296
98 99
232 16
125 62
196 73
155 21
44 134
7 76
208 296
60 67
60 73
268 276
64 115
198 17 138
254 36 207
186 176
139 138
222 259
277 245
270 95
163 176
36 38
175 57
132 58
254 207
213 296
270 95
198 17 139 138
163 176
175 57
14 56
222 18
232 16
166 251
166 145
187 49
35 251
125 62
222 259
60 67
98 99
54 180
7 76
149 152
36 38
196 73
268 276
277 245
54 180
124 56
98 99
232 16
125 62
7 76
132 58
166 145
60 67
60 73
26 72
268 276
198 17 139 138
92 179
222 259
222 18
277 245
270 95
149 152
36 38
175 57
68 157
37 148
72 155
155 21
251 207
213 296
270 95
198 17 139 138
175 57
251 112 218
222 18
166 145
187 49
213 35
125 62
135 56
37 127
222 259
60 67
98 99
54 180
92 179
149 152
36 38
196 73
21 22
268 276
277 245
68 157
37 148
124 83
170 73
132 58
71 155
72 155
254 207
270 95
17 139 138
175 57
112 218
222 18
166 145
135 56
198 138
222 259
60 67
98 99
7 76
92 179
149 152
36 38
27 21
21 22
277 245
68 164
124 83
132 58
270 95
198 17 139 138
175 57
112 218
112 216
45 18
166 145
37 127
60 67
98 99
54 180
7 76
75 53
92 179
149 152
36 38
53 62
27 21
191 161
243 251
277 245
68 157
124 83
132 58
270 95
198 17 139 138
175 57
112 218
262 18
166 145
187 49
135 56
37 127
222 259
259 45
60 67
122 82
7 76
92 179 107
149 152
36 38
107 76
243 140
53 62
196 73
27 21 22
191 161
243 251
277 245
68 157
68 164
221 85
66 88
155 283
270 95
198 17 139 138
112 218
166 145
135 56
37 127
222 259
60 67
54 180
7 76
75 62
92 179
36 38
27 21 22
243 251
277 245
68 164
241 236
66 88
132 58
155 283 24
270 95
198 17 139 138
175 57
166 145
135 56
37 127
60 67
93 22
7 76
75 62
92 179
36 38
196 73
27 21 22
191 161
277 245
124 83
132 58
155 24
270 95
198 17 139 138
175 57
222 18
45 18
187 49
135 56
37 127
222 259
251 145
60 67
7 76
92 179
179 107
36 38
196 73
191 161
27 22
277 245
124 83
50 49
135 232
219 224
196 73
166 145
60 67
135 56
17 139 138
155 24
27 22
92 179
222 18
277 245
270 95
36 38
175 57
18 45
54 180
124 83
92 101
196 73
7 76
166 145
187 49
60 67
83 186
135 56
17 139 138
155 24
27 22
92 179
222 18
277 245
270 95
36 38
175 57
124 83
40 39
196 73
166 145
132 58
187 49
75 53
17 139 138
222 18
277 245
149 152
270 95
175 57
54 180
243 140
40 39
196 73
221 85
7 76
132 58
166 145
187 49
60 73
26 72
17 139
17 138
155 24
92 179
277 245
149 152
270 95
78 79
175 57
124 83
132 58
155 283
155 24
270 95
17 139 138
175 57
109 21 22
166 145
187 49
135 56
125 62
286 87
60 67
218 216
7 76
60 73
92 179
149 152
251 140
243 251
277 245
124 83
109 21 22
75 62
196 73
166 145
75 53
60 67
17 139
17 138
155 283
155 24
286 87
27 22
262 222
92 179
243 251
270 95
149 152
277 245
175 57
112 218
124 83
120 275
155 283
155 24
270 95
17 139
175 57
78 79
112 218
109 21 22
166 145
187 49
198 17
286 87
60 67
98 99
174 126
75 53
92 179
174 189
243 140
196 73
27 22
243 251
277 245
124 83
98 99
226 219
241 236
125 62
109 22
196 73
166 145
75 125
75 53
187 49
268 276
198 17
17 139
155 283 24
92 179
277 245
149 152
270 95
175 57
112 218
124 83
155 283 24
270 95
17 139
175 57
112 218
109 22
226 219
219 224
166 145
75 125 62
17 138
198 138
222 259
98 99
75 53
92 179
149 152
167 72
243 140
196 73
268 276
72 22
243 251
277 245
167 25
124 83
98 99
125 62
196 73
21 22
7 76
166 145
75 202
198 17 138
17 139 138
155 283 24
243 251
92 179
222 259
259 45
277 245
149 152
270 95
175 57
112 218
124 83
241 236
167 25
270 95
198 17 139
139 138
283 24
175 57
112 218
268 269
166 145
187 49
125 62
222 259
60 67
98 99
7 76
60 196
167 153
149 152
71 22
196 73
21 22
294 149
268 276
277 245
167 153
98 99
241 236
268 269
7 76
166 145
187 49
60 67
294 149
198 17 139
71 22
139 138
243 251
222 259
277 245
270 95
175 57
112 218
124 83
241 236
170 60
155 24
270 95
198 17 139
178 108 176 88
175 57
112 218
268 269
166 145
187 49
198 138
222 259
60 67
7 76
92 179
167 153
196 73
294 149
268 276
277 245
124 83
241 236
155 21 22
270 95
17 139
178 108 176
175 57
167 109
226 219
166 145
187 49
125 62
198 17 138
37 127
222 259
60 67
206 108
7 76
178 88
92 179
149 152
196 73
72 21
277 245
167 72 155
124 83
98 99
40 39
241 236
196 73
21 22
166 145
26 155
187 49
198 17 139
72 155 22
198 138
178 88
178 108
178 176
92 179
277 245
149 152
270 95
78 79
175 57
112 216
124 83
275 283
26 155
71 167 155
167 72 155
213 296
270 95
17 139
175 57
262 18
226 219
166 145
198 17 138
60 67
98 99
178 108
178 88
92 179
149 152
36 38
21 22
243 251
277 245
213 296
167 72
98 99
40 39
196 73
265 263
7 76
166 145
187 49
60 67
198 17 139
198 17 138
178 108
92 179
277 245
149 152
270 95
36 38
175 57
241 236
286 55
167 72 155
167 155 21
270 95
198 17 139 138
283 24
175 57
112 216
166 145
187 49
60 67
98 99
7 76
178 108
92 179
149 152
36 38
196 73
108 88
243 251
277 245
109 155
155 21 22
270 95
198 17 139
198 139 138
283 24
175 57
112 216
226 219
219 224
166 145
187 49
257 248
222 259
60 67
98 99
7 76
178 108
92 179
36 38
107 76
167 72
167 21
196 73
72 22
243 251
277 245
241 236
58 79
59 188
155 21
270 95
198 17 139 138
175 57
112 298
112 216
26 167
187 49
125 62
257 248
222 259
60 67
98 99
7 76
178 108
92 179
36 38
107 76
167 72
167 22
72 21
27 21
21 22
277 245
124 83
210 58
241 236
120 158
58 79
155 21
270 95
198 17 139
17 139 138
175 57
218 219 224
166 145
125 62
60 67
98 99
93 22
179 101
226 218
7 76
178 108 88
92 179
149 152
167 72
196 73
21 22
27 22
277 245
124 83
270 158
120 158
153 155
270 95
198 17 139
17 139 138
175 57
283 24
112 298 6
109 21
218 219 224
166 145
222 259
60 67
98 99
206 108
101 76
226 218
7 76
60 73
178 108
178 88
92 179
179 76
149 152
167 72
196 73
27 21 22
268 276
277 245
14 124 175
124 83
270 158
153 155
270 95
198 17 139
17 139 138
178 176
175 57
112 6
218 219
219 224
268 269
166 145
298 216 6
222 259
60 67
98 99
206 178 108
178 88
92 179
149 152
167 21
167 22
196 73
294 149
27 22
277 245
124 175
153 155
270 95
178 108 176
178 176 88
163 57
14 175
112 298
112 216 6
186 175
226 219
218 219
219 224
268 269
166 145
125 62
198 17
17 138
222 259
60 67
98 99
98 126
206 108
60 73
92 179
149 152
71 167
167 72
167 21 22
196 73
27 22
277 245
14 124 175
120 158
270 95
178 108 176 88
163 57
112 6
218 219
166 268 269
145 268 269
187 50
198 17 138
50 49
222 259
60 67
98 99
174 126
216 6
206 108
41 91
7 76
60 73
92 179
149 152
71 167
196 73
72 21
243 251
277 245
124 83 175
59 51
59 260
207 49
270 95
78 57
219 20
14 175
112 298
112 216 6
34 253
218 219
166 145 268 269
26 167 153
187 49
198 17
17 138
222 259
145 268 276
174 126
174 99
98 99
60 67
206 108
7 76
178 88
92 179
71 167 153
149 152
196 73
294 149
108 88
277 245
124 83
241 236
120 158
170 60
59 260
270 95
23 176
108 176
176 88
218 219 20
14 175
112 6
83 175
222 18
218 219 224
166 145 268 269
26 72
135 56
83 186
298 6
198 17
17 138
222 259
145 268 276
60 67
98 99
126 99
216 6
171 184
7 76
75 178
178 88
92 179
71 153
167 153
149 152
251 140
196 73
262 222
277 245
14 124
241 236
270 95
226 218 219 20
218 219 224 20
14 83 175
112 216 6
222 18
109 22
166 145 268 269
135 56
198 17 138
222 259
145 268 276
60 67
98 99
171 184
92 179
71 167 153 72
153 22
196 73
108 88
262 222
277 245
14 124
124 83
44 134
234 296
270 95
218 219 20
14 175
112 216 6
83 175
222 18
109 22
226 218 219
166 145 268 269
26 71
26 153
135 56
83 186
198 17 138
222 259
145 268 276
60 67
98 99
7 76
92 179
167 153 72
71 167 72
154 27
251 140
196 73
262 222
243 251
277 245
124 83
44 134
59 49
270 95
218 219 20
14 83 175
112 298
112 216 6
226 218 219
226 219 224
202 265
166 145 268 269
135 56
198 17 138
145 268 276
262 13
60 67
98 99
7 76
92 179
167 153 72
196 73
108 88
277 245
14 124 175
124 83 175
221 85
153 155
234 296
270 95
108 176
218 20
224 20
159 52
112 298 216
109 22
218 219
202 265
166 145 268 269
135 56
83 186
125 62
198 17
17 138
145 268 276
262 13
60 67
98 99
206 178 108
178 91
41 91
92 179
167 153 72
153 27
167 21
243 140
196 73
186 108
277 245
14 124 83 175
286 55
270 95
108 176
159 52
112 216
112 6
109 22
218 219
145 268 269
166 145
135 56
83 186
125 62
298 6
198 17
17 138
222 259
145 268 276
262 13
60 67
98 99
206 108
41 91
178 108
92 179
251 140
196 73
23 24
243 251
277 245
14 124
124 83 175
275 283
59 49
270 95
178 108 176
159 52
112 6
109 22
166 145 268 269
133 226
298 6
198 17 138
180 49
262 13
270 120
60 67
216 6
41 91
7 76
92 179
167 72
167 21
196 73
23 24
243 251
277 245
40 39
55 247
270 95
206 108 176
14 175
112 298 6
34 253
109 21
109 22
218 219
166 145 268 276 269
135 56
298 216 6
198 17 138
180 49
222 259
262 13
60 67
98 99
206 178
92 179
71 167
251 140
27 21
196 73
243 251
277 245
23 24
40 39
286 55
55 247
167 155
59 51
270 95
17 139
206 178 108 176
224 20
14 175
112 226 6
109 21
218 219
166 145 268 269
166 145 268 276
187 180
83 186
198 17 138
226 298 6
298 216 6
222 259
262 13
60 67
98 99
92 179
71 167
243 140
21 22
196 73
243 251
277 245
286 55
55 247
270 95
198 17 139
198 139 138
178 176
108 176
224 20
14 175
112 298 6
109 22
218 219
145 269
166 145
125 62
298 216 6
222 259
145 268
262 45
262 13
60 67
98 99
101 91
294 183
92 179
251 140
196 73
27 21
21 22
23 162
268 276
243 251
277 245
46 134
120 158
221 85
59 51
59 260
270 95
198 139
178 108 176
224 20
14 175
112 298 216 6
34 253
109 21
218 219
213 223
166 292 269
166 268 269
135 246
135 56
125 62
198 138
222 259
262 45
60 67
98 99
92 101
92 179
71 21 22
196 73
268 276
23 162
262 222
277 245
243 251
44 134
120 158
270 95
198 139
139 138
178 108 176
224 20
14 175
112 298 6
112 216 6
71 109
109 21
218 219
166 145 268 269
166 145 292
86 17
116 17
222 259
60 67
206 108
92 179
167 21
268 276
277 245
124 186
46 134
221 85
44 134
55 247
66 76
75 151
167 155
270 95
198 139 138
108 176
224 20
194 165
112 216 6
34 253
266 229
71 109
218 219
166 145 268 269
166 145 292
222 259
60 67
98 99
7 94
206 108
178 108
92 179
167 153
149 152
71 21
268 276
277 245
40 39
46 134
66 76
270 95
198 139
206 178 108 176
120 283
14 175
112 216 6
165 226
71 109
218 219
166 145 268 269
166 145 292
198 138
60 67
7 107
7 76
92 179
71 22
119 120
196 73
268 276
277 245
241 236
40 39
46 134
179 66
66 76
153 155
270 95
198 139 138
206 108 176
224 20
112 216 6
34 253
32 33
71 109
218 219
202 269
116 17
222 259
60 67
92 91
179 91
7 76
71 21
71 22
277 245
46 134
160 60
7 66 76
270 95
259 139
198 139 138
206 108 176
178 176
194 274
112 216 6
83 175
71 167 109
218 219
268 265
166 269
166 292
222 259
292 268
60 67
50 184
75 226
92 91
180 184
167 21
167 22
268 276
23 162
277 245
119 275
46 134
229 134
160 60
75 151
7 66
270 95
198 139
108 176
194 274
112 298 216 6
256 49
222 18
120 165
71 167 109
109 21
218 219
268 265
166 145 202 269
26 75
187 50
259 138
198 84
174 126
98 99
60 67
287 141
92 91
75 27
178 108
92 76
180 184
167 22
268 276
23 162
277 245
277 267
119 275
229 134
230 134
75 151
181 192
7 66
75 155
270 95
198 139 138
206 176
108 176
14 175
112 216 6
34 253
222 18
109 21
218 219
268 265
166 145 202 269
135 56
172 141
222 259
86 101 76
60 67
98 99
171 184
92 91
178 108
149 152
180 184
268 276
23 162
23 24
277 245
267 186
119 275
11 235
229 134
55 247
7 66
66 94
181 192
75 151
58 79
207 296
174 173
270 95
206 108 176
198 139 138
174 194 126
112 216 6
222 18
218 219
268 276 265
202 269
172 287
298 6
222 259
86 101
98 99
60 67
287 141
206 178
180 171
171 184
92 91
149 152
71 72
167 22
23 162
277 245
267 84
119 275
229 134
75 151
7 66
47 42
58 79
59 51
207 296
248 296
174 173
270 95
198 139 138
108 176
224 20
174 194
194 126
256 84
222 18
266 77
234 294
120 165
218 219
268 276 265
202 265
166 145 202 269
172 287 141
116 17
17 299
17 235
298 6
49 184
222 259
292 268 276
292 287
86 101 76
60 67
98 126
141 280
47 3
180 171 184
149 152
71 167 72
268 280
23 162
277 245
72 27
119 275
165 275
11 235
40 39
229 134
160 60
75 151
7 66
58 79
207 296
17 300
270 95
139 138
108 176
14 83 175
159 60
159 52
194 126
32 33
222 18
266 77
120 165
165 96
218 219
213 223
172 287 265 141
166 202 269
135 246
298 6
198 138
198 84
174 98 126
98 99
60 67
299 141
167 40 72
262 226
180 171 184
76 91
261 87
149 152
71 167
28 76
196 73
268 276 280
262 222
277 245
267 186
119 275
11 280
72 39
39 22
229 134
286 55 87
7 66 76
59 188
256 296
289 122
270 95
198 139 84
139 138
178 108 176
78 77
159 52
112 216
13 18
222 259 18
234 294
120 165
165 96
218 219
213 223
265 141
166 145 202 269
135 246
172 287 141
86 101
174 126
98 126
98 99
60 67
77 122
180 171 184
92 91
261 87
149 152
36 38
71 72
167 72
243 140
196 73
276 280
277 245
288 300
267 186
275 96
229 134
170 73
286 55
7 66
66 76
75 151
59 188
207 296
270 95
198 139
108 176
96 283
224 20
14 175
159 52
112 219
262 222 18
13 18
109 21
109 22
218 219
120 96
166 145 202 269
287 265 141
135 246
135 56
298 6
50 49
198 84
222 259
216 230
262 45
86 101
174 126
98 99
40 93
226 217
180 171 184
122 82
203 6
167 75
60 177
60 196 73
36 38
71 72
72 36
167 22
268 276
277 245
166 288
172 288
241 236
40 39
218 134
215 248
160 73
170 73
286 55
75 151
32 29 94
59 188
199 184
270 95
198 139
139 84
178 176
108 176
14 175
258 205
262 45 18
222 18
109 21
298 219
218 219
172 287 265
166 145 202 269
187 49
35 34
135 56
298 6
50 49
292 268 276
86 101
98 99
40 93
54 231
163 77
77 79
180 171 184
122 82
167 75
198 161
149 152
36 38
243 140
196 73
276 280
218 6
23 24
277 245
288 287
276 11
11 235
275 96
160 268
286 55
29 86
29 28
132 58
59 171
59 188
301 300
270 95
95 51
198 139
178 108 176
224 20
14 175
159 156
112 218
112 219
83 175
258 205
262 18
222 18
219 6
172 287 265 141
172 301 265 141
166 145 202 269
26 167
187 49
35 34
174 125
135 56
298 6
174 49
50 49
4 94
259 45
292 268 276
292 235
86 101
174 126
98 99
40 93
47 94
32 3 107
32 3 38
163 77
171 184
243 60
198 161
3 28
149 152
243 140
169 51
191 161
23 24
277 245
159 288
288 301
267 186
275 96
11 235
40 39
112 218 134
42 3
32 29
29 86
181 192
144 258
75 151
132 58
59 171 188
59 171 184
59 260
301 300
270 95
198 139
206 176
178 108 176
78 57
224 20
159 269
14 175
222 18
109 21 22
218 219
166 145 269
35 34
135 56
298 6
50 49
4 47 94
4 3 94
37 127
86 101
174 126
98 99
218 216
32 36
214 227
122 82
203 73
36 38
243 140
191 161
268 276
268 280
277 245
68 146
288 299
275 96
11 235
40 39
95 158
112 218 134
219 134
75 151
32 29 86
132 58
7 66
75 155
59 260
301 300
270 95
198 139
178 108 176
224 20
14 175
83 175
258 299
165 51
109 21 22
117 114
219 6
287 265
67 269
166 145
166 287
195 125
172 141
298 218
298 6
50 49
4 3 94
145 280
229 230
268 235
280 235
86 101
174 126
98 99
206 178 108
163 77
77 79
255 214
171 188
75 153
104 5
72 87
184 231
36 38
71 72
189 274
191 161
268 276
277 245
68 157
89 230
89 134
288 258 299
288 258 202
67 11
40 39
112 134
160 73
170 196
7 66
66 8
32 29
29 86
75 151
132 58
47 42
292 144 235
75 155
59 184
268 142
301 300
270 95
95 96
189 185
185 274
107 176
108 176
198 139
283 24
226 20
14 175
159 52
112 218
83 175
229 212
200 227
156 18
165 51
109 21
109 22
232 73
218 219
117 114
213 223
287 265
265 280
166 172
187 53
298 218
100 49
50 49
177 49
4 3
280 235
86 101
86 28
98 99
93 21
5 105
32 28
50 60
229 12
122 82
60 177
60 72
104 5
178 107
178 108
178 196
36 38
71 72
174 184
196 73
191 161
268 276
277 245
68 157
148 147
229 89
288 299
40 93 39
229 12 134
230 134
215 213
170 188 73
286 55
75 151
32 29
47 42
75 155
59 184
48 8
268 300
270 95
198 139
107 108 176
226 20
194 274
159 52
112 218 6
83 175
299 205
258 202
52 250
117 114
109 21 22
140 265
287 265
166 145
26 71
172 141
50 49
49 184
4 3
37 127
145 276
32 86 28
86 101 28
98 99
301 141
216 6
54 53
203 227
122 82
178 107 108
71 167
100 177
174 189
174 62
287 280
191 161
268 276
277 245
148 147
89 134
288 299
292 11 235
259 197
197 106
40 93 39
230 134
170 196
286 55
42 3
32 29
29 86
75 151 155
144 142
132 58
50 59 184
59 73
142 141
199 256
270 95
198 139
107 108 176
108 176 250
57 84
96 283
78 84
194 274
112 218 6
299 205
301 205
165 51
109 21 22
117 114
218 219
268 265
269 235
51 96
166 140
166 145
26 71
135 56
168 146
49 73
4 3
37 127
86 101 28
174 99
98 99
99 196
287 141
216 6
32 101 28
211 104
255 214
203 227
122 82
178 107 108
71 21 22
98 72
140 301
177 196
191 161
277 245
288 299
40 39
159 158
243 134
230 134
170 49
170 73
151 155
32 29 86
144 300
93 155
155 22
142 141
199 256
201 49
270 95 52
198 139
107 108 176
78 57
78 84
194 274
159 51 52
14 175
112 218 219
112 218 6
83 175
301 205
229 212
109 22
172 265
26 71 75
166 145
135 56
211 298
50 49
161 84
4 3
140 145
229 230
86 101 28
174 99
180 99
99 72
287 141
243 229
203 227
203 204
174 100 60
174 60 184
178 107 108
103 271
167 153
36 38
72 196
180 177
191 161
268 276
119 51
277 245
124 232
89 134
288 299
157 275
145 11
212 229 134
230 134
215 213
170 49 73
286 55
55 247
32 29 86
29 86 101
144 269
271 131 22
287 142
199 256
270 95 52
198 139
226 20
194 274
159 52
112 218 6
268 205
299 205
121 3
109 21
109 22
218 219
156 96
248 282
166 140 145
279 1
135 56
146 67
50 49
248 250
4 47 3
37 127
32 86 28
86 101 28
174 60 99
93 21
287 141
216 6
54 53
243 229
229 12
60 72
71 167 153
36 38
108 302
174 184
100 184
189 184
100 72
81 27
107 108
174 73
191 161
268 276
23 162
177 73
277 245
148 147
124 232
89 230 134
40 39
229 134
37 85
48 85
278 136
136 172
25 103
170 72
32 29 101
29 86
144 269
128 131
80 131
131 155
81 155
173 60 98
199 256
270 95
286 247
198 139
139 138
31 178
159 52
112 218 219
112 218 6
299 205
205 280
270 52
217 18
121 36
117 114
166 140
135 56
146 67
64 115
50 49
248 250
4 47 3
270 51
60 99
216 6
224 105
206 107 108
32 101 28
102 80 103
243 229
229 12
203 204
75 154
60 98 62
102 103 81
36 38
191 108 302
107 108 302
174 184
100 184
189 184
271 21
21 22
191 161
268 276
262 222
277 245
68 67
68 96
124 232
89 134
285 11
292 11
48 8 85
136 172
32 29 28
29 86
181 175
144 269
132 58
256 207
199 256
201 196
270 95
139 138
78 57
159 52
285 273
14 83
112 218 219
112 219 6
299 205
229 212
121 48
117 114
250 282
278 292
166 140
135 246
135 56
50 49
248 250
4 47
4 3
262 259
292 291
292 137
140 145
229 230
270 51
157 67
98 99
60 126
224 105
75 1
154 1
81 1
27 1
206 302
32 101 28
77 221
80 81
228 211
243 229
203 204
128 103
128 271
178 191 108
163 221
102 103 81
108 302
189 184
191 107 108
21 22
268 276
268 280
23 162
27 22
72 73
277 245
148 147
124 232
89 134
119 158
28 85
170 274
229 134
230 134
212 134
55 87
75 151
32 29 86
144 269
48 8
270 95
57 84
78 84
278 285
285 273
194 274
159 52
112 218 219 6
268 205
121 36 38
278 265
265 303
250 282
166 140
35 263
172 273
50 49
108 84
84 302
4 3
37 127
292 291
140 145
34 263
157 67
98 99
60 126
287 141 273
216 6
206 302
47 3
47 48
54 180
32 101
128 80
80 271
80 22
229 12
171 73
72 188 73
178 108
102 103 81
71 152
107 302
268 276
268 280
23 162
277 245
68 67
124 232
11 235
222 197
28 85
230 134
170 274
55 87
42 3
42 8
32 29
29 86
144 269
35 249
48 8
270 95
139 138
108 176 84
237 111
104 20
78 77
194 274
119 159
285 291
285 273
14 83
112 218 219
112 218 6
70 127
265 303
250 282
166 145
278 137
35 263
135 56
228 298
211 298
50 49
84 302
13 250
4 3
37 127
222 259
292 291
292 137
34 263
13 214
270 51
86 28
157 67
98 99
60 126
105 82
206 302
54 180
47 48
101 28
226 104
255 214
243 229
304 188
128 103
128 81
132 302
179 108
102 103
100 98
107 108
271 21
268 276
268 280
262 222
72 73
277 245
68 67
28 85
230 134
212 134
42 3
32 29
29 86
179 181
144 269
103 131
48 8
26 74
270 95
57 84
23 283
237 111
119 159
285 301 273
112 218 219 6
51 52
109 22
265 303
35 34 263
135 56
108 84
84 302
4 3
292 291
292 137
179 192
157 67
98 99
60 126
216 6
32 115
206 302
47 48
243 229
101 28
128 103
128 81
178 179
102 103
184 118
191 107
107 108
191 161
186 108
72 73
277 245
68 67
2 152
89 6
89 134
221 210
229 134
112 134
230 134
42 3
32 29 86
75 151
144 269
26 131
131 153
3 8
48 8
108 8
287 142
270 95
57 84
226 20
104 20
23 283
112 218 219
112 218 6
299 205
217 106
51 52
109 21 22
265 303
166 140 145
13 35
35 263
135 56
228 298
186 84
4 3
98 99
99 73
60 126
287 141
32 115
206 302
47 48
229 6
80 81
101 28
171 73
128 81
102 103
184 118
36 108
107 108
268 276
186 108
27 22
72 73
68 67
128 2
75 2
2 131
89 218 6
89 134
28 85
229 134
112 134
230 134
136 137
42 3
32 29
29 86
181 192
144 269
131 153
131 22
75 151
58 57
128 155
108 8
287 142
289 220
208 254
23 283
104 20
224 20
14 15
78 77
112 218 6
112 18
51 52
218 219
265 303
166 145
35 263
135 56
228 298
84 302
34 263
230 6
98 99
287 141
206 302
47 48
243 229
101 28
226 104
80 103
122 82
128 153
301 273
71 152
184 118
208 294
268 276
68 67
128 2
288 299
11 235
28 85
278 136
136 305
29 86
163 181
287 142
26 74
270 95
139 138
224 20
78 77
194 196
112 218
112 18
51 52
219 18
265 303
166 145
35 263
135 56
146 190
228 298
50 49
84 302
4 3
222 259
13 108
98 99
126 171
126 73
54 180
80 103
80 81
101 28
226 104
226 224
228 211
243 229
301 273
179 186
184 118
189 184
243 12
174 189
107 108
21 22
268 276 280
262 222
68 67
14 124
2 1
89 230
89 6
241 236
28 85
136 137
55 87
42 3
32 29
29 86
181 192
144 269
102 131
3 8
287 142
142 141
285 300
270 95
139 138
110 236
23 283
104 20
78 77
194 196
112 218 18
112 6
51 52
229 18
218 219
166 145
35 281
35 263
135 246
135 56
228 298
84 302
4 3
292 291
34 263
13 108
157 67
98 99
126 72 171
126 73
305 141
32 115
47 48
80 81
101 28
226 104
229 6
122 82
63 195
104 224
301 273
179 186
71 149
174 184
107 108
21 22
268 276
305 301
68 67
14 124
222 306
28 85
55 135 122
55 87
42 3
32 29
29 86
181 192
75 151
132 58
48 8
287 142 141
285 300
237 247 111
270 95
87 236
185 274
286 111
262 20
139 138
194 274
78 77
112 219 6
112 18
299 205
259 106
252 238
281 282
166 145
35 34 263
135 238
135 56
251 298
50 49
286 87
4 3
262 259
98 99
126 72 73
32 115
47 48
101 28
227 281
227 5
171 73
60 188
122 82
104 224
305 299
301 273
179 186
71 149
174 184
189 184
68 67
14 124
89 230
89 134
28 85
112 218 134
112 6 134
55 135
42 3
32 29
29 86
181 192
75 151
58 57
239 245
287 142
142 141
142 303
285 300
270 95
139 138
135 111
23 283
194 274
112 6 18
299 205
51 52
219 6 18
166 145
278 145
35 34
135 237
50 49
255 250
286 87
4 3
292 291
98 99
126 72 73
206 302
54 53
47 48
80 81
72 171 73
60 188
122 82
75 22
301 273
179 186
71 152
189 184
21 22
277 245
68 67
14 124
2 1
89 230 134
288 258
28 85
218 6 134
55 88
42 3
32 29
29 86
181 192
181 175
102 103 131
75 151
277 239
58 57
48 8
293 150
287 142
142 303
31 209
270 95
139 138
112 219 18
299 205
51 52
218 6 18
109 21
265 141
166 145
278 145
203 35
35 34
146 190
218 44
286 87
4 3
98 99
126 73
206 302
47 48
243 229
80 81
171 73
238 237
71 152
243 295
189 184
63 98
140 268
140 280
21 22
174 73
268 276
72 73
68 67
14 124
89 230
89 6
288 258
28 85
42 3
32 29
29 86
181 192
75 151
58 57
102 131
48 8
142 303
270 95
112 218
112 219 18
299 205
51 52
219 6 18
109 21
166 140
84 302
98 99
126 72 73
32 115
206 302
47 48
243 229
128 80
80 81
72 171 73
122 82
102 103
61 16
174 184
189 184
291 301
21 22
255 5
305 301
68 67
14 124
134 89 6 230
288 258
32 85
28 85
218 134
32 29
29 86
181 192
58 57
277 239
48 8
172 150
287 142
270 95
135 111
57 84
112 218 18
258 202
299 205
218 219 18
121 36
278 145
166 140
172 281
83 82
50 49
84 302
286 87
4 3
98 99
60 126
32 115
206 302
47 48
243 229
34 227
75 27
71 152
71 149
189 184
63 98
291 301
21 22
268 281
72 73
68 67
14 124
2 1
134 89 6 230
288 258
28 85
243 134
55 88
42 3
32 29 86
181 192
181 175
48 8
31 209
63 173
270 95
95 51
57 84
78 77
112 218 219 18
299 205
258 202
121 36
278 145
133 235
4 3
292 287
157 67
98 99
99 72
287 141
32 115
54 180
47 48
80 81
243 229
229 6
171 73
71 152
36 38
291 301
21 22
174 73
268 281
72 73
68 67
14 124
89 6 134
295 46
229 6 134
32 85
28 85
42 3
32 29
29 86
181 192
144 269
75 151
102 131
48 8
285 300
63 173
270 95
112 218 18
258 202
299 205
205 280
51 52
218 219 18
83 82
84 302
286 87
4 3
157 67
98 99
60 126
287 141
32 115
54 180
128 80
171 73
75 27
71 152
184 118
71 149
21 22
208 294
305 301
68 67
89 230
89 6
288 258
28 85
55 56
55 88
42 3
42 130
32 29
29 86
181 192
181 175
144 269
75 151
249 18
58 57
48 8
142 303
270 95
23 283
78 77
112 219 18
299 205
258 202
121 130
265 141
227 282
166 145
172 281
83 82
50 49
286 87
4 3
203 263
229 230
60 126
287 141
32 115
206 302
54 180
47 48
128 80
171 73
75 27
102 103
71 152
184 118
71 149
291 301
21 22
72 73
14 124
89 134
28 85
55 56
55 88
42 3
181 192
58 57
144 269
29 86
48 8
10 150
285 300
142 303
270 95
78 77
112 219
258 202
299 205
51 52
265 141
166 145
83 82
50 49
203 263
60 126
63 99
287 141
32 115
47 48
128 80
34 227
171 73
75 27
71 152
71 149
291 301
21 22
208 294
305 301
68 96
89 19
89 134
46 134
28 85
212 134
55 56
42 121 130
42 3
32 29
29 86
181 192
144 269
75 151
249 219
58 57
48 8
142 303
285 300
63 173
173 98
270 95
95 51
78 77
112 212
258 202
299 205
51 52
6 18
265 141
166 145
172 145
50 49
286 87
4 3
292 137
203 263
60 126
98 99
287 141
32 115
206 302
47 48
101 28
75 27
71 152
81 149
291 301
21 22
27 22
32 85
28 85
219 134
42 3
181 192
32 29 86
48 8
285 300
63 173
270 95
78 77
258 202
299 205
205 280
51 52
6 18
121 130
229 219
166 140
166 145
146 67
50 49
4 3
203 263
98 99
99 72
60 126
287 141
32 115
47 48
101 28
128 80
80 81
171 73
71 152
71 149
81 149
21 22
68 67
230 134
32 85
28 85
136 137
42 3
32 29
29 86
181 192
102 131
48 8
285 300
63 173
270 95
135 111
78 77
299 205
51 52
121 130
218 219
265 141
166 140
166 145
83 82
146 67
50 49
286 87
292 137
203 263
157 67
98 99
60 126
287 141
32 115
101 28
203 227
171 73
92 91
28 91
3 48
71 152
71 149
81 149
21 22
268 281
305 301
68 67
148 147
46 212
28 85
5 134
55 88
75 151
32 29 86
32 29 115
181 192
42 3
102 131
48 8
63 173
270 95
78 77
299 205
51 52
265 141
166 140
286 87
292 137
203 263
98 99
99 72
60 126
287 141
80 103
101 28
179 186
71 152
71 149
21 22
174 72
268 276
268 281
72 73
305 301
68 67
286 241
277 267
267 245
28 85
5 134
55 56
55 88
42 3
181 192
32 29
29 86
102 131
48 8
142 303
63 173
270 95
78 77
299 205
51 52
265 141
166 140
166 145
146 67
50 49
286 87
292 137
203 263
98 99
99 72
60 126
287 141
123 284
32 115
101 28
71 152
71 149
268 276
268 281
68 67
277 267
267 245
28 85
229 134
44 134
167 25
181 192
32 29
29 86
102 131
48 8
287 142
142 303
63 173
270 95
78 77
299 205
51 52
6 18
166 140
166 145
286 87
4 3
292 137
203 263
98 99
60 126
287 141
32 115
179 186
71 152
71 149
196 274
268 281
68 67
241 236
267 245
28 85
181 192
32 29
63 173
270 95
139 138
78 77
299 205
51 52
166 145
83 82
292 137
203 263
98 99
60 126
287 141
32 115
47 48
80 81
71 152
268 281
68 67
286 241
241 236
267 245
46 212
28 85
181 192
181 175
32 29
48 8
63 173
270 95
139 138
78 77
299 205
51 52
166 145
50 49
292 137
203 263
60 126
98 99
287 141
47 48
80 81
132 221
238 261
71 152
184 118
113 5
268 281
68 67
267 245
28 85
55 88
181 192
181 175
32 29
19 249
48 8
270 95
299 205
51 52
166 145
292 137
203 263
270 51
98 99
60 126
287 141
47 48
80 81
71 152
184 118
268 281
72 73
68 67
267 245
46 212
28 85
55 88
181 192
58 57
32 29
102 131
270 95
139 138
305 205
299 205
51 52
218 219
166 140
166 145
292 137
203 263
270 51
98 99
99 72
60 126
287 141
32 115
206 302
47 48
163 77
80 81
34 227
171 73
71 152
72 73
63 72
68 67
89 134
288 299
46 212
28 85
19 134
55 88
181 192
32 29
102 131
270 95
139 138
305 205
299 205
51 52
166 140
166 145
4 3
292 137
203 263
157 67
98 99
99 72
60 126
287 141
32 115
47 48
80 81
34 227
171 73
195 62
71 152
268 281
68 67
89 134
288 299
277 267
28 85
249 134
55 88
181 192
181 175
58 57
32 29
173 98
270 95
139 138
299 205
218 219
166 145
292 137
203 263
98 99
287 141
32 115
47 48
171 73
195 62
71 152
291 301
268 281
305 301
68 67
89 134
277 267 245
46 212
28 85
55 88
181 175
58 57
32 29
285 300
173 98
270 95
139 138
23 283
299 205
6 18
166 145
4 3
292 137
203 263
98 99
287 141
47 48
80 81
171 73
92 91
71 152
63 98
268 281
305 301
68 67
89 134
277 267
28 85
55 88
181 192
181 175
58 57
32 29
48 8
173 98
270 95
139 138
23 283
299 205
166 140
166 145
286 87
292 137
203 263
98 99
287 141
32 115
206 302
47 48
80 81
171 73
92 91
71 152
63 98
291 301
268 281
68 67
32 29
29 86
58 57
48 8
142 303
173 98
139 138
299 205
218 219
166 145
125 62
50 49
286 87
292 137
203 263
270 51
287 141
206 302
80 81
171 73
122 82
195 62
71 152
63 98
68 67
89 134
28 85
229 134
249 134
32 29
58 57
102 131
142 303
31 209
63 173 98
139 138
23 283
299 205
166 140
166 145
125 62
286 87
292 137
203 263
270 51
287 141
206 302
47 48
229 19
171 73
203 34
71 152
291 301
268 281
68 67
89 134
46 212
28 85
229 134
249 134
58 57
102 131
142 303
31 209
173 98
139 138
299 205
6 18
166 140
166 145
172 281
125 62
286 87
292 137
203 263
230 12
287 141
47 48
229 19
229 12
80 81
171 73
92 91
71 152
243 295
63 98
291 301
68 67
89 134
28 85
249 134
181 192
58 57
32 29
102 131
142 303
31 209
63 173
139 138
23 283
258 202
299 205
218 219
166 140
203 35
172 281
50 49
203 263
98 99
60 126
287 141
47 48
80 81
171 73
92 91
71 152
291 301
68 67
89 19
288 258
28 85
249 134
32 29
102 131
142 303
31 209
139 138
23 283
305 205
299 205
218 219
166 145
203 35
292 137
203 263
98 99
60 126
287 141
47 48
80 81
34 227
171 73
92 91
71 152
291 301
268 281
72 73
68 67
89 19
28 85
249 134
75 151
58 57
102 131
142 303
135 111
258 202
299 205
218 219
166 145
203 35
292 137
203 263
98 99
60 126
287 141
47 48
80 81
34 227
171 73
179 186
71 152
174 98
68 67
28 85
249 134
58 57
102 131
23 283
78 77
258 202
299 205
6 18
166 140
203 35
229 44
292 137
98 99
60 126
287 141
163 77
80 81
34 227
171 73
179 186
71 152
291 301
68 67
89 249
89 134
288 258
28 85
75 151
32 29
58 57
31 209
78 77
299 205
203 35
50 49
229 44
292 137
203 263
98 99
60 126
287 141
32 115
171 73
195 62
179 186
63 98
291 301
68 67
89 249
28 85
75 151
32 29
58 57
287 142
23 283
78 77
258 202
299 205
6 18
166 145
203 35
83 82
229 44
292 137
60 126
32 115
171 73
92 91
179 186
71 152
291 301
68 67
89 249
28 85
75 151
32 29
29 86
58 57
102 131
63 173
78 77
258 202
299 205
6 18
218 219
203 35
292 137
203 263
157 67
60 126
206 302
34 227
171 73
92 91
179 186
68 67
89 19
89 134
241 110
28 85
249 134
75 151
42 3
58 57
102 131
59 184
142 303
139 138
258 202
299 205
6 18
83 82
229 44
292 137
203 263
157 67
99 72
60 126
32 115
206 302
171 73
68 67
14 124
124 83
89 249
28 85
249 134
42 3
181 175
58 57
102 131
32 29
48 8
139 138
258 202
299 205
6 18
166 145
133 10
83 82
286 87
292 137
203 263
60 126
206 302
80 81
171 73
92 91
36 38
206 302
68 67
46 212
32 115
229 44
122 82
171 73
249 46
249 134
43 83
83 82
28 85
60 126
181 175
58 57
157 67
299 205
258 202
48 8
139 138
6 18
292 137
68 67
14 124
124 83
89 12
288 258
46 12
28 85
19 134
249 134
12 134
212 134
75 151
58 57
102 131
48 8
63 173
139 138
258 202
6 18
203 35
229 44
157 67
99 72
60 126
206 302
34 227
171 73
122 82
75 22
68 67
124 83
46 212
19 134
249 134
55 56
75 151
29 86
58 57
102 131
48 8
139 138
135 111
258 202
19 212
6 18
218 219
229 44
292 137
157 67
60 126
171 73
75 27
63 98
72 73
68 67
124 83
89 12
28 85
249 134
75 151
32 29
58 57
31 209
139 138
135 111
23 283
305 205
299 205
6 18
166 140
125 62
292 137
203 263
157 67
60 126
80 81
34 227
171 73
75 22
174 73
72 73
14 124
124 83
28 85
249 134
32 29
29 86
59 184
270 95
139 138
23 283
258 202
299 205
6 18
218 219
166 145
125 62
50 49
292 137
203 263
60 126
98 99
206 302
171 73
63 98
288 258
46 212
32 29
29 86
287 142
173 98
270 95
139 138
23 283
258 202
305 205
299 205
6 18
218 219
166 145
229 44
292 137
203 263
60 126
98 99
32 115
206 302
34 227
171 73
75 22
71 152
63 98
174 73
68 67
279 2
288 258
46 212
28 85
32 29
142 303
173 98
270 95
139 138
23 283
258 202
299 205
51 52
203 263
98 99
60 126
271 93
32 115
34 227
171 73
179 186
113 6
68 67
89 19
89 212
288 258
28 85
249 134
32 29
58 57
142 303
270 95
139 138
23 283
258 202
305 205
299 205
6 18
292 137
203 263
287 141
32 115
80 81
34 227
171 73
291 301
68 67
279 2
89 19
288 258
28 85
249 134
32 29
29 86
58 57
59 184
48 8
142 303
270 95
139 138
23 283
78 77
258 202
299 205
6 18
166 145
286 87
292 137
203 263
32 115
206 302
80 103
34 227
171 73
178 198
27 152
68 67
89 19
288 258
28 85
136 292
32 29
29 86
58 57
48 8
270 95
139 138
135 111
23 283
305 205
6 18
286 87
4 3
292 137
203 263
60 126
287 141
206 302
47 48
80 103
34 227
171 73
63 98
68 67
89 249
249 134
32 29
29 86
58 57
59 184
139 138
23 283
135 111
299 205
6 18
286 87
292 137
203 263
287 141
206 302
54 180
47 48
80 81
34 227
171 73
63 98
291 301
46 212
54 180
167 131
32 29
68 67
63 98
287 141
34 227
171 73
265 141
28 85
203 263
135 111
58 57
286 87
299 205
48 8
6 18
292 137
23 283
68 67
28 85
32 29
29 86
58 57
59 184
48 8
270 95
139 138
23 283
299 205
6 18
218 219
265 141
203 35
292 137
203 263
287 141
32 115
54 180
80 103
80 81
34 227
171 73
75 22
63 98
47 48
68 67
32 29
32 115
121 130
287 141
34 227
171 73
265 141
28 85
203 263
75 22
102 131
42 3
58 57
299 205
48 8
139 138
292 137
270 95
23 283
305 205
68 67
279 2
28 85
42 3
32 29
58 57
48 8
270 95
139 138
23 283
305 205
292 137
203 263
60 126
287 141
54 180
47 48
80 81
34 227
171 73
75 22
63 98
68 67
28 85
42 3
32 29
58 57
48 8
270 95
139 138
23 283
135 111
299 205
218 219
265 141
133 10
203 263
60 126
287 141
32 115
47 48
80 103
34 227
171 73
179 186
63 98
68 67
89 134
288 258
28 85
42 3
181 175
58 57
32 29
48 8
270 95
139 138
135 111
23 283
299 205
6 18
218 219
265 141
203 263
287 141
32 115
54 180
47 48
80 103
34 227
171 73
75 22
68 67
46 212
28 85
42 3
32 29
58 57
48 8
285 300
63 173
270 95
139 138
283 24
135 111
258 202
299 205
6 18
218 219
265 141
133 235
4 3
203 263
287 141
32 115
47 48
80 103
34 227
171 73
92 91
75 22
71 152
208 294
68 67
157 275
32 85
28 85
42 3
32 29
58 57
59 184
48 8
285 300
63 173
270 95
139 138
283 24
78 79
299 205
51 52
218 219
265 141
203 35
50 49
287 141
32 115
47 48
80 103
34 227
171 73
92 91
75 22
71 152
268 281
72 73
68 67
157 275
28 85
42 3
32 29
58 57
128 155
48 8
63 173
270 95
139 138
283 24
78 79
299 205
270 52
51 52
218 219
265 141
50 49
60 126
287 141
32 115
206 302
47 48
34 227
171 73
92 91
75 22
60 62
71 152
268 276
268 281
68 67
157 275
32 85
42 3
32 29
58 57
48 8
208 254
270 95
139 138
283 24
78 79
299 205
6 18
218 219
265 141
203 35
60 126
287 141
32 115
206 302
54 180
47 48
34 227
171 73
92 91
75 22
208 294
268 276
68 67
157 275
46 212
32 85
28 85
42 3
32 29
58 57
48 8
142 303
208 254
270 95
139 138
283 24
299 205
6 18
265 141
203 35
4 3
60 126
287 141
32 115
206 302
47 48
34 227
171 73
92 91
75 22
178 186
268 281
68 67
89 46
89 134
157 275
46 212
28 85
249 134
42 3
32 29
58 57
287 142
142 303
208 254
270 95
139 138
283 24
135 111
299 205
218 219
265 141
292 291
60 126
287 141
206 302
54 180
47 48
171 73
92 91
75 22
291 301
268 281
68 146
68 67
89 249
32 85
28 85
249 134
42 3
32 29
58 57
48 8
208 254
270 95
139 138
283 24
135 111
299 205
265 141
4 3
287 141
32 115
206 302
54 180
47 48
80 81
171 73
92 91
75 22
71 152
291 301
208 294
268 281
68 67
157 275
32 85
28 85
42 3
32 29
29 86
163 58
48 8
287 142
142 303
270 95
283 24
305 205
299 205
6 18
265 141
166 145
4 3
203 263
157 67
60 126
32 115
54 180
47 48
80 81
171 73
92 91
75 22
71 152
291 301
268 281
68 67
157 275
28 85
42 3
32 29
58 57
144 269
59 184
48 8
287 142
270 95 52
283 24
305 205
299 205
51 52
6 18
265 141
4 3
157 67
60 126
54 180
47 48
171 73
92 91
75 22
268 281
68 67
14 124
279 75 2
229 46
28 85
136 292
42 3
32 29
58 57
59 184
48 8
208 254
270 95
95 52
283 24
135 111
299 205
51 52
218 219
265 141
166 145
50 49
286 87
4 3
203 263
98 99
54 180
47 48
80 81
171 73
92 91
75 22
71 152
291 301
68 67
157 275
46 212
28 85
42 3
58 57
48 8
142 303
270 95
299 205
6 18
265 141
156 96
227 282
50 49
206 84
292 137
98 99
60 126
54 180
47 48
171 73
92 91
75 22
71 152
268 281
68 67
89 212
157 275
67 275
28 85
42 3
32 29
58 57
59 184
48 8
287 142
142 141
270 95
135 111
218 219
265 141
156 96
203 35
4 3
203 263
206 302
54 180
47 48
80 81
171 73
92 91
75 22
291 301
68 67
89 134
46 212
32 85
28 85
32 29
58 57
102 131
270 95
135 111
6 18
218 219
265 141
166 140
166 145
286 87
4 3
203 263
98 99
32 115
206 302
163 77
80 81
171 73
92 91
75 22
10 293
291 301
268 281
68 67
89 19
157 275
46 212
28 85
229 134
32 29
48 8
270 95
135 111
78 77
218 219
265 141
166 145
203 263
98 99
206 302
163 77
80 81
171 73
92 91
75 22
10 293
291 301
268 281
68 67
288 258
46 212
28 85
29 86
102 131
48 8
270 95
198 139
135 111
78 77
6 18
121 36
218 219
265 141
50 49
286 87
203 263
98 99
60 126
206 302
54 180
47 48
80 81
171 73
92 91
75 22
10 293
291 301
268 281
68 67
89 212
89 134
288 258
46 212
28 85
32 29
29 86
59 49
287 142
270 95
198 139
135 111
78 77
299 205
51 52
121 36
265 141
166 145
49 118
98 99
75 93
60 126
54 180
47 48
80 81
171 73
92 91
75 22
291 301
268 276
268 281
68 67
157 275
46 212
28 85
42 3
32 29
58 57
48 8
287 142
270 95 52
198 139
78 77
51 52
6 18
121 36
166 145
203 35
50 49
286 87
60 126
47 48
80 81
171 73
92 91
75 22
63 98
291 301
268 276
68 67
288 258
157 275
46 212
28 85
249 134
48 8
172 150
287 142
142 303
270 95 52
198 139
78 79
159 52
258 202
51 52
6 18
121 36
218 219
166 145
50 49
286 87
206 302
47 48
80 81
101 28
171 73
92 91
75 22
63 98
291 301
68 67
288 258
46 212
28 85
249 134
42 3
58 57
287 142
270 95
198 139
135 111
78 79
299 205
51 52
121 36
218 219
166 145
10 172
50 49
60 126
206 302
47 48
80 81
101 28
171 73
92 91
75 22
100 98
63 98
291 301
68 67
28 85
249 134
144 269
59 49
287 142
172 150
270 95
78 77
78 79
299 205
51 52
6 18
50 49
4 3
60 126
54 180
47 48
80 81
171 73
75 271
75 22
102 103
63 98
291 301
68 67
89 249 134
46 212
181 175
58 57
144 269
172 150
287 142
142 303
208 254
270 95
198 139
135 111
78 79
258 202
299 205
51 52
6 18
203 35
50 49
286 87
47 48
80 81
171 73
75 22
268 299
102 103
63 98
291 301
174 73
68 67
75 2
89 19 249 134
277 267
46 212
29 86
144 269
270 95
198 139
78 79
258 202
299 205
218 219
203 35
50 49
60 126
54 180
47 48
80 81
171 73
75 22
63 98
174 73
68 67
279 2
89 249
249 134
181 175
32 29
29 86
287 142
173 98
270 95
198 139
78 79
258 202
299 205
19 212
218 219
203 35
50 49
206 302
54 180
47 48
80 81
171 73
75 22
63 98
174 73
268 276
68 67
279 2
157 275
249 212
59 49
287 142
270 95
198 139
78 79
299 205
6 18
218 219
166 145
203 35
50 49
54 180
47 48
80 81
171 73
75 22
63 98
268 276
68 67
279 2
46 212
160 146
42 3
181 192
181 175
186 209
270 95
198 139
135 111
78 79
258 202
299 205
19 212
6 18
166 145
50 49
54 180
47 48
80 81
171 73
75 22
184 118
68 67
279 2
89 134
46 212
28 85
42 3
181 192
32 29
48 8
142 303
270 95
198 139
258 202
299 205
19 212
6 18
121 130
218 219
166 140
166 145
203 35
50 49
60 126
47 48
80 81
101 91
171 73
75 22
10 293
291 301
174 73
268 281
72 73
68 67
46 212
28 85
249 134
181 192
32 29
48 8
287 142
142 303
31 209
270 95
198 139
78 77
299 205
121 130
166 140
166 145
203 35
50 49
286 87
60 126
287 141
206 302
47 48
80 81
171 73
75 22
102 103
10 293
174 73
68 67
89 19
89 134
157 275
249 134
181 192
32 29
48 8
287 142
142 303
270 95
198 139
135 111
78 77
258 202
299 205
121 130
218 219
166 145
133 10
203 35
50 49
286 87
60 126
287 141
206 302
47 48
80 81
171 73
75 152
75 22
102 103
10 293
68 67
89 19
89 249 134
157 275
46 212
28 85
181 192
48 8
287 142
142 303
270 95
198 139
299 205
121 130
218 219
166 145
172 281
50 49
203 263
287 141
206 302
54 180
47 48
80 81
171 73
102 103
71 149
68 67
89 134
157 275
46 212
28 85
249 134
42 3
32 29
270 95
78 77
78 79
258 202
121 130
218 219
166 145
50 49
203 263
92 86
287 141
206 302
47 48
80 81
171 73
102 103
71 149
68 67
89 19
28 85
42 3
58 57
144 269
59 118
287 142
270 95
78 77
78 79
258 202
6 18
19 212
121 130
50 49
292 137
203 263
98 99
287 141
206 302
47 48
80 81
171 73
291 301
174 73
68 67
89 134
28 85
212 134
42 3
59 49
287 142
270 95
135 111
78 77
78 79
299 205
121 130
203 35
50 49
203 263
98 99
60 126
287 141
206 302
47 48
163 77
80 81
171 73
71 149
291 301
68 67
89 134
157 275
28 85
42 3
32 29
59 49
287 142
270 95
78 77
78 79
299 205
51 52
121 130
50 49
203 263
98 99
60 126
287 141
206 302
54 180
47 48
163 77
80 81
171 73
92 91
291 301
174 73
305 301
68 67
89 134
157 275
28 85
249 134
42 3
32 29
29 28
181 192
59 49
270 95
135 111
299 205
51 52
121 130
218 219
203 35
50 49
287 141
206 302
47 48
80 81
171 73
92 91
203 34
291 301
208 294
68 67
279 2
89 134
157 275
46 212
42 3
181 175
32 29
59 49
59 118
270 95 52
78 77
78 79
51 52
121 130
218 219
203 35
50 49
203 263
287 141
206 302
47 48
80 81
171 73
92 91
203 34
291 301
68 67 96
89 134
277 267
157 275
42 3
32 29
59 49
270 95
78 79
258 202
270 52
51 52
121 130
218 219
203 35
50 49
203 263
98 99
287 141
206 302
47 48
80 81
171 73
92 91
203 34
291 301
208 294
174 73
305 301
54 180
47 48
32 29
78 77
98 99
121 130
89 134
68 67
277 267
80 81
157 275
171 73
203 35
203 34
203 263
208 294
102 131
51 52
258 202
48 8
270 95
305 301
68 67
89 19
89 212
277 267
157 275
29 28
102 131
142 303
31 209
270 95
258 202
51 52
121 130
218 219
203 35
203 263
47 48
80 81
171 73
92 91
208 294
174 73
268 276
305 301
68 67
68 96
89 19
277 267
157 275
46 212
32 29
144 269
142 303
270 95
95 51
258 202
51 52
203 35
50 49
203 263
98 99
60 126
47 48
80 81
171 73
92 91
208 294
268 276
305 301
68 67
89 19
89 134
277 267
157 275
46 212
32 29
29 86
59 184
270 95
95 51
135 111
258 202
51 52
6 18
121 130
218 219
203 35
203 263
98 99
47 48
80 81
171 73
92 91
218 12
174 73
305 301
68 67
89 249 134
277 267
157 275
46 212
42 3
142 303
270 95
95 51
51 52
121 130
203 35
203 263
98 99
60 126
47 48
163 77
80 81
171 73
36 38
174 73
268 276
72 73
305 301
68 67
68 96
89 134
277 267
46 212
28 85
181 192
59 184
48 8
270 95
95 51
135 111
51 52
6 18
121 130
203 35
50 49
203 263
92 86
98 99
206 302
47 48
163 77
80 81
171 73
36 38
208 294
174 73
305 301
68 67
277 267
46 212
181 192
3 8
48 8
287 142
142 303
270 95 51
283 24
51 52
6 18
121 130
121 36
219 12
203 35
172 281
50 49
4 3
203 263
60 126
206 302
163 77
171 73
36 38
218 12
208 294
174 73
268 276
268 281
68 67
89 249
277 267
249 134
29 86
59 184
48 8
287 142
270 95 51
283 24
51 52
6 18
121 130
203 35
50 49
4 3
203 263
86 101
98 99
99 72
60 126
47 48
163 77
80 81
171 73
10 293
174 73
268 276
68 67
277 267
46 212
249 134
59 184
48 8
142 303
270 95 51
51 52
121 130
203 35
83 284
146 67
50 49
203 263
86 101
98 99
99 72
60 126
47 48
163 77
229 12
80 81
171 73
71 152
10 293
291 301
208 294
268 276
305 301
68 67
277 267
28 85
249 134
59 184
142 303
270 95
95 51
135 111
78 77
51 52
6 18
121 130
203 35
146 67
203 263
60 126
206 302
54 180
47 48
163 77
80 81
171 73
208 294
268 276
305 301
68 67
249 134
136 137
181 192
59 184
172 150
270 95 51
135 111
51 52
6 18
121 130
203 35
146 67
203 263
60 126
206 302
54 180
47 48
80 81
171 73
71 152
291 301
208 294
268 276
68 67
249 134
181 192
29 86
59 184
172 150
270 95
95 51
51 52
6 18
121 130
203 35
146 67
203 263
98 99
60 126
36 115
54 180
47 48
80 81
101 91
171 73
71 152
291 301
208 294
268 276
68 67
181 192
58 57
144 269
29 86
59 184
270 95
95 51
135 111
78 79
258 202
299 205
51 52
6 18
121 130
218 219
166 145
146 67
4 3
203 263
98 99
287 141
54 180
47 48
229 12
80 81
101 91
171 73
71 152
291 301
174 73
68 67
42 3
29 86
144 269
59 184
63 173
270 95
95 51
135 111
78 79
258 202
299 205
51 52
6 18
121 130
218 219
203 35
146 67
4 3
203 263
287 141
54 180
47 48
80 81
171 73
179 186
36 38
71 152
291 301
268 276
68 67
29 86
59 184
270 95
78 79
258 202
299 205
51 52
121 130
218 219
203 35
146 67
4 3
203 263
98 99
287 141
54 180
47 48
80 81
101 91
171 73
75 22
71 152
291 301
208 294
268 276
68 67
277 267
136 137
29 86
59 184
48 8
270 95
135 111
78 77
299 205
51 52
121 130
166 145
146 67
4 3
203 263
98 99
287 141
54 180
47 48
80 81
171 73
75 22
71 152
36 38
291 301
268 276
68 67
277 267
46 212
29 86
102 131
59 184
173 98
270 95
78 77
258 202
299 205
51 52
121 130
218 219
146 67
4 3
203 263
60 126
113 216
287 141
47 48
229 12
171 73
75 22
178 179
179 186
71 152
36 38
291 301
68 67
46 212
42 3
59 184
48 8
172 150
63 173
270 95
135 111
78 77
258 202
299 205
51 52
6 18
121 130
166 145
203 35
146 67
229 44
4 3
292 141
203 263
60 126
113 216
287 141
206 302
47 48
163 77
80 81
171 73
75 22
36 38
291 301
208 294
268 276
72 73
68 67
288 258
59 184
48 8
10 150
142 303
63 173 98
270 95 52
258 202
299 205
51 52
121 130
172 281
146 67
229 44
4 3
292 137
203 263
60 126
287 141
171 73
291 301
208 294
72 73
243 218
68 67
46 212
42 3
102 131
59 184
48 8
142 303
63 173
270 95
135 111
258 202
299 205
205 280
121 130
166 140
166 145
146 67
4 3
203 263
287 141
206 302
163 77
80 81
171 73
63 98
291 301
268 276
68 67
288 258
46 212
136 292
42 3
29 86
59 184
48 8
142 303
270 95
95 51
135 111
258 202
299 205
205 280
51 52
121 130
218 219
166 140
166 145
172 281
146 67
50 49
4 3
203 263
287 141
47 48
80 81
171 73
10 293
63 98
291 301
68 67
288 258
46 212
136 292
29 86
59 184
48 8
142 303
270 95
95 51
135 111
258 202
299 205
203 35
172 281
146 67
203 263
287 141
54 180
47 48
243 229
171 73
10 293
63 98
291 301
68 67
29 86
144 269
59 184
48 8
31 209
270 95
135 111
78 79
258 202
305 205
299 205
205 280
6 18
265 141
166 140
166 145
172 281
146 67
203 263
287 141
206 302
47 48
163 77
80 81
171 73
179 186
3 48
10 293
63 98
291 301
208 294
174 73
268 281
68 67
279 2
229 89
89 46
46 212
249 134
136 292
29 86
144 269
59 184
48 8
31 209
270 95
135 111
57 84
78 77
78 79
299 205
265 141
166 140
166 145
172 281
146 67
203 263
60 126
287 141
206 302
47 48
171 73
63 98
291 301
208 294
268 276
68 67
42 3
181 192
132 58
144 269
29 86
102 131
59 184
48 8
142 303
31 209
270 95
139 138
135 111
57 84
192 175
270 52
121 130
166 140
166 145
203 35
146 67
292 137
203 263
98 99
60 126
287 141
206 302
54 180
47 48
243 229
229 218
163 77
80 81
171 73
63 98
291 301
208 294
191 161
268 276
68 67
42 3
132 58
144 269
102 131
59 184
48 8
142 303
270 95
139 138
135 111
78 77
121 130
166 140
166 145
203 35
146 67
203 263
98 99
60 126
287 141
206 302
54 180
163 77
243 229 218
80 81
171 73
291 301
208 294
268 276
268 281
68 67
89 134
288 258
46 212
132 58
144 269
102 131
59 184
48 8
142 303
31 209
270 95
139 138
135 111
78 77
6 18
121 130
265 141
166 140
166 145
133 10
145 281
203 263
98 99
60 126
287 141
54 180
243 229
229 218
171 73
291 301
208 294
68 67
89 134
288 258
277 267
42 3
29 86
132 58
144 269
102 131
59 184
48 8
142 303
31 209
270 95
139 138
57 84
78 77
78 79
299 205
121 130
265 141
166 145
172 281
203 263
98 99
60 126
287 141
54 180
47 48
243 229
229 218
171 73
291 301
268 281
68 67
89 134
288 258
102 131
59 184
48 8
142 303
31 209
270 95
78 79
299 205
6 18
121 130
166 145
172 281
203 263
98 99
60 126
287 141
54 180
47 48
243 229
229 218
80 81
171 73
268 281
68 67
89 134
288 258
215 223
29 86
132 58
144 269
102 131
59 184
3 8
48 8
31 209
270 95
57 84
78 77
78 79
299 205
121 130
218 219
166 145
172 281
146 67
49 184
292 291
203 263
98 99
54 180
47 48
243 229 218
80 81
171 73
75 22
71 152
268 281
68 67
89 134
288 258
46 212
215 223
42 3
132 58
19 249
59 184
3 8
48 8
142 303
31 209
270 95
57 84
78 77
78 79
159 52
258 202
299 205
121 130
265 141
146 67
50 49
292 291
203 263
98 99
287 141
47 3
54 180
163 77
229 218
80 81
171 73
75 22
268 281
68 67
279 2
89 134
288 258
215 223
42 3
59 184
48 8
142 303
31 209
270 95
57 84
78 77 79
159 52
121 130
265 141
146 67
50 49
292 291
292 137
203 263
98 99
287 141
54 180
229 218
229 12
171 73
36 38
268 281
68 67
215 223
42 3
19 249
59 184
48 8
31 209
270 95
78 77
113 18
121 130
146 67
50 49
49 118
292 291
292 137
203 263
98 99
287 141
206 302
54 180
47 48
229 218
171 73
179 186
268 281
68 67
46 212
249 134
58 57
102 131
59 184
48 8
31 209
270 95
135 111
57 84
265 141
172 281
146 67
50 49
292 137
203 263
98 99
287 141
54 180
47 48
229 218
171 73
75 22
63 98
268 281
68 67
288 258
249 134
215 223
42 3
58 57
102 131
59 184
287 142
31 209
173 188
270 95
78 77
258 202
299 205
166 145
146 67
292 291
203 263
98 99
54 180
47 48
77 79
229 218
80 81
171 73
174 73
268 281
68 67
14 124
124 83
89 134
28 85
215 213
215 223
181 192
102 131
59 184
48 8
142 303
31 209
63 173
270 95
78 77
258 202
6 18
121 130
265 141
146 67
203 263
98 99
60 126
32 115
206 302
54 180
47 48
229 218
80 81
171 73
92 91
36 38
268 281
68 67
89 134
215 223
102 131
59 184
48 8
142 303
31 209
270 95
135 111
57 84
78 77
258 202
121 3
121 130
265 141
83 82
172 281
146 67
292 291
203 263
98 99
206 302
54 180
47 48
80 81
171 73
92 91
71 152
36 38
268 276
268 281
68 67
46 212
29 86
58 57
102 131
19 249
59 184
48 8
142 303
31 209
63 173
270 95
57 84
78 77
299 205
121 130
121 36
229 219
265 141
172 281
146 67
203 263
32 86
98 99
206 302
54 180
163 77
77 79
80 81
171 73
92 91
179 186
36 38
71 152
268 276
68 67
14 124
28 85
215 213
215 223
32 29
29 86
102 131
19 249
59 184
287 142
142 303
31 209
270 95
57 84
57 302
78 77
299 205
121 130
229 219
265 141
172 281
83 82
146 67
50 49
4 3
203 263
86 115
98 99
60 126
54 180
163 77
171 73
36 38
68 67
46 212
28 85
215 213
215 223
32 29 115
29 86 115
132 58
58 57
59 184
59 118
47 8
142 303
31 209
63 173
270 95
57 302
78 77
258 202
6 18
121 130
265 141
83 82
146 67
49 184
4 3
203 263
98 99
54 180
163 77
77 79
80 81
171 73
92 91
132 221
179 186
36 38
268 276
68 67
288 258
46 212
28 85
32 29
29 86
163 58
58 57
102 131
59 184
287 142
186 209
63 173
270 95
57 84
78 77
299 205
6 18
121 130
265 141
203 35
146 67
50 49
49 184
4 3
203 263
86 115
98 99
206 302
54 180
163 77
77 79
171 73
122 82
179 186
36 38
174 73
68 67
89 134
46 212
28 85
58 57
59 184
63 173
270 95
57 84
163 78 77
78 79
299 205
121 130
121 36
243 219
265 141
50 49
49 184
4 3
178 192
203 263
32 86
86 115
206 302
32 28
229 218
80 81
171 73
179 186
36 38
268 276
268 281
68 67
89 134
29 85
28 85
32 29 86
59 184
59 118
63 173
159 95
270 95
78 79
194 274
258 202
299 205
192 175
270 52
51 52
121 130
121 36
265 141
146 67
50 49
49 184
84 302
4 3
292 291
178 192
203 263
32 101
163 77
80 81
171 73
75 22
174 73
268 276
268 281
68 67
89 134
32 28 85
29 85
132 58
102 131
59 184
63 173
270 95
78 77
192 175
258 202
299 205
270 52
121 36
83 82
146 67
4 3
292 291
292 137
178 192
203 263
32 86
86 115
229 218
80 81
171 73
75 22
268 276
268 281
32 28 85
29 85
66 76
132 58
102 131
59 184
63 173
270 95
78 79
258 202
299 205
192 175
121 130
114 65
166 145
146 67
146 190
292 291
292 137
203 263
32 86
80 81
171 73
268 276
268 281
32 28 85
29 85
66 76
132 58
102 131
59 184
59 118
4 8
63 173
270 95
78 79
299 205
121 130
114 65
243 219
166 145
203 35
146 190
16 17
292 291
178 192
203 263
32 86
171 73
243 218
89 134
288 258
29 85
28 85
181 192
132 58
102 131
59 184
59 118
270 95
95 51
57 84
78 77
78 79
299 205
114 65
265 141
203 35
146 190
16 17
203 263
32 86
206 302
32 101
32 28
243 229
229 218
171 73
178 186
268 281
68 67
89 134
288 258
46 212
29 28 85
19 249
59 184
59 118
63 173
270 95
78 77
78 79
299 205
70 127
121 130
121 36
114 65
265 141
203 35
172 281
146 190
16 17
4 3
292 291
203 263
270 51
206 302
32 28
171 73
92 91
71 152
208 294
268 281
68 67
288 258
277 267
28 85
55 56
29 28
132 58
59 184
59 118
172 150
173 98
270 95
78 79
299 205
114 65
114 127
265 141
146 190
37 65
37 127
4 3
292 291
203 263
32 86
98 99
271 93
206 302
229 218
171 73
71 152
68 67
288 258
28 85
7 66 76
42 3
132 58
59 184
59 118
48 8
172 150
173 98
270 95
299 205
37 114 65 70
117 33
265 141
172 281
146 67
146 190
16 17
4 3
292 291
203 263
32 86
98 99
60 126
206 302
171 73
71 152
68 67
288 258
28 85
66 76
59 184
59 118
142 303
63 173
173 98
270 95
139 138
78 77
78 79
37 114 65 70
305 205
117 33
6 18
265 141
172 281
146 67
146 190
61 65
16 17
4 3
203 263
60 126
98 99
157 67
206 302
229 218
171 73
36 38
71 152
28 85
7 66
181 192
181 175
132 58
59 184
59 118
172 150
63 173
173 98
270 95
95 51
78 77
78 79
37 70
61 70
305 205
117 33
265 141
172 281
146 67
146 190
61 64
16 17
84 302
203 263
98 99
60 126
206 302
171 73
71 152
268 276
28 85
7 66
59 184
59 118
63 173
159 95
270 95 52
78 77
78 79
305 205
37 70 127
114 70 127
117 33
270 51 52
114 61
265 141
146 67
146 190
61 64
16 17
84 302
4 3
203 263
98 99
60 126
163 77
171 73
71 152
89 134
46 212
28 85
7 66
66 76
59 184
172 150
287 142
142 303
63 173
270 95 52
135 111
78 77
78 79
37 70 127
305 205
51 52
117 33
121 38
114 61 64 65
265 141
146 67
146 190
16 17
286 87
4 3
292 291
203 263
54 180
243 229
80 81
171 73
208 294
89 134
46 212
28 85
66 76
59 184
59 118
172 150
287 142
142 303
63 173
270 95 52
70 127
117 33
113 18
114 61 65
114 64
265 141
166 145
172 281
146 67
146 190
16 17
50 49
37 127
4 3
292 291
203 263
206 302
54 180
47 48
80 81
171 73
108 76
89 134
28 85
215 223
7 66
132 58
58 57
59 184
59 118
142 303
63 173
270 95
37 70 127
51 52
117 33
114 61 65
146 67
146 190
16 65
16 17
17 127
4 3
292 291
203 263
206 302
47 48
171 73
92 91
7 107
7 108
108 76
268 276
268 281
46 212
215 223
66 76
132 58
58 57
59 184
59 118
287 142
142 303
172 150
63 173
270 95
37 70 127
117 33
270 52
51 52
114 61 65
146 67
146 190
16 65 17
17 127
292 291
203 263
157 67
206 302
171 73
7 107
7 108
108 76
268 276
268 281
89 134
46 212
28 85
215 223
7 66 107
7 66 108 76
132 58
58 57
59 184
142 303
270 95
139 138
78 77
37 70 127
16 17 70 127
270 52
51 52
114 61 65
172 281
146 67
146 190
61 64
292 291
203 263
206 302
243 229
229 218
171 73
174 72
268 276
72 73
89 134
46 212
28 85
215 213
215 223
25 102
7 66 108
66 108 76
132 58
58 57
59 184
287 142
142 303
270 95
37 70 127
16 70 127
270 52
51 52
114 61 64 65
265 141
166 145
146 190
65 17
16 17 127
50 49
292 291
203 263
287 141
206 302
163 77
171 73
7 107
174 72
268 276
89 134
277 267
46 212
28 85
215 223
7 66 108 76
66 107
132 58
58 57
59 184
287 142
63 173
270 95
139 138
37 70 127
117 33
114 61 64
265 141
203 35
172 281
146 190
64 65
61 17
16 17 127
50 49
4 3
292 291
203 263
270 51
287 141
171 73
174 72
268 276
68 67
277 267
46 212
28 85
25 102
7 66 108
66 108 76
132 58
58 57
102 131
59 184
63 173
270 95
258 202
37 70 127
16 70 127
117 33
114 61
265 141
203 35
172 281
146 190
117 65
16 17 127
50 49
4 3
292 291
203 263
287 141
171 73
7 107
71 149
174 72
191 161
68 67
89 134
277 267
46 212
28 85
55 56
7 66 108
132 58
58 57
102 131
59 184
63 173
270 95
161 139
258 202
37 70 127
113 18
114 61
265 141
203 35
172 281
146 190
117 65
16 17 127
50 49
292 291
203 263
287 141
206 302
171 73
7 107
7 108 76
179 186
174 72
191 161
268 276
68 67
89 134
28 85
215 213
215 223
7 66 108
132 58
59 184
142 303
31 209
63 173
159 95
270 95
139 138
135 111
78 77
258 202
37 70 127
114 61
166 145
172 281
203 35
146 190
117 65
16 17 127
50 49
286 87
4 3
292 291
203 263
60 126
206 161
206 302
171 73
7 107
179 186
108 76
63 98
174 73
191 161
68 67
89 134
277 267
28 85
215 213
215 223
7 66 108
132 58
59 184
59 118
142 303
31 209
63 173
270 95
95 51
78 77
258 202
16 70 127
117 33
114 61
166 145
203 35
172 281
146 190
117 65
16 17 127
50 49
286 87
37 127
292 291
203 263
98 99
60 126
206 302
171 73
7 108 76
71 149
243 218
68 67
89 134
288 299
277 267
28 85
215 213
215 223
7 66 108
181 175
132 58
19 249
59 184
142 303
31 209
63 173
78 77
37 70 127
51 52
117 33
114 61
203 35
146 190
117 65
16 17 127
50 49
292 291
203 263
98 99
206 302
163 77
80 81
171 73
108 76
68 67
89 134
28 85
215 213
7 66
181 175
132 58
19 249
59 184
47 8
142 303
31 209
78 77
37 70 127
51 52
117 33
114 61
203 35
172 281
146 190
116 65
117 65
16 17 127
116 64
292 291
203 263
287 141
206 302
54 180
171 73
7 108
108 76
243 218
89 134
28 85
7 66
66 76
181 175
59 184
142 303
31 209
78 77
37 70
70 127
258 202
51 52
117 33
114 61
203 35
172 281
146 190
116 65
117 65
16 17 127
50 49
292 291
203 263
270 51
206 302
54 180
171 73
7 108
191 161
243 218
89 134
28 85
25 102
181 192
181 175
59 184
59 118
31 209
78 77
37 70
70 127
258 202
51 52
114 61
166 145
146 190
117 65
16 17 127
50 49
292 291
203 263
271 93
243 229
171 73
7 108 76
167 102
68 67
89 134
46 212
28 85
25 102
59 184
59 118
270 95 51
135 111
78 77
258 202
70 127
51 52
114 61
166 145
172 281
146 190
117 65
16 17 127
50 49
292 291
203 263
99 72
171 73
7 107
7 108 76
167 102
174 72 73
68 67
46 212
28 85
25 102
59 184
59 118
63 173
270 95
285 258
258 202
37 70
70 127
51 52
114 61
166 145
203 35
172 281
146 190
116 117 65
16 17 127
50 49
292 291
203 263
270 51
99 72
171 73
7 108 76
167 102
72 73
68 67
46 212
28 85
215 213
181 175
59 184
59 118
31 209
63 173
270 95
135 111
78 77
78 79
159 52
285 258
258 202
70 127
51 52
114 61
146 190
116 65
117 65
16 17 127
50 49
4 3
292 291
203 263
270 51
99 72
60 126
287 141
243 229
171 73
7 108
108 76
174 73
268 281
72 73
68 67
277 267
46 212
181 175
59 184
59 118
31 209
63 173
270 95
78 77
258 202
37 70
70 127
114 61
166 145
203 35
146 190
117 65
16 17
255 250
4 3
292 291
16 127
203 263
270 51
60 126
116 117
99 72
287 141
229 218
171 73
7 108
7 76
174 73
68 67
89 134
277 267
29 85
28 85
32 29
29 86
59 184
59 118
48 8
142 303
31 209
63 173
270 95
139 138
135 111
77 57
78 77
78 79
285 258
258 202
37 70 127
121 130
121 36 38
114 61
203 35
146 190
117 65
16 17
17 127
292 291
203 263
86 101
99 72
287 141
32 115
229 218
171 73
7 108 76
71 152
174 72
191 161
72 73
89 134
288 258
288 299
28 85
181 192
32 29
59 184
59 118
48 8
142 303
31 209
63 173
139 138
77 57
78 77
159 52
258 202
37 70 127
121 130
121 36
114 61
166 140
166 145
172 281
146 190
116 117 65
16 17
17 127
292 291
203 263
86 101
99 72
287 141
32 115
171 73
7 108 76
71 152
36 38
191 161
268 276
89 134
288 258
48 85
42 3
32 29
29 86
181 192
59 184
48 8
287 142
142 303
31 209
63 173
139 138
163 57
77 57
57 84
78 77
78 79
258 202
192 175
37 70 127
117 33
121 36
114 61
229 219
166 140
166 145
203 35
172 281
146 190
116 65
117 65
16 17
145 292
292 291
178 192
203 263
92 86
99 72
287 141
32 115
28 115
206 302
54 180
47 48
101 28
171 73
7 108
71 152
36 38
191 161
72 73
32 28 115 85
101 115 85
42 3
32 29
29 101
181 192
59 118
3 8
48 8
285 300
300 273
31 209
63 173
139 138
135 111
78 77
78 79
258 202
192 175
37 70 127
117 33
121 36
114 61
229 219
166 140
166 145
203 35
146 190
116 65
117 65
16 17
292 291
203 263
86 101
99 72
47 48
163 77
229 218
171 73
7 108
71 152
36 38
72 73
288 258
277 267
29 86 101
132 58
59 184
59 118
47 48 8
285 300
31 209
63 173
139 138
135 111
78 77
258 202
37 70
70 127
117 33
121 36
114 61
156 96
265 141
166 172
166 140
166 145
203 35
35 34
146 190
116 65
117 65
16 17
292 291
292 301
203 263
270 51
32 115
28 115
206 302
163 77
80 81
92 101
171 73
287 303
75 22
7 108
71 152
89 134
288 258
92 85
28 85
181 192
78 58 79
144 269
59 184
59 118
8 38
172 142
285 300
63 173
198 139
78 77
37 70 127
117 33
32 121
114 61
156 96
287 265
265 141
166 140 145
203 35
35 34
172 287
146 190
116 65
117 65
16 17
203 263
94 41
32 28 115
115 91
206 302
47 48
163 77
171 73
7 108
305 299
71 152
48 38
167 102
288 299
277 267
292 11
29 85
38 85
7 66 108
66 76
47 42 8 91
92 29
181 192
132 58
59 184
285 300
159 95
198 139
139 138
57 84
78 77
78 79
258 202
258 273
299 205
192 175
37 70 127
117 33
114 61
156 96
292 265
287 265
166 140
166 145
203 35
35 34
146 190
116 65
117 65
16 17
206 84
203 263
270 51
60 126
32 28 115
206 302
47 3
171 73
75 22
3 36
208 294
268 281
243 218
305 301
288 299
288 202
292 11
101 85
108 85
47 66
66 108
66 76
29 86
181 192 175
144 269
132 58
47 42
59 184
172 142 141
31 209
159 95
198 139
139 138
78 77
78 79
258 299
37 70 127
114 61
229 219
156 96
278 301
133 10
133 291
166 145
203 35
146 190
117 130
117 16 17
116 65
161 138
37 47
292 291
292 287
203 263
270 51
99 72
291 307
171 73
305 303
7 76
71 152
305 301
279 2
89 134
288 258 299
288 205
288 280
7 66 108
181 192 175
132 58
58 79
58 57
144 205
59 184
172 142 141
285 300
31 209
63 173
159 95
78 77
78 79
159 52
37 70
116 117 114 61
156 96
307 265
166 140
166 145
133 10
203 35
146 190
117 130
16 17
7 37
37 92
37 127
203 263
291 235
293 235
99 72
80 81
307 287
171 73
7 108 76
71 152
36 38
68 67
288 258 299
288 299 205
277 267
133 10 11
7 66
37 66
181 175
144 205
59 184
172 142 141
172 142 273
291 142
285 300
31 209
281 150
139 138
14 232
159 270
159 52
78 77
299 205 280
37 70 127
116 117 114 61
307 265
287 265
156 96
166 269
166 145
203 35
305 172 141
305 172 273
146 190
16 17
292 291
292 273
203 263
99 72
94 41
293 290
206 302
163 77
80 81
171 73
7 108
140 280
268 276
89 134
288 299
288 202
11 235
136 299
136 280
7 66
181 192
181 175
144 299
144 202
59 184
59 118
300 280
172 142
142 141 269
31 209
281 150
14 232
159 270
159 52
78 77
299 205
301 205
205 280
37 70
116 117 114 61
229 219
287 265
166 269
166 145
203 35
146 190
16 17
7 37
37 127
203 263
60 126
94 41
206 302
32 28
163 77
80 81
229 218
171 73
7 108
195 62
76 41
68 67
89 134
140 288 202
11 235
101 85
25 102
7 66
29 86
181 192
181 175
59 184
59 118
142 141
142 269
268 300
301 300
185 183
14 232
166 285 145
159 52
78 77
166 205
258 205 280
37 70
116 117 114 61
156 96
287 265
203 35
146 190
16 17
64 65
50 49
37 127
203 263
60 126
32 28
163 77
171 73
122 82
7 76
301 272
71 149
76 41
268 276
97 129
305 280
305 288 301
288 287
288 272
11 235
46 212
136 144
7 66
181 192
181 175
132 58
59 184
166 142
31 209
78 77
172 205 141
7 70
37 70
116 117 114 61
229 219
10 265
287 265
166 145 269
287 269
35 34
146 190
16 17
140 202
281 202
286 87
203 263
163 77
80 81
229 218
171 73
122 82
7 76
75 22
305 299 301
268 287
107 129
97 129
301 280
166 288
288 299 269
11 235
42 48
181 192
181 175
7 66
59 184
59 118
63 173
270 95
135 111
65 33
116 117 114 61
114 65
229 219
145 299 269
166 145
35 34
146 190
65 64
16 17
50 49
286 87
37 127
203 263
98 99
206 302
47 48
163 77
80 81
243 229
171 73
122 82
7 76
238 261
71 149
76 129
268 276
288 299
215 213
215 223
7 66
181 192
181 175
58 79
59 184
59 118
287 142
287 300
31 209
270 95
78 79
14 232
172 205
117 33
116 114 61
145 269
287 269
35 34
146 190
117 65
16 17
50 49
203 263
270 51
98 99
60 126
163 77
171 73
122 82
100 118
71 149
288 299
215 213
215 223
7 66
181 192
181 175
58 79
305 144
102 131
59 184
31 209
63 173
270 95 52
78 79
14 232
37 70
305 205
172 205
113 18
116 114 64
114 61
202 265
35 34
146 190
16 17
50 49
203 263
60 126
98 99
163 77
80 81
171 73
122 82
7 76
61 16
305 301
288 299
11 235
215 213
215 223
7 66
181 192
181 175
58 79
59 184
287 142
31 209
63 173
78 79
37 70
305 205
172 205
117 33
114 61
140 265
145 269
146 190
116 65
117 64
16 17
37 127
203 263
98 99
157 67
206 302
229 218
80 81
171 73
122 82
61 16
167 102
68 67
288 299
215 223
7 66
181 192
181 175
58 79
305 144
155 22
59 184
133 300
287 142
31 209
63 173
270 95
139 138
135 111
78 77
78 79
14 232
305 205
172 205
117 33
229 219
140 290 265
146 190
116 65
117 65
16 17
50 49
203 263
98 99
60 126
54 180
163 77
80 81
243 229
229 218
171 73
7 76
61 16
268 276
305 301
68 67
288 299
215 223
136 133
136 140
7 66
181 192
181 175
132 58
78 58
155 22
59 184
31 209
63 173
139 138
135 111
78 77
14 232
172 205
205 280
117 33
114 61
229 219
307 265
145 269
146 190
117 65
16 17
50 49
203 263
98 99
140 290
206 302
163 77
80 81
171 73
61 16
68 67
279 2
89 134
277 267
11 235
46 134
215 223
7 66
181 175
132 58
78 58
155 22
59 184
287 142
31 209
135 111
14 232
112 216
172 205
117 33
114 61
229 219
145 269
133 290
146 190
116 65
117 64
16 17
50 49
203 263
98 99
94 76
140 290
206 302
54 180
171 73
238 261
208 294
10 281
68 67
279 2
288 299
277 267
11 235
136 305
136 205
7 66
181 192
181 175
132 58
78 58
59 184
287 142
31 209
161 139
14 232
172 205
117 33
114 61
229 219
203 35
146 190
116 65
16 65
16 17
291 202
50 49
203 263
98 99
60 126
54 180
243 229
80 81
171 73
122 82
7 76
238 261
10 281
68 67
288 299
277 267
136 305
7 66
181 192
181 175
78 58
59 184
287 142
31 209
63 173
161 139
139 138
135 111
14 232
172 205
205 265
37 70
117 33
114 61
229 219
145 269
203 35
146 190
116 65
16 17
291 202
50 49
37 127
203 263
98 99
99 72
268 290
54 180
229 218
171 73
7 76
61 16
68 67
89 134
288 299
277 267
46 134
215 223
136 305
7 66
181 192
78 58
59 184
287 142
281 142
31 209
270 95
161 139
139 138
185 183
78 77
14 232
166 285
112 216
37 70
117 33
114 61
229 218 219
156 96
145 269
203 35
146 190
16 17
116 65
291 202
50 49
203 263
98 99
99 72
60 126
54 180
171 73
7 76
61 16
305 272
100 118
68 67
215 213
215 223
136 305 272
7 66
132 58
78 58
59 184
281 142
31 209
63 173
270 95
161 139
135 111
78 77
166 285
14 232
112 216
37 70
114 61
229 219
145 269
172 303
146 190
16 17
291 202
50 49
37 127
203 263
98 99
99 72
54 180
80 81
171 73
122 82
7 76
272 280
68 67
215 213
215 223
136 305 272
7 66
132 58
78 58
19 249
59 184
31 209
63 173
14 232
112 216
37 70
114 61
145 269
278 272
203 35
146 190
116 65
16 17
291 202
50 49
203 263
98 99
99 72
54 180
171 73
7 76
301 280
68 67
11 235
46 212
136 305 272
7 66
132 58
78 58
102 131
19 249
59 184
31 209
63 173
270 95
166 285
112 216
37 70
114 61
229 219
145 269
146 190
116 65
291 202
203 263
270 51
98 99
99 72
206 302
54 180
229 218
171 73
7 76
61 16
68 67
11 235
25 102
7 66
132 58
78 58
102 131
19 249
59 184
287 142
31 209
63 173
95 51
139 138
166 285
112 216
37 70
114 61
156 96
145 269
278 280
203 35
172 303
146 190
16 17
116 65
291 202
37 127
203 263
270 51
98 99
99 72
54 180
163 77
80 81
229 218
171 73
7 76
116 61
61 16
305 272
268 287
305 280
68 67
46 212
78 58
102 131
19 249
59 184
287 142
202 300
31 209
63 173
270 95
283 24
166 285
112 216
37 70
114 61
229 219
156 96
145 269
172 303
146 190
16 17
291 202
37 127
145 287
203 263
98 99
99 72
54 180
243 229
171 73
122 82
61 16
305 272
272 280
68 67
46 212
7 66
181 192
78 58
102 131
145 287 142 269
291 300
31 209
63 173
208 254
139 138
78 79
166 285
37 70
114 61
156 96
203 35
172 303
146 190
116 65
16 17
291 202
203 263
98 99
54 180
80 81
171 73
75 22
116 61
61 16
305 272
301 272
272 280
208 294
68 67
89 134
7 66
132 58
102 131
19 249
59 184
59 118
287 205 142 269
31 209
63 173
270 95
139 138
135 111
78 79
166 285
112 216
145 287 205 269
114 61
156 96
203 35
146 190
16 17
116 65
291 202
50 49
203 263
98 99
171 73
116 61
61 16
305 272 280
301 272
72 73
68 67
89 134
7 66
102 131
19 249
59 184
287 205 142
270 95
283 24
78 79
166 285
112 216
192 175
145 205
156 96
145 269
287 269
203 35
146 190
116 65
16 17
291 202
50 49
203 263
98 99
206 302
80 81
171 73
75 22
61 16
68 67
7 66
132 58
78 58
59 118
205 142
292 300
202 300
63 173
270 95
95 51
139 138
135 111
78 79
166 285
192 175
287 205
37 70
203 35
146 190
116 65
16 17
291 202
203 263
98 99
80 81
72 171 73
75 22
61 16
305 272
68 67
7 66
78 58 79
19 249
205 142
292 300
63 173
139 138
166 285
112 216
192 175
287 205
303 269
203 35
146 190
116 65
16 17
291 202
50 49
203 263
98 99
206 302
54 180
80 81
171 73
303 280
61 16
10 281
72 73
68 67
98 99
190 146
291 300
61 16
16 17
287 205
171 73
203 35
203 263
174 72
132 58
75 22
58 79
59 49
59 184
205 142
305 280
292 300
139 138
192 175
78 79
117 33
68 67
11 235
215 213
215 223
132 58
78 58 79
144 142
59 184
287 205 142
292 202 300
139 138
229 219
203 35
146 190
16 17
291 202
203 263
98 99
206 302
54 180
171 73
61 16
107 108
305 280
72 73
68 67
11 235
46 212
132 58
78 58
19 249
59 49
287 205 142
202 300
198 139
139 138
78 79
166 285
112 216
114 61
203 35
146 190
16 17
292 202
203 263
98 99
141 303
229 218
80 81
171 73
122 82
61 16
100 118
107 108
174 72
68 67
68 96
279 2
277 267
157 275
46 212
132 58
59 49 118
59 184
205 142
292 202 300
198 139
78 79
112 216
203 35
146 190
291 202
243 44
203 263
98 99
141 303
171 73
122 82
7 76
61 16
89 134
277 267
46 212
7 66
132 58
19 249
59 49
59 184
292 202 300
205 142
283 24
78 79
112 216
287 205
37 70
146 190
16 17
49 118
291 202
203 263
98 99
141 303
206 302
54 180
229 218
80 81
171 73
61 16
71 149
167 102
174 72
89 134
132 58
144 301
59 49 118
287 142
205 142
270 95 52
139 138
78 79
37 70
51 52
203 35
146 190
16 17
291 202
203 263
98 99
141 303
206 302
54 180
171 73
7 76
75 22
61 16
107 108
174 72
68 96
277 267
215 223
7 66
132 58
59 184
287 205 142
292 300
291 300
270 95
139 138
283 24
135 111
78 79
166 285
112 216
192 175
37 70
51 52
203 35
146 190
16 17
50 49
49 118
178 192
203 263
98 99
141 303
206 302
243 229
163 77
171 73
7 76
61 16
174 98
107 108
174 72
215 213
215 223
59 118
287 142
205 142
292 300
291 300
63 173
270 95
135 111
283 24
78 79
166 285
112 216
37 70
51 52
146 190
16 17
292 202
291 202
50 49
203 263
98 99
141 303
206 302
163 77
171 73
7 76
238 261
61 16
167 102
107 108
215 213
287 142
205 142
270 95
135 111
159 51
159 52
166 285
112 216
37 70
117 33
146 190
116 65
16 17
203 263
98 99
141 303
206 302
243 229
80 81
171 73
7 76
61 16
174 72
89 134
7 66
59 49 118
59 184
287 205 142
63 173
270 95
283 24
159 52
166 285
192 175
37 70
51 52
114 61
146 190
116 65
16 17
203 263
270 51
98 99
141 303
206 302
243 229
80 81
171 73
61 16
107 108
174 72
89 134
7 66
181 175
19 249
59 49
59 184 118
287 205 142
292 300
270 95
283 24
135 111
159 52
166 285
112 216
192 175
37 70
51 52
146 190
116 65
50 49
292 202
203 263
60 126
98 99
141 303
54 180
80 81
171 73
61 16
107 108
174 72
136 11
144 269
19 249
59 184
287 205 142
292 300
63 173
270 95
135 111
159 52
166 285
112 216
192 175
37 70
203 35
146 190
116 65
16 17
203 263
60 126
98 99
141 303
206 302
54 180
80 81
171 73
61 16
71 152
63 98
107 108
174 72
174 73
11 235
59 184
287 205 142
292 300
291 300
63 173
270 95
135 111
159 51 52
166 285
112 216
37 70
117 33
203 35
146 190
116 65
16 17
50 49
203 263
270 51
98 99
141 303
54 180
243 229
171 73
61 16
63 98
107 108
174 73
10 281
46 212
59 184
205 142
292 300
291 300
31 209
63 173
270 95
78 79
166 285
112 216
287 205
37 70
117 33
51 52
114 61
146 190
116 65
16 17
50 49
203 263
98 99
141 303
206 302
54 180
80 81
171 73
61 16
184 118
71 152
63 98
107 108
124 83
46 212
59 184
205 142
292 300
291 300
63 173
199 256
270 95
135 111
78 79
166 285
112 216
287 205
37 70
172 235
83 82
146 190
116 65
50 49
203 263
98 99
141 303
206 302
54 180
171 73
61 16
71 152
107 108
174 73
124 83
46 212
132 58
59 184
292 300
63 173
270 95
78 79
166 285
37 70
287 205
117 33
83 82
146 190
116 65
16 17
291 202
203 263
98 99
141 303
206 302
54 180
80 81
171 73
203 255
61 16
71 152
71 149
154 143
107 108
124 83
89 134
46 212
215 223
7 66
132 58
78 58
59 184
291 300
205 142
270 95
283 24
78 79
166 285
112 216
287 205
37 70
117 33
146 190
116 65
16 17
84 302
203 263
98 99
141 303
206 302
54 180
171 73
7 76
61 16
107 108
89 134
215 223
132 58
19 249
59 184
270 95
78 79
166 285
112 216
37 70
145 269
146 190
116 65
16 17
218 44
203 263
98 99
141 303
206 302
54 180
171 73
61 16
107 108
72 73
68 67
89 134
7 66
132 58
59 184
291 300
78 79
166 285
112 216
37 70
44 212
114 61
203 35
146 190
116 65
65 94
16 17
50 49
84 302
203 263
98 99
141 303
206 302
171 73
61 16
63 98
10 281
72 73
7 66
132 58
59 184
292 300
202 300
208 254
135 111
57 84
112 216
37 70
117 33
227 282
203 35
146 190
116 65
16 17
291 202
50 49
203 263
98 99
99 72
141 303
206 302
171 73
61 16
63 98
72 73
51 52
68 67
98 99
89 134
291 202
61 16
16 17
190 146
277 267
171 73
303 141
203 263
58 57
116 65
59 184
202 300
84 302
37 70
270 95
78 79
117 33
112 216
277 267
59 184
59 118
292 300
291 202 300
63 173
270 95
139 138
283 24
78 79
166 285
112 216
37 70
51 52
117 33
114 61
146 190
116 65
16 17
84 302
203 263
98 99
141 303
206 302
171 73
61 16
27 152
97 41
68 67
277 267
136 235
132 58
59 184
59 118
292 300
202 300
270 95
139 138
283 24
78 79
166 285
112 216
37 70
51 52
117 33
146 190
116 65
16 17
50 49
84 302
203 263
141 303
206 302
171 73
61 16
97 41
68 67
132 58
59 184
59 118
291 300
270 95
139 138
283 24
78 79
166 285
192 175
205 235
37 70
51 52
117 33
114 61
128 279
146 190
116 65
16 17
291 202
50 49
84 302
203 263
98 99
141 303
206 302
171 73
203 255
61 16
107 108
97 41
68 67
89 134
277 267
132 58
59 184
270 95
139 138
283 24
78 77
78 79
166 285
192 175
37 70
51 52
117 33
146 190
116 65
16 17
291 202
84 302
203 263
94 129
141 303
206 302
54 180
80 81
171 73
61 16
184 118
68 67
215 223
132 58
59 184
202 300
270 95
139 138
283 24
78 79
166 285
112 216
37 70
51 52
117 33
229 219
146 190
116 65
65 94
16 17
291 202
84 302
37 127
305 235
203 263
141 303
54 180
171 73
7 76
116 61
61 16
68 67
277 267
11 235
215 213
215 223
163 58
78 58
59 184
287 142
270 95 52
139 138
112 216
37 70
51 52
44 212
146 190
116 65
16 17
291 202
84 302
37 127
203 263
60 126
141 303
206 302
54 180
80 81
171 73
7 76
174 73
68 67
277 267
215 223
78 58
59 184
59 118
202 300
270 95
139 138
283 24
78 77
78 79
112 216
37 70
146 190
116 65
16 17
291 202
50 49
37 127
203 263
141 303
206 302
54 180
171 73
72 73
68 67
89 134
7 66
77 58
59 184
292 300
291 202 300
173 98
270 95
139 138
283 24
78 79
112 216
37 70
117 33
114 61
146 190
116 65
117 17
16 17
50 49
203 263
141 303
206 302
54 180
80 81
171 73
7 76
61 16
107 108
174 73
68 67
89 134
277 267
46 212
7 66
77 58
59 184
155 22
292 300
291 202 300
270 95
139 138
57 84
78 79
37 70
117 33
146 190
116 65
117 17
16 17
84 302
203 263
141 303
206 302
80 81
171 73
61 16
174 72
174 73
206 302
77 58
190 146
291 202
61 16
16 17
277 267
171 73
303 141
46 212
203 263
174 73
78 58
58 57
59 49
59 184
286 87
84 302
283 24
139 138
71 149
270 95
78 79
112 216
277 267
46 212
7 66
58 57
305 144
59 184
292 300
202 300
270 95
139 138
283 24
159 51 52
117 33
114 61
227 282
203 35
146 190
16 17
84 302
203 263
141 303
206 302
54 180
171 73
122 82
61 16
71 149
174 73
277 267
46 212
78 58
58 57
59 184
155 22
292 300
173 98
270 95
139 138
78 79
119 159 51 52
112 216
229 219
203 35
146 190
16 17
84 302
203 263
305 235
98 99
141 303
206 302
54 180
171 73
61 16
174 72
174 73
68 67
46 212
151 152
78 58
58 57
305 144
59 184
270 95
139 138
283 24
119 159 51 52
112 216
114 61
229 219
146 190
116 65
16 17
84 302
203 263
270 51
206 302
54 180
171 73
61 16
71 149
107 108
174 73
68 67
277 267
46 212
78 58
58 57
305 144
102 131
59 184
199 294
270 95
139 138
78 79
119 159 51 52
112 216
146 190
116 65
16 17
84 302
286 87
203 263
270 51
98 99
206 302
54 180
80 81
171 73
122 82
75 22
61 16
71 152
174 73
68 67
46 212
75 151
7 66
77 58
58 57
305 144
102 131
155 22
59 184
270 95
139 138
78 79
112 216
37 70
117 33
146 190
116 65
117 17
16 17
50 49
203 263
80 81
171 73
122 82
75 27
75 22
61 16
71 152
174 73
10 281
68 67
277 267
18 134
75 151
7 66
58 57
305 144
59 184
202 300
270 95
139 138
283 24
78 79
112 216
37 70
6 18
109 21
172 141
146 190
116 65
16 17
50 49
286 87
203 263
271 93
206 302
54 180
80 81
171 73
75 22
61 16
154 143
21 22
174 73
68 67
18 134
7 66
132 58
58 57
102 131
59 184
63 173
199 294
270 95
161 139
139 138
283 24
78 79
112 216
192 175
37 70
109 21
243 219
146 190
116 65
16 17
50 49
203 263
98 99
271 93
93 21
80 81
171 73
122 82
7 76
102 103
167 153
61 16
167 102
107 108
21 22
174 73
68 67
128 2
102 2
2 80
277 267
11 235
7 66
102 131
59 184
270 95
161 139
139 138
283 24
78 79
112 216
37 70
113 18
279 75
146 190
116 65
16 17
291 202
50 49
84 302
37 127
203 263
98 99
80 1
206 302
163 77
171 73
128 271
102 103
167 153
61 16
21 22
174 73
271 22
68 67
40 39
113 134
75 151
7 66
132 58
102 131
19 249
155 1
59 184
270 95
95 51
78 79
37 70
114 61
167 109
146 190
116 65
16 17
291 202
203 263
98 99
81 1
206 302
171 73
122 82
102 103
61 16
102 81
21 22
174 73
97 41
68 67
2 1
277 267
131 39
75 151
7 66
132 58
131 155
19 249
59 184
103 155
270 95 51 52
78 79
119 159
112 216
192 175
37 70
114 61
26 75
146 190
116 65
16 17
203 263
40 21
171 73
122 82
75 81
75 149
61 16
152 21
21 22
174 73
68 67
89 46
89 134
277 267
46 212
75 151
7 66
132 58
59 184
270 95
283 24
78 79
112 216
37 70
51 52
114 61
26 75
146 190
116 65
16 17
291 202
203 263
98 99
171 73
7 76
75 81
75 149
116 61
61 16
68 67
46 212
215 213
132 58
59 184
270 95
139 138
283 24
78 79
119 159
112 216
37 70
114 61
26 153
146 190
116 65
203 263
206 302
171 73
122 82
7 76
71 75
116 61
61 16
71 81 153
21 22
10 281
68 67
89 134
277 267
46 212
215 213
132 58
58 79
59 184
270 95
57 84
78 79
119 159
112 216
37 70
114 61
146 190
16 17
291 202
50 49
84 302
203 263
206 302
171 73
7 76
61 16
102 21
68 67
277 267
46 212
132 58
58 79
131 22
59 184
59 118
270 95
95 51
78 79
119 159
112 216
37 70
51 52
114 61
146 190
16 17
291 202
203 263
206 302
171 73
7 76
61 16
167 152
71 81
10 281
68 67
279 2
132 58
58 79
59 184
102 155
63 173
270 95
95 51
161 139
139 138
112 216
37 70
51 52
114 61
146 190
16 17
291 202
37 127
203 263
60 126
206 302
171 73
7 76
71 103
61 16
167 152
71 81
10 281
68 67
279 2
89 134
277 267
25 102
132 58
59 184
102 155
74 149
270 95
95 51
139 138
78 79
112 216
37 70
266 284
146 190
61 65
16 17
203 263
206 302
171 73
7 76
75 102
61 16
71 167
68 67
89 134
277 267
25 75
131 21
131 22
59 184
75 155
102 155
270 95 51
161 139
139 138
78 79
37 70
156 96
146 190
116 65
203 263
206 302
171 73
7 76
128 103
116 61
61 16
174 73
68 67
68 96
89 134
277 267
46 212
215 213
25 102
75 102 151
181 192
19 249
59 184
59 118
75 102 155
270 95 51
139 138
78 79
112 216
37 70
146 190
116 61 65
203 263
206 302
167 80
171 73
128 81
61 16
71 81
305 280
68 67
89 134
277 267
46 212
215 213
75 151
181 192
132 58
131 22
75 155 149
102 155
59 184
59 118
270 95
139 138
112 216
37 70
51 52
146 190
116 65
16 17
291 202
50 49
203 263
206 302
71 167 80
171 73
7 76
75 103
128 81
116 61
61 16
71 81
305 280
68 67
277 267
46 212
25 75
25 155
132 58
19 249
59 184
59 118
102 155
103 155
270 95
283 24
112 216
37 70
51 52
146 190
116 65
65 94
16 17
291 202
50 49
203 263
60 126
206 302
171 73
128 71 167
128 81
116 61
61 16
68 67
2 1
89 134
277 267
26 25
132 58
131 22
19 249
59 184
59 118
26 155
155 152
287 142
74 149
270 95
95 51
283 24
112 216
37 70
51 52
114 61
146 190
116 65
61 65
16 17
291 202
50 49
203 263
93 21
206 302
171 73
75 149
61 16
102 152
243 218
68 67
131 39
181 192
132 58
19 249
59 184
102 155
270 95
95 51
112 216
37 70
51 52
156 96
146 190
16 17
291 202
50 49
286 87
203 263
93 22
271 1
206 302
171 73
7 76
167 75
61 16
149 152
154 143
154 22
21 22
243 218
68 67
277 267
132 58
19 249
59 184
270 95
112 216
37 70
51 52
156 96
146 190
16 17
50 49
203 263
93 22
152 1
206 302
243 229
171 73
7 76
61 16
149 152
154 21
68 67
2 155
89 134
277 267
46 212
181 192
132 58
103 131
59 184
292 300
270 95
139 138
112 216
37 70
51 52
114 61
156 96
146 190
16 17
203 263
98 99
40 93
60 126
206 302
171 73
7 76
61 16
149 152
10 281
68 67
89 134
277 267
46 212
215 223
151 152
103 131
59 184
292 300
270 95
139 138
283 24
112 216
37 70
114 61
156 96
146 190
16 17
203 263
98 99
60 126
206 302
171 73
7 76
61 16
71 152
71 81
97 41
206 302
215 213
68 67
98 99
190 146
71 81
61 16
16 17
277 267
171 73
156 96
46 212
203 263
60 126
151 152
59 184
292 300
84 302
139 138
37 70
270 95
112 216
68 67
124 83
190 146
114 61
61 16
171 73
156 96
46 212
203 263
60 126
116 65
65 94
59 184
51 52
292 300
139 138
283 24
37 70
149 152
270 95
206 302
68 67
190 146
61 16
16 17
171 73
215 223
144 269
46 212
203 263
60 126
116 65
59 184
270 51
51 52
292 300
139 138
283 24
37 70
270 95
206 302
215 213
113 18
50 49
190 146
61 16
16 17
171 73
215 223
46 212
203 263
60 126
181 192
116 65
59 184
270 51
51 52
292 300
249 212
283 24
37 70
270 95
112 216
89 134
277 267
215 213
215 223
181 192
132 58
59 184
292 300
270 95 52
57 84
283 24
112 216
37 70
270 51 52
114 61
146 190
116 65
16 17
50 49
203 263
60 126
206 302
171 73
238 261
61 16
277 267
46 212
215 213
181 192
132 58
58 57
59 184
59 118
292 300
270 95 52
57 84
112 216
37 70
270 51 52
114 61
218 219
146 190
116 65
16 17
50 49
203 263
60 126
206 302
243 229
229 218
171 73
291 303
61 16
108 76
218 12
97 41
277 267
46 212
215 213
215 223
132 58
59 184
59 118
292 300
270 95 52
112 216
37 70
51 52
114 61
146 190
116 65
16 17
229 44
203 263
206 302
54 180
229 218
171 73
61 16
218 12
97 41
68 67
277 267
215 213
215 223
181 192
132 58
71 155
59 184
292 300
31 209
270 95
78 79
37 70
270 52
51 52
113 18
146 190
116 65
16 17
291 202
203 263
98 99
229 218
171 73
61 16
108 76
218 12
97 41
68 67
89 134
277 267
46 212
215 213
59 184
292 300
31 209
63 173
270 95 52
57 84
78 79
112 216
37 70
51 52
113 18
114 61
146 190
116 65
117 65
16 17
291 202
229 44
84 302
286 87
203 263
206 302
229 218
171 73
61 16
218 12
97 41
89 12
89 134
277 267
215 213
181 192
58 57
59 184
292 300
202 300
31 209
63 173
270 95
78 79
37 70
51 52
114 61
146 190
116 65
117 65
291 202
203 263
141 303
206 302
229 218
171 73
61 16
218 12
72 73
97 41
277 267
46 212
215 213
215 223
160 169
181 192
181 175
58 57
71 155
59 49
59 118
59 184
292 300
202 300
31 209
63 173
270 95
139 138
78 79
112 216
37 70
51 52
114 61
146 190
116 65
16 17
291 202
84 302
203 263
171 73
61 16
218 12
72 73
89 134
277 267
215 223
181 192
181 175
58 57
59 49
59 118
59 184
292 300
291 300
270 95
139 138
112 216
37 70
51 52
113 18
114 61
146 190
116 65
117 65
61 65
16 17
50 49
203 263
171 73
61 16
97 41
51 52
46 212
50 49
89 134
291 202
61 16
16 17
190 146
171 73
203 263
58 57
116 65
117 65
65 17
71 155
59 184
59 118
139 138
292 300
37 70
270 95
112 216
97 41
89 134
181 175
58 57
59 49
59 118
59 184
292 300
270 95
139 138
78 79
37 70
51 52
156 96
146 190
116 65
117 65
16 17
291 202
50 49
203 263
98 99
171 73
61 16
97 41
277 267
215 213
136 287 141
58 57
59 184
270 95
139 138
78 79
112 216
37 70
51 52
146 190
116 65
117 65
61 65
291 202
50 49
203 263
98 99
206 302
171 73
61 16
208 294
97 41
89 134
277 267
46 212
215 213
215 223
136 305
181 175
58 57
59 49
59 118
59 184
292 300
270 95
139 138
283 24
37 70
51 52
156 96
146 190
117 65
61 65
291 202
50 49
98 99
206 302
229 12
171 73
61 16
72 73
97 41
89 134
277 267
46 212
215 223
136 305
136 235
58 57
59 184
292 300
287 142
31 209
270 95
283 24
112 216
192 175
37 70
51 52
146 190
116 65
117 65
291 202
50 49
270 51
98 99
60 126
287 141
171 73
61 16
72 73
97 41
89 134
277 267
11 235
215 213
136 305
58 57
59 184
287 142
292 300
31 209
270 95
283 24
78 79
205 235
37 70
51 52
113 18
114 61
83 82
146 190
291 202
50 49
157 67
60 126
206 302
229 12
171 73
61 16
208 294
97 41
89 134
277 267
46 212
136 305
181 175
132 58
58 57
59 49
59 184
287 142
270 95
139 138
135 111
78 79
112 216
37 70
51 52
113 18
156 96
146 190
116 65
50 49
98 99
206 302
171 73
61 16
208 294
89 134
136 305
181 175
58 57
59 184
287 142
270 95 52
139 138
135 111
112 216
37 70
51 52
156 96
133 10
146 190
50 49
84 302
157 67
98 99
60 126
206 302
171 73
61 16
208 294
89 134
277 267
136 305
181 175
132 58
58 57
71 155
59 184
287 142
270 95
139 138
283 24
112 216
192 175
37 70
51 52
114 61
146 190
116 65
16 17
202 235
50 49
84 302
98 99
99 72
206 302
171 73
61 16
208 294
243 218
97 41
89 44
277 267
46 212
58 57
59 184
59 118
287 142
270 95
95 52
139 138
57 84
78 79
112 216
37 70
51 52
114 61
146 190
116 65
16 17
202 235
50 49
84 302
157 67
98 99
60 126
206 302
171 73
61 16
208 294
72 73
50 49
243 229
98 99
190 146
114 61
61 16
16 17
287 142
277 267
171 73
265 235
208 294
116 65
71 155
59 184
59 118
51 52
202 235
72 73
139 138
37 70
192 175
270 95
95 52
277 267
46 212
136 305
71 155
59 184
59 118
287 142
270 95
95 52
139 138
112 216
37 70
114 61
83 82
146 190
116 65
16 17
202 235
50 49
98 99
140 290
171 73
61 16
218 12
68 67
46 212
181 192
71 155
59 184
59 118
287 142
270 95
95 52
139 138
78 79
112 216
37 70
114 61
83 82
146 190
116 65
16 17
50 49
98 99
206 302
229 218
171 73
61 16
218 12
305 280
68 67
229 218
98 99
140 290
114 61
89 134
287 142
218 219
61 16
16 17
171 73
190 146
83 82
7 66
116 65
71 155
59 184
305 280
139 138
243 218
192 175
270 95
112 216
68 67
98 99
140 290
114 61
61 16
16 17
190 146
277 267
102 80
171 73
83 82
7 66
133 10
133 281
181 192
116 65
71 155
59 184
63 173
192 175
270 95
78 79
215 213
98 99
140 290
114 61
190 146
61 16
171 73
133 281
181 192
116 65
71 155
270 95 51
59 184
139 138
63 173
192 175
78 79
112 216
277 267
7 66
71 155
59 184
287 142
31 209
63 173
208 254
270 95 51
78 79
112 216
192 175
114 61
218 219
146 190
117 65
16 17
50 49
7 37
140 290
206 302
171 73
7 76
61 16
243 218
50 49
229 89 134
229 12
140 290
190 146
61 16
16 17
277 267
171 73
7 66
7 76
117 65
71 155
59 184
31 209
37 127
192 175
270 95
78 79
89 134
277 267
215 213
7 66
71 155
59 184
59 118
31 209
270 95
78 79
112 216
146 190
116 65
117 65
16 17
50 49
49 118
37 127
98 99
206 302
171 73
7 76
179 186
61 16
63 98
10 281
89 134
277 267
7 66
181 192 175
71 155
59 184
59 118
63 173
270 95
139 138
78 79
172 205
218 219
146 190
116 65
16 17
50 49
49 118
37 127
270 51
98 99
206 302
171 73
7 76
179 186
50 49
190 146
16 17
277 267
171 73
133 10
172 205
181 192
116 65
59 184
59 118
270 51
49 118
139 138
63 173
270 95
112 216
206 302
54 180
89 134
190 146
61 16
16 17
277 267
171 73
133 10
172 205
181 175
116 65
71 155
139 138
37 70
192 175
270 95
113 18
206 302
113 18
163 77
190 146
16 17
277 267
157 275
171 73
60 126
181 175
116 65
71 155
59 184
59 118
270 51
139 138
37 70
270 95
78 79
112 216
97 41
206 58
206 302
98 99
89 134
190 146
16 17
277 267
157 275
171 73
179 181
181 175
179 186
116 65
71 155
59 184
37 70
37 127
178 179
270 95
301 272
113 18
206 302
50 49
98 99
89 134
190 146
16 17
277 267
157 275
171 73
181 175
116 65
71 155
59 184
305 280
84 302
63 173
270 95
50 49
102 80
190 146
16 17
287 142
277 267
157 275
171 73
7 66
7 76
60 126
181 175
163 58
37 66
116 65
71 155
305 280
63 173
270 95
163 175
112 216
50 49
98 99
190 146
304 171
16 17
34 227
157 275
171 73
277 267
7 66
7 76
163 58
116 65
71 155
59 118
238 261
270 95
206 302
50 49
98 99
190 146
277 267
287 142
61 16
157 275
172 205
163 58
116 65
59 184
59 118
84 302
238 261
270 95 52
97 41
206 302
50 49
163 77
98 99
190 146
277 267
157 275
171 73
7 66
116 65
59 184
49 118
51 52
238 261
270 95
270 52
97 41
206 302
97 41
50 49
163 77
98 99
89 134
114 61
61 16
16 17
190 146
34 227
157 275
171 73
219 212
277 267
7 66
7 76
181 175
163 58
116 65
59 49
59 184
270 51
51 52
270 95
206 302
97 41
50 49
163 77
98 99
190 146
277 267
157 275
171 73
157 67
181 175
163 58
172 205
116 65
59 184
59 118
51 52
84 302
238 261
192 175
270 95
301 272
50 49
89 134
190 146
16 17
277 267
219 212
157 275
171 73
37 66
116 65
59 184
59 118
51 52
84 302
238 261
270 95
97 41
124 83
50 49
89 134
190 146
61 16
16 17
277 267
157 275
171 73
136 172
60 126
37 66
163 58
116 65
59 184
59 118
37 70
238 261
270 95
301 272
124 83
50 49
122 82
89 134
16 17
190 146
218 219
157 275
171 73
277 267
7 76
37 66
58 57
116 65
59 184
51 52
37 127
238 261
270 95
301 272
124 83
89 134
277 267
157 275
136 11
163 58
58 57
59 184
287 142
270 95
78 79
37 70
51 52
117 33
114 61
146 190
116 65
61 65
16 17
50 49
84 302
37 127
206 302
102 80
171 73
122 82
7 76
61 16
97 41
37 70
124 83
50 49
190 146
114 65
117 16
16 65
16 17
277 267
157 275
171 73
7 76
278 136
181 175
163 58
58 57
116 65
59 184
95 51 52
64 33
37 127
270 95
301 272
277 267
157 275
136 305
136 272
181 175
163 58
58 57
59 184
287 142
270 95 52
78 79
7 70
37 70
17 33
51 52
116 114 65
114 61 65
146 190
16 17
98 99
206 302
171 73
7 76
301 272
97 41
68 67
89 134
277 267
157 275
136 301
181 175
163 58
58 57
59 184
270 95
78 79
37 70
270 52
51 52
114 61
146 190
61 64
116 65
61 65
117 16 17
49 118
84 302
117 61
98 99
54 180
102 80
171 73
7 76
108 97
89 134
277 267
157 275
7 66
163 58
58 57
59 184
287 142
270 95
161 139
78 79
37 70
270 52
51 52
17 33
116 114
114 61
218 219
146 190
116 65
61 65
117 16 17
49 118
84 302
98 99
206 302
54 180
171 73
7 76
97 41
206 302
54 180
98 99
122 82
116 114
114 61
89 134
16 17
190 146
277 267
171 73
7 66
58 57
61 65
59 184
59 118
249 12
49 118
117 17
37 70
117 61
270 95
78 79
97 41
54 180
98 99
122 82
117 114 61
114 61 65
16 17
287 142
218 219
190 146
171 73
277 267
7 66
136 272
136 280
58 57
116 65
59 49
59 118
59 184
117 17
270 95
78 79
68 67
277 267
136 272
7 66
58 57
59 184
59 118
270 95
78 79
37 70
117 114 61
146 190
61 65
50 49
98 99
60 126
206 302
54 180
171 73
122 82
238 261
107 97
107 108
97 41
206 302
59 184
17 33
50 49
98 99
190 146
114 61
277 267
287 142
171 73
7 66
7 76
208 294
58 57
116 65
61 65
59 49
37 70
117 61
270 95
301 272
108 97
97 41
2 155
89 134
277 267
136 305
136 280
7 66
58 57
59 184
287 142
270 95
95 51
57 302
78 79
37 70
17 33
114 61
146 190
116 65
61 65
117 17
50 49
84 302
98 99
206 302
54 53
171 73
107 108
97 41
206 302
50 49
98 99
2 155
114 61
89 134
287 142
190 146
277 267
171 73
107 108
7 66
136 305
181 175
58 57
61 65
59 184
117 17
84 302
37 70
270 95
205 141
206 302
68 67
205 141
98 99
89 134
190 146
277 267
287 142
171 73
7 66
7 97
7 76
195 59
181 175
58 57
117 17
59 49
270 51
84 302
37 70
270 95
108 97
206 302
37 70
98 99
2 155
116 114
114 61
114 65
89 134
287 142
190 146
11 205
171 73
277 267
7 66
7 76
58 57
117 17
270 95 51
59 49
78 79
97 41
205 141
98 99
89 249
116 114
114 61
114 65
190 146
287 142
277 267
292 291
171 73
7 66
136 305
37 66
117 17
95 51
59 49
119 159
37 70
72 99
270 95
78 79
97 41
68 67
89 249
277 267
136 305
7 66
132 58
58 57
71 155
287 142
270 95 51
78 79
37 70
17 33
116 114
114 61
114 65
146 190
117 17
49 118
84 302
292 291
99 72
32 115
171 73
301 272
97 41
89 249
277 267
136 272
181 175
58 57
71 155
287 142
270 95
95 52
78 79
37 70
17 33
116 114
114 61
114 65
218 219
146 190
117 17
84 302
270 51
60 126
99 72
32 115
206 302
171 73
61 16
301 272
72 73
97 41
206 302
89 134
116 114
117 114
114 61
190 146
287 142
277 267
157 275
171 73
61 16
145 269
179 181
305 144
117 17
17 33
283 24
72 73
37 70
179 192
72 99
270 95
78 79
206 302
32 115
95 52
190 146
116 114
277 267
107 76
157 275
171 73
11 205
136 305
136 272
55 56
71 155
72 73
37 70
37 127
178 179
72 99
270 95
78 79
108 97
206 302
32 115
89 134
116 114
190 146
277 267
34 227
157 275
171 73
7 66
60 126
181 175
58 57
84 302
72 73
37 70
37 127
198 139
63 72
72 99
270 95
78 79
270 52
68 67
277 267
157 275
11 205
136 305
181 192
270 95
198 139
78 79
270 52
116 114
218 219
133 281
146 190
84 302
292 291
99 72
60 126
32 115
206 302
101 28
34 227
171 73
122 82
61 16
305 280
72 73
63 72
68 67
32 115
50 49
122 82
190 146
277 267
287 142
157 275
171 73
268 11
60 126
181 192
72 73
63 72
72 99
270 95 52
301 272
78 79
206 302
32 115
190 146
292 291
277 267
287 142
61 16
157 275
171 73
268 11
84 57
84 302
72 73
63 72
72 99
270 95 52
301 272
78 79
112 216
206 302
68 67
32 115
50 49
101 28
89 134
190 146
277 267
107 108
61 16
171 73
161 139
71 155
84 302
72 73
72 99
270 95 52
78 79
206 302
215 213
32 115
50 49
89 134
190 146
277 267
107 108
61 16
67 275
171 73
84 302
270 95 52
78 79
206 302
215 213
32 115
121 36
50 49
92 101
101 28
89 134
190 146
277 267
218 219
67 275
171 73
107 108
61 16
161 139
71 155
36 8
51 52
84 302
270 95
95 52
78 79
36 38
89 134
277 267
67 275
215 213
101 28 85
41 85
71 155
287 142
270 95
95 52
78 79
112 216
83 82
146 190
50 49
84 302
32 115
171 73
92 91
179 186
61 16
107 108
89 134
277 267
67 275
101 28 85
215 213
71 155
287 142
270 95
283 24
78 79
121 36
83 82
146 190
130 36
50 49
84 302
32 115
206 302
92 101 28
92 101 36
171 73
92 91
61 16
107 108
72 73
32 115
121 130
121 36
89 134
190 146
277 267
61 16
171 73
92 91
130 91
36 91
83 82
157 67
84 302
72 73
270 95
95 52
78 79
215 213
68 67
32 115
50 49
63 98
190 146
277 267
287 142
61 16
67 275
171 73
83 82
7 76
203 263
179 186
71 155
84 57
72 73
31 209
270 95
78 79
206 302
215 213
68 67
32 115
121 130
63 98
92 101
190 146
277 267
287 142
61 16
50 49
171 73
83 82
130 91
31 209
270 95
78 79
206 302
215 213
32 115
50 49
98 99
89 134
190 146
277 267
287 142
157 275
171 73
130 91
71 155
84 302
270 95
301 272
78 79
112 216
206 302
215 213
32 115
50 49
98 99
89 134
190 146
277 267
287 142
218 219
61 16
171 73
130 91
203 34
60 126
58 57
84 302
72 73
270 95
78 79
206 302
215 213
32 115
50 49
98 99
89 134
190 146
277 267
287 142
218 219
107 108
171 73
61 16
83 82
130 91
60 126
58 57
270 95
78 79
215 213
32 115
50 49
98 99
122 82
89 134
190 146
287 142
218 219
277 267
171 73
61 16
203 34
60 126
72 73
270 95
95 52
78 79
89 134
277 267
215 213
163 58
71 155
287 142
270 95 52
57 84
78 79
112 216
218 219
146 190
50 49
84 302
60 126
98 99
206 302
171 73
122 82
203 34
61 16
63 98
107 108
305 280
50 49
229 44
63 98
98 99
122 82
2 155
89 134
287 142
190 146
277 267
171 73
61 16
203 34
157 67
58 57
71 155
305 280
84 57
84 302
72 99
270 95
95 52
78 79
50 49
2 155
89 134
190 146
277 267
287 142
218 219
107 108
171 73
61 16
83 82
203 34
136 272
130 91
305 280
283 24
84 57
84 302
270 95
108 97
2 155
89 134
277 267
136 305 144
136 272
287 142
270 95
57 84
78 79
112 216
218 219
146 190
130 91
50 49
84 302
203 263
60 126
98 99
99 72
32 115
206 302
171 73
203 34
61 16
36 38
108 97
2 155
277 267
48 85
4 29
71 155
287 142
270 95
57 84
78 79
112 216
113 18
218 219
146 190
130 38
130 91
50 49
84 302
4 86
203 263
98 99
99 72
32 115
206 302
171 73
61 16
36 38
63 98
206 302
47 42
50 49
98 99
190 146
277 267
287 142
218 219
195 62
171 73
61 16
130 91
8 85
60 126
130 36
84 57
84 302
72 73
243 218
270 95
78 79
36 38
112 216
108 97
277 267
71 155
101 8
287 142
270 95
57 84
78 77
78 79
112 216
243 218 219
83 82
146 190
130 91
50 49
84 302
98 99
206 302
243 229
171 73
195 62
61 16
36 38
108 97
277 267
249 134
101 85
55 56
47 42
29 86
144 276
144 280
71 155
59 49
101 8
287 142
270 95
57 84
78 79
112 216
218 219
83 82
146 190
130 91
84 302
60 126
98 99
32 115
206 302
243 229
171 73
203 34
61 16
305 272
36 38
63 98
72 73
243 218
63 72
68 67
277 267
136 305 272
136 144
78 58
287 142
270 95
57 84
78 77
78 79
112 216
146 190
130 91
203 250
84 302
203 263
270 51
98 99
32 115
206 302
171 73
61 16
301 272
107 108
174 72
72 73
243 218
63 72
108 97
68 67
277 267
136 305 272
181 192
77 58
58 57
305 144
4 29
29 86
287 142
270 95
57 84
78 79
112 216
178 175
146 190
130 91
116 65
84 302
98 99
32 115
206 302
163 77
77 79
243 229 218
171 73
7 97
61 16
301 272
36 38
243 12
100 72
107 108
72 73
68 67
277 267
136 144
4 42
47 42
4 29
29 86
29 8
163 77 181
77 181 175
305 144
58 57
71 155
59 49
47 8
28 8
287 142
186 209
270 95
77 176
57 84
78 79
191 175
37 70
117 17 33
116 114 65
114 61 65
243 219
172 303
146 190
92 130 91
117 16 17
50 49
84 302
117 61
98 99
32 115
54 53
92 101
101 28
102 80
171 73
7 76
301 272
100 118
36 108
174 72
243 218
97 41
68 67
210 79
277 267
11 202
11 300
29 85
101 85
58 79
305 144
50 59 49
61 8
94 8 76
287 142
270 95
57 84
78 79
112 216
178 175
186 175
117 33
17 33
4 121
121 130
114 61 65
114 94
243 219
146 190
84 302
221 220
179 192
98 99
60 126
107 94 76
32 115
47 107
243 229
72 171
7 76
163 179
191 161
163 186
268 280
243 218
97 41
68 67
277 267
37 28 85
61 85
28 107 85
29 86
29 127
220 58 84
58 161
58 57 84
144 280
287 142
173 72
173 188
270 95
139 138
186 175 176
286 236
302 57 84
78 79
194 196
112 216
163 175
101 33
17 33
266 122
37 121
121 117 130
121 107
114 61
135 56
146 190
116 65
61 65
65 94
132 220
221 220
98 99
60 126
32 115
177 171
72 171
122 82
116 91
63 195
92 179
218 12
196 274
191 161
305 280
274 73
72 73
243 218
97 41
68 67
277 267
215 213
55 246 82
55 87
191 58
220 58 161
58 161 57
287 142
173 99
173 72 73
87 247
247 111
270 95
198 139
139 138
175 176
175 57
78 179
78 161
194 196
112 216
186 175
37 70
114 61
135 56
135 302
174 125
146 190
117 130
16 17
116 64
191 84
220 84
79 84
4 248
186 127
174 126
60 126
117 94
98 99
32 115
47 97
178 77
77 108
243 229
248 107
188 73
92 179
179 302
100 118
218 12
116 16
243 218
68 67
210 101
277 267
157 275
215 213
136 305
136 141
286 55 246 87
55 117
145 144
287 142
202 300
176 209
270 95
198 139
176 302
175 57
283 24
78 79
112 216
37 70
117 70
270 52
51 52
116 33
279 75
135 56
146 190
117 130
16 17
49 118
101 138
191 161 84
7 37
61 127
186 127
86 94
98 99
32 115
178 77 108
243 229
41 91
28 76 41
218 12
301 280
243 218
68 67
210 101
89 134
277 267
157 275
75 39
215 213
170 173
28 76 85
76 91 85
55 87
136 305
75 155
287 142
202 300
32 209
270 95
180 185
194 72
270 52
114 33
64 33
121 16
121 17
121 94
146 190
117 130
65 127
291 202
248 250
191 161 84
157 67
32 115
102 80
177 188
76 41 91
43 277
75 81
174 60
178 108
28 76 41
218 12
124 232
210 101
76 91 85
215 213
170 173
170 59
136 305
55 246 87
287 142
302 176 209
175 57
194 274
112 216
175 127
37 70
116 114 33
121 17
248 282
117 130
65 64
65 94
292 202
248 250
191 161 84
286 178 108
286 246 87
206 4
98 99
32 115
163 77
243 229
102 80
177 188
61 171
60 177 51
174 118
28 76 41
218 12
174 100
243 218
68 67
124 232
210 101
89 134
215 213
170 73
28 76 85
76 91 85
286 55 246 87
32 58
126 59
72 59
287 142
31 176
176 302
283 24
112 216
37 70
192 233
121 17
116 114
232 264
146 67
117 130
16 17
64 65
191 161 84
203 263
163 77 127
32 115
243 229
60 184
92 179
174 118
28 76 41
218 12
305 287
277 123
68 67
68 164
124 232
210 101
241 236
277 267
168 275
67 275
28 76 41 85
28 76 91 85
215 213
170 73
136 305
286 55 246 87
7 66
66 29
163 77 58
7 8
287 142
95 52
187 185
31 176 302
175 57
283 24
112 216
305 205
37 70
60 70
192 233
116 65 33
252 238
32 114 115
146 67
117 130
16 17
202 115
191 161 84
203 263
163 77 127
100 126
32 116
243 229 218
128 60
178 108
92 179
218 12
68 164
124 232
210 101
89 134
67 275
169 275
275 164
275 158
215 213
170 126
170 73
95 158
286 55 246 87
28 76 41 91 85
7 66
163 77 58 127
7 8
287 142
266 289
247 51
198 139
175 57
283 24
31 302
37 60 70
116 65 33
64 65 33 115
252 238
32 114
117 114 130
114 108
232 264
67 96
250 282
16 17
191 161 84
132 94
32 115
243 229 218
189 183
92 179
218 12
100 72
305 280
68 164
124 232
210 101
275 158
67 158
215 213
160 168
170 126
286 55 246 87
28 76 85
32 29
163 58 127
58 245
7 66
305 144
31 239
75 155
7 8
287 142
266 289
198 139
283 24
31 302
112 216
294 256
37 70
252 238
117 130
16 17
174 49
191 161 84
37 178
163 77 127
168 169
47 48
243 229
186 82
203 204
189 183
92 179
76 41
218 12
122 88
243 218
72 73
68 67
68 51
124 232
210 101
277 267
275 164
28 76 85
91 85
215 213
170 100 72
170 126
160 168
286 55 246 87
7 66
66 97
32 29
163 77 58 127
305 144
31 239 302
122 239
292 300
287 142
199 256
201 51
198 139
175 57
37 70
67 52
266 252
120 165
187 49
117 130
16 17
203 250
191 161 84
168 169
47 48
163 77 245
243 229
132 161
174 195 60
75 122
92 179
218 12
122 88
119 164
221 210
277 267
28 76 85
136 141
286 55 246 87
66 97
206 181
163 77 58 127
7 8
292 300
287 142
256 296
266 289
31 302
184 52
165 51
232 264
117 130
16 17
191 161 84
163 77 127 245
168 169
206 92 179
47 48 97
243 229
248 297
222 226
277 82
132 161
178 302
120 51
218 12
100 72
122 88
268 280
243 218
221 210
210 101
241 236
95 275
28 76 41 85
170 174
136 305
286 55 246 87
163 77 58 127 245
144 287 142
31 239
122 239 88
239 302
234 207
248 207
207 250
256 296
266 289
168 95
175 57
31 178
184 52
187 49
35 34
35 227
117 130
16 17
255 250
191 161 84
4 48 97
174 126
47 48 97
243 229 218
222 226
122 171
277 82
132 161
189 183
178 302
92 179
218 12
174 100
88 240
148 244
221 210 101
28 76 41 85
215 213
170 174
136 305
286 55 246
163 77 58 127
163 58 245
144 287
31 239
122 239 88
239 302
203 35 207
234 207
34 207
287 142
176 209
266 289
31 178
255 256
184 52
121 17
187 49
203 35 294
37 135 56
117 130
191 161 84
4 97
34 263
168 164
174 126
98 99
47 48 97
243 229
222 226
294 227
277 82
132 161
104 186
92 179
218 12
174 100
305 268
243 218
124 232
210 101
28 76 41 85
170 174
136 305
286 55 246 87
163 77 58 127
163 77 58 245
144 287 142
31 239
122 239 88
239 302
292 300
176 209
308 199
95 51
198 139
178 176
175 57
194 164
35 256
34 256
37 135 70
121 17
37 135 56
117 130
116 64
34 250
191 161 84
4 97
98 99
243 229
221 101
222 226
203 227
277 82
132 161
60 196
104 224
178 302
92 179
61 169
124 232
221 210
210 101
241 236
95 275 158
28 76 41 85
136 305
136 268
170 174
170 126
286 55 246 87
163 77 58 127
163 77 58 245
144 142
31 239
122 239
239 302
294 207
292 300
291 300
287 142
173 126 72
308 199
266 289
60 201 184 196
198 139
176 302
159 52
37 135 70
121 17
232 264
37 135 56
83 277
191 161 84
4 97
13 222
98 99
206 178
243 229
222 226
132 161
147 297
104 224
189 183
178 302
92 179
36 38
122 88
262 222
221 210
210 101
89 134
29 28 85
28 41 85
136 268
170 126
170 184
286 55 246 87
29 28 76
29 76 91
163 77 58 127
144 287
31 239
122 239
239 302
294 207
292 300
297 296
223 296
266 289
201 184
238 247
198 139
175 57
37 135 56 70
113 18
121 17
252 277
232 264
83 277
117 130
174 49
191 161 84
13 222
100 126
126 108
32 51
163 77 245
222 226
132 161
60 196
104 224
189 183
178 302
92 179
153 21
10 217
28 76 41
174 184
184 196
218 12
122 88
305 280
262 222
68 168 169
43 124
221 210 101
220 210 101
89 134
95 275
197 106
95 158
170 100
170 126
29 28 85
41 85
286 55 246 87
163 77 58 127
144 287
297 207
207 296
292 300
199 296
266 289
201 184
198 139
238 247
37 135 70
200 227
121 17
252 277
83 277
117 130
174 49
49 196
132 161 84
191 161 84
37 56
262 13 222
206 178
229 218
222 226
75 178
174 60
60 196
104 224
178 302
92 179
103 143
10 217
122 88
305 280
68 169
43 124
210 101
89 134
241 236
168 158
169 158
170 126
29 28 76 85
28 76 41 85
286 55 246 87
163 77 58 127
122 239 88
147 207
292 300
147 296
266 289
147 254
198 139
175 57
37 135 70
121 17
252 277
232 264
83 277
117 130
60 49
37 84
132 161 84
191 161 84
37 56
4 97
220 101
145 287
262 13 222
243 229
229 218
222 226
75 178
60 196
147 297
174 183
92 179
277 186
305 268
305 280
163 245
43 124
210 101
89 134
95 275
168 158
170 126 108
286 55 246 87
29 28 76 41
163 77 58 127
103 131
207 296
7 8
292 300
305 287 142
147 296
266 289
147 254
198 139
238 247
175 57
37 135 70
232 264
133 281
83 277
117 130
298 45
60 49 118
132 161 84
191 161 84
37 56
4 97
13 222
100 126 108
243 229
229 218
262 222 226
147 297
174 183
92 179
218 12
122 88
305 268
268 280
210 101
89 134
95 275
197 106
168 158
170 126 107
136 305
286 55 87
29 28 76 41
163 77 58 127
103 131
131 153
31 239
207 296
7 8
292 300
287 142
178 209
266 289
198 139
238 247
175 57
78 79
37 135 70
268 205
121 17
232 264
117 130
16 17
298 45
60 49
132 161 84
191 161 84
37 161
4 97
220 101
292 291
13 222
36 94
206 302
243 229
222 226
147 297
174 183
92 179
118 260
71 102
218 12
213 294
107 108
10 281
305 280
243 218
95 275
197 106
197 90
168 158
29 28 76 85
170 126
170 107
136 305 280
286 55 87
4 66
309 181
163 58
239 302
292 300
291 300
297 296
173 107
266 289
238 247
175 57
78 79
37 135 70
32 33
121 17
232 264
133 10
83 277
16 17
132 161 84
191 161 84
4 97
222 259 226
221 220 101
163 77 127
13 222
87 94
243 229 218
174 183
92 179
71 102
92 28 76
218 12
213 294
107 108
102 72
277 186
305 268
305 276 280
210 101
95 275
92 29 28 76 85
215 207
170 100 107
170 126 107
286 55 87
55 108
309 181
179 181
103 131
163 58
58 70
239 88
292 300
178 209
266 289
60 201
176 88
106 90
175 57
37 135 70
121 17
252 277
232 264
133 10
117 130
16 17
168 49
132 161 84
191 161 84
286 87 56
4 97
222 259 226
221 220 101
292 291
163 77 127
13 222
86 261
243 229
147 297
174 183
71 102
218 12
213 294
122 88
305 287
196 260
305 268
262 222
305 276
210 101
95 275
197 106
197 90
168 49 158
92 76 85
29 76 85
136 268
170 126
55 108
4 42
4 66
163 77 58 127
103 131
122 239
215 207
179 181
292 300
291 300
266 289
238 247
175 57
237 111
43 14
37 135 70
256 223
38 233
252 277
119 165
232 264
305 269
145 269
133 10
191 135
117 130
132 161 84
191 161 84
286 87 225
4 47
4 97
13 222 259
222 259 226
220 101
126 107
60 184
174 183
178 302
71 81
213 294
100 107
174 189
102 81
122 88
92 41
210 101
89 134
95 275
197 90
168 49 158
170 126
215 207
55 108
92 85
29 28 76
163 77 58 127
103 131
144 142
179 181
292 300
291 300
305 268 142
142 280
266 289
238 247
175 57
237 111
37 135 70
121 17
119 165
145 269
133 10
117 130
132 191 84
286 87 225
37 191
4 117
4 97
13 222 259
222 259 226
222 259 45
220 101
47 97
221 101
60 184
147 297
178 302
92 28 76 41
213 294
102 81
305 276
220 210 101
95 275
197 106
197 90
168 49 158
41 85
136 305 142
136 144 142
170 126
55 108
47 42
29 28
163 77 58
179 181
239 88
292 300
268 142
266 289
175 57
237 111
37 135 70
36 233
38 233
119 165
232 264
145 269
135 161
4 117 130
16 17
116 64
132 191 161 84
286 87 225
13 259
259 45
292 291
163 77 127
117 97
221 101
60 184
147 297
178 302
71 102
71 81
100 107
174 189
92 28
221 210
210 101
89 134
95 275
197 106
197 90
168 49 158
170 126
41 85
55 108
47 42
179 181
163 77 58 127
239 88
292 300
208 294 296
266 289
237 111
37 135 70
38 233
113 18
119 165
145 269
135 161 84
83 82
4 117 130
16 17
132 161 84
191 161 84
286 87 225
222 259 45
220 101 79
292 291
13 222
13 104
126 107
222 226
60 184
147 297
178 302
71 102
218 12
210 101
89 134
241 110
95 275
197 106
197 90
215 207
170 126
168 158
49 158
55 108
29 28
37 58
163 58
179 181
239 88
292 300
208 296
294 296
266 289
198 139
178 176
175 57
237 111
163 175
37 135 70
36 233
119 165
232 264
145 269
227 282
135 161 84
83 82
117 130
16 17
132 191 161 84
286 87 225
4 117
13 259
222 259
221 220
220 101
220 79
163 77 127
222 45
100 126
126 107
222 226
60 184
178 302
71 102
92 28
92 41
220 210 101
89 134
241 110
95 275
168 49 158
215 199
170 126 107
55 246
92 85
179 181 233
163 58
136 305
239 88
7 8
292 300
142 303
294 296
266 289
198 139
78 79
37 135 70
113 18
121 17
252 122
119 165
232 264
243 219
145 269
135 161
16 17
132 191 161 84
286 87 225
4 117
13 222 259
222 259 226
163 77 127
116 127
222 45
100 126 107
122 82
76 91
43 108
203 204
60 184
294 244
189 183
178 302
71 102
243 218
208 148
2 22
220 210
89 134
197 106
168 49 158
170 126
92 85
55 277
55 246
179 181
181 233
163 58
239 88
254 207
292 300
305 142
208 296
294 296
266 289
198 139
175 57
37 135 70
94 33
113 18
121 17 115
119 165
232 264
218 219
145 269
35 34
16 17 115
64 65
132 191 161 84
286 87 225
4 117
13 222 259
13 104
100 126
126 107
117 97
163 77
229 12
222 226
305 303
60 184
294 244
178 302
36 38
81 72
268 280
276 280
243 218
92 41
210 101
89 134
252 267
197 106
28 85
170 126
168 49 158
55 246
55 87
29 28
163 58
179 181
181 233
239 88
207 296
292 300
305 142
294 296
60 201
238 247
175 57
37 135 70
310 227
266 246
266 87
121 17
119 165
271 109
232 264
145 269
35 34
83 122
4 117 130
132 161 84
286 87 225
117 127
94 127
13 222 104
100 126
163 77
222 226
132 191 161
75 53
60 184
294 244
178 302
36 38
100 107
208 294
186 245
92 28
43 124
14 124
197 90
168 49 158
92 28 85
170 126
286 55 87 225
55 246 87
92 29 28
163 77 58
179 181
239 88
292 300
305 142
302 178 209
208 296
294 296
254 296
244 296
178 176
78 57
37 70
113 18
119 165
232 264
135 246
135 225
83 122
4 117 130
132 84
191 84
37 77
94 127
13 104
100 126
126 107
206 178
75 53
60 184
36 38
167 22
122 186
186 245
243 218
43 124
14 124
124 232 108
89 134
197 106
197 90
168 158
49 158
170 100
170 126
179 181
181 161
163 77 58
103 131
239 88
7 8
37 70 8
37 8 127
292 300
305 142
178 209
208 296
294 296
266 247
113 18
121 17
119 165
218 219
83 122
191 77 84
191 161 84
286 225
4 117
13 222 259
13 259 104
40 93
206 178
222 226
75 53
60 184
108 264
178 302
167 152
167 22
163 122
88 240
14 124
124 232 108
2 271
89 134
221 210
197 90
168 49 158
170 126
92 85
101 85
55 135 225
55 246
37 66
77 181
163 58 84
191 77 58
71 131
103 131
47 42
239 88
7 8
292 300
305 142
176 209
167 74
198 139
132 57
179 175
37 70
113 18
252 277
119 165
232 264
218 219
311 282
286 135 225
117 130
186 84
37 127
4 117
13 259
259 226
259 104
100 126
40 93
311 227
75 53
60 184
238 261
167 149 152
191 161
92 41
14 124 232
124 108
222 2
89 134
221 210
241 236
197 90
168 49 158
170 100 126
47 42
132 58
71 131
103 131
239 88
292 300
287 142
178 209
208 296
294 296
60 201
107 247 108
198 139
31 179
78 79
37 70
205 141
113 18
213 234
252 277
119 165
43 232
218 219
187 49
286 135
16 17
116 64
37 127
4 117
222 259
259 45
271 45
13 226
117 94
61 115
163 77
101 91
203 204
75 53
60 184
116 61
36 38
167 149
10 281
262 222
89 134
221 210
101 91 85
170 100
170 126
25 149
168 49 158
132 58
58 57
71 103 131
135 239
239 88
292 300
287 142
173 126
198 139
78 79
14 232
186 175
37 70
205 141
310 200
310 203
252 277
119 165
232 264
218 219
311 282
286 135 87
117 130
116 64
64 115
116 61 65
61 65 115
16 17
286 87 225
37 127
4 117
262 259
259 45
13 226
117 94
40 93
163 77
75 53
60 184
179 186
36 38
48 97
167 149
107 108
92 41
2 271
89 134
221 210
197 106
168 187 49 158
170 100
170 126
101 41 85
42 97
29 28
132 58
71 131
103 131
178 181
7 66
7 8
292 300
287 142
199 294
198 139
175 176
176 302
78 79
14 232
37 70
234 223
121 117
121 16
252 277
119 165
232 264
218 219
130 94
16 17
4 117
4 94
37 127
206 178
206 302
47 48
163 77
92 101 41
277 82
122 82
203 204
60 184
36 38
191 302
43 124
2 271
89 134
221 210
241 236
168 187 49 158
215 199
170 126
286 55 87 225
55 246
42 85
41 85
32 29 86
29 36
132 58
221 58
71 131
103 131
7 66
7 8
292 300
287 142
175 176
78 79
37 70
17 33
121 130
252 277
119 165
109 22
218 219
286 135 87
64 65 115
116 65
16 65
16 17
4 94
37 127
100 126
117 101
117 36
7 94
206 302
54 180
163 77
101 76
203 204
60 184
36 38
28 76
2 271
89 134
221 210
49 158
136 141
170 126
286 55 87 225
55 246 87
41 85
32 29
29 86
132 58
71 131
103 131
7 66
292 300
60 201
135 247
247 108
175 176
78 79
37 70
121 130
121 61
252 277
114 61
119 165
145 269
64 65 115
61 65
16 17
168 49
37 127
94 127
117 76
206 161
206 302
47 48
163 77
82 245
92 91
41 91
60 184
61 16
149 152
277 122
122 245
10 281
43 124
221 210
168 49 158
215 296
170 126
28 85
41 85
286 55 87 225
55 246
7 66
32 29
29 86
132 58
292 300
256 296
135 247
198 139
78 79
172 205
37 70
121 114 61
121 130
114 36
218 219
187 49
64 65 115
61 65
16 17
37 127
94 127
206 302
47 48
163 77
60 184
61 16
305 140
277 122
124 135
42 85
28 85
215 294
215 296
170 126
168 49 158
55 246
55 87 225
7 66
29 86
132 58
292 300
256 296
247 56
37 70
117 33
121 130
121 61
121 76
252 277
114 61
114 36
218 219
227 282
187 49
135 15
83 122
286 87 225
37 127
206 302
54 180
163 77
132 221
60 184
61 16
225 56
28 76
277 122
246 107
107 108
124 135
241 236
46 212
28 85
215 256
136 141
170 126
168 49 158
7 37 66
29 86
132 58
58 57
42 41
292 300
256 296
198 139
37 70
117 33
121 130
121 61
252 277
114 61
114 36
218 219
35 34
135 264
16 17
286 225 56
37 127
163 77
101 76
277 82 245
92 91
203 204
60 184
61 16
36 38
28 76
277 122
107 108
268 280
124 135
89 134
46 212
215 199
136 141
168 49 158
7 66
29 86
181 175
58 57
42 41
261 239
292 300
175 176
78 79
37 70
117 33
121 130
121 61
252 277
114 61
114 36
218 219
227 282
135 264
286 83
83 107
16 17
286 87
7 37
37 127
116 115
47 48
163 77
101 76
82 245
60 184
61 16
28 76
277 122
107 108
89 134
49 158
28 85
286 55 56
7 66
181 175
29 86
292 300
198 139
175 176
78 79
37 70
114 70
117 33
121 61
252 277
114 61
227 282
16 17
168 49
84 302
286 87 225
286 87 56
37 127
116 115
47 48
163 77
101 76
82 245
75 53
60 184
179 186
61 16
277 122
107 108
10 281
124 135
89 134
46 212
215 213
170 126
25 143
55 56
7 66
37 66
29 86
132 58
28 85
261 239
286 87 247
78 79
37 70
117 33
113 18
252 277
114 36
232 264
218 219
26 152
16 17
286 246 87
37 127
116 115
47 48
163 77
82 245
92 91
60 184
87 225
179 186
277 122
107 108
10 281
277 245
89 134
221 210
241 87 236
28 85
170 126
25 143
55 88
7 37 66
42 41
132 58
261 239
246 247
78 79
14 232
37 70
117 33
113 18
121 61
252 277
114 61
232 264
109 22
26 152
16 17
84 302
286 246
286 87
37 127
163 77
92 91
60 184
61 16
28 76
277 122
107 108
10 281
277 245
14 124
89 19
89 134
221 210
241 236
28 85
107 108 85
170 126
55 56
55 88
7 66
29 86
132 58
58 57
42 41
261 239
292 300
60 201
246 247
175 176
135 111 82
78 79
37 70
117 33
113 18
135 252
252 277
121 16
121 107 108
114 107
109 22
232 264
218 219
26 152
135 122
117 17
16 17
64 65
37 127
206 302
163 77
277 82
82 245
75 53
60 184
61 16
149 152
28 76
277 122
89 19
89 134
221 210
28 85
215 213
170 195
55 135 111
55 56
42 41
29 86
58 57
261 239
60 201
175 176
110 111
78 79
117 33
266 122
133 281
135 245
16 17
286 87
37 127
292 291
163 77
122 82
132 221
60 184
61 16
149 152
28 76
107 108
268 280
14 124
89 134
28 85
25 279
55 135 111
55 56
29 86
58 57
261 239
294 254
246 247
175 176
78 79
192 175
113 18
218 219
133 281
37 127
195 126
163 77
101 76
122 82
92 91
60 184
312 264
61 16
28 76
107 108
124 83
241 110
28 85
55 135 111
55 56
29 86
132 58
58 57
261 239
292 300
175 176
78 79
192 175
37 70
205 141
117 33
113 18
312 232
133 281
16 17
286 87
37 127
163 77
122 82
92 91
132 221
60 184
87 88
246 88
107 108
124 83
241 236
28 85
55 135 111
55 56
29 86
58 57
261 239
292 300
60 201
37 70
205 141
133 281
286 87
37 127
163 77
92 91
132 221
75 53
60 184
87 88
61 16
246 88
107 108
23 24
249 134
28 85
8 85
55 246
29 86
58 57
261 239
292 300
135 111
37 70
205 141
312 232
133 281
16 17
37 127
163 77
92 91
43 15
132 221
75 53
60 184
246 87 88
61 16
154 143
28 76
107 108
28 85
215 199
170 126
249 134
55 246
29 86
132 58
58 57
261 239
292 300
291 300
60 201
175 176
135 111
37 70
205 141
113 18
133 281
16 17
37 127
163 77
122 82
43 15
75 53
60 184
312 264
61 16
149 152
163 77
89 134
61 16
16 17
28 85
132 58
170 126
135 111
75 53
29 86
58 57
60 184
261 239
292 300
37 127
149 152
78 79
175 176
117 33
205 141
205 141
163 77
61 16
16 17
107 108
28 85
215 199
133 281
132 58
135 111
37 66
170 126
29 86
75 53
261 239
179 186
55 88
60 184
37 70
37 127
28 76
78 79
243 229
163 77
89 134
61 16
16 17
215 199
170 126
75 53
60 201
60 184
135 111
29 86
28 85
144 142
37 70
37 127
110 111
78 79
175 176
113 18
205 141
89 134
28 85
215 199
170 126
55 135
37 29
32 29
29 86
181 175
144 142
132 58
58 57
261 239
142 303
292 300
60 201
175 176
135 111
37 70
113 18
16 17
37 127
47 48
163 77
75 53
60 184
61 16
268 280
89 134
28 85
215 199
170 126
55 135
55 56
181 175
132 58
144 303
32 29
261 239
19 249
292 300
60 201
175 176
135 111
37 70
16 17
286 87
37 127
292 291
163 77
203 227
122 82
75 53
60 184
61 16
107 108
89 134
28 85
215 199
170 126
55 135
7 66
37 29
32 29
181 175
132 58
144 303
19 249
7 8
60 201
175 176
135 111
37 70
16 17
37 127
163 77
203 227
60 184
75 53
61 16
28 76
191 161
206 84
200 227
32 29
163 77
203 204 227
89 134
61 16
16 17
218 219
170 126
75 53
60 201
60 184
135 55
135 111
37 29
55 88
215 199
133 10
87 88
28 85
37 70
37 127
78 79
175 176
206 84
32 29
163 77
61 16
16 17
66 107
107 108
218 219
28 85
215 199
132 58
75 53
60 201
60 184
135 55
135 111
37 29
268 280
292 300
37 70
37 127
175 176
206 84
206 302
32 29
163 77
61 16 17
107 108
28 85
7 8
132 58
75 53
60 201
60 184
135 55
135 111
37 29
195 126
55 88
292 300
37 70
37 127
175 176
148 147
28 85
215 199
55 135
151 149
37 29
32 29
132 58
58 57
261 239
292 300
60 201
246 247
175 176
135 111
37 70
218 219
16 17
195 126
206 302
163 77
203 227
132 221
75 53
60 184
43 15
61 16
149 152
107 108
172 11
28 85
170 126
37 29
32 29
132 58
58 57
261 239
246 247
175 176
135 111
37 70
113 18
172 303
16 17
163 77
203 227
122 82
203 204
132 221
75 53
60 184
61 16
154 143
28 76
107 108
89 134
287 11
28 85
170 126
7 66
37 29
32 29
58 57
261 239
291 300
175 176
135 111
37 70
218 219
172 272
16 17
37 127
32 38
163 77
204 227
75 53
60 184
61 16
154 143
28 76
107 108
28 85
215 199
136 172
170 126
7 66
37 29
32 29
77 58
58 57
31 209
60 201
139 138
175 176
135 111
110 111
37 70
205 141
218 219
135 225
16 17
37 127
163 77
203 227
75 53
60 184
87 88
62 183
238 261
61 16
154 143
107 108
206 302
205 11 141
37 70
163 77
89 134
61 16
16 17
7 66
170 126
75 53
55 56
135 225
135 111
58 57
215 199
60 184
28 85
37 127
28 76
175 176
32 29
163 77
89 134
61 16
16 17
107 108
11 205
7 66
136 292
136 144
170 126
60 201
60 184
135 225
135 111
37 29
75 53
28 85
37 70
37 127
175 176
89 134
28 85
170 126
55 56
7 66
37 29
32 29
29 86
77 58
287 142
291 300
135 111
192 175
37 70
121 130
121 76
135 225
16 17
64 65
37 127
32 38
163 77
43 15
75 53
60 184
238 261
61 16
28 76
268 280
28 85
55 56
7 66
181 175
32 29
29 86
287 142
139 138
192 175
37 70
292 205
121 130
121 16
121 76
114 61
218 219
135 225
16 17
64 65
37 127
163 77
101 76
101 91
60 184
61 16
28 76
268 276 280
60 184
32 29
121 130
121 76
229 134
163 77
114 61
286 241
287 142
61 16
16 17
7 66
7 8
170 126
28 85
135 225
181 175
64 65
139 138
43 15
37 70
37 127
292 205
175 176
89 249 46
28 85
229 134
170 126
7 66
37 66
181 175
261 239
287 142
139 138
175 176
112 216
292 205
37 70
121 130
121 76
135 225
16 17
37 127
195 126
206 302
243 229
163 77
43 15
60 184
189 183
61 16
121 130
163 77
77 58
114 61
61 16
287 142
28 85
7 66
170 195
170 126
215 199
10 281
37 66
181 175
58 57
261 239
60 184
37 70
175 176
206 302
32 29
121 130
121 16
163 77
77 58
114 61
61 16
287 142
28 85
7 66
170 126
43 15
60 201
60 184
37 66
37 70
37 127
192 175
175 176
206 302
32 29
121 130
121 61 16
121 76
163 77
77 58
114 61
28 85
7 66
170 126
43 15
60 201
60 184
37 66
135 111
10 281
58 57
139 138
84 57
37 70
37 127
28 76
175 176
113 18
163 77
89 134
114 61
61 16
7 66
170 126
215 199
135 111
37 66
60 184
28 85
139 138
31 209
84 57
37 70
292 205
28 76
175 176
175 176
113 18
121 16
121 76
163 77
114 61
61 16
218 219
28 85
7 66
170 126
215 199
60 184
37 66
43 15
286 87
37 70
292 205
121 61 16
163 77
122 82
114 61
218 219
249 46
7 66
170 126
215 199
60 184
37 66
28 85
43 15
37 70
175 176
124 83
89 134
28 85
215 199
170 126
7 66
37 66
108 8
291 300
175 176
78 79
37 70
113 18
121 130
121 61 16
114 61
145 269
83 82
64 65
206 302
54 180
163 77
75 53
60 184
268 276
124 83
121 130
163 77
89 134
291 300
61 16
218 219
145 269
7 66
7 8
170 126
215 199
60 201
60 184
28 85
64 65
37 70
37 127
78 79
175 176
76 33
206 302
124 83
121 130
121 61
121 76
163 77
89 134
291 300
61 16
41 91
7 66
7 70
7 8
170 126
75 53
60 201
60 184
28 85
268 280
261 239
37 70
37 127
28 76
175 176
117 33
89 134
241 236
28 85
107 85
170 126
7 66
32 29
29 86
261 239
7 8
246 247
175 176
78 79
112 12
37 70
117 33
121 130
121 61
218 219
7 37
37 127
4 47
86 127
86 94
163 77
92 91
75 53
60 184
61 16
28 76
107 108
89 134
11 142
55 135
7 66
32 29
29 86
7 8
198 139
139 138
175 176
78 79
112 12
7 70
37 70
117 33
121 61
218 219
37 127
86 127
86 94
116 115
206 302
47 48
163 77
75 53
60 184
124 83
89 134
287 11
215 199
170 126
7 66
4 66
32 29
29 86
7 8
291 300
139 138
175 176
110 111
78 79
112 12
37 70
117 33
218 219
286 87
292 287
86 94
116 115
206 302
54 180
163 77
92 91
43 15
60 184
61 16
268 276
268 280
292 287 11
7 66
4 66
32 29
7 8
287 142
291 300
198 139
139 138
78 79
112 12
37 70
117 33
121 130
218 219
286 87
86 94
116 115
206 302
163 77
92 91
43 15
75 53
60 184
107 108
268 276
268 280
89 134
215 199
7 66
32 29
287 142
291 300
175 176
135 111
78 77
78 79
112 12
37 70
117 33
218 219
286 87
116 115
206 302
163 77
43 15
60 184
179 186
107 108
268 276
268 280
89 134
287 11
170 195
55 56
7 66
37 66
32 29
29 86
7 8
291 300
175 176
112 12
37 70
117 33
121 130
218 219
286 87
206 161
206 302
163 77
92 91
43 15
75 53
60 184
179 186
28 76
107 108
268 276
268 280
89 134
170 126
7 66
37 66
32 29
29 86
7 8
291 300
175 176
78 79
112 12
37 70
121 61
114 61
218 219
286 87
37 127
195 126
206 161
163 77
92 91
132 221
75 53
60 184
238 261
61 16
107 108
191 161
268 276
89 134
46 18
170 126
4 66
29 86
132 58
7 8
291 300
287 142
139 138
175 176
78 79
112 12
37 70
117 33
114 61
218 219
16 17
286 87
37 127
116 115
206 302
163 77
43 15
60 184
238 261
61 16
28 76
107 108
268 276
89 134
28 85
170 126
7 66
37 66
4 66
181 175
132 58
29 86
7 8
112 113 12
37 70
117 33
121 16
312 232
218 219
145 269
140 202
286 87
37 127
292 287
116 115
206 302
163 77
92 91
60 184
61 16
28 76
268 276
89 134
46 212
170 126
7 66
29 86
7 8
287 142
60 201
175 176
112 113 12
37 70
121 130
218 219
16 17
286 87
37 127
206 302
163 77
92 91
60 184
179 186
61 16
268 276
243 5
89 134
170 126
7 66
29 86
7 8
287 142
60 201
175 176
78 79
112 113 12
37 70
117 33
121 114
121 130
114 61
218 219
227 282
140 202
286 87
4 97
163 77
92 91
60 184
61 16
28 76
89 134
28 85
170 126
7 66
29 86
7 8
287 142
60 201
246 247
175 176
78 79
112 12
37 70
117 33
121 114 61
312 232
218 219
4 97
47 48
163 77
92 91
60 184
113 12
268 280
89 134
28 85
170 126
7 66
29 86
7 8
287 142
291 300
246 247
175 176
112 12
37 70
218 219
292 287
32 38
163 77
92 91
43 15
60 184
179 186
61 16
113 12
268 276
121 130
163 77
89 134
246 247
61 16
16 17
292 287
287 142
218 219
28 85
7 66
7 8
43 15
60 184
29 86
268 280
37 70
175 176
112 113 12
54 180
121 130
163 77
77 58
89 134
61 16
16 17
292 287
287 142
218 219
92 91
28 85
7 66
7 8
43 15
55 88
268 280
60 184
139 138
37 70
78 79
175 176
112 12
163 77
89 134
16 17
287 142
218 219
11 205
92 91
28 85
7 66
7 8
43 15
55 88
29 86
58 57
60 184
84 57
78 79
175 176
112 12
113 12
32 38
163 77
89 134
218 219
11 205
11 141
227 282
92 91
7 8
28 85
60 184
29 86
58 57
179 186
283 24
175 176
112 12
113 12
163 77
89 134
16 17
16 115
218 219
11 141
92 91
28 85
7 8
132 58
10 281
60 184
58 57
243 112 12
238 261
112 113 12
163 77
122 82
89 134
16 17
28 85
7 8
10 281
60 184
58 57
179 186
243 12
37 70
238 261
175 176
112 113 12
163 77
77 58
122 82
89 134
28 85
7 8
215 199
60 184
58 57
37 70
28 76
175 176
112 12
121 16
163 77
122 82
89 134
61 16
28 85
7 8
170 126
55 88
60 184
238 261
28 76
175 176
112 113
112 12
206 302
121 61
163 77
77 58
89 134
114 61
61 16
287 142
11 141
28 85
7 8
135 111
60 184
37 70
37 127
116 115
28 76
175 176
206 302
121 61
163 77
77 58
89 134
114 61
291 300
287 142
61 16
28 85
7 8
60 184
243 12
37 70
37 127
28 76
175 176
112 113
113 12
121 61
163 77
77 58
89 134
114 61
286 241
287 142
218 219
291 300
61 16
92 91
28 85
170 126
60 184
181 175
29 86
286 87
283 24
37 127
243 113
243 12
28 76
175 176
112 113
121 61 16
163 77
77 58
89 134
114 61
291 300
287 142
101 76
101 91
246 88
92 91
28 85
170 126
60 201
60 184
29 86
58 57
37 127
28 76
175 176
112 12
121 61
163 77
77 58
89 134
114 61
291 300
107 108
218 219
61 16
92 91
28 85
132 58
60 184
29 86
58 57
286 87
37 127
78 79
112 12
216 18
46 212
121 61
163 77
77 58
89 134
114 61
291 300
287 142
218 219
61 16
83 82
132 58
75 53
60 184
29 86
58 57
92 91
28 85
286 87
6 18
78 79
121 61
163 77
122 82
246 247
114 61
287 142
89 134
291 300
61 16
92 91
28 85
75 53
60 184
29 86
58 57
31 209
6 18
78 79
175 176
112 113
121 61
163 77
77 58
89 134
114 61
291 300
61 16
218 219 18
92 91
28 85
75 53
60 184
37 66
29 86
78 58
58 57
268 280
37 70
78 79
175 176
112 113
163 77
77 58
89 134
246 247
114 61
61 16
218 219 18
312 232
92 91
41 91
28 85
170 126
75 53
60 184
37 66
181 192
58 57
29 86
268 280
84 302
37 70
198 139
112 113
163 77
89 134
114 61
61 16
107 108
312 232
92 91
41 91
7 8
170 126
75 53
60 184
294 254
181 192
58 57
29 86
28 85
112 6
37 70
198 139
112 113
218 18
206 302
121 61
163 77
89 134
114 61
61 16
107 108
218 219 18
203 227
312 232
92 91
41 91
7 66
7 8
170 126
75 53
29 86
294 254
60 184
78 79
163 77
78 77
121 130
89 134
61 16
292 287
287 142
218 219
203 227
107 108
92 91
7 66
7 8
55 56
29 86
60 184
37 70
37 127
198 139
28 76
78 79
148 147
89 134
42 85
28 76 85
7 66
29 86
292 142
198 139
78 77
78 79
121 130
121 61
114 61
218 219
37 127
292 287
206 302
163 77
243 229
92 91
41 91
75 53
60 184
61 16
107 108
89 134
28 85
249 134
170 126
55 56
7 66
29 86
31 209
60 201
198 139
175 176
78 79
12 18
121 130
121 61
114 61
218 219
37 127
113 216
163 77
92 91
60 184
61 16
107 108
206 302
12 18
32 38
121 130
121 61
163 77
77 58
114 61
61 16
287 142
218 219
107 108
46 212
92 91
7 66
7 8
55 56
29 86
60 184
42 41
178 175
198 139
78 79
89 134
46 212
170 126
55 56
7 66
29 86
206 58
31 209
294 254
198 139
78 79
37 70
12 18
121 130
121 61 16
114 61
218 219
195 126
113 216
206 302
54 180
47 48
163 77
92 91
75 53
60 184
28 76
107 108
170 126
55 56
7 66
29 86
58 57
7 8
186 209
60 201
294 254
175 176
57 302
78 79
37 70
12 18
121 130
121 61 16
114 61
37 127
113 216
216 6
54 180
32 38
163 77
101 76
203 227
75 53
60 184
121 61
163 77
77 58
114 61
61 16
287 142
203 227
7 66
7 8
170 126
60 201
60 184
37 66
186 209
37 127
198 139
175 176
112 113
113 216
12 18
206 302
121 61
203 204
163 77
61 16
203 227
7 66
7 8
60 201
60 184
181 192
181 175
58 57
142 141
31 209
37 127
198 139
292 141
175 176
206 302
46 212
121 61
163 77
61 16
287 142 141
7 66
7 8
170 126
60 201
60 184
181 175
58 57
179 186
6 18
243 5
37 127
198 139
292 141
113 216
121 61
163 77
61 16
7 66
170 126
10 281
181 175
60 184
179 186
186 209
142 141
37 127
198 139
292 141
28 76
94 127
113 216
89 249
7 66
181 175
58 57
287 142 141
291 300
60 201
198 139
139 138
175 176
78 79
112 113
112 6
218 219 18
121 61
16 17
113 216
163 77
203 227
60 184
61 16
28 76
10 281
191 161
206 302
28 76
37 70
121 61 16
163 77
287 142
218 219
7 66
10 281
181 192
181 175
58 57
29 86
191 161
60 184
312 264
142 141
37 127
78 79
94 127
113 216
206 302
218 18
121 130
121 61 16
243 229
163 77
292 287 141
287 142 141
218 219
7 66
60 201
60 184
10 281
58 57
144 301
65 115
29 86
191 161
238 261
28 76
78 79
175 176
46 212
170 126
7 66
29 86
287 142
142 141
175 176
78 79
37 70
218 219 18
121 130
121 61
65 115
94 127
206 302
54 180
163 77
75 53
60 184
61 16
28 76
10 281
191 161
206 302
121 130
121 61
163 77
140 202
61 16
287 142 141
7 66
7 8
60 201
60 184
10 281
58 57
29 86
31 209
198 139
292 141
28 76
78 79
218 18
206 302
113 18
121 130
121 61
163 77
78 77
89 134
114 61
221 210
287 142
218 219
61 16
140 202
46 212
7 66
7 8
10 281
60 184
58 57
142 141
216 6
31 209
198 139
292 141
78 79
206 302
121 61
78 77
241 236
287 142 141
61 16
8 85
7 66
7 8
60 201
60 184
10 281
58 57
29 86
191 161
198 139
292 141
78 79
46 212
121 61
78 77
61 16
287 142
218 219
8 85
7 66
7 8
170 126
132 221
60 201
60 184
10 281
191 161
142 141
113 6
6 18
31 209
289 221
198 139
65 115
47 48
113 18
216 18
121 61
78 77
61 16
287 142 141
46 212
7 66
7 8
215 199
60 184
191 161
31 209
78 79
94 127
121 61
163 77
291 300
61 16
287 142 141
46 212
7 66
75 151
75 53
60 201
60 184
191 161
221 58
31 209
37 70
198 139
78 79
175 176
206 302
121 61
163 77
140 202
154 143
61 16
287 142
218 219
7 66
75 53
60 201
60 184
221 58
17 33
31 209
37 127
198 139
292 141
117 28
78 79
175 176
206 302
121 61
163 77
140 202
61 16
287 142
218 219
312 232
136 303
46 212
7 66
75 53
60 201
60 184
215 199
191 161
221 58
37 127
198 139
292 141
78 79
206 302
124 83
121 61
163 77
61 16
287 142
218 219
92 91
8 85
132 221
60 184
37 70
198 139
292 141
78 79
175 176
206 302
124 83
121 61
163 77
61 16
218 219
92 91
215 199
170 126
195 126
181 192
181 175
60 184
37 70
78 221
198 139
78 79
175 176
206 302
124 83
121 61
163 77
101 91
291 300
61 16
16 17
218 219
92 91
215 199
132 58
60 184
181 192
181 175
221 58
112 6
78 221
198 139
78 79
175 176
94 127
113 216
124 83
121 61
163 77
101 91
291 300
61 16
16 17
154 143
218 219
132 221 58
170 126
60 201
60 184
181 175
112 6
198 139
175 176
112 18
124 83
163 77
228 211
291 300
287 142
61 16
215 199
132 58
60 184
181 175
198 139
192 175
78 79
36 38
94 127
206 302
124 83
229 44
163 77
291 300
154 143
287 142
218 219
61 16
7 8
132 58
170 126
55 56
181 175
60 184
19 249
198 139
192 175
78 79
94 127
112 18
163 77
154 143
61 16
16 17
287 142
107 108
312 232
7 8
132 221
132 58
215 199
60 184
181 175
19 249
37 70
37 127
192 175
94 127
206 302
163 77
101 91
154 143
61 16
16 17
287 142
107 108
92 91
7 8
132 221
132 58
60 184
294 199
294 207
181 175
64 65
37 70
192 175
112 18
206 302
163 77
291 300
61 16
16 17
287 142
154 143
107 108
92 91
7 8
132 58
60 184
181 175
19 249
37 70
198 139
117 61
192 175
175 176
112 18
206 302
163 77
61 16
16 17
287 142
107 108
83 82
7 8
132 221
132 58
60 184
181 175
117 61
192 175
94 127
57 302
112 18
113 18
206 302
163 77
291 300
154 143
16 17
107 108
312 232
292 265
132 58
75 151
75 53
60 184
117 61
94 127
112 18
113 18
206 302
54 180
112 18
163 77
291 300
61 16
16 17
41 91
132 221
132 58
170 126
133 10
60 184
113 6
37 70
37 127
117 61
28 76
192 175
78 79
94 127
54 180
163 77
246 87
291 300
257 248
218 219
61 16
16 17
265 141
7 8
132 221
132 58
75 53
60 184
216 6
117 61
94 127
112 18
14 124
279 2
315 288
159 158
95 158
215 199
94 85
179 42
181 233
72 59
207 296
172 150
313 142
270 95
95 51
87 236
19 90
159 52
112 113
37 70
51 52
114 149
27 109
109 22
218 219
166 145
279 102
279 22
35 34
60 125
314 51
101 17
16 17
298 230
101 64
286 87
259 229
98 99
101 94
47 48
101 36
72 171
100 195
53 231
61 16
301 272
71 152
76 41
72 274
72 73
14 124
315 288
288 202
241 236
179 42
181 233
261 239
207 296
36 8
172 150
270 95
95 51
159 52
112 113
37 70
121 36 38
27 109
109 22
218 219
219 224
166 145
35 34
125 62
16 17
298 230
286 87
37 36
4 47
98 99
99 72
54 53
9 316
92 101
101 28
72 171
128 81
100 195
60 62
315 299
61 16
71 152
71 149
107 76
76 41
27 21
174 72
268 276
23 162
305 276
14 124
315 288
288 202
241 236
159 158
95 158
76 85
166 136
181 176
181 233
249 12
261 239
207 296
172 150
270 95
198 139
112 113
37 70
121 38
27 109 21
218 219
292 265
166 278
166 145
35 34
172 281
286 87
37 38
4 47
292 287
262 13
126 317
98 99
94 108
287 141
47 48
9 316
92 101
101 28
128 81
53 231
61 16
71 152
36 38
71 149
76 41
174 72
268 281
27 22
14 124
315 288
288 202
241 236
316 11
42 85
107 85
215 213
215 199
95 158
51 158
29 86
178 181
181 233
249 12
207 296
172 150
199 256
270 95
112 113
279 318
37 70
51 52
121 38
114 61 16
218 219
219 224
287 265
166 278
166 145
35 34
172 281
314 51
16 17
243 298
292 202
286 87
4 94
37 127
292 287
94 127
262 13
63 99
98 99
287 141
92 101
101 28
171 73
128 81
63 195
53 231
179 161
71 149
28 76
63 100
174 72
305 268
268 281
23 162
27 22
72 73
14 124
315 288
241 236
42 85
95 158
29 86
181 233
249 105
207 296
172 150
199 256
270 95
178 176
176 233
159 52
112 113
279 318
37 70
51 52
121 38
114 61
218 219
219 224
166 278
166 145
35 34
60 125
314 51
61 64
16 17
243 298
286 87
86 101
126 317
63 99
98 99
287 141
301 141
229 251
101 28
171 73
92 91
128 81
9 280
53 231
61 16
301 272
36 38
71 149
28 76
305 268 276
268 281
23 162
27 22
72 73
14 124
315 288
316 11
159 158
95 158
278 136
55 56
55 88
29 86
181 176
181 233
207 296
172 150
26 74
270 95
95 52
112 113
37 70
51 52
121 38
114 61
114 108
27 109
109 21
218 219
219 224
316 269
35 34
172 268 281
314 51
16 17
64 107
243 298
292 202
286 87
4 127
292 301
270 51
86 101 28
126 317
98 99
287 301 141
104 105
128 81
9 10
9 280
100 195
53 231
61 16
301 272
36 38
71 149
108 76
76 41
268 276
72 73
2 22
315 288
241 236
316 11
95 158
7 66
29 86
181 176
181 233
207 296
172 150
227 296
270 95 52
180 185
19 90
112 113
37 70
51 52
121 117
121 38
69 67
114 61
114 107
218 219
219 224
316 269
279 81
35 34
172 281
314 51
146 67
146 190
116 17
16 17
243 298
292 202
286 87
7 37
86 101
98 99
126 317
287 141
104 105
47 48
171 73
128 81
9 10
9 280
100 195
53 231
103 149
61 16
301 272
71 152
36 38
71 149
107 108
268 281
72 73
14 124
315 288
288 202
241 236
215 199
55 56
7 66
29 86
29 101 76
181 233
207 296
7 8
307 142
172 150
270 95
95 52
198 139
178 176
19 90
78 79
112 113
103 318
37 70
51 52
121 117
121 38
69 67
37 114
114 61
114 65
218 219
219 224
166 145
35 34
172 281
60 125
146 190
16 17
243 298
292 202
286 87
98 99
126 317
287 141
104 105
47 48
128 81
9 10
9 280
100 195
87 88
53 231
71 103
71 152
28 76
107 108
27 21
268 276
72 73
315 288
288 202
241 236
7 66
29 86
181 233
207 296
7 8
285 300
173 98
270 95
19 90
112 113
37 70
51 52
200 227
121 38
69 67
114 61
218 219
219 224
35 34
16 17
243 298
292 202
37 36
98 99
126 317
104 105
101 76
128 81
9 280
100 195
87 88
53 231
61 16
301 272
36 38
71 149
21 22
268 276
5 6
72 73
68 96
315 288
288 202
241 236
107 85
55 56
7 66
29 86
181 233
155 318
207 296
7 8
172 150
292 300
270 95
176 233
19 90
112 113
37 70
51 52
121 38
69 67
114 61
27 109
218 219
219 224
276 269
35 34
16 17
286 87
7 37
292 287
98 99
126 317
287 141
208 227
128 81
9 280
100 195
87 88
53 231
61 16
217 6
71 152
36 38
71 149
174 98
107 108
27 21
268 276
5 6
68 96
14 124
315 288
288 202
241 236
95 158
55 88
47 66
29 86
207 296
172 150
292 300
270 95
139 138
19 90
112 113
37 70
51 52
114 61
114 65
218 219
219 224
166 145
35 34
65 64
16 17
243 298
292 202
286 87
126 317
98 99
128 81
9 10
9 280
100 195
87 88
53 231
61 16
71 152
71 149
107 108
27 21
268 276
72 73
305 276
68 96
14 124
241 236
316 11
55 88
42 41
181 233
29 86
207 296
292 300
63 173
270 95
95 51
198 139
139 138
19 90
112 113
37 70
51 52
114 61
218 219
219 224
35 34
16 17
292 202
286 87
126 317
98 99
287 141
128 81
9 10
100 195
53 231
61 16
71 152
71 149
63 100
27 21
268 276
268 281
68 96
14 124
241 236
316 11
51 158
55 88
29 86
181 233
207 296
292 300
270 95 51
139 138
19 90
112 113
37 70
70 94
51 52
114 61
218 219
219 224
166 145
35 34
172 281
16 17
243 298
64 65
286 87
126 317
98 99
287 141
104 105
9 280
100 195
53 231
61 16
71 152
71 149
27 21
268 276
268 281
72 73
14 124
315 288
241 236
316 11
55 88
29 86
29 114
181 233
261 239
207 296
7 8
172 150
292 300
270 95 51
19 90
112 113
102 318
37 70
70 94
51 52
200 227
37 114
114 61
218 219
219 224
166 145
35 34
16 17
243 298
64 65
286 87
126 317
98 99
287 141
9 10
100 195
53 231
61 16
71 149
107 108
27 21
268 276
68 96
14 124
315 288
288 202
241 236
107 85
55 88
29 86
181 233
207 296
7 8
172 150
292 300
270 95
95 51
139 138
112 113
37 70
51 52
69 67
114 61
218 219
219 224
166 145
35 34
146 190
16 17
243 298
64 65
286 87
4 47
13 5
98 99
126 317
47 48
9 10
100 195
53 231
61 16
217 6
71 152
71 149
107 108
27 21
268 281
27 22
72 73
68 96
14 124
315 288
288 202
241 236
55 88
181 233
207 296
7 8
172 150
292 300
270 95 51
95 51 52
112 113
37 70
70 94
121 117
114 61
218 219
35 34
172 281
16 17
243 298
64 65
286 87
98 99
126 317
104 105
229 251
41 91
100 195
53 231
61 16
71 152
71 149
28 76
63 100
268 276
268 281
27 22
72 73
68 96
14 124
315 288
241 236
55 88
29 61
181 233
207 296
7 8
172 150
292 300
63 173
270 95 51
139 138
112 113
51 52
200 227
121 117
114 61
218 219
219 224
35 34
172 281
116 17
61 16 17
243 298
286 87
94 127
98 99
126 317
104 105
229 251
9 280
100 195
53 231
217 6
71 149
107 108
268 281
27 22
72 73
14 124
315 288
241 236
215 213
55 88
7 66
29 86
181 233
207 296
7 8
172 150
292 300
63 173
270 95 51
139 138
112 113
51 52
121 117
114 61
218 219
35 34
172 281
146 190
16 17
243 298
286 87
98 99
126 317
104 105
229 251
92 91
9 280
100 195
315 299
53 231
61 16
71 152
71 149
63 100
107 108
268 276
27 22
72 73
14 124
241 236
316 11
55 88
7 66
181 233
29 86
207 296
7 8
172 150
292 300
63 173
198 139
110 111
112 113
114 61
218 219
35 34
172 281
16 17
243 298
64 65
286 87
126 317
287 141
104 105
47 48
229 251
101 76
100 195
315 299
53 231
61 16
71 152
71 149
28 76
63 100
268 276
268 281
27 22
72 73
14 124
241 236
55 88
181 233
29 86
207 296
7 8
172 150
292 300
63 173
270 95
198 139
178 176
112 113
37 70
121 117
114 61
218 219
35 34
172 281
146 190
86 17
16 17
243 298
286 87
94 127
99 72
126 317
104 105
229 251
101 76
100 195
315 299
53 231
71 149
268 281
27 22
72 73
14 124
215 213
55 88
181 233
29 86
207 296
7 8
172 150
292 300
63 173
270 95
178 176
176 233
112 113
114 61
218 219
166 145
35 34
172 281
146 190
16 17
243 298
64 65
286 87
104 105
101 76
100 195
315 299
53 231
61 16
217 6
71 149
107 108
319 162
268 276
27 22
72 73
14 124
241 236
28 85
7 66
181 233
29 86
207 296
7 8
172 150
292 300
63 173
270 95
198 139
19 90
37 70
114 61
218 219
166 145
35 34
172 281
146 190
243 298
16 17
64 65
286 87
94 127
126 317
216 105
104 105
47 48
229 251
101 76
100 195
315 299
53 231
36 38
71 149
28 76
107 108
268 276
27 22
72 73
14 124
28 85
215 199
7 66
181 233
29 61
207 296
7 8
172 150
292 300
63 173
270 95
19 90
37 70
121 38
114 61
114 65
218 219
166 145
35 34
146 190
16 17
49 118
286 87
126 317
216 105
229 251
100 195
315 299
53 231
61 16
71 149
28 76
63 100
268 281
27 22
72 73
14 124
28 85
66 107
181 233
29 86 61
7 8
172 150
292 300
63 173
173 184
270 95
19 90
112 113
37 70
70 94
200 227
114 61
218 219
166 145
35 34
146 190
116 65
286 87
94 127
126 317
54 53
208 227
100 195
315 299
53 231
71 149
63 100
107 108
268 281
27 22
72 73
316 11
181 233
29 86 61
207 296
172 150
292 300
63 173
173 184
270 95
95 52
198 139
159 52
112 113
37 70
70 94
114 61
218 219
219 224
166 145
35 34
146 190
116 65
286 87
126 317
100 195
315 299
53 231
71 152
71 149
48 97
268 276
268 281
27 22
72 73
181 233
29 86 61
63 173
270 95
139 138
19 90
159 52
112 113
37 70
114 61
218 219
166 145
35 34
146 190
116 65
100 195
60 62
315 299
53 231
61 16
71 149
63 100
268 281
27 22
72 73
316 11
28 85
181 233
29 61
207 296
7 8
63 173
139 138
19 90
159 52
112 113
37 70
70 94
114 61
218 219
166 145
35 34
146 190
116 65
100 195
315 299
53 231
61 16
71 152
36 38
71 149
63 100
319 162
268 281
27 22
14 124
28 85
215 199
181 233
261 239
207 296
7 8
172 150
173 184
270 95
176 233
19 90
112 113
37 70
121 38
114 61
218 219
316 269
166 145
35 34
172 281
146 190
116 65
16 17
60 126
54 180
208 227
100 195
315 299
53 231
61 16
36 38
71 149
28 76
63 100
268 281
27 22
72 73
14 124
288 202
28 85
215 199
207 296
7 8
172 150
173 184
270 95
95 52
19 90
159 52
112 113
37 70
218 219
35 34
146 190
116 65
65 64
292 202
286 238
126 317
98 99
54 180
101 76
100 195
315 299
36 38
71 149
63 184
28 76
63 100
268 281
27 22
72 73
14 124
241 236
28 85
95 158
181 176
181 233
207 296
7 8
172 150
270 95
95 52
139 138
19 90
37 70
218 219
35 34
172 281
146 190
116 65
65 64
16 17
286 87
98 99
54 180
101 76
208 227
100 195
315 299
53 231
71 152
36 38
28 76
63 100
319 162
27 22
72 73
14 124
288 202
241 236
95 158
215 199
42 41
181 176
181 233
29 61
207 296
7 8
292 300
173 184
270 95
95 52
139 138
237 111
19 90
37 70
70 94
114 61
218 219
35 34
172 281
146 190
116 65
65 17
292 202
286 87
54 180
100 195
315 299
53 231
61 16
71 152
36 38
71 149
28 76
63 100
319 162
27 22
72 73
241 236
28 85
215 199
181 233
207 296
7 8
173 184
270 95
19 90
159 52
112 113
37 70
114 61
218 219
35 34
146 190
116 65
286 87
60 126
54 180
208 227
92 91
100 195
315 299
53 231
61 16
71 152
36 38
71 149
28 76
100 62
319 162
27 22
241 236
215 213
42 41
178 181
207 296
7 8
292 300
173 184
139 138
19 90
159 52
318 1
114 61
218 219
35 34
172 281
146 190
116 65
60 126
54 180
203 227
208 227
92 91
9 280
100 195
315 299
53 231
61 16
71 152
36 38
71 149
28 76
107 108
319 162
268 281
27 22
72 73
241 236
28 85
215 213
42 41
178 181
207 296
7 8
292 300
173 184
19 90
112 113
102 318
318 1
114 61
218 219
219 224
35 34
172 281
146 190
116 65
126 317
54 180
208 227
100 195
315 299
53 231
61 16
71 152
36 38
71 149
28 76
107 108
319 162
268 281
27 22
28 85
215 213
42 41
178 181
181 233
207 296
7 8
139 138
19 90
112 113
318 1
114 61
218 219
219 224
166 145
35 34
172 281
146 190
286 87
37 36
126 317
54 180
100 195
315 299
53 231
71 152
36 38
28 76
107 108
319 162
268 281
27 22
241 236
28 85
215 213
178 181
181 233
207 296
7 8
270 95
19 90
112 113
102 318
121 38
114 61
218 219
219 224
166 145
35 34
146 190
145 290
126 317
54 180
294 248
208 227
92 91
100 195
315 299
53 231
61 16
71 152
36 38
71 149
28 76
107 108
319 162
268 281
27 22
28 85
215 213
66 107
207 296
7 8
270 95
198 139
139 138
285 291
37 70
102 318
114 61
218 219
219 224
166 145
35 34
146 190
243 298
126 317
54 180
208 227
92 91
9 280
100 195
315 299
53 231
61 16
71 152
36 38
28 76
107 108
319 162
268 281
27 22
55 56
66 107
178 181
181 233
155 318
207 296
7 8
270 95
198 139
139 138
285 291
112 113
102 318
37 70
121 38
114 61
219 224
35 34
172 281
146 190
286 87
37 36
243 259
292 301
122 235
126 317
98 99
54 180
294 248
203 227
208 227
92 91
9 280
100 195
315 299
53 231
61 16
71 152
36 38
71 149
28 76
100 62
107 108
319 162
268 281
27 22
5 6
14 124
215 199
207 296
7 8
270 95
19 90
112 113
37 70
121 38
114 61
219 224
35 34
172 281
146 190
64 65
286 87
37 36
126 317
98 99
92 91
9 280
100 195
315 299
53 231
61 16
71 152
36 38
71 149
28 76
100 62
107 108
319 162
268 276
268 281
27 22
5 6
207 296
7 8
270 95
178 176
19 90
37 70
69 67
114 61
35 34
172 281
61 16 17
64 65
286 87
126 317
98 99
54 180
294 248
9 280
100 195
315 299
53 231
71 152
71 149
28 76
107 108
319 162
268 281
27 22
5 6
181 233
207 296
7 8
63 173
270 95
139 138
178 176
19 90
121 117
35 34
172 281
16 17
64 65
286 87
98 99
126 317
54 180
9 280
100 195
315 299
53 231
61 16
71 152
71 149
28 76
107 108
268 276
268 281
27 22
5 6
241 236
42 41
207 296
7 8
63 173
270 95
178 176
37 70
121 117
35 34
172 281
146 190
16 17
64 65
286 87
163 309
98 99
126 317
287 141
54 180
92 91
9 280
63 195
100 195
315 299
53 231
61 16
71 152
36 38
71 149
28 76
107 108
268 276
268 281
27 22
5 6
241 236
215 199
42 41
29 86
7 8
63 173
159 52
37 70
200 227
121 117
114 61
218 219
35 34
172 281
228 44
286 87
98 99
126 317
54 180
9 280
100 195
315 299
53 231
61 16
71 152
71 149
28 76
63 100
174 98
63 98
107 108
268 276
268 281
27 22
5 6
241 236
215 199
181 233
155 318
7 8
63 173 98
270 95
139 138
159 52
37 70
121 117
114 61
218 219
35 34
172 281
146 190
286 87
37 94
4 127
98 99
60 126
126 317
92 91
41 91
9 280
100 195
315 299
53 231
61 16
71 152
71 149
63 184
28 76
174 98
107 108
268 276
268 281
27 22
5 6
241 236
215 199
42 41
181 233
63 173
112 113
37 70
121 117
121 94
218 219
35 34
172 281
286 87
98 99
126 317
203 227
208 227
9 280
100 195
315 299
53 231
61 16
71 149
63 98
107 108
268 276
268 281
27 22
5 6
241 236
215 199
181 233
63 173
270 95
139 138
112 113
37 70
121 117
121 94
114 61
218 219
35 34
172 281
64 65
286 87
37 94
98 99
126 317
9 280
100 195
315 299
53 231
61 16
71 152
71 149
63 100
107 108
268 276
268 281
27 22
5 6
241 236
215 199
181 233
29 86
172 150
173 184
270 95
198 139
112 113
37 70
121 117
121 94
114 61
218 219
35 34
172 281
146 190
286 87
86 61
98 99
60 126
126 317
92 91
9 280
100 195
315 299
53 231
61 16
71 149
63 100
107 108
268 276
268 281
27 22
5 6
305 276
241 236
113 134
29 86
172 150
63 173
173 98
270 95
139 138
112 113
37 70
200 227
121 117
121 94
252 122
114 61
114 65
218 219
219 224
35 34
172 281
146 190
65 64
286 87
77 192
86 61
98 99
104 105
47 48
163 77
208 227
92 91
9 10
9 280
100 195
315 299
53 231
61 16
71 149
63 100
107 108
268 276
268 281
27 22
5 6
241 236
215 199
181 233
29 86
270 95
19 90
112 113
37 70
200 227
121 117
121 94
252 122
114 61
114 65
114 36
218 219
219 224
35 34
286 87
37 94
98 99
208 227
9 280
100 195
315 299
53 231
61 16
71 152
71 149
107 108
268 276
268 281
27 22
5 6
241 236
120 158
181 233
29 86
7 8
173 184
270 95
19 90
112 113
37 70
121 117
114 61
114 36
218 219
219 224
35 34
16 17
286 87
92 91
9 280
100 195
315 299
53 231
61 16
71 149
63 100
107 108
268 276
268 281
27 22
5 6
241 236
178 181
181 233
7 8
173 184
270 95
139 138
19 90
78 79
112 113
37 70
121 117
114 61
114 36
218 219
35 34
172 281
146 190
16 17
64 65
286 87
37 94
47 48
208 227
92 91
9 280
100 195
315 299
53 231
61 16
71 152
71 149
107 108
268 281
27 22
5 6
241 236
215 199
173 184
270 95
78 79
159 52
112 113
121 117
114 61
114 36
218 219
219 224
35 34
172 281
64 65
286 87
37 94
98 99
47 48
163 77
229 251
92 91
9 280
100 195
315 299
53 231
61 16
71 152
71 149
63 100
107 108
268 281
27 22
5 6
241 236
120 158
42 41
144 269
173 184
270 95
178 176
112 113
121 117
218 219
219 224
35 34
16 17
286 87
259 224
60 126
98 99
313 141
163 77
92 91
9 280
100 195
315 299
53 231
61 16
71 149
63 100
174 98
63 98
107 108
305 268
268 276
268 281
27 22
241 236
120 158
215 199
42 41
29 86
144 269
155 318
173 184
270 95
139 138
178 176
78 79
112 113
37 70
121 117
114 61
114 65
114 36
218 219
219 224
35 34
146 190
65 64
16 17
286 87
292 301
60 126
126 317
313 141
54 180
47 48
208 227
92 91
100 195
315 299
53 231
61 16
217 6
71 152
71 149
63 100
174 98
27 22
241 236
215 199
42 41
181 233
29 86
144 269
63 173 184
270 95
139 138
178 176
176 233
78 79
112 113
37 70
121 117
114 61
114 65
114 36
218 219
219 224
35 34
65 64
16 17
286 87
86 61
313 141
47 48
208 227
92 91
9 280
100 195
315 299
53 231
61 16
71 152
71 149
63 100
174 98
27 22
241 236
55 56
42 41
181 233
29 86
155 318
172 150
270 95
78 79
112 113
37 70
37 121
121 117
114 61
218 219
279 1
35 34
16 17
64 65
286 87
292 301
86 61
126 317
313 141
54 180
47 48
203 227
208 227
9 280
100 195
315 299
53 231
61 16
71 149
63 184
63 100
27 22
241 236
55 56
42 41
181 233
29 61
155 318
172 150
270 95
198 139
87 236
78 79
112 113
37 70
121 117
252 122
114 61
218 219
219 224
35 34
146 190
16 17
64 65
286 87
292 301
86 61
126 317
271 93
47 48
163 77
101 76
9 280
100 195
315 299
53 231
61 16
71 152
71 149
63 100
27 22
241 236
55 56
42 41
181 233
29 86
307 142
172 150
270 95
112 113
37 70
121 117
114 61
218 219
219 224
35 34
16 17
286 87
37 94
47 48
101 76
203 227
208 227
9 280
315 299
53 231
61 16
71 152
28 76
63 100
27 22
120 158
55 56
42 41
172 150
173 184
270 95
112 113
37 70
121 117
114 61
218 219
35 34
172 281
146 190
16 17
286 87
292 301
60 126
126 317
287 141
163 77
101 76
203 227
208 227
9 280
315 299
53 231
61 16
63 100
27 22
42 41
7 8
270 95
139 138
112 113
37 70
200 227
121 117
114 61
218 219
276 269
35 34
146 190
16 17
286 87
292 301
77 192
60 126
126 317
287 141
47 48
101 76
208 227
9 280
63 195
315 299
53 231
61 16
71 152
63 100
268 276
27 22
55 56
42 41
7 8
173 184
270 95 52
112 113
37 70
121 117
114 61
218 219
35 34
172 281
146 190
16 17
286 87
37 94
292 301
126 317
99 72
287 141
54 180
208 227
315 299
53 231
61 16
217 5
71 152
27 22
14 124
241 236
215 213
55 56
42 41
155 318
172 150
173 98
173 184
178 176
112 113
37 70
121 117
114 61
218 219
35 34
172 281
16 17
286 87
292 301
60 126
126 317
54 180
54 53
47 48
208 227
9 280
315 299
53 231
61 16
71 152
27 22
14 124
241 236
215 213
55 56
155 318
7 8
172 150
173 184
270 95
95 52
112 113
37 70
121 117
114 61
218 219
35 34
172 281
146 190
292 301
60 126
287 141
54 180
47 48
101 76
208 227
9 280
100 195
315 299
53 231
61 16
71 152
174 98
268 276
268 281
27 22
120 158
215 213
55 56
42 41
7 8
172 150
246 247
270 95
95 52
112 113
37 70
121 117
114 61
218 219
219 224
35 34
172 281
146 190
16 17
64 65
286 87
37 94
292 301
98 99
99 72
47 48
101 76
208 227
9 10
9 280
100 195
87 88
315 299
53 231
61 16
71 152
71 149
174 98
268 276
268 281
27 22
241 236
120 158
95 158
55 56
42 41
29 86
155 318
7 8
172 150
270 95
95 52
176 233
112 113
37 70
121 117
114 61
218 219
35 34
64 65
99 72
287 141
47 48
101 76
208 227
92 91
100 195
87 88
315 299
53 231
61 16
71 149
174 98
27 21 22
268 281
241 236
95 158
55 56
42 41
29 86
7 8
172 150
270 95
95 52
139 138
112 113
37 70
114 61
218 219
35 34
172 281
16 17
64 65
99 72
104 105
101 76
208 227
100 195
87 88
315 299
53 231
61 16
71 149
174 98
27 21
268 281
27 22
241 236
120 158
95 158
55 56
42 41
7 8
95 52
112 113
37 70
121 117
114 61
27 109
218 219
219 224
35 34
146 190
16 17
64 65
98 99
287 141
100 195
315 299
53 231
61 16
174 98
268 281
27 22
95 158
278 136
7 66
29 86
42 41
63 173
112 113
37 70
114 61
27 109
218 219
219 224
35 34
172 281
16 17
64 65
37 94
126 317
98 99
99 72
287 141
47 48
101 76
208 227
92 91
100 195
315 299
53 231
61 16
217 5
268 276
268 281
27 22
241 236
95 158
42 41
29 86
172 150
270 95
95 52
112 113
37 70
114 61
218 219
219 224
35 34
146 190
16 17
64 65
99 72
287 141
47 48
101 76
92 91
100 195
315 299
53 231
61 16
217 5
63 100
268 276
268 281
27 22
95 158
215 199
42 41
29 86
7 8
63 173
270 95
95 52
178 176
112 113
37 70
121 117
114 61
218 219
219 224
35 34
146 190
64 65
287 141
47 48
92 101
92 91
100 195
315 299
53 231
61 16
268 276
268 281
95 158
215 199
42 41
29 86
63 173
270 95
95 52
178 176
132 31
112 113
37 70
121 117
114 61
218 219
276 269
35 34
64 65
60 126
126 317
287 141
54 180
47 48
208 227
92 91
100 195
315 299
53 231
61 16
217 6
63 100
268 276
268 281
27 22
14 124
288 268
95 158
215 199
55 56
42 41
29 86
172 150
63 173
270 95
95 52
198 139
132 31
112 113
37 70
121 117
114 61
218 219
35 34
146 190
16 17
64 65
60 126
126 317
287 141
313 141
54 180
47 48
92 91
100 195
315 299
53 231
61 16
71 152
63 100
319 162
268 276
268 281
27 22
95 158
215 199
42 41
29 86
172 150
63 173
246 247
270 95
95 52
198 139
112 113
37 70
121 117
114 61
218 219
35 34
16 17
64 65
60 126
126 317
287 141
313 141
47 48
208 227
92 91
9 10
100 195
195 189
315 299
53 231
61 16
63 100
319 162
27 22
2 1
241 236
215 199
42 41
29 86
172 150
270 95
132 31
112 113
37 70
37 121
121 117
114 61
218 219
219 224
35 34
146 190
16 17
64 65
286 87
77 192
60 126
126 317
99 72
287 141
47 48
92 91
100 195
315 299
53 231
61 16
319 162
305 268
27 22
305 276
2 1
241 236
42 41
29 86
270 95
106 20
112 113
37 70
37 121
121 117
114 61
218 219
219 224
276 269
35 34
172 281
16 17
286 87
292 301
94 127
60 126
126 317
287 141
104 105
47 48
163 77
9 10
9 280
100 195
315 299
53 231
61 16
319 162
27 22
305 276
241 236
215 199
42 41
29 86
7 8
270 95
243 20
112 113
37 70
121 117
114 61
218 219
35 34
172 281
146 190
16 17
286 87
99 72
60 126
126 317
287 141
47 48
226 6
208 227
9 10
9 280
100 195
315 299
53 231
61 16
174 72
268 276
27 22
72 73
305 276
241 236
42 41
29 86
7 8
270 95
243 20
112 113
37 70
121 117
114 61
218 219
35 34
16 17
64 65
286 87
145 290
99 72
126 317
47 48
226 6
9 10
9 280
100 195
195 62
315 299
53 231
61 16
27 22
23 24
241 236
95 158
42 41
29 86
7 8
243 20
112 113
37 70
121 117
114 61 65
218 219
166 272
279 1
35 34
65 64
16 17
286 87
99 72
60 126
126 317
47 48
226 6
9 280
100 195
315 299
53 231
61 16
268 276
27 22
241 236
95 158
215 199
42 41
7 8
172 150
270 95
243 20
112 113
37 70
121 117
114 61
218 219
166 272
35 34
16 17
64 65
99 72
60 126
287 141
226 104
226 6
9 280
100 195
315 299
53 231
61 16
268 276
27 22
305 276
241 236
95 158
215 199
42 41
7 8
270 95
112 113
37 70
121 117
114 61
218 219
35 34
16 17
64 65
145 290
60 126
99 72
105 6
47 48
226 6
92 91
9 280
100 195
315 299
53 231
61 16
268 276
268 281
27 22
288 202
241 236
95 158
215 213
215 199
55 56
42 41
7 8
270 95
198 139
78 79
112 113
37 70
266 284
37 121
121 117
114 61
312 232
218 219
35 34
146 190
16 17
64 65
99 72
60 126
104 105
47 48
208 227
9 280
100 195
315 299
53 231
61 16
268 276
268 281
27 22
288 202
95 158
215 213
215 199
42 41
7 8
95 52
139 138
112 113
37 70
37 121
121 117
114 61
218 219
35 34
146 190
61 16 17
99 72
60 126
47 48
226 6
9 280
100 195
195 189
315 299
53 231
63 100
268 276
268 281
27 22
23 24
288 202
95 158
215 199
42 41
7 8
173 184
270 95
139 138
112 113
37 70
121 117
114 61
218 219
279 1
35 34
146 190
99 72
60 126
226 6
203 227
208 227
9 280
100 195
315 299
53 231
61 16
63 100
268 276
268 281
27 22
23 24
215 199
42 41
7 8
173 184
270 95
78 79
112 113
37 70
121 117
114 61
218 219
35 34
243 298
64 65
286 87
99 72
60 126
226 6
9 280
100 195
315 299
53 231
61 16
63 100
268 276
268 281
27 22
23 24
288 202
95 158
215 213
215 199
42 41
7 8
173 184
270 95
139 138
112 113
37 70
51 52
121 117
114 61
218 219
279 1
35 34
172 145
172 281
146 190
243 298
64 65
286 87
145 290
47 48
9 280
100 195
315 299
53 231
61 16
268 276
268 281
27 22
23 24
288 202
215 213
215 199
42 41
7 8
63 173
112 113
37 70
121 117
114 61
218 219
35 34
146 190
243 298
64 65
286 87
37 94
145 290
9 280
100 195
315 299
53 231
61 16
301 272
71 152
71 149
268 276
268 281
27 22
23 24
288 202
241 236
215 213
215 199
42 41
207 296
7 8
270 95
112 113
37 70
121 117
114 61
218 219
276 269
35 34
243 298
64 65
37 94
145 290
126 317
101 76
226 104
9 280
100 195
315 299
53 231
61 16
301 272
71 149
63 100
268 276
268 281
27 22
72 73
288 202
241 236
215 213
42 41
7 8
270 95
112 113
37 70
121 117
114 61
218 219
35 34
146 190
243 298
16 17
64 65
145 290
94 127
126 317
243 229
101 76
208 227
9 268
9 280
100 195
315 299
53 231
61 16
71 152
71 149
63 100
268 276
268 281
27 22
23 24
288 202
241 236
215 213
215 311
42 41
29 86
207 296
7 8
112 113
37 70
114 61
218 219
35 34
146 190
16 17
64 65
145 290
94 127
126 317
47 48
226 104
226 6
101 76
9 280
100 195
315 299
53 231
61 16
301 272
71 152
63 100
268 276
268 281
27 22
23 24
241 236
215 199
42 41
7 8
270 95
112 113
37 70
114 61
35 34
146 190
16 17
243 298
286 87
292 301
126 317
271 93
47 48
243 229
101 76
208 227
9 280
100 195
315 299
53 231
61 16
71 152
71 149
268 276
268 281
27 22
72 73
241 236
278 136
42 41
7 8
63 173
112 113
37 70
114 61
218 219
35 34
146 190
243 298
286 87
126 317
271 93
217 216
47 48
101 76
208 227
9 280
100 195
315 299
53 231
61 16
63 184
268 276
268 281
27 22
23 24
72 73
2 1
288 202
215 199
55 56
42 41
29 86
7 8
18 20
112 113
37 70
121 117
114 61
218 219
279 1
35 34
146 190
16 17
126 317
99 72
287 141
54 180
47 48
226 104
208 227
100 195
87 88
315 299
53 231
61 16
71 152
71 149
268 276
268 281
27 22
23 24
72 73
63 72
2 1
288 202
95 158
55 56
42 41
7 8
270 95
139 138
18 20
132 31
112 113
37 70
37 121
121 38
114 61
218 219
35 34
146 190
16 17
49 118
37 94
126 317
99 72
54 180
47 48
163 77
226 104
92 91
100 195
87 88
315 299
53 231
61 16
71 149
268 276
268 281
27 22
72 73
288 202
215 199
42 41
7 8
63 173
112 113
37 70
37 121
121 38
114 61
218 219
35 34
146 190
16 17
126 317
54 180
226 104
92 91
9 280
100 195
87 88
315 299
53 231
61 16
71 149
268 276
27 22
23 24
72 73
2 1
288 202
215 199
42 41
7 8
63 173
112 113
37 70
37 121
121 38
114 61
218 219
276 269
166 145
35 34
16 17
243 298
64 65
286 87
126 317
99 72
54 180
47 48
101 76
226 104
208 227
41 91
100 195
87 88
315 299
53 231
61 16
317 184
63 100
268 276
27 22
72 73
288 202
215 199
42 41
7 8
112 113
37 70
51 52
121 38
114 61
218 219
166 145
35 34
146 190
16 17
64 65
286 87
7 37
292 301
126 317
99 72
47 48
101 76
208 227
9 280
100 195
315 299
53 231
61 16
71 152
317 184
174 72
27 22
72 73
288 202
215 199
42 41
29 86
7 8
198 139
112 113
37 70
121 38
114 61
218 219
166 145
35 34
146 190
16 17
243 298
286 87
7 37
126 317
217 216
104 105
54 180
47 48
101 76
9 280
100 195
315 299
53 231
61 16
71 152
27 22
72 73
215 199
55 56
42 41
7 8
112 113
37 70
200 227
37 121
114 61
218 219
166 145
35 34
146 190
16 17
243 298
64 65
94 127
126 317
104 105
47 48
9 280
100 195
195 189
315 299
53 231
61 16
71 152
305 281
27 22
23 24
215 199
55 56
42 41
7 8
112 113
37 70
114 61
218 219
166 145
35 34
16 17
243 298
64 65
286 87
126 317
104 105
47 48
100 195
195 189
315 299
53 231
179 161
61 16
71 152
27 22
241 236
55 56
7 66
42 41
7 8
246 247
198 139
243 20
112 113
37 70
121 38
114 61
218 219
166 145
35 34
146 190
243 298
16 17
64 65
286 87
126 317
217 216
47 48
163 77
203 227
208 227
100 195
315 299
53 231
179 161
61 16
71 152
63 100
27 22
215 199
7 66
42 41
7 8
112 113
37 70
51 52
121 38
114 61
218 219
166 145
35 34
146 190
16 17
243 298
64 65
286 87
126 317
104 105
47 48
163 77
203 227
208 227
9 280
100 195
195 189
315 299
53 231
179 161
61 16
71 152
63 100
27 22
108 97
241 236
215 199
42 41
7 8
112 113
37 70
121 38
114 61
218 219
219 224
166 145
35 34
146 190
16 17
243 298
286 87
126 317
104 105
54 180
163 77
9 280
100 195
315 299
53 231
179 161
61 16
71 152
63 100
319 162
27 22
241 236
55 56
42 41
172 150
139 138
178 176
18 20
112 113
37 70
121 38
114 61 65
218 219
166 145
35 34
146 190
65 64
16 17
286 87
126 317
104 105
47 48
226 104
9 280
100 195
315 299
53 231
179 161
61 16
71 152
71 149
63 100
27 22
241 236
55 56
42 41
172 150
198 139
178 176
18 20
112 113
37 70
51 52
121 38
114 61
218 219
166 145
35 34
146 190
243 298
16 17
286 87
60 126
126 317
217 216
47 48
9 280
100 195
315 299
53 231
179 161
71 152
71 149
63 100
268 281
27 22
241 236
215 213
55 56
42 41
261 239
63 173
198 139
139 138
178 176
112 113
37 70
121 38
114 61
218 219
166 145
35 34
146 190
243 298
16 17
49 118
286 87
292 301
126 317
104 105
9 280
100 195
315 299
53 231
179 161
71 152
71 149
63 100
268 281
27 22
241 236
215 213
55 56
42 41
29 86
172 150
63 173
95 52
198 139
178 176
112 113
37 70
270 52
51 52
200 227
121 38
114 61
218 219
166 145
35 34
146 190
243 298
16 17
286 87
292 301
126 317
9 280
100 195
315 299
53 231
179 161
71 152
71 149
63 100
268 276
268 281
27 22
215 213
55 56
42 41
181 233
172 150
63 173
95 52
198 139
139 138
18 20
112 113
37 70
121 38
114 61
218 219
166 145
35 34
172 281
243 298
16 17
286 87
292 301
60 126
126 317
217 216
104 105
47 48
163 77
9 280
100 195
315 299
53 231
71 152
71 149
63 100
294 204
268 276
268 281
27 22
241 236
55 56
42 41
181 233
172 150
198 139
18 20
112 113
37 70
114 61
114 65
218 219
287 265
166 145
35 34
172 281
16 17
286 87
292 301
60 126
126 317
98 99
104 105
163 77
9 280
100 195
315 299
53 231
61 16
71 152
71 149
63 100
100 62
268 276
268 281
27 22
55 56
42 41
172 150
63 173
198 139
18 20
112 113
37 70
114 61
218 219
287 265
166 145
35 34
172 281
61 65
16 17
292 301
60 126
98 99
47 48
9 280
100 195
315 299
53 231
61 16
71 152
71 149
63 100
174 98
27 22
14 124
241 236
42 41
181 233
29 86
7 8
198 139
178 176
18 20
112 113
37 70
114 61
218 219
287 265
166 145
35 34
172 281
16 17
64 65
292 287
292 301
60 126
98 99
47 48
9 280
100 195
315 299
53 231
71 152
71 149
63 100
268 281
27 22
72 73
14 124
42 41
181 233
63 173
18 20
112 113
37 70
114 61
218 219
219 224
287 265
166 145
35 34
172 281
16 17
64 65
292 287
292 301
60 126
126 317
98 99
47 48
92 91
9 280
100 195
315 299
53 231
71 152
71 149
27 22
288 202
55 56
42 41
139 138
178 176
18 20
112 113
37 70
200 227
121 117
121 38
114 61
218 219
166 145
35 34
172 281
16 17
145 290
292 301
98 99
60 126
47 48
92 91
41 91
9 280
100 195
315 299
53 231
71 152
27 22
288 202
42 41
29 61
172 150
18 20
78 79
112 113
37 70
114 61
218 219
219 224
166 145
35 34
172 281
16 17
145 290
292 301
60 126
98 99
313 141
47 48
100 195
315 299
53 231
61 16
71 152
319 162
27 22
72 73
288 202
241 236
42 41
172 150
18 20
112 113
37 70
121 38
114 61
218 219
166 145
35 34
172 281
16 17
64 65
292 301
60 126
98 99
47 48
163 77
100 195
315 299
53 231
71 152
63 184
27 22
72 73
241 236
55 56
172 150
139 138
18 20
132 31
112 113
37 70
114 61
218 219
287 265
166 145
279 1
35 34
187 231
286 87
292 301
60 126
98 99
47 48
107 91
100 195
315 299
53 231
61 16
71 152
27 22
72 73
172 150
63 173
198 139
139 138
132 31
112 113
37 70
114 61
218 219
219 224
287 265
166 145
35 34
286 87
292 301
60 126
98 99
287 141
47 48
54 231
226 6
100 195
315 299
53 231
61 16
71 152
71 149
27 22
72 73
113 134
42 41
181 233
7 8
172 150
198 139
178 176
112 113
37 70
114 61
218 219
219 224
287 265
35 34
286 87
292 301
60 126
98 99
287 141
47 48
54 231
41 91
100 195
315 299
53 231
61 16
71 152
71 149
63 100
27 22
72 73
113 134
42 41
270 95
87 236
132 31
37 70
114 61
218 219
219 224
287 265
166 145
35 34
286 87
292 301
60 126
287 141
47 48
226 6
41 91
100 195
315 299
53 231
61 16
71 152
36 38
71 149
174 100
63 100
27 22
72 73
170 274
37 70
114 61
219 224
166 145
35 34
172 281
286 87
292 301
94 127
60 126
98 99
287 141
47 48
92 91
315 299
53 231
274 183
61 16
71 152
174 100
63 100
63 98
27 22
7 66
42 41
270 95
18 20
112 113
114 61
218 219
219 224
166 145
35 34
172 281
286 87
292 301
60 126
287 141
47 48
100 195
315 299
53 231
274 183
61 16
71 152
71 149
174 100
63 100
27 22
215 213
170 274
270 95
178 176
18 20
112 113
114 61
218 219
219 224
35 34
172 281
286 87
292 301
60 126
126 317
287 141
47 48
100 195
315 299
53 231
61 16
71 152
71 149
63 100
27 22
215 213
55 56
63 173
270 95
198 139
139 138
18 20
114 61
218 219
219 224
287 265
35 34
172 281
286 87
292 301
126 317
313 141
47 48
92 91
9 280
100 195
87 88
315 299
53 231
61 16
71 152
36 38
71 149
63 100
107 108
27 22
55 56
178 181
29 86
198 139
18 20
114 61
218 219
219 224
287 265
187 231
35 34
172 281
286 87
292 301
98 99
217 105
47 48
9 280
100 195
87 88
315 299
53 231
61 16
71 152
36 38
63 100
27 22
14 124
178 181
29 86
198 139
37 70
114 61
218 219
219 224
166 145
35 34
172 281
286 87
292 301
47 48
92 91
128 81
100 195
315 299
53 231
61 16
71 152
71 149
63 100
27 22
241 236
215 199
166 136
29 86
261 239
270 95
18 20
37 70
114 61
218 219
219 224
287 265
166 145
35 34
172 281
286 87
292 301
100 195
315 299
53 231
61 16
71 152
71 149
27 22
262 5
241 236
55 56
29 86
261 239
270 95
139 138
112 113
37 70
114 61
218 219
219 224
287 265
35 34
60 125
286 87
292 287
292 301
104 105
47 48
128 81
100 195
315 299
53 231
61 16
71 152
71 149
27 22
262 5
55 56
42 41
181 233
29 86
7 8
63 173
198 139
139 138
18 20
19 18
114 61
218 219
166 145
279 1
35 34
172 281
243 298
292 301
104 105
47 48
226 104
100 195
315 299
53 231
71 152
71 149
63 100
27 22
262 5
7 66
29 86
207 296
7 8
270 95
95 52
252 264
114 61
287 265
166 145
279 1
35 34
60 125
172 281
243 298
286 87
292 301
104 105
47 48
163 77
100 195
315 299
179 161
71 152
71 149
63 100
27 22
262 5
215 199
7 66
29 86
207 296
7 8
172 150
270 95
95 52
198 139
243 20
112 113
114 61
218 219
287 265
279 1
35 34
172 281
243 298
286 87
292 301
287 141
104 105
54 180
47 48
9 10
100 195
315 299
53 231
61 16
71 152
71 149
27 22
262 5
215 199
55 56
42 41
29 86
207 296
63 173
246 247
270 95
243 20
18 20
252 264
114 61
287 265
35 34
83 225
172 281
243 298
286 87
292 301
104 105
54 180
47 48
101 76
128 81
100 195 189
315 299
53 231
71 152
71 149
63 100
107 108
27 22
293 11
55 56
29 86
7 8
63 173
173 98
270 95
243 20
258 205
69 67
114 61
218 219
287 265
166 145
279 1
35 34
60 125
172 281
286 87
7 37
292 301
104 105
54 180
47 48
128 81
100 195
195 189
315 299
53 231
71 152
71 149
63 100
268 281
27 22
55 56
29 86
29 61
261 239
207 296
7 8
307 142
63 173
173 98
270 95
243 20
252 264
114 61
218 219
219 224
287 265
166 145
35 34
60 125
61 65
7 37
292 301
54 180
47 48
226 6
9 10
128 81
100 195
195 189
315 299
53 231
71 152
71 149
63 100
27 22
215 199
29 86
207 296
7 8
172 150
63 173
173 98
270 95
198 139
243 20
18 20
121 117
114 61
218 219
219 224
287 265
279 1
35 34
172 281
60 125
286 87
7 37
292 301
86 61
217 216
54 180
47 48
128 81
100 195
315 299
53 231
61 16
71 152
71 149
268 281
27 22
72 73
95 158
215 199
42 41
29 86
7 8
172 150
63 173
173 98
270 95
139 138
243 20
18 20
121 117
114 61
218 219
219 224
287 265
166 145
35 34
60 125
172 281
16 17
286 87
292 301
287 141
54 180
47 48
163 77
41 91
128 81
9 10
100 195
315 299
53 231
71 152
71 149
63 100
107 108
319 162
268 281
27 22
95 158
215 213
215 199
29 86
261 239
7 8
172 150
173 98
270 95
198 139
243 20
121 117
114 61
219 224
35 34
172 281
60 125
16 17
286 87
292 301
313 141
54 180
47 48
163 77
101 76
41 91
128 81
100 195
315 299
53 231
61 16
71 152
71 149
28 76
63 100
319 162
27 22
241 236
95 158
215 213
29 86
207 296
7 8
172 150
173 98
270 95
19 90
243 20
299 205
211 212
114 61
219 224
35 34
172 281
60 125
243 44
286 87
292 301
313 141
47 48
128 81
9 10
100 195
195 189
53 231
61 16
71 152
71 149
28 76
63 100
107 108
319 162
27 22
241 236
215 213
215 199
29 86
207 296
172 150
173 98
270 95
19 90
243 20
279 318
114 61
218 219
219 224
35 34
172 281
243 298
286 87
292 301
98 99
287 141
47 48
163 77
128 81
100 195
195 189
315 299
53 231
61 16
71 152
71 149
28 76
107 108
319 162
305 280
27 22
241 236
215 199
29 86
207 296
172 150
270 95
243 20
299 205
279 318
51 52
114 61
219 224
35 34
60 125
125 126
172 281
243 44
286 87
4 127
292 301
126 317
98 99
47 48
101 76
208 227
128 81
100 195
195 189
315 299
53 231
61 16
71 152
71 149
107 108
319 162
268 276
27 22
288 202
241 236
215 199
181 233
29 86
207 296
172 150
270 95
178 176
243 20
299 205
279 318
211 212
114 61
219 224
166 145
35 34
60 125
172 281
243 44
286 87
4 127
292 301
98 99
54 180
208 227
128 81
9 10
100 195
315 299
53 231
61 16
71 152
63 100
319 162
268 276
27 22
241 236
215 213
215 199
42 41
181 233
29 86
207 296
172 150
270 95
178 176
243 20
279 318
114 61
35 34
60 125
125 126
243 44
286 87
292 301
98 99
54 180
226 6
128 81
100 195
315 299
53 231
61 16
71 152
63 100
319 162
27 22
42 41
181 233
29 86
207 296
7 8
270 95
178 176
243 20
18 20
279 318
114 61
35 34
60 125
146 190
243 44
286 87
292 301
126 317
98 99
287 141
54 180
226 6
208 227
100 195
315 299
53 231
71 152
63 100
27 22
72 73
215 199
42 41
181 233
29 86
207 296
7 8
270 95
139 138
243 20
18 20
279 318
114 61
35 34
60 125
243 44
286 87
292 301
60 126
126 317
98 99
287 141
54 180
226 6
208 227
100 195
53 231
71 152
63 100
268 281
27 22
72 73
14 124
241 236
42 41
181 233
29 86
207 296
7 8
270 95
178 176
243 20
112 113
279 318
114 61
219 224
35 34
60 125
125 126
172 281
62 49
292 301
126 317
98 99
287 141
100 195
53 231
71 152
63 100
107 108
319 162
268 281
27 22
241 236
42 41
181 233
29 86
207 296
7 8
63 173
270 95
198 139
243 20
18 20
112 113
299 205
114 61
219 224
35 34
60 125 126
172 281
16 17
62 49
243 44
286 87
7 37
292 301
126 317
98 99
287 141
226 6
100 195
315 299
53 231
71 152
63 100
107 108
319 162
268 281
27 22
241 236
42 41
181 233
29 86
307 142
63 173
270 95
198 139
139 138
243 20
112 113
114 61
35 34
125 126
172 281
243 44
286 87
292 301
60 126
126 317
98 99
287 141
54 180
226 104
100 195
53 231
71 152
63 100
268 276
27 22
241 236
42 41
181 233
29 86
63 173
270 95
243 20
112 113
114 61
35 34
60 125
125 126
172 281
86 17
16 17
286 87
292 301
94 127
126 317
98 99
287 141
313 141
54 180
100 195
315 299
53 231
71 152
71 149
63 100
319 162
27 22
241 236
42 41
181 233
29 86
7 8
307 142
63 173
270 95
243 20
112 113
114 61
218 219
219 224
35 34
60 125
125 126
86 17
16 17
286 87
292 301
94 127
126 317
98 99
226 6
41 91
9 10
100 195
195 189
315 299
53 231
71 152
319 162
27 22
72 73
14 124
241 236
136 272
42 41
181 233
29 86
144 269
7 8
270 95
243 20
112 113
279 318
114 61
218 219
219 224
35 34
60 125
125 126
16 17
286 87
292 301
126 317
98 99
287 141
100 195
315 299
53 231
71 152
28 76
107 108
319 162
268 276
27 22
23 24
72 73
241 236
215 213
42 41
181 233
29 86
144 269
7 8
246 247
270 95
243 20
112 113
279 318
114 61
218 219
35 34
60 125
16 17
286 87
292 301
94 127
126 317
98 99
287 141
313 141
104 105
101 76
226 104
226 6
100 195
53 231
71 152
71 149
107 108
319 162
268 276
268 281
27 22
241 236
215 213
215 199
7 66
181 233
29 86
144 269
42 41
7 8
270 95
243 20
18 20
112 113
279 318
114 61
218 219
35 34
60 125
16 17
286 87
292 301
94 127
126 317
104 105
163 77
226 104
226 6
9 10
100 195
53 231
71 152
71 149
107 108
196 274
319 162
268 281
27 22
72 73
241 236
215 213
215 199
42 41
181 233
29 86
144 269
7 8
270 95
243 20
18 20
112 113
279 318
114 61
218 219
187 180
35 34
16 17
286 87
292 301
126 317
98 99
163 77
226 104
226 6
128 81
9 280
100 195
53 231
71 149
28 76
63 100
196 274
319 162
268 281
27 22
241 236
215 213
215 199
7 66
181 233
29 86
42 41
7 8
270 95
95 52
243 20
18 20
112 113
279 318
114 61
218 219
35 34
125 126
172 281
146 190
286 87
292 301
126 317
104 105
163 77
9 10
100 195
53 231
179 161
71 149
28 76
107 108
319 162
268 281
27 22
72 73
14 124
241 236
215 213
215 199
42 41
181 233
29 86
7 8
270 95
95 52
18 20
112 113
114 61
35 34
49 118
286 87
292 301
126 317
98 99
313 141
101 76
9 10
100 195
315 299
53 231
71 152
71 149
107 108
319 162
268 281
27 22
72 73
14 124
241 236
215 199
42 41
181 233
29 86
270 95
112 113
114 61
219 224
35 34
49 118
286 87
292 301
126 317
313 141
104 105
54 180
101 76
226 104
100 195
53 231
71 152
71 149
107 108
319 162
27 22
14 124
288 202
241 236
215 213
215 199
42 41
181 233
29 86
144 269
270 95
18 20
112 113
114 61
219 224
287 265
35 34
125 126
286 87
292 301
126 317
287 141
313 141
104 105
54 180
101 76
9 10
100 195
53 231
274 183
217 6
71 152
71 149
319 162
268 281
27 22
14 124
288 202
241 236
215 213
215 199
42 41
181 233
29 86
112 113
200 227
114 61
219 224
287 265
35 34
60 125
286 87
292 301
60 126
126 317
313 141
54 180
101 76
226 6
100 195
53 231
274 183
217 5
71 152
71 149
63 100
107 108
319 162
268 281
27 22
72 73
14 124
241 236
215 199
42 41
181 233
29 86
112 113
200 227
121 38
114 61
219 224
287 265
35 34
125 126
146 190
286 87
292 301
126 317
313 141
226 104
101 76
100 195
53 231
274 183
71 152
71 149
319 162
268 281
27 22
14 124
241 236
215 199
42 41
181 233
270 95
139 138
112 113
200 227
121 38
114 61
219 224
287 265
35 34
125 126
49 118
292 301
60 126
126 317
313 141
101 76
226 104
100 195
315 299
53 231
274 183
71 152
107 108
319 162
268 281
27 22
14 124
215 199
42 41
181 233
270 95
139 138
112 113
200 227
121 38
114 61
287 265
35 34
125 126
49 118
286 87
292 301
60 126
126 317
313 141
104 105
101 76
226 6
100 195
315 299
53 231
71 152
36 38
63 100
319 162
268 281
27 22
288 202
241 236
113 134
215 213
215 199
42 41
181 233
270 95
18 20
112 113
121 38
114 61
287 265
35 34
172 281
243 298
49 118
286 87
292 301
94 127
126 317
101 76
128 81
9 10
9 280
100 195
315 299
53 231
71 149
63 100
107 108
196 274
319 162
268 281
27 22
72 73
288 202
241 236
215 213
215 199
42 41
181 233
144 269
270 95
243 20
18 20
112 113
200 227
121 38
69 67
114 61
219 224
287 265
35 34
146 190
64 65
49 118
286 87
292 301
126 317
9 280
100 195
53 231
274 183
63 100
100 62
196 274
319 162
268 281
27 22
72 73
69 275
42 41
29 86
144 269
270 95
243 20
18 20
112 113
299 205
200 227
121 38
69 67
114 61
35 34
146 190
49 118
286 87
145 290
292 301
94 127
217 216
128 81
9 280
100 195
53 231
274 183
28 76
196 274
27 22
14 124
288 202
42 41
29 86
270 95
243 20
18 20
112 113
200 227
121 38
69 67
114 61
219 224
35 34
49 118
292 301
94 127
9 280
100 195
53 231
28 76
107 108
196 274
268 281
27 22
72 73
262 5
14 124
215 199
170 274
42 41
144 269
270 95
243 20
18 20
112 113
200 227
121 38
114 61
287 265
35 34
286 87
292 301
60 126
126 317
104 105
100 195
53 231
28 76
196 274
268 281
27 22
14 124
241 236
215 199
42 41
29 86
29 17
144 269
7 8
307 142
243 20
112 113
200 227
121 38
69 67
114 61
287 265
35 34
16 17
49 118
286 87
7 37
292 301
126 317
104 105
9 280
100 195
53 231
28 76
63 100
196 274
268 281
27 22
72 73
241 236
42 41
7 8
270 95
243 20
18 20
112 113
200 227
121 117
121 38
252 264
114 61
35 34
146 190
49 118
286 87
7 37
292 301
94 127
126 317
104 105
41 91
128 81
100 195
53 231
28 76
63 100
196 274
268 281
27 22
72 73
288 202
95 158
7 8
198 139
243 20
18 20
112 113
200 227
121 117
121 38
252 264
114 61
219 224
35 34
49 118
286 87
292 301
126 317
104 105
92 91
41 91
128 81
100 195
53 231
71 149
28 76
63 100
63 98
196 274
268 276
27 22
72 73
288 202
215 199
7 8
270 95 52
198 139
112 113
200 227
121 38
114 61
287 265
279 1
35 34
49 118
286 87
7 37
292 301
126 317
9 10
9 280
100 195
315 299
53 231
71 149
28 76
63 100
63 98
196 274
268 281
27 22
72 73
241 236
7 8
270 95
18 20
112 113
200 227
121 117
121 38
114 61
287 265
35 34
172 145
286 87
292 301
126 317
226 104
9 280
100 195
315 299
53 231
217 5
71 149
28 76
63 100
196 274
27 22
72 73
241 236
7 8
270 95
18 20
112 113
200 227
121 38
114 61
287 265
279 1
35 34
86 17
49 118
286 87
37 36
292 301
126 317
226 104
9 10
100 195
315 299
53 231
217 5
36 38
27 22
72 73
108 97
241 236
215 199
29 86
7 8
307 142
270 95
87 236
19 90
18 20
112 113
200 227
121 117
121 38
287 265
279 1
35 34
146 190
49 118
292 301
126 317
163 77
226 104
226 6
92 91
100 195
315 299
53 231
217 5
36 38
27 22
72 73
241 236
215 199
29 86
7 8
172 150
270 95
139 138
19 90
18 20
112 113
287 265
279 1
35 34
49 118
292 301
126 317
47 48
92 91
9 280
100 195
315 299
53 231
71 152
36 38
71 149
196 274
319 162
268 281
27 22
72 73
241 236
215 199
178 181
29 86
7 8
270 95
19 90
18 20
112 113
211 212
200 227
121 38
252 122
287 265
35 34
49 118
292 301
126 317
47 48
101 76
226 6
92 91
9 10
100 195
53 231
179 161
71 152
36 38
71 149
319 162
268 281
27 22
72 73
215 213
215 199
178 181
29 86
7 8
270 95
19 90
112 113
200 227
121 117
121 38
114 61
287 265
35 34
172 281
146 190
49 118
292 301
104 105
54 180
47 48
41 91
9 10
100 195
315 299
53 231
71 152
36 38
48 97
63 189
196 274
268 281
27 22
72 73
241 236
215 199
178 181
29 86
270 95
95 52
19 90
18 20
112 113
200 227
121 117
121 38
114 61
218 219
287 265
35 34
49 118
286 87
292 301
98 99
126 317
104 105
47 48
243 229
226 104
41 91
9 10
100 195
315 299
53 231
71 152
36 38
196 274
268 281
27 22
72 73
288 202
241 236
215 213
215 199
178 181
29 86
144 269
270 95
139 138
19 90
18 20
112 113
200 227
121 117
121 38
114 61
287 265
35 34
125 126
286 87
292 301
60 126
126 317
98 99
54 180
47 48
163 77
226 104
41 91
9 10
100 195
315 299
53 231
71 152
71 149
196 274
319 162
268 276
268 281
27 22
72 73
108 97
241 236
113 134
215 199
178 181
29 86
270 95
19 90
18 20
112 113
200 227
114 61
287 265
35 34
172 281
117 130
286 87
292 301
126 317
104 105
54 180
47 48
163 77
226 104
92 91
53 231
179 161
71 152
36 38
71 149
196 274
319 162
268 276
27 22
72 73
108 97
241 236
215 199
55 88
139 138
19 90
18 20
112 113
200 227
114 61
287 265
35 34
117 130
286 87
292 301
126 317
54 180
47 48
226 104
226 6
92 91
9 10
100 195
315 299
53 231
179 161
61 16
71 152
71 149
63 100
268 276
27 22
108 97
14 124
288 268
288 202
215 213
215 199
270 95
198 139
19 90
18 20
112 113
211 212
200 227
121 38
252 122
114 61
287 265
35 34
146 190
117 130
286 87
292 301
104 105
54 180
226 104
226 6
41 91
9 10
63 195
53 231
179 161
61 16
71 152
71 149
63 100
196 274
319 162
27 22
72 73
288 268
215 213
215 199
270 95
19 90
112 113
200 227
121 38
252 122
114 61
287 265
35 34
146 190
117 130
286 87
292 301
104 105
54 180
226 104
226 6
41 91
100 195
53 231
179 161
71 152
71 149
63 100
196 274
268 276
268 281
27 22
72 73
108 97
14 124
288 202
241 236
270 95
19 90
18 20
112 113
200 227
121 38
114 61
219 224
287 265
279 1
35 34
146 190
117 130
292 301
126 317
47 48
226 6
41 91
100 195
53 231
71 152
63 100
196 274
268 276
268 281
27 22
72 73
14 124
241 236
215 199
7 8
139 138
19 90
18 20
112 113
243 18
200 227
121 38
114 61
219 224
287 265
35 34
172 281
117 130
243 298
292 301
126 317
104 105
47 48
226 104
226 6
41 91
100 195
217 5
71 152
71 149
100 62
196 274
268 276
268 281
27 22
72 73
14 124
215 213
215 199
207 296
7 8
270 95
139 138
19 90
18 20
112 113
121 38
114 61
219 224
279 1
35 34
117 130
16 17
292 301
126 317
313 141
105 6
47 48
226 104
41 91
9 10
100 195
71 152
71 149
63 100
196 274
268 276
27 22
72 73
14 124
215 213
7 66
181 233
270 95
198 139
19 90
18 20
112 113
219 224
35 34
243 298
292 301
98 99
313 141
54 180
243 229
226 104
41 91
100 195
179 161
61 16
71 152
71 149
63 100
196 274
319 162
268 281
27 22
72 73
14 124
215 213
7 66
181 233
29 86
270 95
19 90
18 20
112 113
219 224
287 265
35 34
243 298
49 118
292 301
98 99
313 141
104 105
226 104
226 6
41 91
100 195
179 161
71 152
71 149
63 100
319 162
268 276
27 22
72 73
14 124
7 66
181 233
29 86
305 144
7 8
172 150
270 95
178 176
19 90
18 20
112 113
121 38
252 122
114 61
219 224
287 265
35 34
243 298
16 17
286 87
292 301
104 105
226 104
92 91
41 91
100 195
61 16
71 152
71 149
63 100
196 274
27 22
181 233
7 8
307 142
172 150
63 173
270 95
139 138
19 90
112 113
121 38
114 61
219 224
287 265
35 34
146 190
243 298
286 87
292 301
60 126
126 317
313 141
47 48
163 77
226 104
92 91
41 91
9 10
100 195
71 152
71 149
196 274
268 276
27 22
72 73
181 233
305 144
7 8
172 150
63 173
270 95
19 90
112 113
114 61
218 219
219 224
287 265
35 34
243 298
286 87
292 301
60 126
313 141
47 48
92 91
41 91
9 10
100 195
179 161
61 16
217 5
71 152
71 149
196 274
27 22
72 73
241 236
181 233
29 86
305 144
7 8
172 150
270 95
139 138
19 90
18 20
252 122
114 61
218 219
219 224
287 265
35 34
125 126
146 190
243 298
286 87
292 301
94 127
60 126
98 99
163 77
92 91
41 91
128 81
100 195
315 299
53 231
191 179
61 16
196 274
268 281
27 22
72 73
288 202
241 236
172 150
270 95
19 90
252 122
114 61
218 219
219 224
287 265
35 34
146 190
243 298
292 301
60 126
98 99
54 180
128 81
100 195
53 231
71 149
196 274
268 281
27 22
72 73
288 202
113 134
42 41
181 233
270 95
19 90
112 113
121 117
121 38
114 61
218 219
219 224
287 265
35 34
172 290
243 298
16 17
286 87
292 301
94 127
98 99
54 180
54 231
226 104
92 91
128 81
100 195
53 231
196 274
268 281
27 22
5 6
72 73
2 1
305 144
172 150
270 95
19 90
112 113
243 18
121 38
114 61
219 224
287 265
35 34
146 190
243 298
16 17
286 87
292 301
60 126
98 99
54 180
54 231
226 104
92 91
128 81
100 195
53 231
196 274
319 162
268 281
27 22
5 6
156 24
2 1
215 213
181 233
305 144
207 296
172 150
270 95
19 90
112 113
243 18
121 38
252 122
114 61
218 219
35 34
172 281
243 298
286 87
292 301
60 126
126 317
98 99
313 141
54 180
41 91
128 81
9 10
100 195
53 231
174 98
196 274
319 162
27 22
5 6
14 124
2 1
215 213
42 41
178 181
181 233
305 144
207 296
270 95
19 90
112 113
121 117
121 38
114 61
218 219
219 224
287 265
35 34
172 281
146 190
243 298
16 17
64 65
286 87
292 301
126 317
92 91
41 91
128 81
9 10
100 195
53 231
268 276
268 281
2 1
288 202
241 236
215 213
42 41
29 86
270 95
19 90
112 113
121 38
252 122
114 61
218 219
219 224
287 265
35 34
172 281
146 190
243 298
16 17
64 65
286 87
292 301
94 127
126 317
313 141
226 104
41 91
128 81
9 10
100 195
53 231
268 281
5 6
2 1
288 202
241 236
215 213
181 233
305 144
270 95
19 90
112 113
121 38
114 61
287 265
35 34
172 281
116 17
16 17
292 301
126 317
271 93
226 104
41 91
128 81
9 10
100 195
87 88
53 231
217 5
319 162
14 124
2 1
288 202
305 144
144 269
172 150
270 95
95 52
19 90
243 20
112 113
121 117
121 38
114 61
287 265
35 34
146 190
243 298
16 17
286 87
292 301
226 104
41 91
100 195
53 231
61 16
63 98
319 162
5 6
262 5
14 124
2 1
241 236
29 86
270 95
95 52
19 90
112 113
121 38
114 61
219 224
287 265
35 34
146 190
243 298
16 17
292 301
217 105
226 104
41 91
100 195
53 231
61 16
71 149
63 98
268 281
5 6
14 124
2 1
241 236
28 85
95 158
29 86
7 8
63 173
270 95
95 52
19 90
112 113
121 38
114 61
218 219
219 224
287 265
35 34
146 190
16 17
292 301
94 127
126 317
226 104
100 195
53 231
61 16
100 62
319 162
268 281
5 6
2 1
241 236
28 85
95 158
207 296
63 173
270 95
19 90
112 113
121 38
114 61
287 265
35 34
146 190
16 17
286 87
292 301
126 317
271 93
47 48
226 104
100 195
195 189
53 231
61 16
63 189
116 16
319 162
268 276
268 281
5 6
2 1
241 236
170 274
207 296
7 8
270 95
112 113
121 38
114 61
218 219
287 265
35 34
172 281
16 17
286 87
292 301
94 127
126 317
47 48
53 231
61 16
63 189
116 16
319 162
268 281
305 280
5 6
2 1
241 236
7 8
270 95
112 113
121 38
114 61
218 219
219 224
287 265
35 34
16 17
286 87
292 301
94 127
60 126
47 48
100 195
60 62
87 88
53 231
61 16
71 152
71 149
100 62
63 98
116 16
319 162
268 281
108 97
2 1
215 213
215 199
7 8
63 173
270 95
112 113
299 205
121 38
114 61
218 219
287 265
35 34
172 281
16 17
292 301
94 127
60 126
47 48
9 10
100 195
60 62
53 231
61 16
63 100
100 62
63 189
116 16
319 162
5 6
262 5
14 124
215 213
261 239
7 8
270 95
112 113
299 205
121 38
114 61
287 265
35 34
125 126
16 17
292 301
60 126
47 48
101 76
226 104
100 195
195 189
60 62
53 231
61 16
100 62
63 189
63 98
196 274
319 162
5 6
262 5
14 124
29 86
261 239
7 8
270 95
112 113
121 38
114 61
218 219
292 287 265
35 34
172 281
146 190
16 17
286 87
292 301
47 48
101 76
100 195
60 62
53 231
61 16
28 76
63 100
63 189
196 274
319 162
268 281
27 22
5 6
14 124
215 213
261 239
7 8
270 95
112 113
243 18
121 38
114 61
287 265
166 145
35 34
172 281
146 190
16 17
292 287
94 127
105 6
47 48
101 76
100 195
53 231
61 16
71 149
63 189
196 274
319 162
5 6
23 24
215 199
181 233
144 269
7 8
270 95
139 138
112 113
121 38
114 61
292 265
287 265
35 34
146 190
16 17
286 87
47 48
101 76
41 91
9 280
100 195
53 231
61 16
71 149
28 76
196 274
319 162
5 6
72 73
288 202
95 158
215 213
215 199
29 86
7 8
270 95
139 138
112 113
121 38
114 61
218 219
287 265
35 34
172 281
16 17
41 91
9 280
100 195
195 189
87 88
53 231
61 16
196 274
319 162
27 22
5 6
241 236
95 158
215 213
215 199
29 86
7 8
173 98
270 95
198 139
132 31
112 113
121 38
114 61
218 219
287 265
35 34
172 281
16 17
286 87
47 48
226 104
100 195
87 88
53 231
61 16
63 189
116 16
196 274
319 162
27 22
5 6
288 202
241 236
95 158
215 213
181 233
29 86
7 8
172 150
173 98
270 95
139 138
132 31
112 113
121 38
114 61
218 219
287 265
35 34
172 281
243 298
16 17
60 126
47 48
226 104
100 195
53 231
61 16
63 189
116 16
196 274
319 162
27 22
5 6
241 236
95 158
215 213
215 199
29 86
207 296
7 8
172 150
173 98
199 256
270 95
139 138
159 52
112 113
121 38
114 61
292 265
287 265
35 34
172 281
146 190
16 17
47 48
100 195
195 189
60 62
53 231
61 16
63 189
196 274
319 162
268 276
268 281
27 22
5 6
241 236
95 158
215 213
207 296
7 8
173 98
270 95
139 138
161 57
112 113
121 38
114 61
218 219
287 265
35 34
172 281
16 17
47 48
100 195
87 88
53 231
61 16
28 76
63 98
116 16
196 274
319 162
268 281
5 6
241 236
95 158
29 86
207 296
7 8
173 98
199 256
270 95
95 52
161 57
112 113
121 38
252 122
114 61
292 265
35 34
172 281
16 17
292 301
94 127
99 72
101 76
226 104
100 195
61 16
28 76
319 162
268 281
27 22
5 6
241 236
95 158
29 86
207 296
7 8
173 98
199 256
270 95
132 31
112 113
279 318
121 38
114 61
218 219
219 224
292 265
287 265
35 34
172 281
146 190
243 298
16 17
292 301
99 72
313 141
47 48
100 195
87 88
53 231
61 16
225 56
63 98
319 162
268 281
27 22
5 6
241 236
95 158
215 199
207 296
7 8
199 256
270 95
112 113
279 318
200 294
121 117
252 122
114 61
218 219
219 224
35 34
16 17
292 301
94 127
99 72
60 126
47 48
100 195
319 162
268 281
5 6
241 236
95 158
215 213
215 199
29 86
207 296
7 8
270 95
112 113
114 61
218 219
287 265
35 34
172 281
292 301
99 72
105 6
54 180
47 48
100 195
53 231
61 16
319 162
5 6
241 236
95 158
215 213
215 199
29 86
207 296
7 8
199 256
270 95
139 138
112 113
279 318
114 61
218 219
287 265
35 34
172 281
292 301
126 317
105 6
54 180
47 48
100 195
61 16
63 98
196 274
319 162
268 281
5 6
241 236
113 134
215 199
29 86
207 296
7 8
172 150
199 256
270 95
139 138
112 113
279 318
121 117
114 61
218 219
219 224
287 265
35 34
292 301
105 6
47 48
41 91
100 195
61 16
196 274
319 162
268 281
27 22
5 6
241 236
316 11
113 134
215 213
215 199
7 66
29 86
270 95
139 138
112 113
279 318
114 61
219 224
287 265
35 34
61 65
243 298
47 48
226 104
100 195
53 231
61 16
63 100
196 274
319 162
268 281
5 6
241 236
113 134
215 213
215 199
95 158
7 8
172 150
199 256
270 95
198 139
112 113
44 18
121 117
114 61
219 224
287 265
35 34
146 190
292 301
47 48
226 104
100 195
315 299
53 231
61 16
217 5
196 274
319 162
5 6
241 236
113 134
215 213
215 199
29 86
7 8
270 95
112 113
279 318
121 117
114 61
287 265
166 145
35 34
61 65
16 17
292 301
126 317
41 91
100 195
53 231
61 16
217 5
196 274
319 162
5 6
215 213
100 195
47 48
121 117
63 98
114 61
16 17
196 274
113 134
215 199
166 145
279 318
319 162
35 34
61 65
27 22
5 6
53 231
199 256
292 301
270 95
217 5
112 113
2 1
113 134
215 213
307 142
270 95
112 113
37 70
121 117
114 61
219 224
166 145
35 34
16 17
292 301
47 48
100 195
53 231
61 16
217 5
63 98
196 274
319 162
243 19
5 6
113 134
215 199
181 233
199 256
270 95
112 113
243 18
121 117
114 61
219 224
35 34
16 17
292 301
126 317
128 103
100 195
87 88
53 231
63 98
196 274
319 162
243 19
5 6
2 318
2 1
215 199
307 142
270 95
243 90
112 113
279 318
121 117
69 67
114 61
219 224
287 265
166 145
35 34
16 17
286 87
292 301
98 99
99 72
126 317
47 48
128 103
100 195
53 231
319 162
243 19
27 22
5 6
14 124
2 1
215 213
307 142
270 95
112 113
121 117
69 67
114 61
27 109
219 224
166 145
35 34
292 301
99 72
126 317
54 180
47 48
226 104
226 6
128 103
100 195
53 231
217 5
71 149
196 274
319 162
243 19
5 6
14 124
215 213
199 256
112 113
114 61
166 145
35 34
172 281
146 190
292 301
126 317
54 180
47 48
226 104
41 91
100 195
53 231
217 5
71 152
71 149
196 274
319 162
243 19
215 199
29 86
112 113
114 61
287 265
166 145
35 34
172 281
16 17
292 301
126 317
99 72
54 180
47 48
226 104
128 81
100 195
53 231
217 5
71 149
196 274
319 162
243 19
2 1
95 158
112 113
121 117
114 61
287 265
166 145
35 34
172 281
292 301
60 126
126 317
47 48
92 91
41 91
100 195
60 62
53 231
217 5
71 149
196 274
319 162
243 19
23 24
47 48
100 195
2 1
114 61
116 16
16 17
287 265
41 91
215 199
35 34
60 126
319 162
53 231
6 105
37 36
317 126
292 301
71 149
112 113
47 48
100 195
114 61
116 16
16 17
287 265
92 91
41 91
215 199
9 280
35 34
319 162
117 130
243 19
53 231
6 105
37 36
28 76
317 126
71 149
112 113
215 199
155 318
173 98
139 138
78 79
112 113
114 61
287 265
166 145
35 34
61 65
16 17
286 87
37 36
94 127
98 99
217 105
47 48
92 91
41 91
128 81
9 10
100 195
53 231
71 149
28 76
116 16
319 162
243 19
5 6
95 158
215 199
55 88
155 318
172 150
173 98
270 95
139 138
19 90
78 79
112 113
114 61
287 265
166 145
35 34
130 127
286 87
292 301
98 99
105 6
92 91
41 91
128 81
9 280
100 195
53 231
71 149
28 76
196 274
319 162
268 276
243 19
2 1
215 199
55 88
155 318
173 98
270 95
95 52
139 138
112 113
200 227
219 224
287 265
166 145
35 34
7 37
37 36
292 301
94 127
105 6
47 48
128 81
9 280
100 195
53 231
217 5
71 149
63 98
116 16
319 162
268 276
243 19
2 155
2 1
215 199
270 95
139 138
19 90
78 79
112 113
243 18
200 227
114 61
219 224
287 265
166 145
35 34
292 301
126 317
313 141
226 104
9 280
100 195
53 231
71 152
71 149
63 189
116 16
319 162
268 276
5 6
2 1
215 213
215 199
173 98
270 95
139 138
112 113
121 117
114 61
287 265
166 145
35 34
292 301
126 317
47 48
208 227
100 195
53 231
71 152
71 149
268 276
268 281
243 19
5 6
14 124
2 1
28 85
215 199
305 144
270 95
112 113
243 18
114 61
219 224
287 265
35 34
16 17
286 87
292 301
94 127
126 317
47 48
226 104
208 227
100 195
53 231
71 152
71 149
319 162
268 276
268 281
243 19
5 6
14 124
2 1
316 11
7 66
173 98
270 95 52
112 113
114 61
287 265
35 34
172 281
126 317
99 72
313 141
47 48
208 227
100 195
53 231
71 149
319 162
268 276
268 281
243 19
5 6
72 73
288 202
28 85
215 213
215 199
63 173
270 95 52
112 113
114 61
287 265
35 34
145 290
94 127
126 317
98 99
313 141
47 48
226 104
100 195
71 149
319 162
243 19
268 281
5 6
95 158
215 213
215 199
170 274
7 66
172 150
270 95
78 79
112 113
200 227
219 224
287 265
35 34
172 145
146 190
64 65
145 290
292 301
60 126
126 317
98 99
99 72
313 141
217 105
47 48
226 104
203 227
100 195
53 231
71 149
243 19
268 281
5 6
47 48
100 195
173 98
98 99
287 265
219 224
41 91
196 274
7 66
7 8
215 199
319 162
35 34
243 19
268 281
243 44
53 231
292 301
270 95
313 141
78 79
112 113
2 1
215 199
7 66
29 86
7 8
173 98
270 95
112 113
219 224
287 265
35 34
37 36
292 301
126 317
98 99
99 72
217 105
47 48
9 10
100 195
53 231
71 149
319 162
243 19
268 281
2 1
215 199
7 66
181 233
172 150
173 98
270 95
112 113
287 265
35 34
64 65
49 118
292 301
126 317
313 141
217 105
105 6
47 48
41 91
100 195
53 231
319 162
243 19
268 281
288 202
215 213
215 199
7 66
181 233
7 8
172 150
270 95
283 24
112 113
243 18
219 224
287 265
35 34
116 17
64 65
292 301
126 317
313 141
217 105
105 6
47 48
101 76
41 91
9 280
100 195
53 231
319 162
243 19
288 202
215 199
261 239
7 8
307 142
173 98
270 95
283 24
78 79
112 113
114 61
219 224
287 265
166 145
35 34
292 202
292 301
126 317
217 105
47 48
41 91
100 195
71 152
28 85
215 213
215 199
170 274
55 88
7 8
307 142
172 150
173 98
270 95
139 138
78 79
159 52
132 31
112 113
114 61
312 232
287 265
166 145
35 34
116 17
243 298
292 301
126 317
47 48
41 91
100 195
53 231
268 281
2 1
288 202
215 199
170 274
55 88
7 8
307 142
172 150
173 98
270 95
95 52
139 138
132 31
112 113
312 232
287 265
35 34
116 17
16 17
292 301
60 126
126 317
99 72
217 105
41 91
100 195
53 231
217 5
268 276
268 281
288 202
113 134
170 274
55 88
181 233
261 239
7 8
307 142
173 98
270 95
95 52
139 138
112 113
287 265
35 34
16 17
286 87
126 317
313 141
105 6
226 104
41 91
100 195
53 231
217 5
268 276
268 281
72 73
215 199
170 274
7 8
307 142
173 98
270 95
139 138
112 113
200 227
121 117
114 61
35 34
16 17
292 301
126 317
41 91
100 195
315 299
53 231
28 76
268 276
5 6
288 202
316 11
215 199
170 274
181 233
7 8
307 142
173 98
270 95
139 138
112 113
200 227
121 117
114 61
35 34
172 281
292 301
126 317
105 6
47 48
41 91
100 195
315 299
53 231
71 149
288 202
113 134
215 199
181 233
7 8
307 142
172 150
173 98
270 95
139 138
132 31
112 113
200 227
121 117
114 61
219 224
35 34
172 281
16 17
64 65
286 87
292 301
99 72
287 141
105 6
41 91
100 195
315 299
53 231
71 152
268 276
5 6
288 202
113 134
215 199
178 181
261 239
7 8
172 150
173 98
270 95
132 31
112 113
166 145
35 34
172 281
16 17
64 65
286 87
292 301
287 141
9 280
100 195
315 299
53 231
71 152
71 149
268 276
268 281
5 6
2 1
288 202
215 213
215 199
170 274
7 8
172 150
173 98
270 95
112 113
211 212
166 145
35 34
172 281
16 17
243 298
64 65
286 87
292 301
287 141
41 91
9 280
100 195
195 189
315 299
53 231
196 274
268 276
268 281
5 6
2 1
288 202
215 199
170 274
7 8
172 150
173 98
270 95
112 113
166 145
35 34
172 281
16 17
243 298
292 301
60 126
126 317
47 48
208 227
9 280
100 195
315 299
53 231
71 152
243 224
63 98
268 281
2 1
215 213
215 199
207 296
172 150
173 98
270 95
112 113
166 145
35 34
172 281
16 17
292 301
208 227
41 91
9 280
100 195
315 299
53 231
71 152
71 149
243 224
268 276
268 281
5 6
14 124
2 1
215 199
170 274
173 98
270 95
132 31
112 113
166 145
35 34
172 281
286 87
292 301
47 48
243 229
226 104
208 227
41 91
9 10
9 280
100 195
87 88
315 299
53 231
71 152
243 224
268 276
268 281
5 6
14 124
2 1
215 199
29 86
172 150
173 98
270 95
95 51
112 113
211 212
69 67
166 145
35 34
172 281
16 17
64 65
292 301
105 6
47 48
243 229
203 227
41 91
9 280
100 195
87 88
315 299
53 231
71 152
71 149
48 97
268 281
5 6
2 1
215 199
29 86
173 98
270 95
112 113
211 212
166 145
35 34
172 281
16 17
286 87
292 301
105 6
243 229
41 91
9 10
100 195
87 88
315 299
53 231
71 152
71 149
100 62
63 98
2 1
207 296
173 98
270 95 52
112 113
211 212
219 224
166 145
35 34
172 281
16 17
286 87
292 301
105 6
203 227
41 91
100 195
315 299
53 231
71 152
71 149
63 98
268 276
2 1
95 158
215 199
207 296
172 150
173 98
270 95
112 113
211 212
200 227
121 117
219 224
166 145
35 34
172 281
16 17
286 87
292 301
243 229
208 227
41 91
100 195
53 231
217 5
71 152
71 149
5 6
2 1
29 86
31 193
207 296
172 150
173 98
270 95
112 113
211 212
218 219
166 145
35 34
172 281
16 17
286 87
292 301
99 72
226 104
208 227
41 91
100 195
315 299
53 231
61 16
217 5
71 152
71 149
63 98
268 276
2 1
215 213
215 199
29 86
207 296
172 150
173 98
270 95
112 113
211 212
312 232
218 219
166 145
35 34
172 281
286 87
99 72
313 141
203 227
208 227
41 91
100 195
53 231
71 152
71 149
63 98
268 276
14 124
2 1
215 213
215 199
29 86
173 98
270 95
198 139
112 113
211 212
219 224
166 145
35 34
172 281
86 17
16 17
286 87
292 301
313 141
54 180
226 6
208 227
100 195
53 231
71 152
71 149
268 276
14 124
2 1
215 213
215 199
29 86
207 296
172 150
313 142
173 98
270 95
198 139
112 113
121 117
121 38
219 224
292 265
166 145
35 34
172 281
117 130
286 87
292 301
163 77
100 195
315 299
53 231
71 152
71 149
268 276
5 6
2 1
95 158
215 213
215 199
29 86
207 296
172 150
173 98
270 95
112 113
211 212
121 38
114 61
218 219
219 224
166 145
35 34
172 281
117 130
286 87
117 127
243 229
101 76
208 227
100 195
315 299
53 231
71 152
36 38
268 276
305 280
2 1
95 158
215 213
29 86
172 150
270 95
78 79
112 113
211 212
121 38
218 219
219 224
166 145
35 34
117 130
243 298
286 87
243 259
292 301
117 127
47 48
41 91
100 195
315 299
53 231
217 5
71 152
71 149
268 276
305 280
5 6
72 73
14 124
2 1
95 158
215 213
29 86
172 150
270 95
112 113
211 212
121 38
114 61
218 219
219 224
287 265
166 145
35 34
117 130
243 298
16 17
292 202
286 87
292 301
117 127
126 317
47 48
226 6
100 195
315 299
53 231
71 149
268 276
305 280
5 6
14 124
2 1
215 213
29 86
207 296
172 150
173 98
270 95
198 139
112 113
211 212
114 61
218 219
219 224
166 145
35 34
243 298
16 17
292 202
286 87
243 259
292 301
86 16
126 317
47 48
243 229
226 104
226 6
100 195
315 299
53 231
71 149
154 143
48 97
268 276
305 280
2 1
215 213
181 233
29 86
172 150
173 98
270 95
112 113
114 61
218 219
219 224
287 265
166 145
35 34
116 17
16 17
243 298
292 202
286 87
37 36
243 259
292 287
292 301
60 126
126 317
104 105
243 229
226 104
226 6
100 195
315 299
53 231
71 149
154 143
48 97
98 184
63 98
305 280
2 1
288 202
215 213
178 181
181 233
207 296
172 150
173 98
270 95
112 113
114 61
218 219
287 265
166 145
35 34
125 126
116 17
16 17
61 65
243 298
286 87
292 287
292 301
60 126
105 6
47 48
226 6
208 227
100 195
315 299
53 231
71 149
98 184
72 73
241 236
215 213
181 233
173 98
270 95
112 113
51 52
211 212
114 61
218 219
166 145
35 34
125 126
243 298
16 17
286 87
243 259
292 301
47 48
243 229
101 76
226 6
208 227
100 195
315 299
53 231
71 149
268 276
2 1
215 199
172 150
173 98
270 95
112 113
51 52
211 212
114 61
218 219
166 145
35 34
117 130
86 17
16 17
243 298
286 87
292 301
105 6
54 180
47 48
226 6
208 227
41 91
100 195
315 299
53 231
71 152
71 149
98 184
268 276
14 124
2 1
241 236
120 158
215 213
215 199
136 145
172 150
173 98
270 95
112 113
211 212
252 122
114 61
218 219
287 265
166 145
35 34
117 130
16 17
243 298
292 202
286 87
292 287
292 301
126 317
287 141
54 180
47 48
101 76
226 6
208 227
41 91
100 195
53 231
71 152
71 149
63 98
268 276
305 280
2 1
215 213
215 199
173 98
270 95
198 139
112 113
211 212
218 219
287 265
166 145
35 34
117 130
16 17
243 298
292 202
286 87
292 287
292 301
47 48
226 6
208 227
41 91
100 195
315 299
53 231
71 152
71 149
305 280
2 1
215 199
270 95
139 138
112 113
211 212
218 219
287 265
166 145
35 34
117 130
243 298
286 87
292 287
226 6
208 227
100 195
87 88
53 231
71 152
71 149
196 274
268 281
305 280
2 1
215 213
215 199
29 86
270 95
198 139
112 113
211 212
218 219
287 265
166 145
35 34
117 130
243 298
49 118
286 87
292 287
292 301
287 141
226 6
208 227
9 10
100 195
53 231
71 152
71 149
268 276
5 6
72 73
2 1
28 85
215 199
29 86
173 98
270 95
112 113
218 219
287 265
166 145
35 34
117 130
16 17
243 298
286 87
292 301
287 141
47 48
226 6
100 195
53 231
61 16
287 272
71 152
71 149
268 276
268 281
305 280
5 6
72 73
2 1
28 85
215 199
170 274
29 86
31 193
270 95
178 176
112 113
218 219
287 265
166 145
35 34
16 17
243 298
286 87
292 301
126 317
287 141
47 48
226 6
100 195
53 231
287 272
262 217
71 152
268 276
305 280
5 6
72 73
215 199
55 135
29 86
7 8
270 95
198 139
112 113
218 219
287 265
166 145
35 34
16 17
243 298
292 301
287 141
47 48
226 6
100 195
87 88
315 299
53 231
98 62
268 276
305 280
5 6
72 73
2 1
215 199
66 97
29 86
7 8
36 8
173 98
270 95
95 52
283 24
112 113
37 70
218 219
166 145
35 34
16 17
243 298
286 87
7 37
98 99
287 141
47 48
101 76
226 6
100 195
315 299
53 231
71 152
268 276
5 6
2 1
215 199
29 86
7 8
270 95
95 52
283 24
112 113
37 70
287 265
166 145
35 34
16 17
243 298
286 87
292 301
98 99
287 141
54 180
47 48
226 6
100 195
315 299
53 231
61 16
63 98
268 276
262 6
5 6
2 1
215 199
29 86
173 98
112 113
37 70
114 61
287 265
166 145
35 34
286 87
292 301
60 126
98 99
47 48
226 6
208 227
100 195
315 299
53 231
262 217
268 276
262 6
5 6
215 199
7 8
172 150
173 98
198 139
112 113
37 70
218 219
166 145
35 34
286 87
292 301
60 126
98 99
287 141
105 6
47 48
101 76
226 6
100 195
315 299
53 231
71 149
63 98
268 276
305 280
5 6
316 11
29 86
307 142
172 150
173 98
270 95
198 139
112 113
69 67
218 219
166 145
35 34
16 17
286 87
292 301
98 99
287 141
47 48
101 76
226 104
226 6
208 227
100 195
87 88
315 299
53 231
71 149
63 98
268 276
305 280
5 6
14 124
2 1
29 86
172 150
173 98
243 20
112 113
258 205
69 67
218 219
166 145
35 34
243 298
286 87
292 301
98 99
287 141
105 6
54 180
47 48
226 6
63 195
100 195
315 299
53 231
61 16
71 149
63 98
268 276
305 280
5 6
262 5
2 1
215 213
215 199
7 66
7 8
172 150
173 98
270 95
198 139
243 20
112 113
69 67
218 219
166 145
35 34
286 87
292 301
94 127
98 99
287 141
105 6
47 48
226 6
208 227
100 195
315 299
53 231
71 149
63 98
107 108
268 276
305 280
2 1
215 213
7 66
42 41
7 8
172 150
173 98
270 95
243 20
112 113
121 117
69 67
218 219
166 145
35 34
125 126
146 190
286 87
292 301
98 99
287 141
47 48
226 6
100 195
87 88
315 299
53 231
71 149
63 98
268 276
5 6
72 73
2 1
7 66
29 86
7 8
173 98
198 139
112 113
69 67
312 232
166 145
35 34
125 126
286 87
292 301
98 99
287 141
313 141
217 105
105 6
47 48
226 6
100 195
87 88
53 231
71 149
63 98
268 276
28 85
120 158
7 66
181 233
7 8
172 150
173 98
198 139
112 113
258 205
37 70
69 67
312 232
218 219
166 145
35 34
286 87
292 301
60 126
271 93
287 141
313 141
217 105
47 48
226 6
100 195
87 88
315 299
53 231
217 5
71 152
71 149
268 276
305 280
215 213
7 66
181 233
29 86
7 8
173 98
243 20
112 113
258 205
69 67
312 232
218 219
166 145
35 34
16 17
286 87
292 301
287 141
313 141
217 105
226 6
100 195
315 299
53 231
71 152
71 149
63 98
268 276
268 281
305 280
72 73
2 1
215 213
215 199
7 66
7 8
270 95
112 113
310 256
69 67
312 232
166 145
35 34
16 17
286 87
37 36
292 301
126 317
287 141
313 141
217 105
101 76
226 6
208 227
100 195
315 299
53 231
71 152
71 149
28 76
63 98
268 276
5 6
72 73
215 213
215 199
7 66
181 233
7 8
270 95
198 139
139 138
112 113
310 256
258 205
121 117
114 61
312 232
166 145
35 34
16 17
286 87
37 36
292 301
60 126
126 317
287 141
313 141
101 76
226 6
9 10
100 195
315 299
53 231
71 152
71 149
28 76
5 6
215 213
7 66
7 8
173 98
199 256
270 95
198 139
243 20
112 113
258 205
121 117
69 67
312 232
35 34
286 87
292 301
126 317
287 141
47 48
101 76
226 6
9 10
100 195
315 299
53 231
179 161
268 276
5 6
95 158
215 213
215 199
42 41
7 8
270 95
198 139
112 113
258 205
218 219
35 34
16 17
286 87
292 301
126 317
117 94
287 141
47 48
101 76
226 6
100 195
315 299
53 231
71 152
63 98
196 274
268 276
5 6
95 158
215 213
215 199
7 8
270 95
198 139
139 138
243 20
18 20
112 113
218 219
35 34
286 87
292 301
126 317
287 141
101 76
226 6
100 195
87 88
315 299
53 231
179 161
71 152
5 6
215 213
100 195
190 146
226 6
16 17
287 141
218 219
95 158
215 199
7 8
35 34
315 299
286 87
5 6
72 73
53 231
292 301
28 76
14 123
270 95
217 5
71 152
112 113
95 158
215 213
215 199
55 135
7 66
270 95
243 20
18 20
112 113
270 52
312 232
218 219
166 145
35 34
16 17
286 87
292 301
126 317
287 141
217 105
226 6
100 195
315 299
53 231
217 5
71 152
196 274
268 276
5 6
215 199
7 66
270 95
243 20
14 123
112 113
270 52
218 219
166 145
35 34
286 87
292 301
126 317
287 141
313 141
101 76
226 6
100 195
53 231
217 5
71 152
71 149
196 274
5 6
215 213
215 199
7 66
270 95
243 20
112 113
270 52
166 145
35 34
243 298
286 87
292 301
126 317
287 141
47 48
101 76
226 6
100 195
53 231
61 16
217 5
71 152
71 149
268 276
5 6
2 1
288 202
215 213
215 199
7 66
270 95
243 20
18 20
112 113
211 212
166 145
35 34
301 202
286 87
292 301
126 317
287 141
47 48
226 6
7 108
100 195
53 231
61 16
71 152
100 62
5 6
23 24
215 213
100 195
2 1
288 202
61 16
16 17
287 141
218 219
226 6
196 274
215 199
166 145
35 34
181 233
243 298
301 202
5 6
53 231
317 126
292 301
270 95
71 152
112 113
20 18
215 213
100 195
2 1
288 202
226 6
287 141
218 219
215 199
35 34
315 299
5 6
72 73
53 231
317 126
270 95
71 152
112 113
2 1
288 202
215 213
215 199
7 66
181 233
270 95
19 90
112 113
218 219
287 265
35 34
16 17
99 72
287 141
226 6
128 81
100 195
195 189
87 88
315 299
53 231
71 152
5 6
72 73
215 213
100 195
2 1
288 202
226 6
287 265
287 141
218 219
219 224
292 265
196 274
215 199
7 66
7 8
166 145
35 34
9 280
315 299
5 6
72 73
53 231
292 301
270 95 52
112 113
2 1
288 202
215 213
215 199
7 66
7 8
270 95
87 111
112 113
258 205
37 70
270 52
252 264
218 219
292 265
166 145
35 34
16 17
292 301
86 61
287 141
226 104
226 6
100 195
315 299
53 231
61 16
71 152
5 6
2 1
288 202
241 236
215 199
7 66
181 233
7 8
270 95
18 20
112 113
37 70
218 219
166 145
35 34
16 17
292 301
86 61
287 141
226 6
128 81
100 195
315 299
53 231
28 76
196 274
5 6
2 1
288 202
241 110
215 213
215 199
7 66
42 41
270 95
18 20
112 113
37 70
292 265
35 34
16 17
292 301
287 141
47 48
226 6
100 195
315 299
53 231
28 76
196 274
5 6
2 1
288 202
215 213
7 66
42 41
7 8
270 95
198 139
18 20
112 113
37 70
35 34
243 298
292 301
287 141
313 141
243 105
47 48
226 6
100 195
53 231
63 98
196 274
2 1
288 202
215 213
7 66
7 8
198 139
18 20
112 113
121 117
292 265
35 34
83 82
16 17
292 301
287 141
217 105
47 48
226 6
9 10
100 195
315 299
53 231
61 16
215 213
100 195
47 48
121 117
2 1
288 202
16 17
287 141
226 6
215 199
7 66
35 34
29 86
104 20
51 52
53 231
23 24
243 224
71 149
112 113
215 213
100 195
47 48
2 1
226 104
226 6
61 16
312 232
215 199
7 66
35 34
29 86
315 299
51 52
53 231
37 70
317 126
71 149
112 113
2 1
288 202
241 110
215 213
173 98
270 95
18 20
112 113
37 70
51 52
121 117
35 34
16 17
60 126
47 48
226 6
100 195
315 299
53 231
71 149
63 100
174 98
63 98
196 274
5 6
20 18
47 48
100 195
121 117
174 98
173 98
63 98
2 1
288 202
226 6
241 110
35 34
104 105
5 6
53 231
37 70
271 93
71 149
94 127
112 113
2 1
288 202
95 158
215 213
29 86
173 98
198 139
18 20
112 113
37 70
121 117
252 122
35 34
16 17
126 317
287 141
47 48
226 6
100 195
315 299
53 231
217 5
71 149
174 98
63 98
196 274
2 1
95 158
215 213
42 41
29 86
173 98
270 95
104 20
18 20
112 113
37 70
121 117
69 67
287 265
35 34
37 36
287 141
104 105
226 6
100 195
315 299
53 231
71 149
196 274
148 147
2 1
215 213
42 41
29 86
173 98
270 95
198 139
104 20
18 20
112 113
121 117
69 67
166 145
35 34
126 317
287 141
226 6
100 195
315 299
53 231
71 149
196 274
20 18
100 195
121 117
173 98
2 1
226 6
196 274
166 145
35 34
42 41
286 87
315 299
53 231
139 138
37 70
317 126
198 139
71 149
270 95
112 113
14 124
2 1
215 213
42 41
173 98
270 95
18 20
112 113
121 36
69 67
114 61
287 265
35 34
292 287
126 317
313 141
226 6
100 195
315 299
53 231
71 149
63 98
196 274
215 213
100 195
47 48
63 98
173 98
98 99
69 67
2 1
226 6
287 141
166 145
35 34
268 281
315 299
207 296
53 231
317 126
71 149
270 95
313 141
112 113
2 1
215 213
215 199
207 296
173 98
112 113
37 70
211 212
69 67
287 265
166 145
35 34
126 317
98 99
313 141
54 180
226 6
9 10
100 195
315 299
53 231
179 161
63 100
174 98
63 98
268 276
215 213
63 100
100 195
14 124
63 98
173 98
69 67
226 6
241 236
287 265
95 158
166 145
35 34
42 41
268 276
268 281
315 299
207 296
53 231
37 70
317 126
270 95 52
112 113
14 124
215 213
55 135
42 41
207 296
7 8
173 98
95 52
112 113
37 70
69 67
292 265
287 265
35 34
286 87
292 301
126 317
98 99
287 141
313 141
54 180
226 6
100 195
315 299
53 231
179 161
63 100
63 98
268 276
2 1
215 213
7 66
207 296
7 8
173 98
104 20
37 70
121 117
69 67
312 232
218 219
287 265
35 34
125 126
16 17
98 99
313 141
47 48
226 6
100 195
315 299
53 231
63 100
63 98
268 276
5 6
23 24
156 24
2 1
241 236
215 213
42 41
7 8
173 98
37 70
121 117
69 67
312 232
218 219
35 34
16 17
292 301
98 99
60 126
126 317
287 141
313 141
47 48
226 6
100 195
315 299
53 231
71 152
63 100
268 276
268 281
243 19
14 124
241 236
215 213
215 199
42 41
7 8
173 98
106 20
112 113
299 205
37 70
51 52
69 67
312 232
218 219
287 265
35 34
16 17
286 87
98 99
313 141
54 180
47 48
226 6
100 195
53 231
217 5
243 295
63 100
174 72
268 276
14 124
2 155
241 236
159 158
215 213
215 199
29 86
29 101
173 98
139 138
112 113
37 70
121 117
69 67
252 264
312 232
218 219
287 265
35 34
16 17
98 99
47 48
226 6
100 195
53 231
179 161
71 152
243 295
174 98
63 98
268 276
215 213
63 100
100 195
47 48
121 117
121 38
69 67
226 6
241 236
292 287
287 265
16 17
7 66
35 34
207 296
53 231
243 295
72 73
37 70
72 99
317 126
71 152
18 20
95 158
215 213
42 41
29 86
7 8
95 52
198 139
18 20
121 117
121 38
69 67
114 61
218 219
287 265
166 145
35 34
16 17
126 317
313 141
47 48
226 6
41 91
100 195
315 299
53 231
71 149
268 276
72 73
159 158
95 158
42 41
29 86
7 8
18 20
112 113
279 318
211 212
121 38
69 67
312 232
218 219
287 265
166 145
35 34
16 17
286 87
126 317
47 48
226 6
9 10
100 195
315 299
53 231
71 152
71 149
268 276
268 281
72 73
95 158
42 41
198 139
104 20
18 20
159 52
37 70
121 38
69 67
312 232
218 219
166 145
35 34
65 17
16 17
286 87
126 317
47 48
226 6
41 91
100 195
53 231
71 152
71 149
48 97
268 276
243 19
95 158
42 41
181 233
29 86
270 95
159 52
112 113
37 70
121 38
312 232
218 219
287 265
166 145
35 34
65 17
16 17
286 87
126 317
47 48
226 6
76 91
41 91
100 195
53 231
217 5
71 149
154 143
243 295
268 276
2 1
95 158
170 274
42 41
270 95
198 139
139 138
159 52
112 113
37 70
211 212
121 38
312 232
218 219
287 265
166 145
35 34
125 126
172 281
16 17
286 87
226 6
203 227
92 91
100 195
195 189
53 231
217 5
71 152
71 149
243 295
268 276
5 6
2 1
241 236
159 158
42 41
7 8
270 95
198 139
139 138
37 70
37 121
121 38
312 232
218 219
287 265
166 145
35 34
16 17
301 202
292 287
126 317
226 6
92 91
76 91
100 195
195 189
53 231
217 5
71 152
36 38
268 276
241 236
42 41
7 8
270 95
139 138
104 20
18 20
112 113
37 70
211 212
37 121
121 36 38
312 232
287 265
166 145
35 34
16 17
292 287
98 99
287 141
226 6
41 91
9 280
100 195
53 231
217 5
268 276
5 6
42 41
7 8
270 95
19 90
104 20
18 20
159 52
37 70
211 212
37 121
218 219
166 145
35 34
16 17
286 87
163 309
98 99
226 6
41 91
100 195
53 231
71 152
36 38
71 149
268 276
23 24
7 66
42 41
7 8
173 98
270 95 52
198 139
18 20
112 113
211 212
37 121
287 265
166 145
35 34
16 17
286 87
126 317
98 99
226 6
41 91
100 195
195 189
53 231
71 152
36 38
174 98
196 274
5 6
215 213
215 199
42 41
7 66
31 193
7 8
173 98
95 52
18 20
112 113
37 70
270 52
51 52
211 212
37 121
121 38
292 265
287 265
166 145
35 34
16 17
98 99
163 77
226 6
9 280
100 195
195 189
53 231
61 16
71 152
196 274
268 276
5 6
23 24
14 124
2 1
95 158
42 41
7 66
207 296
7 8
173 98
37 70
270 52
51 52
211 212
37 121
287 265
166 145
35 34
117 130
16 17
286 87
37 36
292 301
98 99
47 48
226 6
9 280
100 195
315 299
53 231
217 5
71 152
71 149
268 276
5 6
72 73
2 1
95 158
7 66
42 41
173 98
18 20
112 113
287 265
166 145
35 34
172 281
4 47
292 287
292 301
98 99
47 48
226 6
92 91
41 91
100 195
53 231
217 5
71 152
174 98
63 98
5 6
72 73
215 199
42 41
207 296
172 150
173 98
95 52
106 20
121 36 38
287 265
166 145
35 34
172 281
4 47
292 287
98 99
47 48
226 6
100 195
53 231
217 5
71 152
71 149
174 98
63 98
107 108
268 281
5 6
23 24
47 4
47 48
100 195
98 99
226 6
292 287
287 265
166 145
215 199
35 34
315 299
207 296
51 52
5 6
72 73
53 231
71 149
270 95
71 152
94 127
215 213
7 66
207 296
95 51
139 138
51 52
287 265
166 145
35 34
172 281
117 130
286 87
292 287
292 301
126 317
99 72
47 48
226 6
9 280
100 195
315 299
53 231
71 152
71 149
48 97
107 108
5 6
72 73
42 41
7 66
155 318
207 296
270 95
102 318
218 219
166 145
35 34
286 87
292 287
292 301
126 317
99 72
47 48
226 6
9 280
53 231
71 152
71 149
48 97
28 76
107 108
72 73
2 1
159 158
155 318
207 296
307 142
159 95
270 95 52
78 79
121 38
114 61
114 65
218 219
166 145
187 53
35 34
172 281
117 130
292 287
292 301
262 13
126 317
98 99
99 72
104 105
47 48
226 6
41 91
9 280
100 195
315 299
53 231
36 38
71 152
71 149
243 295
28 76
107 108
174 72
72 73
159 158
42 41
29 86
100 59
72 59
207 296
155 318
292 300
95 51 52
283 24
159 52
70 94
114 61 65
218 219
287 265
166 145
187 180
35 34
172 281
243 298
16 17
292 202
301 202
195 49
286 87
226 6
208 227
41 91
100 195
315 299
53 231
71 152
28 76
107 108
319 24
5 6
23 24
148 147
2 155
7 66
29 61
155 318
207 296
173 59
172 150
174 173
173 184
270 95
95 51 52
185 73
18 20
78 79
112 113
106 18
120 52
211 212
114 61
114 65
218 219
292 287 265
166 145
166 202
16 17
243 298
292 291 202
301 202
195 49
286 87
100 126
287 141
104 105
101 76
226 104
226 6
171 274
41 91
9 10
157 169
157 51
315 299
71 149
107 108
305 280
72 73
23 24
144 11
293 11
7 66
42 41
305 144
155 318
207 296
173 195
18 20
211 212
200 227
114 61
203 223
166 145 202
172 145
172 281
60 125
243 298
16 17
177 49
49 73
268 202
276 202
286 87
287 141
104 105
226 6
315 299
177 184
72 184
76 41
107 108
72 73
148 147
7 66
29 41
42 41
10 144
305 144
59 118
207 296
287 142
173 184
199 256
18 20
112 113
258 205
211 212
114 61
218 219
203 223
166 145
35 34
172 145
243 298
49 73
286 87
4 47
100 126
98 99
104 105
54 53
163 77
101 76
226 104
226 6
72 171
320 274
243 295
76 41
305 281
23 24
148 296
14 124
268 11
293 11 235
42 41 85
112 134
170 49
170 73
7 66
174 59
287 142
173 49
173 73
247 88
286 236
18 20
285 141
112 113
121 117
252 122
114 61
218 219
203 223
166 9
166 145
305 172 268
172 316 287
116 17
64 65
164 49
286 87
4 47
10 235
270 51
98 99
217 216
105 6
101 76
226 6
9 10
9 293
195 60
147 297
315 299
28 76
119 51
5 6
2 155
42 85
112 134
170 173
286 55
7 66
29 86
29 61
155 318
172 287 207
174 59
293 150
150 235
173 270
173 169
173 24
246 247
247 88
60 185
286 236
87 236
110 111
18 20
132 31
112 113
211 212
298 18
218 219
265 141
166 145
172 316
64 65
177 202 188
292 291 202
94 127
98 99
271 93
226 105
243 229
229 251
101 76
226 113
226 6
297 227
9 287
63 60
60 195
60 98
315 299
238 246
217 6
305 272
28 76
208 297
294 281
119 51
51 24
5 6
108 97
262 306
11 235
112 134
286 55
7 66
29 86
29 61
249 113
174 59
246 247
247 88
87 236
18 298 20
285 301
112 226
258 205
211 212
121 117
252 82
229 218 219
166 145
135 122
135 56
172 293
298 105
64 65
292 202
291 202
177 292
98 99
271 93
216 105
226 105
101 76
177 188
203 287
195 98
315 299
312 264
238 246
61 16
243 113 217
174 118
262 113
28 76
5 6
108 97
241 236
11 235
28 85
170 146
7 66
29 86
29 61
243 249
112 249
249 113
293 150
173 169
298 20
112 5
112 216
112 6
258 205
205 265
229 18
298 18
44 18
255 282
187 49
135 225
135 56
172 293 141
292 202
291 202
145 287
145 290
177 292
100 126
98 99
271 93
141 280
104 105
217 105
262 229
229 113
101 76
226 6
177 188
203 208
195 98
87 88
315 299
238 246
61 16
243 217
305 272
28 76
246 88
251 297
14 124
124 15
252 267
60 275
11 235
28 85
7 66
261 239
195 59
59 118
293 207 150
255 142
43 14
285 147
285 297
78 79
112 217 216
112 5
258 205 265
19 212
45 212
121 117
69 49
312 232
218 219
166 147
172 287 141
172 293
262 298
292 202
291 202
49 73
147 145
177 292
98 99
243 105
104 105
229 295
262 226
177 188
128 81
147 251
60 183
87 88
238 246
305 272
113 5
28 76
251 297
255 287
319 268
63 53
14 124
241 236
63 275
53 275
11 235
28 85
170 173
7 66
66 108
29 86
261 239
59 118
172 207
293 217 150
268 296
119 173
262 20
100 194
194 126
194 72
285 104
285 297
112 297
258 205
205 269
262 18
121 117
218 219
219 44
293 269
166 147 145
172 141
146 67
117 130
64 65
292 291 202
202 188
49 73
4 47
243 145
145 297
255 141
297 105
229 295
229 218
262 226
226 6
177 188
122 82
41 91
147 251
251 104
238 246
305 272
255 272
28 76
177 162
243 251
14 124
288 299
288 265
288 269
180 275
275 231
11 235
136 205
7 66
29 86
261 239
174 59
217 150
287 142
247 296
173 73
262 298 20
285 145
285 297
194 126
258 265
258 269
172 205
205 290
248 253
262 18
218 219
315 269
166 145
172 141
146 67
292 202
291 202
4 47
259 229
243 145
177 292 188
227 263
299 141
104 105
122 82
119 60
60 183
87 88
305 272
28 76
268 184
251 297
63 180
177 162
2 155
288 269
54 275
63 275
53 275
275 231
239 11
11 235
215 213
170 173 73
7 66
35 144
249 298
249 20
261 239
199 207
174 59
285 150
237 111
194 126
112 5
248 253
172 299 205
310 43
121 117
69 49
218 219
315 269
166 145
172 299 141
83 82
146 67
16 17
259 298
177 202 188
259 229
259 45
261 235
217 290
92 91
41 91
119 60
60 62
60 184
246 87
225 56
28 76
107 108
177 162
241 236
63 275
53 275
275 231
122 11 235
215 213
170 173 73
29 86
29 114 61 36
60 131
249 20
154 155
199 207
227 207
174 59
298 150
287 142
237 111
166 285 145
285 251 145
112 5
37 70
229 18
121 117
121 38
218 219
223 263
146 67
117 130
16 17
64 65
292 202
104 293 202
4 47 48
259 229
94 127
271 93
293 105
229 295
229 218
101 76
255 227
43 171
41 91
43 24
128 81
119 60
60 184
238 246
305 272
36 38
154 143
28 76
225 56
107 108
208 294
271 22
2 149
2 22
288 258
241 236
63 275
53 275
275 231
122 11 235
107 85
170 73
47 42
42 107
7 66
60 131
174 59
199 207
70 8
287 142
173 73
111 245
78 79
285 145
112 5
315 256
256 269
172 205 265 141
121 70
258 299
262 18
259 18
310 43
121 38
218 219
166 45
146 67
268 202
276 202
293 202
4 47
251 145
145 45
293 105
229 295
101 76
255 227
41 91
128 81
119 60
60 120
60 183
104 293
277 87
87 225
103 22
313 169
305 272
149 152
118 196
71 149
92 76
28 76
167 22
107 108
208 294
271 22
68 146
68 67
68 171
241 236
122 11 235
180 275
97 85
47 42 17
37 29
181 233
249 218
174 59
199 207
173 171
277 111 245
78 79
166 285
315 256
256 269
172 205
318 21
318 22
262 18
252 24
172 265 141
166 145
16 17
268 202
276 202
145 45
104 293 105
5 216
229 295
177 162 188
76 91
203 208
128 81
128 271
87 225
62 183
179 161
313 169
149 152 22
71 149
154 321
113 5
92 76
76 41
305 301
41 91
68 157
102 2
2 321
2 318
288 258
241 236
122 11
11 235
63 275
180 275
249 20
174 59
199 207
218 150
287 142
277 111 245
14 15
315 256
256 269
172 205 265 141
248 253
262 18
259 18
121 38
252 5
252 82
47 114
166 145
146 190
16 64
268 276 202
293 202
4 127
38 127
117 97
217 290
5 216
104 293 105
47 97
229 295
229 218
163 77
226 6
203 208
60 120
60 62
60 184
60 183
277 237 245
87 225
179 161
313 169
301 272
154 149 152
48 76
113 5
167 5
119 62
243 56
305 301
68 157
14 124
2 321
2 22
288 299
241 236
122 11
11 235
54 275
25 22
47 42
42 61
249 20
174 59
199 207
287 142
71 173
173 171
95 49
198 139
178 176
277 237 111
277 111 245
315 256
256 269
172 205 265
248 253
70 127
259 18
114 61
114 65
172 265 141
292 265
26 22
166 145
168 146
146 67
146 190
116 65
268 276 202
268 293 202
37 108
4 48
292 291
145 218
100 126
113 5 216
104 105
293 105
47 97
229 295
226 6
167 82
203 208
128 71
128 154
128 81
60 120
60 62 183
60 184
104 268
119 183
102 152
149 152
167 5
149 21
102 22
63 53
305 301
68 157
102 2
241 236
54 275
53 275
11 235
215 213
170 73
178 181
35 144
199 207
97 8
173 196 73
187 95 49
277 237 111
111 245
161 57
248 253
172 205 265
70 127
313 106
259 18
172 265 141
83 82
168 146
146 67
135 56
116 65
37 107
292 291
34 263
293 105
167 216
229 295
226 6
43 5
43 118
128 81
60 120
60 183
104 268 276
104 268 293
119 183
179 161
305 272
36 38
156 154
113 5
81 21
107 108
241 236
54 275
63 275
180 275
53 275
11 235
170 171 73
47 42
178 181
35 144
199 207
126 142
287 142
178 191 209
173 73
270 95
277 237 111
248 253
253 223
126 318
172 205 265
70 127
262 259 18
121 83
121 117
114 65
172 265 141
83 82
135 56
17 36 127
4 36
305 145
305 292
122 235
104 293 105
167 216
229 295
226 6
128 71 81 21
60 183
104 268 293
178 191 179
61 16
305 272
149 152
76 41
196 73
268 276
148 287
266 124
241 236
122 11 235
180 275
170 188
26 151
29 17 127
178 181
181 233
7 66
47 42
199 207
34 207
178 209
173 171 73
173 196
270 95
198 139
178 176
277 237 111
78 79
253 223
70 127
262 259 18
121 117
167 252
252 113
172 265 141
315 269
83 82
116 65
65 64
128 49 21 22
268 293 202
37 107
257 255
292 291
220 161
100 126
93 218
217 290
167 216
104 293 105
47 97
163 77
226 6
128 81 22
43 56
9 72
60 62
60 184
60 51
60 183
104 268 293
119 183
61 16
169 152
71 102 81
76 41
28 107
268 276
124 56
288 299
241 236
122 11
11 235
54 275
180 275
47 42 85
170 188
42 97 8
181 220
181 36
7 66
71 131
126 155
199 256 207
199 256 296
263 296
173 171 51 73
270 95
95 21
106 90
277 111
161 57
71 194 81
194 81 72
172 205
205 265 141
262 259 18
200 263
252 103
114 65 64
315 269
166 145
83 82
116 64
17 36
268 276 202
4 97
292 272
101 127
13 226
100 126
167 216
104 293 105
229 295
128 21
43 56
119 60
147 297
277 237
312 264
305 272
169 149 152
71 102
23 24
148 29
148 49
124 56
288 258
241 236
54 275
180 275
11 235
42 85
170 177 188
286 55
7 66
181 36
277 29 111
29 82
194 131
102 131
199 256 207 296
173 171 51 73
173 196
270 95
95 21 22
238 247
246 247
178 176
161 57
71 194 81
194 81 72
172 205 141
258 299
262 259 18
114 64
172 281 265
172 265 141
166 269
315 269
145 269
83 82
116 65
268 276 202
37 108 76
13 226
94 108 76
167 113 216
104 293 105
101 161
128 102
60 120
60 103
60 62
147 297
277 237
312 264
61 16
169 149 152
156 154
191 36
277 245
124 56
241 236
122 11
11 235
54 275
63 275
170 188
7 66
181 36
277 29 111
144 141
47 42
102 131
287 142
199 256 296
178 176 209
173 171 73
173 51 73
173 22
270 95
95 21 22
238 247
246 247
198 139
161 57
285 226
71 194
205 141
262 18
259 18
69 21
166 269
145 269
172 281
83 82
268 202
276 202
37 94 108
4 127
227 263
86 312
178 126
94 108 76
104 293 105
229 295
226 218
177 188
119 60
60 103
277 237
312 264
103 183
169 149 152
71 81
124 135
124 56
2 321
241 236
122 11 235
54 275
63 180 275
27 275
170 188
7 66
181 36
277 29 111
29 237
144 141
256 207
207 223
263 296
178 209
173 51 22
173 22 73
270 95
95 21
238 247
178 176
161 57
71 194 81
70 127
205 141
262 13 18
259 18
69 21
116 114
218 219
166 145 269
172 281
116 65
65 64
268 276 202
4 76
4 127
179 220
292 272
13 218
86 312
104 293 105
229 295
229 218
177 188
321 171
41 91
203 208
60 103
60 184
103 183
179 36
149 152
108 76
81 72
169 149
196 22 73
124 135 56
2 321
122 11
11 235
54 275
63 275
27 275
170 177
47 42
181 36
277 29 111
144 205 141
60 131
59 49
207 223
207 296
178 209
173 51
173 196 22
208 199
270 95
95 21
198 139
178 176
238 247
71 194
208 256
313 106
262 18
13 259 18
69 21
116 114
166 145 269
272 269
172 281
61 17
16 17
64 65
268 202
276 202
100 49
4 76
37 94
145 281
86 312
174 99
94 76
167 216
104 293 105
177 188
321 171
41 91
203 208
60 184
179 36
217 118
169 149 152
71 81 72
108 76
208 213
196 22 73
180 27
177 162
124 135 56
2 321
241 236
122 11
11 235
63 275
27 275
215 207
47 42
42 48
181 220 36
277 29 237
277 29 111
144 205 141
60 131
59 49
254 207
207 223
287 142
178 209
173 51
173 22 73
74 171
95 51
95 21
198 139
178 176
71 194
194 72
262 18
259 18
166 145 269
172 281
61 17
16 17
116 65 64
293 202
37 108
4 48
4 76
4 127
86 312
174 126
5 216
104 293 105
229 295
229 218
101 161
321 171
60 184
104 268 276
104 276 293
312 264
102 217
169 149 152
71 81
28 76
108 76
167 102
81 72
51 196
196 22 73
180 27
14 124
124 135 56
2 321
2 171
2 22
13 306
241 236
122 11 235
47 85
170 177
47 42
181 36
252 29 277 111
29 237 111
144 205 141
60 131
59 49
254 207
287 142
178 209
178 176
259 20
18 20
71 194 81
166 145 269
172 281
16 17
116 65
268 202
37 108
262 13
174 126
293 105
54 27
229 295
229 218
163 77
162 188
41 91
60 184
60 183
104 293
169 152
149 152
102 113
108 76
268 293
81 72
51 196 73
243 21
268 276
51 22
23 24
14 124
2 321 22
122 11
11 235
275 51
47 42 85
41 85
170 49
181 233
252 29 277
144 205 141
261 155
59 49
292 300
287 142
178 209
173 51
238 247
277 111
18 13 20
259 20
313 90
161 57
71 194 81 72
93 52
69 67
116 114
27 109
166 269
145 269
135 56
172 292
172 272
104 293 202
268 293 202
262 13
174 126
126 99
104 293 105
171 22 1
229 295
101 161
162 188
179 41
272 281
149 152
167 36
169 149
196 73
268 276
23 24
2 321 1
69 275
9 112 11
122 11
11 235
47 42 85
170 49
181 220
252 29 277
29 237
60 131
59 49
287 142
173 95
173 51
246 247
277 111
259 20
18 20
161 57
71 194 81
194 81 72
205 141
218 106
69 67
116 114
166 269
145 269
135 56
172 272
64 65
292 291
262 13
117 290
104 293 105
321 171 22 1
229 295
119 60
60 184
60 183
272 281
169 149 152
36 5
113 5
268 293
268 276
23 24
2 171 22 1
23 275
9 11
122 11
11 235
47 85
42 85
170 177
252 29 277 111
144 265 141
60 131
249 298
7 8
218 150
287 142
178 209
173 51
173 196 73
95 149 152
246 247
178 176
13 20
18 20
161 57
43 14
71 194
194 72
159 51
205 141
93 52
262 18
116 114
312 232
96 196
96 21
166 269
145 269
135 56
172 272 281
229 298
168 169
262 13
13 226
117 290
104 293 105
54 27
229 295
162 188
119 60
104 268 293
71 81
113 5
10 281
268 276
23 24
2 171 1
2 22 1
119 275
275 196
47 42 85
170 173
252 29 277
144 205
60 131
249 106
7 8
178 176 209
173 126
246 247
198 139
252 277 111
71 194 81
194 72
159 45
9 112
205 265 141
37 70
262 18
114 97
166 269
145 269
96 21
187 73
135 56
172 281 202
13 226 298
259 298
322 202
262 13
174 126
126 188
104 293 105
229 295
9 316
60 196
149 152
36 38
28 225
268 293
196 73
10 281
268 276
23 24
122 11
11 235
275 51
42 97 85
170 173 126
136 202
286 55
47 42
252 29 277 111
144 205
144 141
261 239
229 249
249 218
7 8
287 142
178 209
173 177
246 247
178 176
43 14
71 194 81
9 112
205 265
103 52
262 18
13 298 18
265 141
166 269
145 269
202 269
96 21
187 73
172 281
154 146
259 298
65 225
301 202
4 108
4 127
126 188
104 293 105
171 22 1
229 295
60 184
149 152
113 5
28 225
97 76
76 41
189 149
81 72
196 73
23 24
2 318
122 11
11 235
275 51
4 85
42 85
170 188
286 55
252 29 277 111
144 265 141
60 131
249 218
7 8
287 142
178 209
139 138
178 176
237 111
161 57
71 194 81
9 112
205 265 141
262 13 18
116 114
166 269
145 269
202 269
187 196 73
172 281
119 314
116 64
229 298
220 123
9 235
126 188
154 1
171 1
47 97
54 27
229 295
9 316
177 188
171 22
60 184
189 149 152
28 225
169 149
27 21
119 51
261 88
102 2
2 318
9 11
122 11
11 235
275 118
4 42 85
170 188
170 196
181 233
277 29
144 265 141
60 131
261 239
7 8
218 150
287 142
178 209
173 177
173 196
173 73
135 247
238 247
252 111
161 57
71 194
9 112
321 318
205 265
262 13 18
216 18
116 114 64
166 269
187 73
172 281
229 298 295
49 73
37 94
220 312
145 272 281
28 127
48 127
93 45
174 126
98 126
28 94
225 94
171 1
22 1
47 97
54 27
229 5
163 77
60 184
60 183
169 149 152
71 81
154 143
48 76 41
262 113
321 22
261 88
23 24
305 301
288 299
9 11
122 11
11 235
74 275
4 47 42 85
170 173
144 265 141
60 131
249 218
7 8
128 142
178 209
173 177
173 188
173 196
135 247
238 247
139 138
178 176
252 111
161 57
71 194
9 112
205 265
121 117
116 114
102 109
166 269
187 73
298 295
49 118
49 73
13 113
13 216
171 1
229 295
179 91
195 98
87 225
169 149 152
71 102
71 81
48 76 41
107 108
261 88
2 318
288 299
122 11 235
11 280
4 85
42 85
170 173
286 55
151 74
181 233
60 131
131 184
144 265
249 218
249 45
7 8
37 8
218 150
178 209
173 177
102 74
238 247
246 247
178 176
262 90
252 111
161 57
71 194
9 112
107 70
70 94
205 141
191 233
113 18
121 117
265 141
305 269
145 269
187 73
243 298
49 188
49 118
49 73
4 28
259 19
259 216
98 99
171 1
293 105
243 229
229 5
163 77
179 91
104 293
92 179
149 152
71 81
154 22
243 295
48 76 41
28 76 41
174 98
107 108
169 149
196 274
122 11 235
4 47 85
47 42 85
170 173
286 55
102 151
151 74
42 121
191 181
277 29
60 131
249 218
59 49
37 8
178 176 209
173 188
74 93
238 247
139 138
252 237 111
105 20
259 90
161 57
71 194
9 112
203 256
64 70
106 18
191 233
113 18
4 121
116 114 64
265 141
145 269
305 172
117 130
243 298
49 118 73
7 37
262 13
98 99
154 93
36 290
104 105
293 105
171 1
163 77
177 188
60 62
60 184
60 183
305 272
149 152
36 38
71 81
243 295
28 48 76 41
189 149
174 98
107 108
196 274
174 63
102 22
122 11 235
4 47 42 85
151 318
42 121
60 131
261 239
37 8
176 209
173 49
102 74
271 74
74 171
238 247
246 247
178 176
252 237 111
293 20
161 57
128 194
9 112
203 256
191 233
259 18
113 18
121 64
116 114
268 265
145 269
187 49 73
146 51
49 118
174 126
98 99
102 93
154 93
104 293 105
102 321 1
171 1
229 218
60 103
60 184
60 183
301 272
149 152
48 76 41
28 76 41
189 149
174 98
107 108
196 274
10 268
261 88
2 1
288 299
4 47 42 85
170 49
286 55
277 29
60 131
261 239
249 218
37 8
178 176 209
174 173
173 126
246 247
252 237 111
230 20
18 20
259 90
161 57
128 194
9 112
316 112
203 256
37 70
259 18
45 212
121 64
116 114
166 145 269
187 118 73
146 51
13 259
259 19
122 127
168 51
262 13
13 226
98 99
171 1
229 218
128 81
60 184
149 152
177 118
28 48 41
28 76 41
189 149
81 164
196 274
261 88
4 47 85
47 42 85
277 29
60 131
261 239
13 249
229 249
249 218
59 73
287 142
178 176
252 237 111
277 111
18 20
161 57
9 112
203 256
37 70
259 18
113 18
121 64
116 114
103 109
262 229 219
219 45
166 269
305 269
166 145
305 202
177 49
49 73
259 19
122 127
262 13
98 99
293 105
321 1
171 1
163 77
128 271
60 184
149 152
154 143
48 76 41
28 76
243 12
167 277
107 108
27 21
196 274
10 281
268 281
261 88
288 299
4 47 42 85
286 55
252 29
29 76
60 131
261 239
249 218
249 293
155 149 152
37 8
178 176 209
128 74
246 247
90 20
18 20
252 111
174 194
194 177
194 98
9 112
203 256
258 299
37 70
101 233
259 18
252 277
252 237
121 64
116 114
315 269
26 167 102
135 56
83 127
49 73
259 19
220 101
145 268
5 45
13 293
98 99
217 290
293 105
103 1
171 1
262 229
226 5
128 271
63 195
60 62
48 76 41
243 12
189 149
81 271
107 108
196 274
10 281
271 321
261 88
288 258
47 42 85
170 177
286 55
26 151
29 41
181 233
144 258 299
220 58
243 229 249
229 249 105
249 218 105
261 239
26 155
167 155
7 8
60 131
178 209
173 98 126
81 74
74 22
198 139
178 176
252 277 111
5 20
18 20
194 72
194 274
203 256
37 70
259 18
252 237
121 64
116 114
315 269
26 102
187 49
49 73
259 19
259 5
259 45
87 110
127 82
98 99
171 1
54 27
316 287
226 5
128 81
195 118
60 184
87 225
149 152
36 38
100 118
154 143
48 41
262 293
243 12
167 102
189 149
107 108
196 274
261 88
243 262
177 73
262 5
288 265
29 85
181 233
4 29
60 131
261 239
26 167 155
249 218
7 8
173 98
26 102 74
246 247
198 139
139 138
252 111
18 20
161 57
194 196 274
203 256
305 258 299
37 70
252 277
252 237
121 64
116 114
232 264
26 167 102
187 49
83 127
49 73
4 28
4 76
259 45
122 127
174 126
98 126
174 99
104 105
171 1
163 77
262 226
128 271
71 271
48 41
76 41
107 108
261 88
288 269
29 85
170 59
47 42
4 29
220 58
144 141
60 131
229 249
249 218
26 155
71 167 155
177 59 118
7 8
178 287 142
287 209
176 209
74 22
246 247
5 90
252 277 111
262 18 20
194 126
194 196
194 274
285 251
258 299
37 70
60 233
293 18
252 237
121 64
116 114
305 265
26 271
26 321
26 22
187 49 73
243 229 298
98 49
4 47
262 259 45
292 291
312 235
86 312
156 67
293 105
171 1
243 229 295
101 41
40 143
128 102
9 178
92 179
36 38
48 41
113 293
174 98
177 98
107 108
288 202
288 269
241 236
11 235
29 85
170 177 98
286 55
55 94
4 47 42
249 218
167 155
177 59
59 118
7 8
176 209
173 126
185 118
5 90
252 111
217 20
18 105 20
161 57
194 196
194 274
203 256
258 299
113 18
293 18
252 277
121 101
121 64
116 114
315 269
26 271
26 22
26 1
166 145
166 268
187 73
243 229 298
64 36
49 118
49 73
262 259
259 5
87 110
262 45
86 312
174 126
126 99
171 1
243 229 295
40 143
122 82
9 178
63 195
128 22
305 299
178 287
92 179
293 217
36 38
71 167
28 76
36 76
76 41
107 108
128 2
288 202 269
241 236
4 47 85
47 42 85
121 85
170 60
170 177
286 55
181 287 233
144 141
167 131
249 218
155 22 1
7 8
287 142
176 209
173 126
185 118 183
252 277 111
18 113 20
105 20
194 274
203 256
268 258
37 70
313 106
121 116
121 64
252 237
116 114
305 265
315 269
145 269
187 73
243 298
49 118
7 37
259 19
259 5
36 127
94 127
86 312
174 126 99
71 1
171 1
54 27
243 229 295
163 77
101 36
101 38
251 211
40 143
122 82
60 73
62 183
178 287
293 217
71 152
28 41
305 322
56 15
288 202
241 236
4 47 42 85
170 60
286 55 107
181 233
167 131
252 239
239 237
93 155
321 155
7 8
258 150
287 142
185 118
9 176
252 111
104 105 20
18 104 20
18 113 20
161 57
14 83
112 235
268 258
258 269
252 277
121 64
116 114
218 219
219 293
305 265
187 196 73
135 56 15
135 82
243 298
286 107 108
37 4
259 5
86 312
174 98 126 99
126 184
262 216
22 1
54 177
243 229 295
163 77
116 101
101 48 41
262 226
40 143
122 82
9 178
60 118
60 260
87 15
189 183
71 152
167 152
36 38
177 118
116 36
293 224
48 76 41
28 76
177 196 73
23 162
288 202
241 236
267 87
47 42 85
286 55
4 47 42
144 269
167 131
131 321
249 218 219
97 8
150 235
287 142
173 98
238 247
185 49
185 171
185 118
262 18 20
112 104
268 258
258 235
266 122
121 64
252 277
116 114
312 232
265 141
145 269
166 145
64 65
64 127
100 49
259 19
259 5
36 127
305 235
276 235
98 99
99 196
226 290
217 290
262 216
22 1
293 105
243 229
229 295
163 77
40 143
174 188
188 196 73
177 171
171 231
122 82
9 178
60 118
167 152
36 38
100 118
48 41
167 149
107 108
27 21
21 22
305 281
261 88
128 2
288 202
241 236
47 42 85
170 171 73
170 188 73
286 55
181 233
131 22
172 150
287 142
178 176 209
246 247
135 111
110 111
161 57
112 104
112 113
112 18
291 258
258 301
258 272
258 141
299 205
266 122
121 65 64
252 277
116 114
312 232
218 219
265 141
135 56
298 293
64 36
100 49
60 49 118
4 47
4 36
259 19
259 5
108 127
262 45
268 235
276 235
126 184
226 290
128 1
243 229
229 295
163 77
40 143
9 178
43 15
60 72
195 118
87 237
53 231
149 152
36 38
48 41
243 293
167 149
196 73
268 281
14 124
241 236
145 11
11 235
47 42 85
170 188
286 55
42 36
151 152
181 233
167 131
305 144
249 218
59 118
287 142
198 139
139 138
161 57
90 18
112 104
112 18
258 205
113 18
121 65 64
116 114
312 232
27 109
218 219
125 118
298 293
64 94
49 118
268 202
37 4 36
4 47
259 19
259 5
7 127
178 117
98 99
226 290
293 105
128 1
243 229 295
40 143
60 177
60 72
60 118
53 231
92 179
167 153
149 152
71 149
243 293
28 48 76
48 76 41
196 73
72 73
14 124
128 2
288 202
166 11
145 11
155 39
47 42 85
108 85
286 55
29 86
29 65
181 233
305 144
66 127
150 280
176 209
135 111
110 111
243 20
105 20
90 18
112 18
5 18
116 114
109 21
312 232
60 125
65 64
86 64
4 37
4 47
4 108 38
259 19
259 5
220 161
292 291
7 127
98 99
226 217 290
104 105
293 105
243 229
229 295
53 231
92 179
167 153
71 152
36 38
243 293
28 76
27 21 22
196 274
268 276
72 73
28 108
14 124
288 202
4 47 85
47 42 85
286 55
121 29 64
29 86 64
29 41
220 58 161
181 233
66 127
249 218 219
249 20
128 323
323 27 21 22
110 111
5 90
161 57
14 83
262 112 216
112 113
112 18
258 205
70 127
259 18
121 65 64
116 114
312 232
298 293
61 17
259 5
7 127
98 99
94 108
104 105
229 295
226 217
122 82
277 237
53 231
61 16
167 153
71 152
36 38
48 108
196 274
268 281
72 73
316 11
4 47 85
47 42 85
66 97
66 127
121 29
29 86
29 64 65
167 151
181 233
220 58
249 219
249 20
59 49
7 8
172 150
287 142 235
176 209
323 21
323 22
135 111
13 259 112
112 113
258 205
116 114
312 232
218 219
287 265
64 108
298 293
61 17
7 127
13 5
98 99
287 141
229 295
40 143
226 217
53 231
36 38
71 149
243 295
28 48
48 108
48 76
167 149
27 21
196 274
72 73
14 124
288 202
316 11
4 47 42 85
121 29 65
29 86 64
29 65 64
181 233
131 1
305 144
104 249
249 216
249 20
66 127
172 150
173 98
128 323
323 27 22
178 176
161 57
258 205
313 106
116 114
218 219
287 265
166 145
26 153
172 281
298 293
220 161
292 291
7 127
98 99
99 72
243 216
229 295
179 101
226 217
171 73
179 91
53 231
167 152
71 167
28 48
48 76
76 41
243 12
63 98
27 21 22
196 274
72 73
28 41
128 2
288 202
4 47 85
47 42 85
259 134
216 134
121 29 64
29 86
29 65
181 233
66 127
249 20
172 150
178 209
173 98
167 323
323 27 21 22
198 139
178 176
178 57
112 18
113 18
121 28
116 114
27 109
243 259 219
219 293
287 265
26 128
26 167
166 145
60 125
298 293
61 17
286 87
13 259
220 161
7 127
262 45
98 99
99 72
179 94
48 94
229 295
226 217
53 231
178 161
179 28
179 108
167 153
28 48
48 108
196 274
23 162
262 5
2 131 1
288 202
4 47 108 85
47 42 108 85
121 29 86 64
29 65
181 233
220 58
104 249
249 20
305 144
66 127
178 209
63 173
323 27 109
323 27 21 22
246 247
178 176
112 113
243 106
113 18
116 114
211 219
287 265
26 152
166 145
172 281
61 17
286 87
7 37
243 259
7 127
5 45
13 293
98 99
99 72
48 94
226 290
229 295
226 217
61 16
167 153
28 48 76
28 41
2 1
288 202
4 47 42 85
4 47 108 85
55 56
181 233
66 127
131 1
251 249
249 313
249 20
178 209
63 173
323 21
323 22
178 176
211 90
161 57
13 112
112 113 18
121 86
121 64
116 114
259 219
211 219
166 145
9 172
172 281
61 16 17
64 65
243 259
259 218
7 127
98 99
99 72
48 94 41
229 295
226 217
179 91
128 21
128 22
53 231
178 161
167 153
48 76 41
63 98
27 21
174 72
23 162
27 22
72 73
28 41
2 131
288 202
47 42 85
47 108 85
211 134
167 25
181 233
220 58
305 144
226 249 20
102 155
59 49 118
145 150
285 300
178 209
323 27 21 22
323 109
178 176
161 57
104 217 20
285 291
112 5
112 106
37 70
5 18
121 86
121 17
116 114 61
259 218 219
166 145
125 126
172 281
195 49
286 87
243 259
145 293
7 127
13 5
98 99
99 72
167 1
229 251 295
128 21 22
9 280
53 231
178 161
167 153
2 1
288 293
288 202
4 47 85
47 42 85
25 102
181 233
220 58
102 131
131 318
226 249
102 155
59 49 118
7 8
167 323
323 21 22
198 139
178 176
104 217 20
13 112
112 216
37 70
226 106
116 114 61
109 22
13 219
26 271
166 145
172 281
117 130
195 49
286 87
4 47 108
7 127
98 99
99 72
113 216
229 251 295
171 73
122 82
9 10
9 280
72 73
243 218
288 202
47 85
106 134
47 42 108
181 233
305 144
102 131
59 49
172 150
167 323
198 139
259 20
78 79
112 5 216
112 18
37 70
70 127
113 18
121 117 130
116 114 61
166 145
16 65 17
65 17 36
16 17 64
86 64
195 49
49 118
13 216
86 101
99 72
243 229 295
229 251 295
163 77
171 73
9 10
104 217
53 231
102 103
113 5
63 98
21 22
28 41
47 85
249 134
106 134
47 42
29 114
29 16
181 233
220 58
102 131
59 49
7 8
167 323
178 176
259 20
105 20
112 18
299 205
37 70
121 117
121 130
116 114 61
114 65
211 219
218 219
125 126
172 281
28 65
65 17
65 64
16 17
117 64
49 118
286 87
292 291
7 127
216 45
98 99
113 216
243 229 295
229 251
116 101
262 226
171 73
9 280
53 231
102 103
262 113
113 5
28 76
63 98
21 22
23 162
288 202
251 134
249 134
47 42 85
120 158
181 233
220 58
305 144
59 49
167 323
178 176
259 20
105 20
112 5
112 216
299 205
279 318
37 70
179 121
121 117
218 219
125 126
117 130
101 17
16 17
49 118
220 161
292 291
117 16
262 216
113 216
243 229 295
171 73
71 149
27 21 22
288 202
259 249 134
251 134
106 134
120 158
47 42
42 107
42 108
181 233
103 131
259 249 20
59 49
94 8
8 41
178 209
167 323
112 113
112 5
279 318
37 70
121 117 130
121 101
211 219
125 126
86 17
116 17
116 65
49 118
292 301
5 216
243 229 295
171 73
27 21
21 22
28 108
108 97
106 134
48 41 85
4 66
29 86
29 101
29 28
181 233
103 131
104 249
249 20
59 49
7 8
48 8
94 8
178 209
167 323
178 176
105 20
259 112 5
279 318
37 70
70 94
179 233
114 61
114 36
211 219
125 126
16 17
64 65
49 118
286 87
259 113
220 161
60 126
5 216
47 48
47 97
243 229
101 76
171 73
102 103
243 295
262 113
167 102
63 98
107 41
268 276
108 97
316 11
42 85
28 85
106 134
7 66
4 66
29 86
29 28
178 181
179 181 233
102 131
104 249
249 20
59 49
172 150
178 209
176 209
167 323
216 90
112 298
112 18
279 318
37 70
5 18
114 61
211 219
125 126
16 17
64 65
49 118
286 87
4 47
259 5 216
60 126
47 48
47 97
243 229 295
229 251
101 76
262 226
171 73
9 10
9 280
102 103
113 5
27 22
42 85
106 134
7 66
29 86
102 131
59 49
178 209
167 323
198 139
139 138
216 90
105 20
112 298
112 216
112 230
112 18
258 205
279 318
299 205
211 219
218 219
125 126
172 281
16 17
64 65
49 118
286 87
4 47
259 113 5
259 5 216
292 291
54 180
47 48
243 229 295
171 73
9 10
9 280
102 103
63 98
27 22
42 85
106 134
7 66
29 86
179 181
249 20
59 49
167 323
139 138
178 176
216 90
105 20
78 79
112 216
279 318
37 70
262 18
216 18
37 114
211 219
218 219
125 126
172 281
16 17
64 65
49 118
286 87
259 113
54 180
47 48
243 229
171 73
71 152
243 295
48 97
42 85
218 134
106 134
7 66
29 86
179 181
102 131
249 20
59 49 118
176 209
198 139
104 20
105 20
13 112 18
112 5
279 318
299 205
262 13 18
6 18
211 219
218 219
125 126
172 281
16 17
64 65
4 47
5 216
47 48
243 229 295
171 73
53 231
113 5
48 97
268 276
106 134
249 20
59 49
145 150
176 209
167 323
178 176
259 20
105 20
279 318
211 106
262 13 18
6 18
125 126
16 17
64 65
49 118
4 47
259 216
262 13 226
5 216
47 48
243 229 295
171 73
113 5
196 274
259 134
218 134
178 181
59 49
176 209
139 138
216 20
105 20
279 318
211 106
262 13 18
113 18
6 18
312 232
259 219
218 219
125 126
16 17
49 118
4 47
259 229
259 104
113 216
5 105
54 53
47 48
171 73
104 217
61 16
71 152
243 295
27 21
243 19
6 134
7 66
178 181
31 193
102 131
59 49
7 8
176 209
167 323
246 247
198 139
139 138
104 20
18 20
299 205
279 318
105 18
312 232
218 219
125 126
172 281
64 65
49 118
4 47
259 229
259 218
104 230
13 226
13 113
5 216
54 53
47 48
171 73
104 217
53 231
61 16
243 295
113 5
27 21
268 276
7 66
29 86
31 193
59 49
7 8
172 150
167 323
198 139
139 138
178 176
179 176
135 111
299 205
279 318
106 105
114 36
312 232
125 126
16 17
64 65
49 118
4 47
259 229
94 127
13 226
98 99
216 6
54 53
47 48
171 73
61 16
243 295
27 21
196 274
191 161
28 85
113 134
106 134
7 66
29 86
29 61
181 176
42 41
262 249
249 12
249 18
59 49
7 8
172 150
135 111
299 205
279 318
104 106
298 18
218 18
105 18
114 36
312 232
219 224
125 126
16 17
64 65
49 118
286 87
243 259
259 229
94 127
13 226
217 216
216 6
54 53
47 48
171 73
122 82
9 280
104 6
61 16
27 21
21 22
113 134
42 85
7 66
181 176
29 86
31 193
59 49
7 8
198 139
139 138
243 20
18 20
112 113
279 318
104 18
37 114
312 232
219 224
125 126
49 118
4 47
259 229
13 226
217 216
105 6
54 53
47 48
171 73
122 82
217 6
48 97
107 108
27 21
261 88
42 85
7 66
178 181
179 181
181 176
181 233
29 86
59 49
172 150
167 323
198 139
112 113
279 318
37 70
312 232
218 219
125 126
16 17
49 118
4 47
259 229
13 226
217 216
54 53
171 73
60 62
53 231
217 6
107 108
196 274
42 85
7 66
179 181
181 176
29 86
102 131
59 49
172 150
167 323
112 113
279 318
37 114
218 219
125 126
172 281
64 65
301 202
49 118
286 87
4 47
259 229
98 99
217 216
104 105
54 53
47 48
171 73
41 91
53 231
217 6
71 152
107 108
27 21
196 274
28 85
7 66
29 86
179 181
102 131
42 41
59 49
172 150
167 323
112 113
258 205
279 318
37 70
218 219
125 126
172 281
243 298
64 65
49 118
259 229
94 127
98 99
217 216
104 105
54 53
47 48
229 251
171 73
107 108
288 202
7 66
178 179 181
42 41
249 12
59 49
178 209
167 323
178 176
106 20
112 113
279 318
70 94
218 219
125 126
49 118
301 202
286 87
259 229
217 216
104 105
54 53
47 48
171 73
71 152
107 108
27 21
23 162
268 276
179 181
59 49
176 209
167 323
178 176
161 57
112 113
279 318
37 70
70 94
211 212
218 219
125 126
49 118
286 87
259 229
63 99
98 99
217 216
104 105
54 53
47 48
229 251
171 73
71 152
107 108
27 21
196 274
42 41
178 179 181
29 86
59 49
7 8
167 323
178 176
18 20
78 79
112 113
279 318
37 70
106 18
179 233
218 219
49 118
286 87
259 229
94 127
262 13
13 226
217 216
104 105
54 53
47 48
229 251
171 73
92 91
71 152
107 108
27 21
27 22
29 86
179 181
59 49
7 8
167 323
198 139
178 176
112 113
37 70
299 205
279 318
218 219
125 126
116 65
49 118
286 87
259 229
94 127
13 226
60 126
217 216
104 105
54 53
47 48
229 251
171 73
92 91
27 21
27 22
288 202
113 134
7 66
37 66
29 86
179 181
42 41
59 49
7 8
178 209
167 323
198 139
178 176
112 113
299 205
279 318
37 70
179 233
218 219
116 65
49 118
286 87
259 229
94 127
13 226
217 216
104 105
54 53
47 48
171 73
92 91
71 152
27 21
268 276
268 281
288 202
7 66
29 86
179 181
102 131
42 41
59 49
7 8
167 323
178 176
299 205
279 318
37 70
312 232
218 219
125 126
116 65
49 118
286 87
7 37
292 301
94 127
217 216
104 105
54 53
171 73
92 91
53 231
27 21
268 281
241 236
7 37 66
29 86
179 181
102 131
59 49
7 8
167 323
112 113
279 318
218 219
125 126
64 65
49 118
286 87
94 127
98 99
217 216
104 105
54 53
47 48
171 73
92 91
53 231
27 21
268 276
268 281
7 66
37 66
29 86
179 181
59 49
155 318
7 8
167 323
203 256
279 318
37 70
179 233
312 232
218 219
125 126
172 281
64 65
49 118
286 87
94 127
98 99
217 216
104 105
54 53
171 73
107 108
27 21
21 22
180 177
268 276
268 281
261 88
288 202
7 66
29 86
179 181
59 49
7 8
167 323
203 256
299 205
279 318
37 70
312 232
218 219
125 126
172 281
16 17
49 118
286 87
7 37
98 99
217 216
54 53
171 73
312 264
61 16
71 149
107 108
21 22
268 276
268 281
7 66
29 86
179 181
42 41
59 49
7 8
167 323
279 318
37 70
266 284
218 219
172 281
16 17
64 65
49 118
286 87
94 127
98 99
217 216
54 53
171 73
61 16
71 152
107 108
21 22
180 177
268 276
268 281
27 22
7 66
29 86
179 181
59 49
7 8
167 323
246 247
161 57
279 318
37 70
121 38
218 219
287 265
172 281
16 17
64 65
49 118
286 87
94 127
98 99
217 216
54 53
101 76
171 73
61 16
71 152
71 149
107 108
21 22
180 177
23 162
268 276
268 281
27 22
55 56
7 66
29 86
179 181
305 144
59 49
161 57
279 318
37 70
179 233
218 219
287 265
172 281
16 17
64 65
49 118
286 87
217 216
54 53
226 104
171 73
128 81
61 16
71 152
268 281
27 22
55 56
7 66
66 8
29 86
179 181
59 49
279 318
37 70
218 219
125 126
172 281
16 17
49 118
286 87
94 127
98 99
217 216
54 53
171 73
9 10
60 62
102 103
61 16
71 152
180 177
23 162
27 22
7 66
179 181
59 49
178 176
203 256
279 318
37 70
218 219
219 224
125 126
172 281
16 17
64 65
49 118
286 87
259 229
94 127
217 216
54 53
171 73
60 62
102 103
116 61
61 16
71 152
27 21
268 276
268 281
27 22
299 11
28 85
7 66
179 181
59 49
203 256
218 219
219 224
172 281
65 64
16 17
49 118
286 87
94 127
13 226
98 99
217 216
54 53
101 76
171 73
116 61
61 16
71 152
23 162
268 276
7 66
179 181
59 49 118
178 176
37 70
70 94
218 219
219 224
287 265
172 281
65 64
16 17
286 87
13 226 104
98 99
217 216
54 53
171 73
128 81
116 61
268 276
268 281
27 22
7 66
179 181
220 58
59 49 118
178 176
161 57
299 205
279 318
70 94
287 265
172 281
64 65
286 87
292 301
94 127
13 226
13 104
98 99
217 216
54 53
190 169
171 73
116 61
243 295
27 21 22
268 276
179 181
181 233
29 86
59 49 118
198 139
139 138
178 176
279 318
125 126
172 281
64 65
286 87
259 229
292 301
94 127
98 99
217 216
54 53
190 169
171 73
312 264
116 61
61 16
27 21 22
268 276
299 11
179 181
181 161
29 86
59 49 118
172 150
178 176
121 38
172 281
16 17
64 65
286 87
259 229
220 161
292 301
98 99
217 216
54 53
190 169
171 73
312 264
243 295
21 22
23 162
268 276
27 22
179 181
181 220
181 161
29 86
59 49 118
172 150
178 176
125 126
172 281
16 17
64 65
286 87
292 301
98 99
217 216
54 53
190 169
171 73
116 61
28 76
27 21
23 162
268 276
268 281
27 22
29 86
179 181
59 49 118
172 150
198 139
178 176
279 318
37 70
121 117
125 126
172 281
16 17
64 65
286 87
220 161
292 301
98 99
93 22
313 141
217 216
54 53
101 76
171 73
107 108
27 21
268 276
268 281
27 22
179 181
181 233
29 86
59 49 118
172 150
154 74
198 139
139 138
178 176
279 318
172 281
86 17
16 17
64 65
286 87
292 301
93 22
217 216
54 53
101 76
171 73
92 91
43 123
312 264
53 231
61 16
71 152
27 21
21 22
268 276
268 281
29 86
153 155
155 318
59 49 118
139 138
161 176
203 256
279 318
172 281
243 298
16 17
286 87
292 301
98 99
217 216
54 53
190 169
101 76
171 73
92 91
43 123
53 231
27 21 22
268 276
268 281
54 53
98 99
16 17
171 73
21 22
203 256
279 318
172 281
29 86
161 57
299 205
59 49 118
27 22
53 231
243 295
139 138
37 70
286 87
292 301
217 216
29 86
59 49 118
178 209
139 138
203 256
279 318
125 126
172 281
16 17
292 301
294 263
98 99
217 216
54 53
163 77
171 73
60 62
312 264
53 231
243 295
174 98
21 22
23 162
27 22
181 233
59 49 118
7 8
139 138
161 57
203 256
279 318
299 205
125 126
16 17
286 87
292 301
98 99
287 141
313 141
217 216
54 53
190 169
171 73
60 62
53 231
61 16
71 152
27 21 22
268 276
181 233
58 161
59 49
7 8
178 209
176 209
198 139
37 70
299 205
125 126
172 281
16 17
64 65
49 118
286 87
292 301
217 216
104 105
54 53
171 73
53 231
61 16
71 152
27 21
268 276
268 281
27 22
179 181
181 233
29 86
59 49 118
155 318
178 209
233 209
198 139
178 176
299 205
172 281
16 17
286 87
259 229
259 224
292 301
94 127
13 104
287 141
217 216
54 53
171 73
53 231
61 16
71 152
174 98
27 21
268 276
179 181
181 233
29 86
59 49
155 318
178 209
299 205
279 318
125 126
16 17
49 118
286 87
259 229
292 301
13 226
13 104
98 99
217 216
287 141
104 105
54 53
171 73
53 231
61 16
71 152
23 162
268 276
27 22
72 73
167 25
179 181 233
29 86
102 131
59 49
155 318
7 8
172 150
178 176 209
299 205
279 318
219 224
125 126
172 281
16 17
49 118
286 87
259 229
292 301
13 226
13 104
217 216
287 141
313 141
104 105
54 53
171 73
128 81
63 195
53 231
102 103
61 16
71 152
107 108
196 274
268 276
27 22
72 73
167 25
179 181
181 233
29 86
102 131
59 49 118
155 318
7 8
172 150
178 209
299 205
37 70
219 224
125 126
172 281
16 17
286 87
259 229
292 301
13 226
13 104
98 99
93 22
217 216
287 141
313 141
54 53
171 73
128 81
63 195
53 231
61 16
107 108
27 21
268 276
268 281
72 73
170 274
167 25
42 41
179 181 233
102 131
59 49 118
155 318
7 8
172 150
285 300
178 176
203 256
299 205
219 224
125 126
172 281
16 17
286 87
259 229
292 301
13 226
13 104
98 99
217 216
287 141
313 141
54 53
40 143
171 73
63 195
53 231
61 16
71 152
107 108
27 21
21 22
268 276
268 281
72 73
167 25
42 41
179 181
102 131
59 49 118
7 8
285 300
172 150
178 176
299 205
279 318
179 233
125 126
172 281
243 298
16 17
286 87
259 229
292 301
13 226
13 104
60 126
98 99
287 141
313 141
217 216
54 53
40 143
171 73
60 62
63 195
61 16
71 152
107 108
27 21
27 22
167 25
178 181
179 181
102 131
59 49 118
7 8
172 150
299 205
279 318
37 70
172 281
16 17
286 87
259 229
178 220
292 301
13 226
13 104
98 99
217 216
287 141
313 141
104 105
54 53
171 73
9 280
63 195
53 231
61 16
71 152
243 295
107 108
23 162
27 22
72 73
167 25
178 179 181
102 131
59 49 118
7 8
172 150
37 70
125 126
172 281
16 17
286 87
259 229
292 301
13 226
13 104
174 99
63 99
98 99
287 313 141
217 216
54 53
171 73
63 195
312 264
53 231
61 16
71 152
107 108
27 21
191 161
268 281
72 73
167 25
178 179 181
305 144
59 118
172 150
294 253
37 70
166 145
125 126
172 281
16 17
49 118
286 87
259 229
292 291
292 301
13 226
60 126
287 141
313 141
217 216
54 53
171 73
63 195
53 231
71 152
107 108
27 21
191 161
268 281
167 25
179 181
102 131
59 49 118
7 8
178 176 209
161 57
294 253
299 205
37 70
178 233
166 145
125 126
172 281
16 17
286 87
259 229
292 301
13 226
60 126
174 99
287 141
313 141
217 216
54 53
171 73
9 280
63 195
53 231
71 152
107 108
27 21
191 161
268 281
72 73
167 25
179 181
178 58
59 49 118
155 318
7 8
178 209
178 176
161 57
299 205
279 318
37 70
121 38
125 126
9 172
172 281
16 17
286 87
259 229
292 301
13 226
174 99
287 141
313 141
217 216
54 53
226 104
171 73
60 62
63 195
53 231
61 16
217 6
107 108
27 21
268 281
42 85
167 25
179 181
178 77 58
305 144
102 131
59 49 118
155 318
7 8
176 209
161 57
299 205
279 318
125 126
9 172
172 281
16 17
286 87
292 301
13 226
174 99
98 99
287 141
313 141
104 105
217 216
54 53
77 161
171 73
63 195
312 264
53 231
61 16
27 21
167 25
179 181
58 176
305 144
59 49
7 8
178 209
78 161
299 205
279 318
172 281
16 17
49 118
286 87
292 287
292 301
13 226
13 104
174 99
98 99
287 141
217 216
54 53
163 77
171 73
63 195
312 264
53 231
71 152
107 108
27 21
167 25
42 41
193 58
58 176
305 144
179 181
102 131
59 49
172 150
178 139
178 176
176 302
78 57
161 57
299 205
279 318
37 114
219 224
172 281
16 17
49 118
286 87
259 229
292 287
292 301
178 192
13 226
13 104
60 126
174 99
98 99
104 105
54 53
171 73
63 195
312 264
53 231
178 161
61 16
71 152
107 108
27 21
72 73
136 145
167 25
29 61
178 58
58 176
305 144
179 181
102 131
59 49
7 8
172 150
176 209
31 176
175 176
161 175
258 205
299 205
279 318
218 219
172 281
116 65
16 17
49 118
286 87
292 301
13 226
13 104
174 99
54 53
171 73
63 195
53 231
107 108
27 21
23 162
170 274
42 41
179 181
181 138
309 58
305 144
59 49 118
279 318
233 138
114 61
172 281
116 65
61 65
16 65
16 17
286 87
292 301
13 226
13 104
60 126
174 99
287 141
313 141
217 216
54 53
171 73
9 280
63 195
315 299
312 264
53 231
107 108
27 21
23 162
268 276
59 49 118
175 57
285 205
203 256
279 318
121 117
37 114
114 36
219 224
125 126
116 65
16 17
161 138
292 287
292 301
13 226
13 104
60 126
174 99
98 99
217 216
54 53
171 73
63 195
315 299
53 231
107 108
27 21
23 162
28 85
42 41
305 144
59 49 118
279 318
37 70
121 117
37 114
218 219
16 17
286 87
292 287
292 301
13 226
13 104
174 99
98 99
217 216
54 53
163 77
77 79
171 73
9 10
63 195
315 299
53 231
61 16
107 108
27 21
196 274
23 162
288 202
42 41
59 49 118
163 78 77
279 318
37 70
218 219
316 269
286 87
220 161
292 287
292 301
13 226
13 104
174 99
98 99
217 216
54 53
171 73
9 10
63 195
315 299
53 231
61 16
163 79
107 108
27 21
23 162
268 276
42 41
59 49 118
279 318
37 70
114 61
114 36
218 219
219 224
286 87
292 287
292 301
13 226
13 104
98 99
217 216
54 53
171 73
9 10
63 195
246 87
315 299
53 231
61 16
107 108
27 21
196 274
23 162
268 276
28 85
42 41
59 49 118
309 175
279 318
121 117
114 36
219 224
316 269
60 125 126
64 65
309 138
286 87
220 161
292 287
292 301
13 226
98 99
313 141
217 216
54 53
101 76
171 73
9 10
63 195
315 299
53 231
61 16
27 21
196 274
23 162
268 276
108 97
59 49 118
139 138
299 205
279 318
114 36
316 269
60 125 126
16 17
286 87
292 287
292 301
13 226
13 104
217 216
54 53
171 73
9 10
315 299
53 231
61 16
27 21
23 162
268 276
42 41
59 118
139 138
279 318
316 269
60 125 126
16 17
64 65
49 118
198 138
286 87
292 287
292 301
13 226
13 104
287 141
217 216
54 53
101 76
171 73
63 195
315 299
53 231
61 16
27 21
23 162
268 276
102 131
261 239
59 118
7 8
279 318
121 117
316 269
60 125
16 17
49 118
292 287
292 301
13 226
13 104
98 99
99 72
287 141
217 216
54 53
171 73
9 280
63 195
315 299
53 231
61 16
63 98
27 21
196 274
174 72
268 276
72 73
102 131
261 239
59 118
155 318
7 8
139 138
31 175
186 175
279 318
218 219
316 269
60 125
116 65
16 17
49 118
286 87
292 287
292 301
13 226
13 104
60 126
98 99
99 72
217 216
54 53
171 73
9 280
315 299
53 231
116 61
61 16
27 21
174 72
268 276
7 66
102 131
59 49 118
78 77
78 79
132 31
31 175
279 318
219 224
172 281
16 17
286 87
292 287
292 301
13 104
98 99
99 72
217 216
54 53
163 77
171 73
7 97
9 280
315 299
53 231
61 16
27 21
174 72
23 162
268 276
261 88
72 73
7 66
59 118
139 138
78 77
132 31
31 175
279 318
219 224
316 269
125 126
172 281
116 65
49 118
286 87
220 161
292 287
292 301
13 104
98 99
99 72
217 216
54 53
171 73
9 280
116 61
61 16
152 22
63 189
27 21
174 72
268 276
72 73
59 118
172 150
139 138
78 77
31 175
279 318
312 232
218 219
219 224
316 269
60 125
125 126
172 281
16 17
49 118
286 87
292 287
292 301
13 104
98 99
99 72
217 216
54 53
171 73
9 10
9 280
315 299
53 231
61 16
152 22
27 21
196 274
174 72
23 162
72 73
42 41
261 239
59 118
139 138
31 175
279 318
312 232
219 224
60 125
172 281
16 17
49 118
286 87
292 287
292 301
13 226
13 104
98 99
99 72
217 216
54 53
171 73
9 280
315 299
61 16
152 22
27 21
174 72
268 276
268 281
23 162
42 41
305 144
59 49 118
139 138
78 77
78 79
31 175
294 253
279 318
121 117
312 232
219 224
316 269
172 281
16 17
286 87
292 287
292 301
13 226
98 99
99 72
217 216
54 53
171 73
9 280
315 299
61 16
152 22
27 21
196 274
174 72
268 276
268 281
42 41
59 49 118
139 138
78 77
31 175
294 253
279 318
219 224
16 17
286 87
292 287
292 301
13 226
13 104
98 99
99 72
217 216
104 105
54 53
171 73
9 280
315 299
53 231
61 16
63 98
27 21
196 274
174 72
288 202
42 41
29 86
59 49 118
7 8
63 173
139 138
78 77
78 79
294 253
279 318
312 232
218 219
219 224
316 269
16 17
292 287
292 301
13 226
287 141
104 105
217 216
54 53
171 73
9 280
315 299
53 231
61 16
152 22
27 21
174 72
288 202
42 41
29 86
29 61
59 49 118
139 138
78 77
132 31
294 253
279 318
121 117
312 232
219 224
316 269
61 65
16 17
259 229
292 287
292 301
13 226
13 104
98 99
287 141
217 216
54 53
171 73
9 280
315 299
53 231
61 16
63 98
27 21
174 72
72 73
288 202
42 41
29 86
59 49 118
139 138
78 77
279 318
219 224
172 281
16 17
268 202
286 87
259 229
292 287
292 301
13 226
98 99
99 72
217 216
54 53
171 73
9 280
315 299
53 231
61 16
217 6
107 108
27 21
174 72
72 73
59 49 118
139 138
78 79
294 253
279 318
312 232
125 126
172 281
16 17
64 65
286 87
292 287
292 301
13 226
98 99
99 72
217 216
54 53
171 73
315 299
53 231
61 16
152 22
107 108
27 21
174 72
72 73
7 66
261 239
59 49 118
7 8
139 138
78 79
219 224
125 126
172 281
16 17
286 87
292 287
292 301
13 226
98 99
217 216
54 53
171 73
315 299
61 16
152 22
107 108
27 21
174 72
72 73
241 236
7 66
59 49
59 118
258 205
279 318
312 232
219 224
125 126
172 281
16 17
286 87
292 287
292 301
13 226
98 99
99 72
287 141
104 105
217 216
54 53
72 171
171 73
60 62
315 299
53 231
61 16
152 22
63 98
107 108
27 21
174 72
63 72
59 49
59 118
172 150
139 138
294 253
279 318
258 205
312 232
219 224
287 265
316 269
125 126
16 17
292 287
292 301
13 226
98 99
99 72
287 141
104 105
54 53
171 73
315 299
53 231
61 16
63 98
174 72
136 145
102 131
59 49
173 98
139 138
294 253
258 205
279 318
312 232
219 224
287 265
60 125
16 17
60 49
49 118
292 287
292 301
13 226
98 99
104 105
54 53
171 73
9 280
315 299
53 231
61 16
63 189
63 98
174 72
261 88
288 202
136 145
59 49
173 98
294 253
279 318
312 232
219 224
60 125
116 65
16 17
49 118
292 287
292 301
13 226
13 104
98 99
217 216
104 105
54 53
171 73
53 231
61 16
27 21
174 72
261 88
206 302
54 53
78 77
63 98
98 99
13 226
61 16
16 17
292 287
219 224
171 73
27 21
174 72
279 318
60 125
294 253
125 126
104 105
59 49
49 118
292 301
217 216
78 79
7 66
131 153
59 49
139 138
78 79
294 253
219 224
60 125
125 126
16 17
49 118
268 202
259 229
292 301
13 226
98 99
217 216
104 105
54 53
171 73
53 231
61 16
63 98
27 21
174 72
288 202
102 131
59 49
59 118
7 8
78 77
78 79
294 253
218 219
219 224
60 125
125 126
16 17
268 202
259 229
292 301
163 192
98 99
287 141
217 216
54 53
171 73
53 231
61 16
243 295
27 21
174 72
102 131
59 49 118
7 8
78 79
294 253
121 38
125 126
117 130
16 17
268 202
286 87
292 301
163 192
98 99
287 141
217 216
54 53
171 73
53 231
61 16
63 189
27 21
243 19
54 53
121 38
63 98
98 99
229 259
61 16
16 17
171 73
27 21
7 8
132 31
294 253
268 202
59 49
59 118
286 87
53 231
217 6
292 301
217 216
78 79
54 53
78 77
98 99
229 259
16 17
171 73
27 21
7 8
132 31
59 49
49 118
53 231
139 138
292 301
78 79
217 216
54 53
63 189
98 99
78 77
229 259
16 17
171 73
27 21
196 274
7 8
132 31
294 253
116 65
59 49
53 231
139 138
37 70
286 87
292 301
78 79
217 216
54 53
78 77
229 259
61 16
16 17
171 73
27 21
196 274
7 8
60 125
125 126
102 131
116 65
59 49
49 118
53 231
139 138
37 70
292 301
86 61
78 79
217 216
42 41
29 86
59 49
7 8
139 138
78 77
78 79
37 70
121 38
125 126
16 17
49 118
259 229
292 301
86 61
217 216
54 53
47 48
171 73
92 91
53 231
61 16
217 6
27 21
23 162
243 19
241 236
42 41
59 49
7 8
139 138
78 77
78 79
37 70
218 219
60 125 126
16 17
259 229
292 291
292 301
86 61
287 141
217 216
54 53
171 73
92 91
61 16
217 6
27 21
23 162
243 19
241 236
42 41
59 49
150 235
139 138
78 77
125 126
16 17
49 118
259 229
220 161
292 291
292 301
86 61
98 99
99 72
217 216
54 53
171 73
53 231
61 16
217 6
63 62
27 21
243 19
54 53
229 259
61 16
16 17
63 62
218 219
219 224
171 73
27 21
92 91
125 126
29 86
23 162
86 17
315 299
59 49
49 118
53 231
139 138
37 70
292 301
72 99
78 79
217 216
102 131
59 49
139 138
78 77
78 79
37 70
219 224
125 126
86 17
16 17
49 118
292 287
292 301
217 216
104 105
54 53
171 73
92 91
315 299
53 231
61 16
63 62
27 21
23 162
243 19
54 53
63 98
16 17
63 62
171 73
27 21
92 91
28 85
125 126
172 150
23 162
86 17
59 49
243 19
49 118
150 235
53 231
139 138
37 70
286 87
217 216
94 127
54 53
78 77
61 16
16 17
63 62
171 73
92 91
28 85
23 162
59 49
315 299
49 118
150 235
53 231
139 138
37 70
243 19
292 301
78 79
94 127
18 20
217 216
28 85
59 49
150 235
246 247
139 138
78 77
78 79
37 70
279 318
121 38
125 126
16 17
49 118
259 229
94 127
60 126
217 216
104 105
54 53
171 73
92 91
315 299
53 231
63 62
196 274
23 162
28 85
59 49
7 8
139 138
78 79
37 70
121 38
219 224
125 126
16 17
116 65
49 118
292 287
292 301
294 263
94 127
60 126
217 216
104 105
54 53
47 48
171 73
92 91
53 231
63 62
23 162
54 53
47 48
121 38
16 17
63 62
219 224
171 73
92 91
28 85
7 8
60 126
125 126
220 161
116 65
65 64
315 299
59 49
49 118
139 138
37 70
78 79
217 216
54 53
121 38
63 98
229 259
63 62
171 73
27 21
92 91
28 85
203 256
7 8
63 195
172 150
104 105
116 65
315 299
59 49
49 118
53 231
139 138
37 70
78 79
54 53
78 77
121 38
63 98
16 17
292 287
63 62
171 73
27 21
28 85
132 31
63 195
125 126
64 65
49 118
53 231
139 138
37 36
37 70
78 79
54 53
78 77
16 17
292 287
287 141
63 62
171 73
203 256
125 126
172 150
104 105
64 65
49 118
53 231
176 209
139 138
37 36
37 70
145 290
292 301
72 99
78 79
54 53
78 77
121 38
16 17
287 141
63 62
171 73
27 21
7 37
174 99
279 318
29 86
104 105
64 65
49 118
152 22
53 231
139 138
37 36
37 70
78 79
54 53
78 77
63 98
16 17
287 141
63 62
171 73
27 21
7 37
174 99
279 318
104 105
49 118
152 22
53 231
139 138
37 36
37 70
292 301
72 99
78 79
7 8
176 209
139 138
78 79
279 318
37 70
299 205
172 281
16 17
49 118
7 37
37 36
292 291
292 301
174 99
287 141
104 105
54 53
171 73
195 72
315 299
53 231
178 179
152 22
63 98
63 62
27 21
174 72
27 22
59 118
7 8
139 138
78 79
279 318
37 70
218 219
125 126
172 281
49 118
286 87
7 37
37 36
292 301
94 127
104 105
54 53 231
171 73
152 22
63 62
27 21
196 274
174 72
27 22
288 202
59 118
7 8
139 138
78 79
279 318
37 70
172 281
16 17
49 118
37 36
292 301
262 13
99 72
287 141
104 105
217 216
54 53
171 73
53 231
243 295
63 98
63 62
27 21
174 72
243 19
27 22
305 144
59 118
7 8
139 138
78 79
279 318
37 70
121 38
218 219
125 126
172 281
16 17
49 118
37 36
292 291
262 13
99 72
287 141
104 105
54 53 231
171 73
315 299
61 16
152 22
63 62
27 21
174 72
316 11
59 118
7 8
78 79
279 318
37 70
121 38
218 219
219 224
125 126
172 281
16 17
49 118
37 36
292 301
262 13
99 72
217 216
104 105
54 53
47 48
171 73
92 91
195 72
315 299
53 231
61 16
63 62
27 21
174 72
29 86
59 118
7 8
18 20
78 79
112 113
279 318
121 38
125 126
172 281
16 17
49 118
37 36
220 161
292 301
262 13
104 105
54 53
171 73
92 91
315 299
53 231
61 16
152 22
63 62
27 21
174 72
316 11
7 8
172 150
78 79
294 253
279 318
125 126
172 281
16 17
49 118
37 36
292 287
292 301
262 13
98 99
287 141
104 105
206 302
54 53
47 48
171 73
315 299
53 231
61 16
152 22
63 62
27 21
174 72
23 162
131 318
59 49 118
7 8
172 150
289 221
139 138
78 79
279 318
125 126
172 281
16 17
243 298
37 36
292 301
262 13
86 61
98 99
104 105
54 53
171 73
315 299
53 231
61 16
152 22
63 62
27 21
196 274
174 72
316 11
131 318
59 49
7 8
172 150
139 138
78 79
203 256
279 318
121 38
172 281
16 17
49 118
37 36
292 287
292 301
104 105
54 53 231
171 73
315 299
61 16
63 62
27 21
21 22
196 274
174 72
131 318
59 49 118
7 8
139 138
18 20
78 79
112 113
279 318
121 38
218 219
172 281
243 298
37 36
259 229
292 301
63 99
99 72
104 105
54 53 231
171 73
195 72
315 299
61 16
63 62
27 21
174 72
268 281
316 11
59 49 118
7 8
139 138
78 77
78 79
294 253
37 70
279 318
121 38
125 126
268 202
286 87
37 36
259 224
292 301
94 127
262 13
174 99 72
217 216
54 53 231
171 73
195 72
315 299
61 16
71 152
63 62
27 21
196 274
241 236
59 49 118
7 8
139 138
78 79
279 318
121 38
60 125
125 126
286 87
37 36
292 301
94 127
99 72
54 53
47 48
171 73
63 195
315 299
272 273
53 231
61 16
63 62
27 21
174 72
268 281
316 11
59 49
7 8
139 138
78 77
78 79
112 113
279 318
121 38
60 125
125 126
146 169
49 118
259 229
292 301
262 13
99 72
104 105
54 53 231
171 73
63 195
315 299
272 273
71 152
243 295
48 97
63 62
27 21
174 72
243 19
27 22
316 11
59 49 118
7 8
78 77
78 79
112 113
279 318
60 125
125 126
172 281
146 169
16 17
243 298
60 49
37 36
259 229
220 161
292 301
262 13
99 72
54 53 231
171 73
92 91
63 195
315 299
272 273
71 152
71 149
48 97
63 62
27 21
174 72
268 281
27 22
241 236
316 11
102 131
59 49 118
18 20
78 77
294 253
121 38
219 224
60 125
172 281
146 169
16 17
259 229
292 301
99 72
217 216
54 53 231
171 73
92 91
63 195
315 299
48 97
63 62
27 21
174 72
23 162
268 276
268 281
241 236
316 11
7 66
102 131
59 49
59 118
7 8
139 138
78 77
78 79
294 253
121 38
60 125
146 169
16 17
292 301
98 99
99 72
54 53
171 73
92 91
63 195
315 299
53 231
63 62
27 21
174 72
268 276
268 281
316 11
59 49 118
7 8
139 138
78 77
78 79
37 70
121 38
116 65
286 87
292 301
98 99
99 72
217 216
54 53
171 73
92 91
63 195
315 299
53 231
61 16
48 97
63 62
27 21
174 72
268 276
241 236
316 11
29 86
59 49
59 118
139 138
78 79
37 70
121 38
172 281
146 169
116 65
286 87
292 301
98 99
99 72
54 53
171 73
92 91
63 195
315 299
272 273
53 231
154 143
48 97
63 62
174 72
268 276
268 281
72 73
241 236
29 86
59 49
139 138
78 79
37 70
218 219
125 126
172 281
16 17
243 298
49 118
286 87
292 301
99 72
54 53
47 48
229 251
171 73
92 91
63 195
315 299
53 231
71 149
48 97
63 62
174 72
268 281
72 73
241 236
29 86
59 49
172 150
78 79
37 70
114 61
219 224
172 281
16 17
243 298
49 118
286 87
292 301
94 127
99 72
287 141
54 53
47 48
229 251
171 73
63 195
315 299
53 231
71 149
63 62
27 21
174 72
268 281
241 236
37 66
29 86
172 150
173 98
139 138
78 79
37 70
121 38
114 61
172 281
116 65
16 17
49 118
286 87
292 301
86 61
99 72
287 141
54 53 231
229 251
171 73
63 195
315 299
272 273
63 62
27 21
174 72
268 281
27 22
288 202
29 86
59 49
7 8
172 150
139 138
78 77
78 79
291 205
37 70
121 117
121 38
114 61
219 224
172 281
116 65
16 17
49 118
286 87
259 229
259 224
220 161
292 301
94 127
262 13
99 72
287 141
54 53
47 48
229 251
171 73
63 195
315 299
53 231
61 16
63 62
27 21
268 281
7 66
59 49 118
78 77
78 79
37 70
114 61
125 126
172 281
286 87
259 229
292 301
94 127
262 13
86 61
287 141
54 53 231
47 48
229 251
171 73
63 195
315 299
61 16
63 62
27 21
268 281
23 162
54 53
78 77
121 38
229 259
229 251
114 61
16 17
287 141
63 62
171 73
27 21
92 91
63 195
195 49
60 125
125 126
315 299
59 49
49 118
286 87
53 231
262 13
37 70
292 301
86 61
54 53 231
78 77
229 251
114 61
287 141
219 224
63 62
171 73
27 21
41 91
63 195
305 144
286 87
315 299
59 49
272 273
139 138
37 70
292 301
86 61
78 79
8 85
59 49 118
172 150
246 247
139 138
78 77
78 79
37 70
219 224
116 65
16 17
286 87
292 301
117 127
94 127
13 226
287 141
54 53 231
171 73
63 195
315 299
272 273
63 62
27 21
23 162
8 85
29 86
59 49
139 138
18 20
78 79
37 70
219 224
60 125
125 126
172 281
16 17
259 229
292 301
117 127
94 127
262 13
13 226
287 141
217 216
54 53 231
229 251
171 73
63 195
315 299
272 273
63 62
27 21
27 22
8 85
59 49 118
139 138
78 77
78 79
37 70
219 224
135 122
172 281
16 17
286 87
37 36
259 229
292 301
287 141
104 105
54 53
171 73
63 195
315 299
272 273
53 231
63 62
27 21
23 162
8 85
7 66
59 49
59 118
139 138
78 77
78 79
37 70
121 117
219 224
60 125 126
172 281
16 17
195 49
286 87
7 37
259 229
292 301
94 127
86 61
287 141
104 105
217 216
54 53
229 251
171 73
63 195
315 299
53 231
61 16
63 62
27 21
8 85
7 66
59 49
7 8
139 138
37 70
121 117
219 224
166 145
60 125
125 126
172 281
116 65
16 17
286 87
259 229
292 301
262 13
13 226
86 61
287 141
104 105
217 216
54 53
171 73
63 195
315 299
53 231
61 16
63 62
27 21
23 162
268 276
252 267
8 85
7 66
59 49
7 8
78 79
37 70
121 117
219 224
125 126
172 281
16 17
49 118
286 87
7 37
259 229
292 301
94 127
262 13
13 226
13 104
287 141
104 105
54 53
171 73
315 299
61 16
63 62
27 21
268 276
8 85
7 66
59 49
7 8
246 247
139 138
18 20
78 79
37 70
121 117
219 224
125 126
16 17
49 118
286 87
7 37
259 229
292 301
94 127
13 226
86 61
217 216
287 141
104 105
54 53
171 73
315 299
53 231
63 62
27 21
23 162
268 276
241 236
8 85
29 86
305 144
59 49
7 8
78 79
37 70
219 224
166 145
125 126
16 17
195 49
49 118
292 301
94 127
262 13
13 226
287 141
104 105
54 53
171 73
41 91
315 299
272 273
53 231
63 62
27 21
268 276
27 22
7 85
7 66
29 86
59 49 118
7 8
139 138
78 77
78 79
37 70
219 224
125 126
16 17
243 298
195 49
292 301
94 127
262 13
13 226
217 216
104 105
54 53
171 73
315 299
53 231
63 62
27 21
268 276
7 85
7 66
59 49 118
7 8
139 138
78 77
78 79
37 70
219 224
125 126
16 17
195 49
259 229
292 301
294 263
94 127
13 226
104 105
54 53
229 251
171 73
128 81
315 299
272 273
53 231
63 62
268 276
268 281
8 85
7 66
59 49
7 8
78 77
78 79
37 70
121 38
219 224
125 126
16 17
195 49
292 301
294 263
94 127
262 13
13 226
54 53
229 251
171 73
315 299
272 273
53 231
63 62
27 21
268 276
8 85
7 66
59 49
7 8
291 300
78 77
78 79
37 70
121 38
219 224
125 126
16 17
195 49
49 118
292 301
94 127
262 13
13 226
60 126
174 99
104 105
54 53
171 73
315 299
53 231
63 62
196 274
268 276
54 53
78 77
121 38
13 226
16 17
63 62
219 224
171 73
7 66
7 8
60 126
125 126
195 49
104 105
268 276
315 299
59 49
49 118
53 231
262 13
37 70
292 301
78 79
94 127
7 66
102 131
7 8
78 79
132 31
203 256
37 70
121 38
219 224
166 145
125 126
146 169
16 17
49 118
286 87
292 301
94 127
262 13
13 226
98 99
217 216
104 105
54 53
171 73
315 299
53 231
63 62
23 162
268 276
7 66
59 49
7 8
291 300
78 77
78 79
203 256
37 70
135 122
125 126
146 169
16 17
49 118
286 87
259 229
292 301
94 127
13 226
60 126
98 99
99 72
104 105
54 53 231
171 73
315 299
272 273
71 149
63 62
268 276
7 66
59 49
7 8
291 300
110 111
78 79
291 205
37 70
19 18
135 122
172 290
146 169
49 118
286 87
292 301
94 127
262 13
13 226
174 99
98 99
104 105
54 53
171 73
41 91
315 299
272 273
53 231
63 62
7 66
305 144
7 8
291 300
110 111
78 79
37 70
121 38
219 224
135 122
125 126
83 82
16 17
49 118
286 87
292 301
94 127
262 13
13 226
174 99
98 99
104 105
54 53 231
171 73
315 299
272 273
63 62
268 276
288 202
241 236
28 85
7 66
29 61
102 131
78 79
37 70
121 38
219 224
166 145
125 126
16 17
49 118
286 87
292 301
94 127
262 13
13 226
13 104
98 99
104 105
54 53
171 73
9 280
315 299
272 273
53 231
71 149
63 62
174 72
268 276
241 236
28 85
55 56
7 66
172 150
78 79
132 31
37 70
19 18
121 38
219 224
166 145
83 82
146 169
16 17
49 118
286 87
292 301
94 127
13 226
13 104
98 99
217 216
54 53
171 73
9 280
315 299
272 273
53 231
71 149
63 62
241 236
28 85
8 85
7 66
29 86
59 49 118
78 79
132 31
37 70
121 38
219 224
166 145
146 169
116 65
286 87
292 301
94 127
262 13
13 226
98 99
104 105
54 53 231
171 73
9 280
315 299
272 273
71 149
63 62
268 276
241 236
28 85
55 56
7 66
29 86
78 79
132 31
37 70
121 38
219 224
166 145
83 82
49 118
286 87
292 301
94 127
262 13
98 99
99 72
104 105
54 53
171 73
9 280
315 299
53 231
243 295
63 62
174 72
268 276
55 56
7 66
59 49
78 79
132 31
37 70
121 38
166 145
172 281
16 17
243 298
49 118
286 87
292 301
94 127
262 13
98 99
104 105
54 53
171 73
9 280
315 299
53 231
63 62
174 72
28 85
55 56
7 66
29 86
305 144
102 131
59 49
246 247
78 79
37 70
121 38
287 265
166 145
16 17
243 298
49 118
37 36
292 287
292 301
94 127
262 13
98 99
99 72
104 105
54 53 231
171 73
41 91
9 280
315 299
272 273
63 62
252 267
28 85
55 56
7 66
29 86
261 239
78 79
121 38
219 224
287 265
166 145
172 281
16 17
49 118
292 301
98 99
217 216
104 105
54 53
171 73
9 280
315 299
272 273
53 231
63 62
55 56
7 66
29 86
261 239
59 49
246 247
18 20
37 70
166 145
125 126
146 169
49 118
286 87
292 301
94 127
98 99
104 105
54 53 231
229 251
171 73
9 280
315 299
63 62
174 72
252 267
55 56
7 66
261 239
59 49
112 113
37 70
121 38
125 126
146 169
116 65
16 17
195 49
49 118
286 87
259 229
292 301
94 127
217 216
54 53
101 76
171 73
315 299
53 231
63 62
174 72
288 268
252 267
7 66
29 86
59 49
59 118
78 79
132 31
112 113
37 70
121 38
166 145
172 281
146 169
116 65
16 17
286 87
37 36
259 229
292 301
94 127
104 105
54 53
229 251
171 73
41 91
315 299
53 231
102 103
61 16
63 62
252 267
28 85
7 66
29 86
59 49
59 118
78 79
112 113
37 70
219 224
166 145
125 126
146 169
116 65
65 64
86 17
16 17
195 49
286 87
292 301
217 216
104 105
54 53
171 73
128 81
315 299
272 273
53 231
116 61
63 62
196 274
252 267
28 85
170 188
7 66
29 86
59 49
59 118
78 79
37 70
166 145
125 126
116 65
65 64
86 17
16 17
286 87
292 301
94 127
174 99
98 99
217 216
104 105
54 53
229 251
171 73
315 299
272 273
53 231
63 62
196 274
252 267
7 66
102 131
59 118
78 79
112 113
114 61
219 224
166 145
125 126
146 169
116 65
65 64
243 298
49 118
286 87
259 229
292 301
94 127
174 99
98 99
104 105
54 53 231
171 73
315 299
63 62
196 274
268 281
252 267
28 85
7 66
102 131
59 49 118
78 79
70 94
114 61
312 232
219 224
166 145
172 281
146 169
116 65
65 64
286 87
259 229
292 301
94 127
168 169
98 99
217 216
104 105
54 53
101 76
171 73
41 91
315 299
53 231
71 152
63 62
196 274
252 267
7 37 66
102 131
176 209
78 79
70 94
121 117
114 61
312 232
166 145
116 65
65 64
16 17
49 118
286 87
259 229
292 301
294 263
94 127
98 99
104 105
54 53
171 73
315 299
53 231
71 152
63 189
63 62
174 72
268 281
108 97
252 267
7 66
29 86
59 118
78 79
70 94
121 117
114 61
312 232
166 145
116 65
65 64
16 17
49 118
286 87
259 229
292 301
174 99 72
98 99
217 216
54 53
171 73
315 299
53 231
71 152
63 62
268 281
241 236
252 267
7 66
102 131
59 49
78 79
114 61
312 232
219 224
166 145
125 126
116 65
65 64
49 118
286 87
259 229
292 301
262 13
60 126
98 99
104 105
54 53
171 73
63 195
315 299
272 273
53 231
71 152
63 62
196 274
241 236
252 267
28 85
7 66
102 131
59 49
78 79
70 94
114 61
312 232
219 224
166 145
125 126
116 65
16 17
49 118
286 87
37 36
292 301
60 126
98 99
217 216
104 105
54 53
229 251
190 169
171 73
315 299
272 273
53 231
102 103
71 152
63 62
196 274
241 236
28 85
7 66
29 86
305 144
102 131
78 79
132 31
258 205
114 61
312 232
219 224
166 145
125 126
16 17
49 118
286 87
37 36
259 229
292 301
98 99
217 216
104 105
54 53
47 48
229 251
226 104
171 73
41 91
315 299
272 273
53 231
102 103
71 152
63 62
27 21
174 72
268 281
243 19
241 236
252 267
7 66
29 86
102 131
78 79
258 205
312 232
219 224
16 17
49 118
286 87
37 36
292 301
262 13
98 99
99 72
217 216
104 105
54 53
47 48
229 251
171 73
315 299
272 273
53 231
116 61
63 62
174 72
243 19
268 281
241 236
252 267
29 86
102 131
59 49 118
78 79
258 205
121 38
114 61
312 232
166 145
172 281
116 65
16 17
286 87
37 36
292 301
217 216
54 53
229 251
190 169
171 73
315 299
272 273
53 231
63 62
243 19
241 236
252 267
102 131
59 49 118
18 20
78 79
258 205
121 38
114 61
312 232
166 145
172 281
16 17
64 65
286 87
37 36
292 301
13 226
54 53
229 251
171 73
41 91
315 299
272 273
28 76
63 62
196 274
268 281
243 19
241 236
252 267
28 85
29 86
305 144
59 118
246 247
132 31
70 94
121 38
312 232
219 224
166 145
125 126
172 281
64 65
195 49
49 118
286 87
7 37
292 301
98 99
217 216
54 53
171 73
41 91
315 299
272 273
63 62
27 21
241 236
252 267
28 85
29 86
59 49 118
7 8
78 79
258 205
121 38
114 61
312 232
172 281
286 87
292 301
98 99
54 53
171 73
315 299
272 273
63 189
63 62
27 21
21 22
23 162
261 88
241 236
252 267
28 85
59 118
7 8
78 79
258 205
37 70
121 38
114 61
312 232
287 265
125 126
172 281
16 17
49 118
286 87
220 161
292 301
13 226
217 216
54 53
229 251
171 73
41 91
315 299
272 273
63 189
63 62
241 236
78 79
258 205
121 38
312 232
219 224
287 265
166 145
125 126
172 281
16 17
286 87
292 301
94 127
262 13
13 226
98 99
217 216
104 105
54 53
229 251
171 73
315 299
272 273
53 231
63 62
27 21
241 236
252 267
59 49
172 150
18 20
78 79
121 38
114 61
312 232
219 224
287 265
166 145
125 126
172 281
16 17
64 65
195 49
49 118
286 87
259 229
220 161
292 301
98 99
217 216
287 141
104 105
229 251
171 73
9 280
315 299
53 231
63 62
196 274
252 267
59 49 118
246 247
78 79
121 38
114 61
219 224
287 265
166 145
125 126
172 281
16 17
64 65
195 49
286 87
243 259
259 229
220 161
292 301
98 99
287 141
104 105
217 216
54 53
171 73
315 299
272 273
63 62
27 21
174 72
252 267
246 247
139 138
18 20
78 79
258 205
121 38
114 61
312 232
219 224
287 265
172 281
16 17
64 65
49 118
286 87
243 259
259 229
98 99
99 72
217 216
104 105
54 53
171 73
315 299
272 273
53 231
63 62
27 21
174 72
23 162
252 267
8 85
7 66
59 118
78 79
121 38
219 224
172 281
16 17
64 65
49 118
286 87
243 259
259 229
292 301
13 226
174 99 72
98 99
217 216
104 105
54 53
171 73
92 91
315 299
272 273
53 231
71 152
63 62
27 21
196 274
72 73
252 267
7 66
29 8
59 49 118
78 77
78 79
203 256
219 224
166 145
125 126
195 49
286 87
243 259
259 229
292 301
13 226
60 126
174 99 72
98 99
217 216
54 53
171 73
41 91
315 299
272 273
71 149
63 62
27 21
196 274
72 73
252 267
7 66
59 49 118
110 111
78 77
78 79
203 256
219 224
125 126
172 281
16 17
195 49
286 87
259 229
292 301
294 263
13 226
98 99
99 72
217 216
54 53
229 251
171 73
41 91
315 299
272 273
53 231
63 62
27 21
196 274
174 72
72 73
97 108
252 267
7 66
59 49 118
110 111
78 79
203 256
121 38
219 224
172 281
64 65
286 87
259 229
292 301
13 226
98 99
99 72
313 141
54 53
54 231
229 251
41 91
315 299
61 16
63 189
63 62
27 21
196 274
174 72
72 73
108 97
215 234
7 66
59 49 118
172 150
139 138
110 111
78 79
203 256
121 117
121 38
172 281
16 17
64 65
286 87
243 259
259 229
294 263
13 226
98 99
99 72
217 216
54 53 231
47 48
229 251
171 73
315 299
71 152
63 189
63 62
27 21
196 274
174 72
215 234
59 49 118
172 150
139 138
203 256
121 38
114 61
114 65
125 126
65 64
16 17
286 87
243 259
259 229
294 263
94 127
13 226
60 126
98 99
99 72
313 141
217 216
54 53
47 48
229 251
171 73
315 299
53 231
71 152
63 189
63 62
27 21
174 72
252 267
215 234
29 86
59 49 118
7 8
172 150
110 111
78 79
203 256
114 61
166 145
125 126
172 281
16 17
64 65
286 87
243 259
259 229
292 301
94 127
13 226
98 99
99 72
271 93
313 141
47 48
54 231
229 251
171 73
315 299
272 273
53 231
71 149
243 295
63 189
63 62
27 21
174 72
268 281
252 267
215 234
29 86
59 49 118
7 8
36 8
172 150
139 138
78 79
203 256
114 61
166 145
286 87
292 301
94 127
126 62
98 99
99 72
271 93
217 216
206 302
229 251
171 73
315 299
272 273
53 231
71 149
63 189
63 62
174 72
268 281
252 267
28 85
215 234
59 49
7 8
36 8
139 138
78 77
78 79
203 256
37 70
114 61
166 145
16 17
64 65
49 118
286 87
94 127
13 226
86 76
98 99
99 72
271 93
217 216
104 105
206 302
54 53
47 48
229 251
190 169
171 73
41 91
128 81
9 280
315 299
53 231
71 149
63 189
63 62
174 72
241 236
252 267
28 85
215 234
29 86
59 49
139 138
18 20
78 79
294 253
203 256
37 70
121 38
114 61
219 224
166 145
146 169
16 17
64 65
195 49
49 118
286 87
259 229
292 301
294 263
13 226
13 104
98 99
271 93
217 216
104 105
206 302
54 53
47 48
229 251
171 73
41 91
128 81
9 280
315 299
53 231
272 273
71 152
71 149
63 62
174 72
268 281
27 22
252 267
28 85
215 234
7 66
29 86
59 49
139 138
18 20
78 79
203 256
121 38
114 61
114 65
219 224
166 145
65 64
195 49
49 118
286 87
259 229
292 301
94 127
13 226
98 99
271 93
217 216
54 231
171 73
41 91
315 299
272 273
53 231
61 16
63 62
27 21
174 72
268 281
63 72
241 236
252 267
7 66
29 86
279 131
7 8
139 138
18 20
78 79
294 253
203 256
121 38
166 145
125 126
172 281
146 169
64 65
195 49
49 118
286 87
259 229
292 301
13 226
271 93
217 216
54 231
229 251
171 73
92 91
41 91
315 299
272 273
53 231
61 16
63 62
27 21
174 72
241 236
215 234
29 86
59 49
7 8
139 138
78 79
203 256
37 70
70 94
121 38
219 224
125 126
64 65
195 49
49 118
286 87
259 229
292 301
294 263
94 127
13 226
98 99
271 93
313 141
217 216
206 302
54 53 231
47 48
229 251
226 104
171 73
41 91
128 81
9 10
315 299
61 16
71 149
63 62
241 236
252 267
215 234
59 118
7 8
139 138
294 253
70 94
291 205
121 38
114 61
195 49
49 118
286 87
259 229
292 301
94 127
313 141
217 216
206 302
54 53 231
229 251
171 73
41 91
9 10
63 195
315 299
272 273
71 149
63 62
196 274
23 162
241 236
215 234
55 56
102 131
59 118
7 8
78 79
294 253
70 94
121 38
219 224
16 17
64 65
286 87
259 229
292 301
94 127
13 226
271 93
217 216
104 105
206 302
47 48
54 231
229 251
171 73
315 299
272 273
53 231
61 16
71 149
63 62
27 21
174 72
241 236
215 234
102 131
59 118
7 8
294 253
219 224
16 17
64 65
286 87
259 229
292 301
262 13
13 226
271 93
217 216
206 302
229 251
171 73
41 91
315 299
53 231
61 16
63 62
27 21
23 162
215 234
305 144
102 131
59 118
87 236
294 253
287 265
125 126
16 17
64 65
195 49
49 118
286 87
259 229
292 301
262 13
13 226
13 104
313 141
104 105
217 216
206 302
47 48
54 231
171 73
41 91
9 281
315 299
48 97
63 62
27 21
28 85
215 234
29 86
102 131
59 49
172 150
285 291
112 113
294 253
121 38
114 65
219 224
287 265
125 126
146 169
65 64
16 17
60 49
195 49
49 118
286 87
259 229
292 301
262 13
13 226
313 141
217 216
229 251
101 76
171 73
92 91
41 91
315 299
48 97
63 62
27 21
174 72
28 85
215 234
102 131
172 150
294 253
37 70
121 38
287 265
125 126
146 169
61 65
65 64
16 17
60 49
49 118
286 87
259 229
292 301
262 13
13 226
217 216
104 105
229 251
171 73
92 91
41 91
315 299
272 273
53 231
63 62
27 21
241 236
215 234
29 86
102 131
78 79
291 205
37 70
121 38
287 265
125 126
61 65
65 64
16 17
195 49
286 87
4 127
259 229
292 301
262 13
13 226
60 126
217 216
54 231
101 76
171 73
41 91
315 299
53 231
71 152
63 62
27 21
241 236
215 234
29 86
102 131
7 8
112 113
37 70
219 224
287 265
125 126
49 118
286 87
4 127
259 229
145 290
292 291
292 301
262 13
13 226
217 216
171 73
315 299
53 231
71 152
28 76
63 62
27 21
27 22
241 236
215 234
170 274
29 86
102 131
59 49
7 8
112 113
294 253
287 265
16 17
64 65
195 49
49 118
286 87
259 229
292 291
292 301
262 13
13 226
217 216
206 302
54 231
171 73
41 91
9 280
315 299
53 231
48 97
63 62
27 21
21 22
241 236
215 234
29 86
59 49
78 79
112 113
114 61
287 265
172 281
116 65
65 64
16 17
49 118
286 87
259 229
292 301
262 13
13 226
217 216
54 231
101 76
171 73
315 299
53 231
48 97
63 62
27 21
241 236
29 86
7 8
172 150
78 77
78 79
112 113
287 265
172 281
64 65
195 49
49 118
286 87
259 229
292 301
262 13
13 226
98 99
217 216
54 231
171 73
41 91
315 299
272 273
53 231
63 62
27 21
196 274
268 276
241 236
29 86
102 131
172 150
78 77
78 79
112 113
287 265
166 145
125 126
172 281
64 65
195 49
49 118
286 87
259 229
292 301
262 13
13 226
98 99
217 216
171 73
41 91
315 299
272 273
53 231
71 152
48 97
63 62
27 21
196 274
268 276
241 236
29 86
172 150
78 79
243 18
287 265
166 145
172 281
64 65
195 49
49 118
286 87
259 229
292 291
292 301
262 13
13 226
217 216
206 302
54 53
171 73
315 299
312 264
272 273
53 231
71 152
63 62
27 21
196 274
268 276
8 85
172 150
78 79
112 113
243 18
287 265
166 145
172 281
64 65
49 118
286 87
259 229
292 301
262 13
13 226
98 99
217 216
171 73
9 10
315 299
312 264
272 273
63 62
27 21
174 72
8 85
29 86
78 79
112 113
287 265
166 145
172 281
146 169
64 65
195 49
49 118
286 87
292 301
13 226
98 99
99 72
217 216
54 53
171 73
41 91
9 10
63 195
315 299
312 264
71 152
63 62
27 21
196 274
241 236
7 66
29 86
172 150
63 173
78 79
112 113
287 265
166 145
172 281
16 17
64 65
60 49
195 49
49 118
286 87
259 229
292 287
292 301
98 99
287 141
217 216
206 302
54 53
171 73
41 91
9 10
315 299
272 273
71 152
63 62
107 108
27 21
196 274
23 162
268 276
288 202
241 236
78 77
78 79
112 113
121 38
287 265
166 145
83 82
60 125
146 169
172 281
16 17
64 65
195 49
286 87
259 229
292 291
292 287
292 301
174 99
98 99
217 216
54 53
101 76
171 73
315 299
272 273
63 62
196 274
174 72
23 162
268 276
7 66
102 131
78 77
78 79
112 113
291 205
83 82
172 281
16 17
286 87
259 229
292 287
292 301
174 99
217 216
206 302
54 53
101 76
171 73
122 82
315 299
53 231
217 6
63 62
268 276
172 150
78 77
211 212
121 38
195 49
286 87
259 229
292 287
292 301
313 141
217 216
104 105
54 53
171 73
41 91
122 82
315 299
272 273
53 231
217 6
63 62
27 21
196 274
288 202
172 150
18 20
78 77
211 212
121 38
172 281
243 298
64 65
195 49
49 118
286 87
259 229
292 291
292 287
292 301
262 13
98 99
217 216
54 53 231
171 73
41 91
315 299
272 273
48 97
63 62
23 162
241 236
78 77
211 212
121 38
83 82
172 281
60 49
195 49
49 118
286 87
259 229
292 291
292 287
292 301
294 263
262 13
217 216
54 53
171 73
41 91
315 299
53 231
217 6
63 62
27 21
196 274
241 236
78 77
121 38
83 82
172 281
64 65
195 49
286 87
259 229
292 291
292 287
292 301
98 99
217 216
54 53 231
171 73
315 299
217 6
71 152
71 149
63 62
27 21
196 274
7 66
78 77
291 205
121 38
16 17
64 65
60 49
195 49
49 118
286 87
259 229
220 161
292 291
292 287
292 301
98 99
99 72
217 216
104 105
206 302
54 53 231
163 77
171 73
41 91
315 299
63 62
27 21
196 274
174 72
241 236
7 66
29 86
78 77
78 79
291 205
121 38
146 169
16 17
64 65
195 49
49 118
259 229
220 161
292 291
292 287
292 301
262 13
98 99
217 216
104 105
54 53 231
163 77
101 76
171 73
41 91
315 299
28 76
63 62
27 21
174 72
241 236
7 66
29 86
59 118
172 150
110 111
78 77
78 79
121 38
125 126
16 17
64 65
195 49
259 229
220 161
292 287
292 301
60 126
98 99
217 216
104 105
54 53 231
163 77
171 73
41 91
195 189
315 299
28 76
63 62
27 21
196 274
241 236
28 85
7 66
59 118
172 150
139 138
78 77
78 79
121 38
114 36
219 224
16 17
64 65
195 49
49 118
286 87
220 161
292 287
292 301
217 216
54 53
54 231
163 77
171 73
312 82
195 189
315 299
28 76
63 62
241 236
28 85
7 66
172 150
139 138
78 79
121 38
116 65
65 64
286 87
243 259
259 229
220 161
292 287
292 301
262 13
217 216
104 105
54 53
163 77
171 73
312 82
315 299
272 273
28 76
63 62
27 21
23 162
241 236
7 66
59 118
172 150
139 138
78 77
78 79
116 65
65 64
286 87
259 229
292 287
292 301
262 13
217 216
54 53
163 77
171 73
41 91
7 48
104 217
315 299
53 231
28 76
63 62
27 21
174 72
23 24
54 53 231
163 77
78 77
98 99
229 259
288 202
292 287
63 62
171 73
27 21
196 274
7 66
166 145
172 150
315 299
272 273
262 13
139 138
292 301
217 216
7 66
59 49
139 138
219 224
166 145
286 87
259 229
292 287
292 301
262 13
13 226
98 99
217 216
206 302
54 53 231
171 73
41 91
315 299
272 273
61 16
63 62
27 21
196 274
7 66
59 49
63 173
246 247
139 138
78 77
218 219
219 224
286 87
259 229
292 287
292 301
262 13
98 99
217 216
206 302
54 53
171 73
41 91
315 299
53 231
63 62
27 21
21 22
196 274
206 302
54 53
78 77
98 99
229 259
13 226
292 287
218 219
219 224
63 62
171 73
27 21
21 22
172 150
305 144
315 299
59 49 118
53 231
292 301
217 216
78 79
71 152
54 53
54 231
163 77
78 77
229 259
114 61
13 226
292 287
218 219
219 224
63 62
171 73
27 21
21 22
220 161
315 299
49 118
139 138
292 301
217 216
18 20
54 53
78 77
98 99
229 259
292 287
63 62
171 73
27 21
41 91
196 274
174 72
305 144
315 299
59 118
49 118
272 273
292 301
72 99
71 149
78 79
217 216
18 20
54 53
78 77
98 99
229 259
13 226
63 189
292 287
63 62
171 73
27 21
41 91
174 72
315 299
59 49
59 118
272 273
243 259
292 301
78 79
217 216
63 99
54 231
229 259
98 99
215 234
163 77
61 16
63 62
171 73
27 21
41 91
42 41
315 299
59 49 118
272 273
262 13
292 301
78 79
94 127
18 20
217 216
63 99
94 70
215 234
7 66
59 49
59 118
78 79
132 31
70 94
121 38
172 281
116 65
65 64
259 229
220 161
292 301
94 127
13 226
63 99
98 99
217 216
206 302
54 231
171 73
41 91
7 48
315 299
61 16
63 62
27 21
174 72
215 234
7 66
59 49 118
7 8
246 247
78 77
78 79
132 31
121 38
64 65
259 229
292 301
13 226
98 99
217 216
104 105
206 302
226 104
171 73
41 91
315 299
272 273
61 16
63 62
27 21
174 72
23 162
215 234
7 66
59 49
125 126
64 65
286 87
259 229
292 301
94 127
13 226
174 99
217 216
104 105
313 141
54 53
54 231
226 104
171 73
41 91
315 299
272 273
243 224
63 62
27 21
23 162
215 234
7 66
102 131
59 49
59 118
246 247
139 138
114 65
114 36
166 145
125 126
65 64
60 49
286 87
243 259
259 229
292 301
13 226
271 93
313 141
217 216
206 302
226 104
171 73
41 91
7 48
315 299
272 273
243 224
63 62
27 21
196 274
316 11
120 158
7 66
59 49 118
172 150
139 138
166 145
125 126
259 298
64 65
286 87
259 229
292 301
13 226
60 126
174 99
63 99
313 141
217 216
206 302
54 53
226 104
171 73
41 91
7 48
315 299
272 273
63 98
63 62
206 302
54 53
78 77
316 11
229 259
226 104
135 122
63 62
171 73
41 91
7 66
259 298
315 299
59 49
49 118
272 273
53 231
139 138
292 301
217 216
70 94
316 11
120 158
7 66
59 49
139 138
70 94
125 126
259 298
49 118
286 87
259 229
292 301
217 216
206 302
54 53
226 104
171 73
41 91
315 299
272 273
53 231
63 98
63 62
196 274
7 66
305 144
59 49 118
234 207
246 247
139 138
285 291
112 113
70 94
125 126
259 298
259 229
292 301
13 226
99 72
271 93
313 141
217 216
206 302
54 53 231
171 73
9 10
315 299
272 273
63 62
27 21
23 162
27 22
252 267
28 85
7 66
59 49 118
139 138
78 79
70 94
259 298
259 229
292 301
13 226
174 99
99 72
313 141
217 216
54 231
171 73
7 48
9 10
315 299
272 273
28 76
63 62
27 21
196 274
23 162
28 85
7 66
29 86
78 77
78 79
112 113
70 94
125 126
49 118
259 229
292 301
13 226
174 99
99 72
217 216
313 141
171 73
315 299
272 273
28 76
63 98
63 62
27 21
196 274
28 85
120 158
29 86
305 144
59 49
78 77 79
112 113
70 94
146 169
49 118
286 87
259 229
292 301
13 226
174 99
217 216
171 73
41 91
315 299
272 273
71 149
28 76
63 98
63 62
27 21
196 274
28 85
29 86
59 49
78 77
78 79
112 113
70 94
146 169
259 298
49 118
259 229
13 226
174 99
99 72
217 216
206 302
171 73
9 10
315 299
272 273
71 149
28 76
63 62
196 274
261 88
42 41
29 86
59 49 118
7 8
172 150
78 77
78 79
112 113
125 126
146 169
259 229
168 169
60 126
174 99
99 72
313 141
217 216
206 302
101 76
171 73
315 299
71 149
28 76
63 189
63 98
63 62
196 274
63 189
78 77
229 259
13 226
63 62
171 73
196 274
63 195
294 253
125 126
42 41
315 299
59 49
49 118
72 99
71 149
313 141
78 79
217 216
112 113
78 77
229 259
63 189
13 226
241 236
292 291
291 205
63 62
171 73
27 21
196 274
120 158
102 131
294 253
125 126
23 162
315 299
49 118
71 149
217 216
78 79
78 77
229 259
63 189
13 226
292 291
291 205
63 62
171 73
27 21
8 85
120 158
174 99
132 31
125 126
23 162
315 299
59 49
49 118
292 301
72 99
71 149
313 141
78 79
217 216
316 11
120 158
59 49
102 323
139 138
78 77
78 79
112 113
294 253
291 205
121 38
4 127
259 229
292 287
13 226
63 126
313 141
217 216
101 76
171 73
128 81
315 299
71 149
63 189
63 62
23 162
261 88
120 158
215 234
7 66
59 49
172 150
102 323
78 77
112 113
294 253
291 205
121 38
243 298
49 118
259 229
220 161
13 226
98 99
99 72
313 141
217 216
101 76
171 73
128 81
9 280
315 299
71 152
28 76
63 62
196 274
174 72
23 162
72 73
261 88
8 85
7 66
42 41
172 150
78 77
78 79
112 113
121 38
172 281
60 49
49 118
259 229
292 287
292 301
99 72
217 216
101 76
171 73
128 81
315 299
71 152
71 149
63 62
174 72
23 162
261 88
63 72
8 85
7 66
78 77
78 79
132 31
112 113
121 38
16 17
259 229
292 291
292 301
94 127
13 226
99 72
217 216
171 73
128 81
315 299
71 149
63 189
63 62
27 21
196 274
261 88
63 72
7 66
42 41
7 8
246 247
78 77
78 79
112 113
294 253
7 70
211 212
125 126
16 17
49 118
259 229
292 301
13 226
99 72
287 141
217 216
54 231
171 73
195 98
315 299
243 295
63 62
27 21
174 72
7 66
59 49
7 8
172 150
246 247
139 138
78 77
78 79
112 113
294 253
121 38
166 145
16 17
49 118
259 229
292 291
292 301
13 226
313 141
217 216
171 73
92 91
315 299
217 6
63 62
27 21
196 274
174 72
120 158
215 234
7 66
42 41
139 138
78 77
78 79
70 94
121 38
49 118
37 36
259 229
292 301
313 141
217 216
54 231
171 73
315 299
243 295
76 41
63 62
27 21
196 274
174 72
261 88
120 158
25 155
7 66
42 41
153 155
59 49
78 77
78 79
112 113
294 253
70 94
211 212
16 17
49 118
243 259
259 229
292 301
294 263
217 216
206 302
171 73
315 299
71 149
76 41
63 62
27 21
196 274
174 72
261 88
215 234
25 155
7 66
42 41
153 155
59 49
246 247
18 20
78 77
112 113
70 94
218 219
125 126
16 17
49 118
37 36
259 229
292 301
294 263
60 126
99 72
287 141
217 216
206 302
54 53 231
171 73
315 299
63 62
27 21
261 88
7 66
59 49
254 207
246 247
135 111
78 77
112 113
291 205
70 94
166 145
125 126
49 118
259 229
292 301
60 126
98 99
99 72
217 216
206 302
54 53
101 76
171 73
41 91
315 299
28 76
63 62
27 21
174 72
261 88
88 245
7 66
102 131
59 49
246 247
18 20
78 77
112 113
70 94
211 212
218 219
166 145
125 126
49 118
37 36
243 259
259 229
220 161
292 287
292 301
294 263
262 13
60 126
313 141
217 216
206 302
54 53
101 76
171 73
315 299
28 76
63 62
196 274
27 22
88 245
7 66
102 131
59 49
7 8
246 247
18 20
78 77
112 113
291 205
70 94
211 212
121 38
166 145
64 65
49 118
37 36
259 229
292 287
292 301
294 263
217 216
313 141
54 231
101 76
171 73
315 299
53 231
63 62
27 21
23 162
268 281
261 88
252 267
59 49
254 207
7 8
246 247
139 138
78 77
285 205
112 113
291 205
70 94
121 38
218 219
166 145
125 126
49 118
37 36
259 229
292 301
98 99
99 72
217 216
206 302
54 53
171 73
315 299
53 231
28 76
63 62
27 21
23 162
268 281
261 88
252 267
59 49
246 247
139 138
78 77
112 113
291 205
70 94
211 212
121 38
218 219
166 145
49 118
259 229
292 301
98 99
99 72
217 216
54 53
229 251
171 73
315 299
53 231
48 97
63 62
196 274
23 162
268 281
59 49
7 8
246 247
139 138
78 77
112 113
291 205
70 94
211 212
121 38
218 219
166 145
49 118
259 229
292 287
292 301
60 126
99 72
217 216
54 53
163 77
101 76
171 73
315 299
53 231
48 97
63 62
27 21
196 274
55 56
59 49
7 8
18 20
78 77
78 79
112 113
291 205
70 94
211 212
218 219
125 126
259 229
292 287
217 216
54 53
163 77
171 73
92 91
315 299
53 231
63 62
27 21
196 274
252 267
55 56
59 49
254 207
7 8
139 138
18 20
78 77
78 79
285 205
112 113
291 205
70 94
211 212
218 219
166 145
49 118
259 229
292 301
217 216
54 53
54 231
163 77
171 73
92 91
315 299
48 97
28 76
63 62
196 274
174 72
42 41
59 49
7 8
139 138
78 77
112 113
291 205
70 94
211 212
121 38
37 36
259 229
292 301
217 216
313 141
54 53
54 231
163 77
101 76
171 73
92 91
315 299
243 295
63 62
196 274
174 72
23 162
28 85
55 56
59 49
18 20
78 77
78 79
112 113
70 94
125 126
16 17
259 229
292 287
292 301
98 99
99 72
217 216
54 53
47 48
171 73
92 91
315 299
53 231
217 6
28 76
63 98
63 62
196 274
174 72
23 162
28 85
55 56
59 49
7 8
18 20
78 77
78 79
112 113
70 94
291 205
125 126
172 281
16 17
259 229
292 301
13 226
60 126
174 99 72
98 99
217 216
54 53
171 73
92 91
315 299
28 76
63 62
27 21
196 274
215 234
55 56
59 49
18 20
78 79
112 113
114 61
172 281
16 17
259 229
292 301
60 126
99 72
217 216
206 302
54 53
171 73
315 299
28 76
63 62
27 21
174 72
55 56
305 144
59 49
139 138
18 20
78 77
78 79
112 113
70 94
114 61
172 281
16 17
259 229
292 287
292 301
174 99
217 216
54 53 231
47 48
171 73
92 91
315 299
63 62
196 274
174 72
120 158
55 56
59 49
139 138
18 20
78 77
78 79
112 113
70 94
121 38
114 61
16 17
259 229
292 287
292 301
174 99 72
98 99
287 141
217 216
54 53 231
171 73
92 91
315 299
71 149
63 62
196 274
23 162
55 56
59 49
7 8
139 138
18 20
78 77
78 79
112 113
70 94
121 38
114 65
65 64
16 17
60 126
98 99
99 72
217 216
54 53
171 73
41 91
315 299
312 264
63 62
196 274
174 72
55 56
305 144
59 49
18 20
78 77
78 79
112 113
70 94
121 38
218 219
16 17
259 229
292 291
292 301
63 99
99 72
217 216
54 53
54 231
101 76
171 73
315 299
71 149
63 62
196 274
174 72
268 276
215 234
215 296
55 56
29 86
59 49
172 150
139 138
19 90
18 20
78 77
78 79
114 61
218 219
172 281
16 17
259 229
292 301
174 99
217 216
54 53 231
171 73
315 299
63 62
196 274
8 85
215 234
55 56
59 49
139 138
18 20
78 77
78 79
112 113
258 205
70 94
218 219
125 126
16 17
259 229
292 301
98 99
217 216
54 53
54 231
101 76
171 73
315 299
48 97
63 62
27 21
196 274
23 162
215 234
55 56
59 49
139 138
19 90
18 20
78 77
78 79
258 205
121 38
125 126
172 281
16 17
49 118
259 229
292 301
174 99
98 99
217 216
54 53
54 231
229 251
101 76
171 73
315 299
152 22
48 97
63 62
27 21
196 274
23 162
215 234
55 56
172 150
63 173
139 138
19 90
18 20
78 77
78 79
258 205
70 94
121 38
114 36
125 126
16 17
49 118
4 47
292 301
60 126
174 99 72
98 99
217 216
206 302
54 53
54 231
229 251
101 76
171 73
92 91
315 299
71 149
63 62
27 21
196 274
23 162
215 234
59 49
172 150
139 138
19 90
78 77
78 79
112 113
70 94
125 126
243 298
49 118
259 229
292 301
262 13
60 126
174 99
98 99
99 72
217 216
54 53
54 231
190 169
154 40
101 76
171 73
92 91
315 299
71 149
63 62
27 21
196 274
241 236
215 234
59 49
172 150
139 138
78 77 79
112 113
70 94
16 17
243 298
49 118
259 229
174 99
98 99
99 72
217 216
54 53
163 77
229 251
171 73
92 91
315 299
71 149
63 62
27 21
196 274
268 281
241 236
120 158
215 234
305 144
59 49
172 150
167 323
139 138
78 77
78 79
70 94
121 38
219 224
16 17
49 118
259 229
292 301
294 263
60 126
98 99
217 216
54 53
171 73
92 91
315 299
71 149
63 62
27 21
196 274
23 162
241 236
7 66
59 49
172 150
139 138
78 77
78 79
112 113
70 94
219 224
16 17
49 118
292 301
174 99
98 99
217 216
54 53
54 231
229 251
101 76
171 73
92 91
315 299
63 62
27 21
196 274
29 86
59 49
7 8
139 138
78 77
78 79
112 113
291 205
70 94
121 38
219 224
16 17
49 118
286 87
174 99 72
217 216
54 53
54 231
163 77
229 251
101 76
171 73
92 91
63 195
315 299
63 62
27 21
196 274
23 162
54 53
78 77
98 99
190 169
121 38
288 202
63 62
219 224
171 73
27 21
16 17
196 274
92 91
174 72
29 86
315 299
59 49
49 118
72 99
217 216
78 79
112 113
70 94
241 236
29 86
59 49
19 90
78 77
78 79
112 113
70 94
218 219
219 224
16 17
49 118
292 301
94 127
262 13
174 99 72
98 99
217 216
54 53
171 73
92 91
315 299
63 62
27 21
196 274
23 162
288 202
55 56
29 86
29 17
305 144
59 49
78 77
78 79
112 113
70 94
312 232
219 224
125 126
16 17
49 118
292 301
94 127
98 99
99 72
217 216
54 53
54 231
171 73
92 91
315 299
63 62
196 274
174 72
215 234
29 86
29 17
59 49
172 150
246 247
78 77
78 79
112 113
70 94
312 232
219 224
125 126
49 118
292 301
94 127
99 72
217 216
54 53
54 231
171 73
315 299
71 149
28 76
63 62
27 21
196 274
174 72
215 234
29 86
59 49
59 118
172 150
246 247
18 20
78 77
78 79
112 113
70 94
312 232
219 224
316 269
220 161
292 291
217 216
54 53
54 231
229 251
171 73
315 299
63 98
63 62
27 21
42 76
29 86
102 323
246 247
18 20
78 77
70 94
312 232
219 224
316 269
125 126
16 17
37 36
220 161
292 291
313 141
217 216
54 53
54 231
101 76
226 104
171 73
315 299
36 38
28 76
63 62
27 21
21 22
196 274
29 86
59 49
59 118
172 150
102 323
246 247
139 138
78 77
112 113
70 94
312 232
219 224
125 126
37 36
292 291
217 216
313 141
54 53
54 231
101 76
92 91
315 299
28 76
63 62
27 21
196 274
54 53
54 231
78 77
98 99
195 189
246 247
61 16
63 62
219 224
292 291
171 73
27 21
196 274
92 91
172 150
29 86
315 299
139 138
71 149
217 216
112 113
29 86
59 49
7 8
172 150
102 323
246 247
139 138
78 77
78 79
112 113
121 38
219 224
316 269
125 126
116 65
16 17
292 291
292 301
60 126
98 99
217 216
54 53
54 231
229 251
171 73
92 91
9 10
195 189
315 299
61 16
36 38
71 149
63 62
21 22
196 274
42 41
29 86
59 49
7 8
172 150
102 323
78 77
78 79
112 113
121 38
312 232
219 224
125 126
259 229
292 291
292 301
94 127
98 99
217 216
54 53
229 251
171 73
315 299
71 149
28 76
63 62
21 22
196 274
7 66
29 86
305 144
7 8
172 150
102 323
19 90
78 77
78 79
112 113
312 232
219 224
7 37
259 229
292 301
98 99
217 216
54 53
47 48
229 251
9 10
43 15
195 189
315 299
63 62
21 22
196 274
136 273
29 86
59 49
7 8
172 150
19 90
78 77
112 113
312 232
219 224
125 126
146 169
259 229
292 301
98 99
217 216
54 53
54 231
229 251
9 280
315 299
63 62
21 22
196 274
63 72
42 41
29 86
172 150
102 323
19 90
78 77
112 113
121 38
312 232
218 219
125 126
64 65
259 229
292 301
63 99
98 99
313 141
217 216
54 53
229 251
171 73
9 280
315 299
36 38
63 62
27 21
196 274
29 86
7 8
172 150
102 323
19 90
163 78 77
112 113
286 87
259 229
292 301
63 98 99
99 72
217 216
54 53
54 231
229 251
171 73
9 280
315 299
61 16
36 38
63 62
27 21
196 274
174 72
29 86
7 8
172 150
19 90
78 77
112 113
219 224
125 126
146 169
220 161
292 301
168 169
63 99
99 72
217 216
54 53
54 231
163 77
229 251
171 73
315 299
61 16
71 152
63 62
27 21
196 274
268 281
241 236
29 86
59 49
59 118
7 8
172 150
19 90
132 31
112 113
114 61
218 219
219 224
286 87
37 36
220 161
217 216
54 53
54 231
229 251
195 189
315 299
61 16
71 152
63 62
196 274
268 281
288 202
241 236
29 86
59 49
7 8
172 150
19 90
78 77
132 31
112 113
70 94
114 61
114 65
218 219
219 224
125 126
116 65
37 36
220 161
98 99
217 216
54 53
163 77
229 251
171 73
315 299
71 152
27 21
196 274
174 72
268 281
288 202
28 85
215 234
7 66
29 86
305 144
59 49
7 8
172 150
78 77
78 79
132 31
112 113
37 114
114 61
218 219
125 126
116 65
286 87
37 36
220 161
292 301
94 127
60 126
99 72
217 216
54 53
47 48
163 77
229 251
315 299
61 16
63 62
196 274
288 202
7 66
29 86
305 144
59 49
7 8
172 150
139 138
78 77
78 79
112 113
70 94
114 61
218 219
166 268
125 126
146 169
116 65
286 87
37 36
292 291
94 127
217 216
54 53
54 231
229 251
315 299
71 152
63 62
27 21
196 274
215 234
29 86
59 49
59 118
172 150
139 138
78 77
78 79
70 94
114 61
114 65
218 219
287 265
125 126
146 169
37 36
292 291
292 301
94 127
98 99
217 216
54 53
315 299
61 16
63 62
196 274
23 162
288 202
42 41
59 49 118
172 150
139 138
19 90
78 79
112 113
114 61
287 265
146 169
116 65
37 36
259 229
292 291
292 301
94 127
217 216
54 53
171 73
225 82
315 299
71 152
63 62
196 274
23 162
42 41
29 86
59 49
172 150
278 142
139 138
19 90
78 79
114 65
287 265
146 169
116 65
65 17
49 118
286 87
37 36
220 161
292 291
292 301
94 127
98 99
217 216
54 53
9 280
315 299
61 16
71 149
63 62
196 274
23 162
144 11
42 41
29 86
172 150
139 138
19 90
78 77
114 61
114 65
218 219
219 224
287 265
125 126
146 169
37 36
98 99
217 216
54 53
171 73
92 91
315 299
71 152
63 62
196 274
288 202
241 236
215 234
59 49
172 150
78 77
112 113
218 219
287 265
166 272
146 169
49 118
286 87
37 36
292 291
217 216
54 53
54 231
163 77
171 73
9 280
315 299
61 16
71 149
28 76
63 62
241 236
215 234
29 86
59 49
7 8
172 150
19 90
78 77
112 113
218 219
125 126
146 169
16 17
49 118
37 36
259 229
217 216
54 53
163 77
171 73
315 299
71 149
28 76
63 62
196 274
288 202
215 234
29 86
172 150
19 90
78 77
112 113
287 265
146 169
16 17
49 118
37 36
259 229
292 291
292 301
168 169
217 216
54 53
54 231
163 77
315 299
61 16
71 152
63 62
196 274
288 202
241 236
120 158
215 234
29 86
59 49
172 150
87 236
19 90
78 77
112 113
146 169
116 65
16 17
49 118
286 87
259 229
292 301
98 99
54 53
315 299
63 62
27 21
196 274
288 202
241 236
215 234
42 41
59 49
172 150
87 236
78 77
78 79
112 113
146 169
116 65
16 17
49 118
286 87
259 229
292 301
174 99
63 99
98 99
217 216
54 53
54 231
171 73
315 299
63 62
27 21
196 274
288 202
215 234
59 49
172 150
19 90
78 77
78 79
146 169
16 17
49 118
286 87
259 229
292 301
262 13
98 99
217 216
54 53
54 231
229 251
171 73
92 91
315 299
48 97
63 62
27 21
196 274
288 202
215 234
55 87
59 49
172 150
78 77
78 79
112 113
125 126
146 169
16 17
49 118
286 87
259 229
292 287
292 301
98 99
99 72
217 216
54 53
54 231
171 73
315 299
48 97
63 62
27 21
196 274
23 162
241 236
41 85
59 49
19 90
78 79
112 113
125 126
146 169
116 65
16 17
49 118
268 202
286 87
292 287
292 301
174 99
98 99
287 141
217 216
54 53
54 231
171 73
315 299
48 97
63 62
196 274
63 72
28 85
41 85
42 41
59 49
7 8
172 150
78 77
78 79
112 113
125 126
146 169
116 65
292 291
292 301
86 61
60 126
99 72
217 216
54 53
54 231
171 73
315 299
63 62
27 21
196 274
23 162
120 158
55 87
42 41
7 8
78 77
78 79
112 113
172 281
146 169
116 65
286 87
259 229
292 291
292 287
292 301
271 93
217 216
54 53
171 73
28 91
9 280
315 299
63 62
196 274
23 162
54 53
78 77
114 61
292 291
63 62
146 169
171 73
196 274
92 91
28 91
7 8
9 10
116 65
315 299
286 87
292 301
217 216
78 79
112 113
54 53
316 269
78 77 79
114 61
61 16
63 62
292 291
171 73
196 274
120 158
9 10
9 280
19 90
286 87
315 299
59 118
152 22
292 301
217 216
112 113
54 53
54 231
229 259
292 291
61 16
16 17
63 62
218 219
171 73
196 274
7 66
7 8
125 126
286 87
87 236
315 299
152 22
292 301
217 216
78 79
112 113
70 94
170 274
7 66
7 8
19 90
112 113
70 94
218 219
287 265
16 17
286 87
292 291
292 287
292 301
313 141
217 216
54 53
54 231
163 77
229 251
171 73
315 299
61 16
152 22
63 62
196 274
54 53
229 259
288 202
16 17
292 287
287 265
63 62
171 73
196 274
7 66
305 144
315 299
286 87
292 301
72 99
28 76
313 141
217 216
78 79
112 113
42 85
136 273
7 66
78 79
112 113
312 232
166 145
172 281
286 87
259 229
292 301
94 127
174 99
98 99
99 72
313 141
217 216
54 53
54 231
171 73
315 299
152 22
63 62
27 21
196 274
23 162
136 145
170 274
7 66
7 8
78 79
112 113
211 212
312 232
218 219
219 224
287 265
125 126
172 202
64 65
286 87
259 229
292 301
94 127
13 226
99 72
313 141
217 216
54 53
54 231
171 73
315 299
28 76
63 62
196 274
23 162
136 273
7 66
78 79
112 113
312 232
219 224
287 265
125 126
172 281
286 87
259 229
292 301
99 72
271 93
217 216
54 53
54 231
226 104
171 73
315 299
152 22
28 76
63 62
196 274
288 202
215 234
136 273
7 66
19 90
78 79
112 113
287 265
172 281
16 17
286 87
259 229
292 291
292 287
292 301
145 273
94 127
13 226
99 72
271 93
313 141
217 216
54 53
171 73
315 299
152 22
63 62
196 274
288 202
241 236
136 273
167 25
7 66
19 90
166 145
172 281
16 17
286 87
292 287
292 301
94 127
10 235
174 99
99 72
217 216
54 53
229 251
171 73
315 299
152 22
63 62
196 274
288 202
241 236
136 273
19 90
78 79
112 113
287 265
166 145
125 126
172 281
16 17
286 87
292 287
292 301
145 273
94 127
99 72
313 141
54 53
54 231
171 73
315 299
152 22
63 62
196 274
288 202
241 236
215 234
59 118
19 90
78 79
112 113
218 219
287 265
166 145
125 126
172 281
16 17
286 87
259 229
292 287
292 301
145 273
98 99
99 72
54 53
229 251
171 73
9 10
315 299
152 22
63 62
196 274
288 202
241 236
215 234
136 273
29 86
139 138
78 79
218 219
219 224
287 265
166 145
125 126
172 281
16 17
286 87
259 229
292 287
98 99
99 72
313 141
217 216
54 53
54 231
229 251
171 73
9 10
315 299
301 272
63 62
196 274
288 202
215 234
29 86
59 118
78 79
218 219
287 265
166 145
172 281
286 87
37 36
259 229
220 161
292 287
98 99
99 72
217 216
54 53
229 251
9 10
315 299
63 62
196 274
174 72
288 202
241 236
215 234
136 273
7 66
112 113
287 265
172 281
286 87
37 36
292 287
98 99
99 72
287 141
217 216
54 53
229 251
101 76
171 73
315 299
272 273
100 183
102 103
61 16
63 62
196 274
268 281
288 202
241 236
7 66
29 86
59 118
7 8
159 157
112 113
114 61
166 145
116 65
16 17
286 87
37 36
292 287
94 127
98 99
99 72
287 141
313 141
217 216
54 53 231
171 73
315 299
102 103
48 97
76 41
63 62
196 274
23 162
268 281
241 236
120 158
215 234
7 66
29 86
59 118
7 8
159 157
125 126
286 87
37 36
292 287
94 127
98 99
99 72
313 141
217 216
54 53 231
101 76
171 73
315 299
102 103
36 38
28 76
63 62
196 274
23 162
268 281
241 236
42 85
41 85
215 234
7 66
29 86
305 144
59 118
7 8
159 157
112 113
121 38
114 61
125 126
64 65
286 87
37 36
145 290
292 287
94 127
98 99
99 72
217 216
54 53 231
171 73
92 91
41 91
315 299
102 103
36 38
48 97
28 76
63 62
107 108
196 274
28 41
241 236
42 85
41 85
7 66
29 86
59 118
7 8
132 31
159 157
112 113
121 117
114 61
166 145
125 126
16 17
64 65
37 36
292 287
94 127
99 72
217 216
54 53 231
171 73
92 91
315 299
36 38
28 76
63 62
196 274
23 162
28 41 85
7 66
4 66
29 86
59 49
59 118
7 8
246 247
18 20
132 31
159 157
112 113
70 94
243 18
121 117
114 61
219 224
125 126
172 281
117 130
16 17
64 65
37 36
4 48
292 287
108 127
174 99
98 99
217 216
54 53 231
171 73
92 91
9 10
9 280
315 299
312 264
102 103
28 76
63 62
107 108
196 274
23 162
288 202
241 236
252 267
37 85
28 85
7 66
66 97
59 118
7 8
246 247
112 113
70 94
121 117
114 61
125 126
172 281
116 65
61 16 65
65 64
16 17
37 36
145 290
117 94
174 99
99 72
217 216
54 53 231
171 73
9 10
315 299
312 264
102 103
36 38
48 97
63 62
196 274
23 162
241 236
252 267
76 85
7 37 66
66 48
66 97
42 127
7 8 76
246 247
78 79
37 70
121 117
125 126
172 281
146 169
16 17
286 87
174 99
98 99
117 94
217 216
54 53
54 231
101 28
171 73
92 91
315 299
312 264
272 273
36 38
152 22
63 62
196 274
23 162
288 202
241 236
252 267
41 85
66 76
29 114
29 61
29 76
7 8 76
110 111
78 79
112 113
121 117
114 64
287 265
125 126
172 281
146 169
7 130
117 130
61 65
286 87
292 301
174 99
98 99
7 94
217 216
54 53
54 231
101 28
171 73
92 91
315 299
272 273
36 38
152 22
243 295
63 62
27 21
196 274
92 41
288 202
241 236
252 267
215 234
170 274
66 94
29 114
110 111
78 79
112 113
116 114 65
172 281
146 169
116 61 65
16 17
286 87
168 169
117 48
117 76
217 216
54 53 231
101 28
171 73
92 41 91
122 82
9 280
315 299
312 264
272 273
61 16
36 38
63 62
196 274
92 28
241 236
252 267
48 8
78 79
112 113
116 114 61
114 64
218 219
125 126
172 281
146 169
64 65
61 65
16 17
49 118
286 87
145 290
168 169
174 99 72
271 93
94 41
217 216
54 53 231
47 48
190 169
171 73
41 91
9 280
315 299
36 38
116 16
63 62
196 274
63 72
241 236
252 267
215 234
29 86
47 48 8
78 77
78 79
112 113
258 205
116 114
218 219
219 224
60 125 126
172 281
146 169
130 65
61 64
286 87
174 99 72
98 99
271 93
217 216
54 53
54 231
171 73
41 91
128 81
9 280
315 299
36 38
243 295
63 62
92 97
63 72
252 267
92 85
215 234
47 48 8
291 300
18 20
112 113
243 18
116 114
218 219
219 224
172 281
146 169
130 65 64
16 17
286 87
4 92
174 99 72
98 99
217 216
54 53 231
101 28
171 73
41 91
9 280
315 299
272 273
36 38
71 149
63 62
23 162
63 72
14 124
241 236
102 131
78 79
112 113
258 205
37 70
116 114
114 41
218 219
125 126
172 281
146 169
130 65 64
16 17
286 87
4 92
259 229
220 161
98 99
99 72
217 216
54 53 231
47 61 48
101 28
171 73
9 280
315 299
63 62
196 274
174 72
23 162
92 97
63 72
14 124
25 153
7 66
59 118
48 8
78 79
112 113
258 205
37 70
312 232
218 219
219 224
125 126
130 65
65 64
243 298
4 92 97
259 229
99 72
217 216
54 53 231
47 48
171 73
122 82
9 280
315 299
272 273
61 48
71 149
63 62
27 21
174 72
268 281
63 72
14 124
25 153
7 66
102 131
59 118
61 8
78 79
112 113
258 205
47 70
312 232
218 219
125 126
172 281
130 65
65 64
4 97
259 229
60 126
174 99 72
98 99
217 216
54 53 231
47 61
101 28
171 73
122 82
41 91
9 280
315 299
61 48
63 62
196 274
268 281
23 162
92 97
63 72
14 124
7 66
305 144
102 131
59 118
47 48 8
61 8
198 139
159 157
112 113
258 205
48 70
312 232
218 219
60 125 126
172 281
130 65
16 17
286 87
4 97
259 229
174 99 72
98 99
217 216
54 53 231
122 82
9 280
315 299
71 149
63 62
196 274
23 162
268 281
63 72
14 124
7 66
305 144
59 118
61 70 8
135 111
112 113
48 70
312 232
219 224
166 145
125 126
16 17
286 87
4 92 97
259 229
220 161
60 126
98 99
99 72
217 216
54 53 231
47 48
163 77
171 73
9 280
315 299
71 149
63 62
23 162
7 66
305 144
59 49
59 118
61 8
48 70 8
78 77
112 113
312 232
166 145
125 126
16 17
286 87
4 97
259 229
98 99
99 72
217 216
54 53 231
47 48
163 77
40 143
315 299
272 273
36 38
63 62
23 162
94 85
59 118
47 48 8
61 70 8
48 70 8
78 77
112 113
312 232
166 145
125 126
16 17
286 87
259 229
220 161
60 126
99 72
217 216
54 53 231
163 77
315 299
272 273
71 149
63 62
23 162
59 118
47 48 8
48 70 8
135 111
78 77
112 113
312 232
287 265
166 145
125 126
16 17
286 87
4 92
220 161
99 72
217 216
54 53
54 231
163 77
128 81
315 299
272 273
36 38
71 149
63 62
162 24
92 97
241 236
25 153
172 150
135 111
78 77
159 157
31 175
112 113
258 205
70 94
312 232
287 265
166 145
125 126
146 169
16 17
286 87
4 92
98 99
99 72
217 216
54 53 231
315 299
272 273
61 16
71 152
71 149
63 62
293 11
28 85
59 118
47 8
61 8
78 77
159 157
112 113
70 94
287 265
166 145
125 126
146 169
286 87
4 92
220 161
292 301
99 72
217 216
54 53 231
101 48
315 299
272 273
61 48
36 38
71 149
63 62
27 21
174 72
92 97
63 72
47 85
48 85
120 158
59 118
36 8
135 111
78 77
112 113
70 94
312 232
287 265
166 145
125 126
172 281
286 87
4 101
259 229
60 126
174 99
99 72
217 216
54 53
54 231
101 28
315 299
272 273
61 48
36 38
71 152
71 149
63 62
268 276
27 22
92 97
63 72
2 22
25 153
59 118
92 48 8
78 77
159 51
112 113
294 253
258 205
70 94
312 232
219 224
287 265
279 1
125 126
172 281
286 87
259 229
220 161
99 72
217 216
47 92 48
54 53
229 251
101 28
315 299
61 28
301 272
71 152
152 22
36 38
71 149
63 62
92 97
63 72
14 124
241 236
305 11
55 135
55 56
59 118
155 318
323 152
246 247
247 56
87 236
135 111
78 77
78 79
112 113
258 205
70 94
218 219
219 224
287 265
166 145
120 146
146 24
286 246 87
259 229
220 161
63 126
98 99
99 72
217 216
54 53 231
101 36
128 81
9 10
315 299
272 273
71 81
167 102
63 62
288 269
286 241 87 236
55 241
101 85
28 85
36 85
103 131
59 49
172 150
285 300
173 62
173 184
78 77
14 83
285 258
112 113
294 253
70 94
51 52
109 21
218 219
287 265
202 269
166 145
279 1
135 82
125 126
259 229
220 161
292 301
63 126
126 184
99 72
313 141
217 216
81 1
54 53
54 231
43 82
122 82
128 81
9 10
246 87
315 299
272 273
102 103
238 15
36 38
63 62
174 72
23 162
288 202
241 236
252 267
293 11
101 85
28 85
25 102
167 102 131
102 103 131
81 155
59 118
285 300
172 150
63 173
173 184
71 323
185 49
14 83
14 312
78 77
112 113
51 52
218 219
287 265
145 269
166 145
166 202
135 123
135 261
4 130
100 49
177 49
220 161
98 99
99 72
93 321
287 141
141 273
217 216
54 53 231
171 73
9 10
315 299
272 273
116 36
174 72
241 236
252 267
293 11
101 85
170 185
136 292
136 273
55 246
55 87
102 103 131
47 8
150 235
71 323
81 323
261 236
198 139
135 111
78 77
159 51
112 113
218 219
145 269
166 278
166 145
135 225
172 281
4 130
100 49
49 184
49 196
220 161
145 290
292 141
168 51
100 126
126 72
98 99
99 72
93 321
217 216
123 284
284 82
272 141
54 53
171 73
315 299
272 273
61 38
243 295
177 184
100 177
177 196
196 73
174 72
241 236
252 267
172 11 281
268 11
170 174
170 184
25 102
55 246
102 131
103 131
305 144
59 118
285 142
142 273
14 135
285 265
78 77
112 113
294 253
258 205
37 70
211 212
218 219
219 224
287 265
166 145 269
278 290
187 177
135 56
146 51
243 298
305 202
177 49
220 161
98 99
99 72
93 321
217 216
54 53
54 231
72 171
171 183
72 188
43 82
43 225
43 15
315 299
73 183
177 184
72 73
124 312
288 268
252 267
10 11
25 102 103
59 118
237 111
18 20
78 77
78 79
14 135
258 205
37 70
211 212
218 219
219 224
166 145
83 82
172 281
177 49
49 171
259 229
126 73
98 99
99 72
217 216
54 53
43 56
128 102
315 299
299 293
305 272
167 152
36 38
243 295
63 72
2 321
288 268
252 267
10 11
172 293 11
305 144
59 118
313 142
198 139
237 111
78 77
78 79
14 135
258 205
37 70
211 212
312 232
218 219
219 224
166 145
83 82
177 49 171
259 229
98 99
99 72
217 216
54 53
54 231
163 77
43 15
315 299
103 153
102 153
63 189
268 276
56 15
288 268
252 267
275 24
10 11
11 280
25 103
103 131
144 273
112 249
249 298
167 155
150 265
185 171
185 118
198 139
78 77 79
205 141
205 235
37 70
93 52
218 219
166 145
187 73
172 281
172 141
172 235
243 298
229 298
177 49
259 224
211 45
280 235
98 99
99 72
43 94 15
54 53
54 231
177 171
171 183
315 299
102 152
243 295
63 98
315 268
136 144
103 131
229 249
249 295
150 265
198 139
14 135
78 77
78 79
112 295
37 70
93 52
312 232
218 219
166 145
278 272
187 73
63 125
60 125
172 141
229 298
177 49
259 229
229 230
281 235
126 188
98 99
99 72
43 94 15
36 94
54 53
54 231
163 77
128 71
128 81
9 280
315 299
268 299
276 299
305 273
102 103
63 98
11 235
103 131
313 142
150 265
198 139
139 138
78 79
285 251
312 232
130 264
177 72 49
189 49
126 188
195 99
98 99
43 94
36 94
163 77
77 79
229 6
128 71
128 81
63 60
157 287
268 276 299
92 48
243 293
11 235
313 142
139 138
78 79
159 120
258 205
37 70
243 106
103 312 232
125 189
125 80
172 141
49 118
313 235
43 94
216 6
47 48
163 77
101 28
128 71 81
268 299
276 299
36 38
23 162
37 70
229 249
128 81
288 268
219 224
43 94
128 72
63 60
60 59
60 49
60 183
172 141
130 36
298 295
224 44
283 24
139 138
259 224
78 192
36 38
45 20
112 293
218 224
172 141
47 48
105 45
105 134
224 18
229 249
128 81
218 219
11 235
293 134
9 313
9 142
43 245
60 126
60 59
60 183
130 36
315 268
268 299
276 299
139 138
283 24
198 139
224 45
195 98
98 99
128 81 72
163 40
128 80
9 134
44 134
315 268
268 276
249 20
299 142
298 295
49 302
315 280
139 138
37 70
105 20
31 309
112 216
224 18
13 229
218 219
128 72
132 31
249 218
299 142
49 302
198 139 138
37 70
18 20
218 293
293 18
224 105
266 277
13 229 18
128 80
60 80
306 216
249 18
37 70
177 126
198 139
18 20
78 184
93 52
105 20
229 249
288 216
307 142
11 235
177 126 188
195 99
294 253
19 249
315 299
313 142
78 138
37 70
198 139
149 152
293 20
224 20
93 52
60 12
20 18
229 249
177 126 188
215 207
9 112
195 99
262 20
37 70
198 139
105 20
93 52
9 226
218 219
60 11
177 126 188
313 142
198 139 138
37 70
93 52
266 289
218 219
11 235
177 126 188
184 265
198 17 139
59 118
37 70
93 52
98 99
218 219
11 235
126 188
43 15
268 280
198 17 139
37 70
177 126
277 15
93 52
101 85
11 235
177 126 188
198 17 139 138
194 274
262 18
37 70
201 99
194 99
93 52
101 85
11 235
177 188
215 207
195 99
198 17 139 138
126 59
99 183
262 18
37 70
177 126
198 18
201 99
149 152
93 52
47 48
98 201 99
98 183
101 85
11 235
177 188
198 17 138
17 139 138
126 59
97 8
262 18
37 70
98 201 99
101 85
11 235
177 188
198 17 139 138
126 59
97 8
194 274
262 18
37 70
293 20
98 317
98 99
11 235
177 188
198 17 139 138
126 59
97 8
194 274
262 18
37 70
36 38
98 99
101 85
11 235
177 188
198 17 139 138
126 59
97 8
262 18
37 70
36 38
98 99
101 85
218 219
177 188
195 183
198 17 139 138
126 59
97 8
37 70
36 38
37 70
47 48
98 99
101 85
218 219
177 188
132 163
294 253
198 17 139 138
126 59
97 8
112 113
93 52
101 85
218 219
177 188
184 196
195 99
294 263
66 249
19 249
198 17 139 138
126 59
97 8
37 70
78 221
36 38
93 52
98 317 107
101 85
218 219
177 188
132 31
195 99
198 17 139 138
126 59
97 8
37 70
78 221
36 38
94 38
47 48
98 107
101 85
218 219
11 235
177 188
195 99
220 161
321 93
198 17 139
198 17 138
126 59
99 59
36 38
112 113
47 48
101 28
177 126 107 108
218 219
195 59
198 17 139
37 70
149 152
36 38
47 48
98 126
101 28
177 107 108
218 219
177 188
195 59
198 17 139
198 17 138
99 59
37 70
201 76
48 97
101 28
107 108
218 219
177 126 188
7 66
7 108
7 8
195 59
198 17 139 138
37 70
198 18
98 126
101 28
218 219
126 188
184 196
7 66 76
198 17 139 138
262 18
177 126
198 18
36 76
101 85
218 219
11 235
317 188
7 66 76
198 17 139 138
67 51
177 126
126 99
107 108
218 219
11 235
177 188
7 66 76
7 36
42 127
198 17 139 138
177 126
317 126
107 108
218 219
184 196
66 76
198 17 139 138
37 70
177 126
218 219
11 235
66 76
163 186
198 17 139 138
37 70
177 126
78 221
101 28
218 219
11 235
163 186
198 17 139 138
37 70
177 317
149 152
101 28
218 219
177 188
163 186
198 17 139 138
37 70
177 317
78 221
37 70
101 85
107 94
107 108
218 219
177 188
132 31
163 186 127
198 17 139 138
17 184
97 8
177 317
78 221
218 224
107 94
107 108
218 219
177 188
132 31
186 127
198 17 139 138
67 51
37 70
177 317
78 221
309 221
159 198
317 126
36 38
163 127
107 108
177 188
186 127
198 17 139 138
67 51
37 70
78 221
309 221
36 38
163 127
177 188
126 188
66 76
163 186 127
198 17 139 138
262 159
262 18
37 70
78 221
309 221
317 126
159 184
66 101
107 108
11 235
7 36
186 127
198 17 139 138
37 70
78 309 221
317 126
163 127
101 28
107 108
11 235
7 36
7 76
186 127
198 17 138
67 51
97 8
198 139 138
37 70
78 309 221
317 126
163 127
107 108
11 235
177 188
7 76
66 76
163 186 127
198 17 139 138
262 18
37 70
177 317
177 99
78 221
107 108
11 196
11 235
177 188
7 76
66 76
294 263
186 302
198 17 139
67 51
37 70
177 317
78 221
163 302
163 127
101 85
107 108
218 219
11 235
173 196
314 196
294 253
186 302
198 17 139
262 18
37 70
177 317
177 126
78 221
36 38
163 127
98 99
101 85
107 108
218 219
11 235
173 314 196
186 302
198 17 139
37 70
177 317 126
78 221
36 38
163 127
42 101
101 28
107 108
218 219
11 235
177 317 188
173 196
294 253
186 302
198 17 139
262 18
37 70
177 126
78 221
36 38
163 127
101 28
107 108
218 219
173 196
314 196
186 302
198 17 139
262 18
37 70
177 317
177 126
78 221
163 302
101 28
107 108
218 219
11 235
173 51 196
294 253
314 51
220 161
163 186 302
198 17 139
37 70
177 317 126
78 221
127 302
218 219
11 235
177 188
173 196
51 196
163 186 302
198 17 139 138
37 70
177 317
177 126
78 221
163 127
101 28
312 232
218 219
11 235
177 188
173 196
51 196
294 253
163 186 127
163 186 302
198 17 139 138
262 18
37 70
177 317
177 126
78 221
98 99
101 28
312 232
218 219
11 235
177 317 188
173 314 196
51 196
186 127 302
198 17 139 138
262 18
37 70
177 126
78 221
163 127 302
98 99
101 28
218 219
11 235
177 188
173 196
7 76
173 314
186 127 302
198 17 139 138
262 18
37 70
177 317 126
78 221
163 127 302
98 99
101 28
312 232
218 219
11 235
173 196
294 253
173 314
131 51
163 186 127 302
198 17 139 138
312 264
262 18
37 70
177 317 126
78 221
78 309
101 28
218 219
11 235
173 196
25 103
131 51
163 186 302
271 321
198 17 139 138
37 70
177 126
271 103
149 152
78 309
101 28
312 232
218 219
11 235
177 188
173 196
131 51
163 186 127 302
198 17 139 138
37 70
177 126
317 126
149 152
78 309
98 99
312 232
218 219
11 235
177 188
173 196
25 131
163 186 302
198 17 139 138
312 264
262 18
37 70
177 317 126
149 152
163 127
98 99
101 28
101 85
218 219
11 235
177 188
173 196
132 31
25 131
163 186 302
198 17 139 138
262 18
177 317 126
163 127
98 99
218 219
173 196
186 302
198 17 139 138
177 126
317 126
163 127
163 302
78 309
98 99
101 85
107 94
218 219
173 196
173 314
186 302
198 17 139 138
177 317 126
259 18
163 127 302
13 18
78 309
2 271
101 28
101 85
218 219
173 196
92 130
163 186 302
198 17 139 138
262 259 18
177 317
163 127
13 18
78 309
98 99
2 271
101 28
101 85
218 219
173 196
131 155
186 127
186 302
198 17 139 138
177 317
177 126
13 259 18
163 127
163 302
101 28
101 85
218 219
177 188
173 196
294 253
103 131
163 186 127
163 186 302
198 17 139 138
177 317
13 259 18
149 152
101 28
101 85
312 232
218 219
169 22
177 188
173 196
163 186 127 302
198 17 139 138
312 264
262 13 259 18
177 317
36 38
112 113
98 99
42 101
101 28
101 85
312 232
218 219
169 152
131 22
163 186 302
198 17 139 138
198 17 184
259 138
262 13 259 18
177 317
317 126
163 127 302
101 85
312 232
218 219
169 152
163 186 127
163 186 302
198 17 139 138
312 264
103 22
259 138
262 259 18
177 317 126
13 259 18
36 38
112 113
98 99
2 22
101 28
101 85
312 232
218 219
11 235
25 22
163 186 302
198 17 139 138
155 22
262 18
177 317
259 18
149 152
36 38
98 99
101 28
101 85
218 219
11 196
173 196
53 196
163 186 127 302
198 17 139 138
17 184
155 22
262 18
259 18
149 152
112 113
108 94
2 22
101 28
101 85
218 219
25 22
163 186 302
198 17 139
198 17 138
17 184
155 22
271 22
262 18
177 317
259 18
112 113
42 101
101 28
101 85
312 232
218 219
177 188
196 235
155 21
25 22
173 314
163 186 302
198 17 139
17 184 138
92 8
271 22
262 18
177 317
259 18
317 126
149 152
163 127 302
98 99
101 28
101 85
312 232
218 219
177 188
25 21
155 21
215 207
163 186 127 302
198 17 139 138
17 184
92 8
271 22
262 18
259 18
149 152
101 28
312 232
218 219
177 188
173 196
25 21
155 21
21 22
173 314
163 186 127 302
198 17 139 138
17 184 138
92 8
262 18
259 18
101 28
101 85
312 232
218 219
177 188
163 186 302
198 17 139
198 17 138
262 18
259 18
317 126
163 127
215 234
101 28
218 219
177 188
25 21
155 21
163 186 127 302
198 17 139
198 17 138
262 259 18
317 126
36 38
47 48
215 234
101 28
312 232
218 219
177 188
25 21
155 21
186 127 302
198 17 139 138
262 259 18
317 126
163 127 302
262 18
259 18
47 48
101 28
101 85
218 219
177 188
173 196
25 21
21 22
186 127
186 302
198 17 138
22 1
198 139 138
37 70
317 126
163 127
163 302
47 48
101 28
312 232
218 219
177 188
25 22
163 186 127 302
198 17 139 138
262 18
177 317
259 18
317 126
149 152
47 48
218 219
177 188
25 21 22
173 314
131 51
163 186 127
198 17 139 138
262 259
177 126 99
317 126
163 302
13 18
48 97
47 48
177 98
42 101
101 28
218 219
173 196
25 21
173 314
131 51
163 186 127
163 186 302
198 17 138
155 22
177 126
198 139
36 38
13 18
47 48
101 28
218 219
177 188
173 196
25 21
155 21 22
131 51
163 186 302
186 127 302
198 17 139
198 17 138
126 59
177 320
13 18
48 97
47 48
101 28
218 219
177 188
173 196
25 21
155 21 22
7 76
131 51
163 186 127
163 186 302
198 17 139
198 17 138
17 184
262 259
177 126
309 221
13 18
48 97
101 28
312 232
218 219
173 196
7 76
173 314
92 130
163 186 127
163 186 302
198 17 139
198 17 138
131 51
262 259
177 126
13 18
48 97
47 48
101 28
312 232
218 219
11 235
173 196
155 21
173 314
103 131
131 51
163 186 127 302
198 17 139
198 17 138
177 126
13 18
48 97
101 28
312 232
218 219
11 235
177 188
173 196
155 21
21 22
7 76
294 253
131 51
163 186 302
198 17 138
17 139
17 184
103 22
262 259
177 126
13 259 18
159 259
149 152
48 97
101 28
312 232
218 219
177 126 188
173 196
155 21
21 22
7 76
131 51
163 186 302
198 17 138
17 139
17 184
36 8
13 259 18
149 152
163 127 302
78 309
47 48
218 219
11 235
177 188
155 21
21 22
131 51
163 186 302
198 17 138
17 139
17 184
37 70
13 259 18
149 152
163 127
78 309
47 48
312 232
218 219
11 235
177 126 188
155 21
21 22
131 51
163 186 127
163 186 302
198 17 138
17 139 138
37 70
78 221
13 259
149 152
13 18
101 28
218 219
177 126 188
155 21
21 22
7 42
131 51
186 302
198 17 139 138
36 8
262 259
119 52
37 70
78 221
13 259
163 127
163 302
13 18
101 28
218 219
177 188
51 196
155 21 22
131 51
163 186 127
163 186 302
198 17 139
198 17 138
184 138
262 13
177 126
13 259
149 152
13 18
13 18
98 99
101 28
2 1
218 219
177 188
155 21
21 22
163 186 302
198 17 139 138
93 51
262 13 259
177 126
36 38
163 127 302
13 259 18
229 251
98 99
101 28
101 85
2 1
218 219
177 188
155 21 22
294 263
220 161
163 186 302
198 17 138
17 139
262 13 259
36 38
163 127
93 52
13 259 18
47 48
98 99
101 28
2 1
312 232
218 219
21 22
215 207
163 186 302
198 17 138
17 139
262 13 259
177 126
163 127
13 259 18
47 48
98 320
98 99
101 28
2 1
312 232
218 219
314 196
155 21
21 22
103 131
163 186 127
163 186 302
198 17 138
17 139
262 13
177 126
78 221
13 259 18
47 48
98 99
101 28
101 85
2 1
218 219
177 188
155 21
103 131
186 127
186 302
17 139
17 138
198 138
262 13 259
37 70
177 126
163 302
13 18
259 18
98 99
101 28 85
2 1
218 219
177 188
155 21
21 22
7 76
103 131
163 186
186 302
17 139 138
198 138
262 13
37 70
177 126
98 99
101 28
218 219
177 126 188
103 131
163 186 127
163 186 302
17 139
17 138
198 138
37 70
13 259 18
94 38
98 99
101 28
218 219
177 126 188
314 196
155 21
25 22
186 127
186 302
17 139 138
155 22
198 138
37 70
13 259 18
149 152
163 127
163 302
98 99
101 28
101 85
314 196
155 21
103 131
186 127 302
17 139
17 184
17 138
198 138
37 70
177 126
13 259 18
198 139
36 38
163 127
159 126
98 99
101 28
218 219
177 188
314 196
83 82
25 21
155 21
186 302
198 17 139
198 17 138
37 70
178 176
259 18
36 38
163 127
127 302
13 18
13 18
259 18
2 1
101 28
312 232
177 188
173 314
186 302
17 139 138
198 138
262 13
37 70
36 38
163 127
163 302
170 100
98 99
101 28
177 188
17 139
17 184 138
312 264
198 138
37 70
177 126
13 259
259 18
116 36 38
98 99
101 28
55 246 87
218 219
83 82
28 85
7 76
186 302
17 139
17 138
155 22
198 138
262 259
37 70
178 179
13 259 18
177 126
36 38
101 28
218 219
173 314
186 302
17 139 138
17 184
198 138
262 13 259
37 70
178 179
13 259 18
177 126
163 127
127 302
93 52
98 99
101 28
107 94
218 219
177 188
314 196
173 314
163 186 302
186 127
198 17 139 138
262 13 259
37 70
13 259 18
36 38
93 52
98 99
101 28
218 219
25 21
323 21
83 82
7 76
174 126
173 314
163 186
186 127
186 302
198 17 139
198 17 138
312 264
37 70
259 18
149 152
13 18
93 52
170 126
25 22
55 246 87
155 21
155 22
173 314
323 21
17 139
112 113
37 70
93 52
13 18
259 18
83 82
198 17 138
17 184
186 127
126 317
98 99
101 28
177 188
7 76
149 152
163 186 302
100 177
174 177
98 99
55 246 87
323 21
155 21 22
7 76
174 170
173 314
220 161
186 302
198 17 138
17 139
177 59
37 70
177 185
259 18
317 126
127 302
163 302
13 18
93 52
98 99
2 22
101 28
55 246 87
107 94
177 59 188
314 196
21 22
173 314
186 127 302
198 17 139
198 17 138
155 22
323 22
262 259
37 70
259 18
317 126
149 152
163 127
13 18
13 18
259 18
98 99
2 22
101 28
55 246 87
218 219
174 188
28 85
76 85
174 170
25 323
186 127
186 302
198 17 138
177 59
271 22
22 1
262 259
37 70
198 139
317 126
149 152
163 127
163 302
93 52
98 99
101 28
55 246 87
312 232
174 188
314 196
21 22
220 161
163 186 127
163 186 302
198 17 139
198 17 138
177 59
271 22
37 70
317 126
149 152
36 38
13 18
93 52
101 28
55 246 87
59 188
314 196
21 22
174 170
220 161
163 186 127 302
177 59
198 17 139
198 17 138
262 259
37 70
259 18
317 126
36 38
13 18
93 52
98 99
101 28
55 246 87
232 264
83 82
174 170
163 186 127
17 139
17 138
177 59
198 138
37 70
317 126
163 127 302
13 18
93 52
98 99
101 28
55 246
246 87
232 264
83 186 82
186 82 127
174 170
198 17
17 139
17 184
17 138
177 59
317 126
13 18
112 113
101 28
55 246
312 232
107 108
314 196
186 82
82 302
215 207
83 186
173 314
17 139
17 184
17 138
177 59
286 87
13 259 18
198 139
36 38
93 52
234 207
101 28
312 232
218 219
314 196
21 22
215 207
174 170
286 55 87
17 139
17 138
312 264
177 59
13 259 18
317 126
198 139
93 52
101 28
55 246 87
218 219
314 196
21 22
286 55 87
163 83
83 127
17 139
17 138
177 59
259 18
317 126
127 302
13 18
101 28
286 55 246 87
312 232
232 264
267 73
218 219
314 196
21 22
28 85
174 170
163 83 186 127
314 93
17 139 138
177 59
198 138
74 73
13 259 18
317 126
78 309
112 113
98 99
101 28
286 55 246 87
218 219
177 188
21 22
28 85
203 256
174 170
187 73
163 83 186
314 93
17 139 138
177 59
37 70
36 38
13 18
78 309
101 28
286 55 246 87
312 232
232 264
218 219
177 188
196 73
163 186 82
82 302
187 73
163 83 186
198 17 139
17 138
37 70
317 126
149 152
36 38
13 18
78 309
101 28
55 246 87
312 232
107 108
218 219
196 73
163 82
186 82 127
302 82 127
28 85
215 207
286 55 87
83 186 127
83 127 302
220 161
17 139 138
17 184 138
173 126
259 18
198 139
317 126
36 38
13 18
78 309
201 267
28 85
286 55 246 87
66 76
42 107
234 207
173 126
17 139 138
78 309
37 70
13 18
259 18
312 232
218 219
83 186 127
17 184
262 259
302 186 127 82
126 317
101 28
177 188
163 82
36 38
196 73
98 99
101 28
286 55 246 87
232 264
218 219
196 73
95 158
66 76
83 186
83 302
17 139 138
17 184
198 138
320 73
37 70
173 126
13 259 18
317 126
78 309
93 52
98 126
101 28
286 55 246 87
218 219
196 73
186 82
82 302
95 158
215 207
83 186 127
314 51
23 162
17 139 138
17 184
198 138
126 73
262 259
173 126
277 264
13 259 18
163 127
127 302
126 99
95 158
215 207
170 174
101 28 85
286 55 87
66 76
93 95
139 138
78 309
37 70
13 259 18
218 219
163 83
83 186 127
314 51
17 138
286 246 87
262 259
302 186 127 82
174 126
98 126
93 51
177 188
163 82
196 73
23 162
101 28
286 55 246 87
218 219
196 73
163 83 186 82
83 186 82 127
215 207
174 170
314 51
23 162
17 139 138
262 259 18
37 70
177 59
13 259 18
317 126
127 302
78 309
47 48
252 267
101 28
286 246 87
312 232
218 219
163 83 186 82 127
314 51
23 162
17 139 138
177 59
198 138
320 73
201 73
262 259
37 70
13 259
259 18
317 126
78 309
47 48
252 267
101 28
286 246 87
55 246
218 219
82 302
95 158
166 145
279 155
55 108
314 51
23 162
17 139 138
177 59
198 138
320 73
262 259 18
13 259
252 267
55 246 87
17 139 138
78 221
37 70
262 259 18
13 259 18
218 219
166 269
166 145
163 83 186
83 82
314 51
198 138
286 246 87
163 186 127
127 82
126 317
101 28
82 302
123 264
320 73
163 186 302
21 22
23 162
100 73
101 28
286 55 246 87
312 232
218 219
21 22
186 82 302
163 83
83 186 302
23 162
254 207
17 139 138
198 138
320 73
262 259
13 259 18
309 221
320 184
317 126
54 73
101 28 85
286 55 246
218 219
21 22
82 302
95 158
174 170
286 55 87
163 83 186
163 186 302
23 162
198 17
17 139 138
177 59
320 73
262 259
173 126
259 18
317 126
13 18
54 185
101 28
286 55 246
312 232 264
232 241
241 236
218 219
59 188
21 22
82 302
42 85
28 85
95 158
286 55 87
180 73
163 83 186
163 186 302
23 162
177 59
17 139 138
262 259
259 18
317 126
13 18
241 236
252 267
40 39
28 85
286 55 246
239 88
59 188
17 139 138
132 31
112 113
259 18
232 264
218 219
166 269
83 186
286 87
262 259
264 284
101 28
163 277 82
82 302
21 22
23 162
163 277 186
261 88
252 267
101 28 85
215 234
170 126 317
286 55 246
55 87
93 249
177 59
59 188
198 139
17 139 138
132 31
262 259 18
13 18
218 219
83 186
83 82
168 169
174 126
264 284
21 22
23 162
163 186
27 22
241 232 236
252 267
101 28 85
170 126
286 55 246
55 87
249 152
177 59
17 139 138
312 232 236
236 264
132 31
262 259 18
13 259 18
218 219
166 145
163 83
174 126
82 302
43 15
189 73
21 22
23 162
27 22
312 241 232 264
252 267
101 85
215 234
170 126
286 55
55 246
55 87
249 224
177 59
173 126
166 323
17 139
37 70
262 259 18
13 259 18
218 219
83 186
198 17 138
220 161
168 169
174 126
47 48
101 28
163 82
82 302
43 15
317 184
21 22
23 162
163 186
27 22
252 267
101 28
101 85
286 55 246
312 232 241
232 241 236
232 264 236
83 82
82 127
166 145
174 170
55 87
23 162
198 17 139 138
249 224
177 59
262 259 18
37 70
13 259 18
312 241 236
241 232 236 264
252 267
101 85
170 98
286 55 246
55 87
239 88
249 224
177 59
323 22
17 139 138
37 70
262 259 18
13 259 18
218 219
163 83
198 17 138
220 161
180 292
101 28
82 302
7 76
73 183
21 22
23 162
312 241 232 236
241 232 236 264
252 267
215 234
215 207
170 184
286 55 246
55 87
239 88
177 59
59 188
249 224
323 22
198 17 139
17 139 138
294 253
37 70
262 259 18
13 259 18
218 219
163 83
83 127
186 127 302
168 169
174 126
174 99
101 28
82 302
7 76
177 231
73 183
36 38
100 177
196 73
21 22
23 162
312 241 232 236
252 267
286 55 246
286 55 87
66 76
249 224
173 126
198 17 139
132 31
294 253
37 70
262 259 18
13 18
232 264
83 277
314 51
17 138
220 161
277 186 127
127 302
309 221
174 126
177 99
101 28
87 171
82 302
7 76
73 183
36 38
174 98
156 143
21 22
23 162
163 277
241 232 236
101 85
286 55 246
55 87
239 88
126 59
198 139 138
17 139 138
236 264
132 31
37 70
262 259 18
13 259 18
218 219
83 277
186 127
174 99
123 264
189 320
36 38
100 177
189 73
174 98
196 73
23 162
277 186
261 88
163 277
241 232
241 236
252 267
66 85
42 85
286 55 246
55 87
239 88
126 59
17 139
236 264
132 31
37 70
262 259 18
218 219
83 277
198 17 138
13 259
177 126
101 28
277 82
100 177
100 73
189 73
196 73
23 162
276 280
163 277
241 236
252 267
66 85
215 234
215 207
170 73
286 55
55 246
55 87
55 108
66 101
42 28
239 88
173 99
173 73
17 139 138
232 236
236 264
132 31
37 70
13 259 18
218 219
314 51
198 17 138
262 259
220 161
168 51
100 126
277 82
268 272
100 177 73
23 162
277 186
27 22
305 276
241 236
252 267
28 85
215 234
215 207
286 55 108
249 224
177 59
17 139 138
232 236
236 264
37 70
13 18
259 18
198 138
286 246
262 259
220 161
186 127
98 126
126 196
98 99
268 272
272 280
174 189
23 162
177 317
163 277
252 267
28 85
215 234
170 59
95 158
55 108
239 88
249 224
173 177
168 95
17 139 138
312 236
232 236 264
37 70
262 259 18
166 145
100 125
177 125
198 17 138
13 259
220 161
163 186 127
127 302
98 126 99
174 99
171 231
277 82
268 272
272 280
277 302
184 196
174 189
163 277 186
23 162
177 317
312 241
252 267
101 85
215 234
170 126
286 55
239 88
59 171
173 126
168 95
17 139
312 232 236
236 264
78 309
132 31
294 253
37 70
100 125
125 98
198 17 138
286 107
262 259
220 161
186 127
309 221
174 171
171 183
177 317 188
277 82
184 73
23 162
163 277
312 241 236
252 267
286 85
101 85
87 85
215 234
170 173
170 126
286 55 108
55 87
239 88
249 224
17 139
132 31
37 70
232 264
166 145
198 17
17 138
13 259
220 161
110 264
186 127
127 302
309 221
101 107
171 196
171 73
177 188
277 82
7 76
184 73
317 107
23 162
277 186
27 22
177 317
163 277
241 236
252 267
101 85
215 234
170 173
286 55
55 108
249 224
323 22
17 139
232 236
236 264
132 31
37 70
312 232
166 145
198 17
17 138
13 259
186 127
309 221
126 317
177 188
163 277 82
82 302
7 76
305 272
177 317 107
277 186
27 22
312 241 236 264
252 267
120 275
95 158
215 234
170 177 126
167 25
286 55
55 108
92 42
101 28 85
239 88
249 224
17 139
232 236
132 31
37 70
218 219
174 125
125 98
198 17 138
286 87
262 259
110 284
92 127
36 127
309 221
126 317
171 73
177 188
184 73
317 107
23 162
277 186
241 236 264
252 267
194 85
101 85
28 85
215 234
167 25
55 246
55 108
239 88
249 224
92 8
173 188
194 323
305 95
198 17 139
232 236 264
78 309 221
132 31
218 219
135 56
125 73
83 82
198 17 138
262 259
177 126 317
47 92
7 76
120 51
184 196 73
174 196
27 21
277 186
163 277
241 232 236 264
252 267
215 234
170 126
55 108
239 88
173 188
305 95
198 17 139 138
232 110 236 264
78 221
37 70
218 219
166 145
135 56
125 189
125 98
125 73
83 277
277 127
126 317
184 73
317 107
174 73
277 186
163 277
305 301
241 232 236
241 236 264
252 267
238 267
215 234
170 177
55 108
239 88
194 323
305 95
198 17 139
17 139 138
78 309
294 253
37 70
218 219
166 269
166 145
135 56
220 161
126 317
98 99
177 188
188 260
277 82
174 183
277 186
261 88
47 48
100 107
215 234
98 99
71 81 80
241 232 236
196 73
277 186 82
166 145
55 108
294 253
220 161
198 17 138
17 139 138
177 59
264 236
317 73
184 73
149 152
305 95
78 309
47 48
100 83
98 317
312 241
241 236
312 232
171 73
196 73
277 82
166 145
215 207
55 108
294 253
277 186
198 17
17 139
17 138
177 59
312 264
37 126
37 127
177 126
163 277
309 221
305 95
78 309
305 301
47 48
14 124
128 81
312 241
238 267
23 169
312 232
186 82
166 145
170 173
55 108
135 56
198 17
17 139
17 138
262 259
78 221
309 221
305 95
14 124 127
312 241 232
241 232 264
215 207
215 296
170 173
239 88
173 317
305 95
198 17 139
78 221
194 73
166 269
166 145
17 138
262 259
220 161
309 221
98 99
123 284
237 284
47 48
277 186 82
261 88
277 56
14 124
124 127
98 99
128 81
246 18
277 82
166 269
128 72
170 173
166 145
55 87
55 18
174 126
277 186
237 284
198 17 139 138
239 88
110 264
194 73
305 273
173 317
163 277
149 152
305 95
241 236
241 264
314 275
170 173
170 107
55 246
55 87
55 18
144 95
239 88
7 8
323 205
305 95
198 139
17 139
139 138
14 277
14 127
194 260
175 127
166 145
262 259
123 110
309 221
126 62
123 284
237 284
47 48
277 186 82
128 81
305 273
149 152
36 38
163 277
14 124 175
14 124 127
241 236
170 173
55 246 87
55 18
177 59
323 321
305 95
198 139
17 139
139 138
236 264
194 73
218 219
166 145
125 126
262 259
56 127
309 221
100 188
277 82
128 81
305 273
189 183
36 38
277 186
260 73
63 156
163 277
14 124 135 175
14 124 135 127
241 236
170 173
305 144
198 17 139
236 284
194 73
37 70
166 145
309 221
47 48
277 82
7 76
128 81
237 264
246 87
123 264
149 152
36 38
277 186
260 73
163 56
14 124 127
124 175
123 241
241 236 264
241 264 284
170 173
170 107
55 87
17 139
161 57
194 73
258 205
87 18
218 219
166 145
314 51
198 17
98 99
277 186 82
128 81
305 273
149 152
163 277
163 56
14 124 135
14 124 175
124 135 127
124 175 127
241 236 264
275 51
176 209
173 98
323 304
17 139
194 73
112 113
258 205
37 70
166 145
83 186
309 221
47 48
277 82
305 273
178 179
149 152
277 186
163 277
163 56
14 124 175
14 124 127
241 236
119 275
11 235
170 173
55 87
239 88
302 209
198 139
17 139 138
236 264
78 309 221
112 113
98 258
258 205
258 171
166 145
163 83
83 186
324 302
56 127
47 48
128 72
305 273
178 179
178 302
149 152
71 81
119 120
167 271
119 51
305 301
14 124 175
124 127
241 236 264
11 235
55 87
29 184
144 273
302 209
323 304
198 17 139 138
178 176
14 56
78 309 221
31 178
258 205
37 70
166 145
83 277 186
314 51
13 259
110 264
56 127
80 81
171 184
277 82
246 87
178 302
149 152
163 277
163 56
14 124 135 127
124 135 175 127
241 236
11 235
170 173
55 87
81 155
7 8
302 178 209
323 304
17 139
110 236
14 258
258 205
246 18
72 18
87 18
166 145
163 83 186 82
314 51
17 138
198 138
132 324
262 259
110 284
309 221
123 284
163 277 186 82
305 273
178 179
149 152
71 167
92 48
14 124 135 127
124 135 175 127
11 235
286 55
55 246 72
55 72 87
29 220
266 181
144 273
239 88
81 155
7 8
48 8
302 209
17 139
236 264
178 176
176 302
132 31
112 113
292 258
258 205
286 18
246 72 18
72 87 18
312 232
166 145
314 51
17 138
262 259
277 82
305 273
179 238
179 261
149 152
108 302
36 48
277 186
163 277
14 124 135 127
124 135 175 127
306 11
241 110 236
55 246
55 72
55 18
302 178 209
323 304
110 236 264
178 176 302
194 72
31 178
258 205
37 70
87 18
314 51
198 17
17 138
262 259
132 220
120 80
277 82
186 82
132 221
72 87
179 261
149 152
71 167
167 27
186 56
163 277
277 56
312 123
14 124 135
14 124 175
266 241
241 110
241 236 264
11 235
55 18
29 86
29 58
305 144
302 209
323 304
104 90
194 72
31 178
292 258 205
87 18
266 312
312 232
166 145
135 127
83 186
92 130
198 17
17 138
262 259
221 220 161
71 167 40 22
186 82
7 76
132 302
246 87
178 108 302
149 152
27 22
14 124 135 127
14 124 175
266 241
241 236 264
11 235
37 239 88
92 8
302 209
323 304
132 176
178 176
104 90
194 72
31 178 302
312 232
17 138
110 264
71 167 40 22
7 76
132 302
312 264
179 240
221 161
149 152
277 186
27 22
163 277
14 124 135 127
14 124 175 127
241 232
241 236
123 267
132 58
239 88
166 145 323 304
104 90
78 57
78 108
194 72
87 18
266 261
135 56
198 17 138
262 259
71 167 40
277 186 82
277 56 82
7 76
179 261
71 167 22
163 277 186
27 22
43 124
241 232
170 107
286 55
132 58
239 88
302 209
145 323
323 304
232 236
104 90
175 57
194 72
258 205
37 70
266 284
166 145
163 83
314 51
17 138
198 138
286 87
40 22
163 82
56 82
7 76
178 179
163 186
186 56
27 22
163 277
277 56
11 235
286 55
239 88
176 209
302 209
323 304
31 176
232 236
175 57
104 90
194 72
112 113
232 110
166 145
135 277
135 15
179 146
17 138
286 87
262 259
92 94
47 108
80 108
7 76
149 152
36 38
71 167
14 124
241 110
241 236
252 267
267 232
267 239
95 158
170 173
170 78
266 239
323 304
139 138
194 72
194 186
258 205
37 70
175 127
266 88
312 232
166 145
135 130
135 15
83 15
17 138
37 178
262 259
47 80 108
40 22
82 88
7 76
43 186
178 179
36 38
71 167
27 22
261 88
261 56
241 236
168 158
95 158
215 207
170 107
286 55
29 86
239 56
323 304
17 139 138
186 57
194 72
258 205
51 52
166 145
135 292
135 15
198 138
47 80 72
80 108
261 82
7 76
87 36
71 167
92 48
261 240
310 282
71 167
47 80
252 277
323 304
162 275
275 223
170 171
171 73
208 256
168 158
170 173
135 15
215 207
17 139
17 138
184 73
178 179
168 95
36 38
258 205
124 325
241 236
168 95 158
200 207
203 207
208 207
199 256
323 304
208 254
104 90
258 205
135 15
17 138
262 259
292 127
10 235
9 141
47 107
47 108
80 107
80 108
171 73
246 87
178 179
184 73
196 73
241 236
267 56
168 158
203 208 207
323 304
17 139 138
175 127
258 205
277 232
232 82
232 245
166 145
135 15
172 141
178 130
10 235
316 141
47 80
47 107
40 27
171 73
246 87
178 179
71 167
184 73
167 22
196 73
14 124
241 236
168 158
278 136
286 55
167 151
29 86
203 208 207
207 263
173 317
199 256
323 304
17 139 138
104 90
258 205
266 135
166 145
135 15
43 83
178 130
262 259
10 235
47 107
294 227
171 73
7 76
246 87
264 15
178 179
149 152
71 167
184 196 73
312 15
14 124
241 236
266 267
267 56
286 55
203 207
323 304
104 90
178 130
17 138
262 259
10 235
47 80
47 237
213 248
122 82
7 76
43 264
246 87
264 15
178 179
149 152
71 167
184 73
196 73
312 15
241 236
43 135 267
267 264
215 213
286 55
203 207
323 304
47 80 237 111
104 90
258 205
135 15
178 130
17 138
281 235
213 248
7 76
147 297
178 179
149 152
71 167
196 73
271 22
312 15
13 259 306
241 236
267 56
267 264
215 213
286 55
155 22
307 142
323 304
17 139 138
47 80 111
104 90
258 205
232 325
166 145
43 135 15
47 237
9 316
122 82
7 76
147 297
246 87
149 152
71 167
208 297
196 73
271 22
312 15
13 259 306
241 236
43 267
267 264
286 55
155 22
323 304
17 139
104 90
258 205
200 96
166 145
135 15
178 130
17 138
198 138
286 246
213 257
257 248
47 80
122 82
7 76
149 152
71 167
196 73
13 259 306
241 236
286 55
29 86
261 239
155 22
323 304
17 139
47 111
104 90
14 277
258 205
166 269
43 135
135 312 15
17 138
286 246
213 257
10 235
281 235
80 73
40 22
171 82
7 108
7 76
43 264
149 152
71 167
261 240
13 259 306
241 236
135 267
267 264
55 87
261 239
155 22
323 304
277 247
261 247
17 139
47 111
104 90
14 277
258 205
294 256
266 277
166 269
43 135
135 312 15
178 130
17 138
286 246
281 235
47 237
40 22
213 248
7 76
246 87
264 15
178 179
149 152
71 167
241 236
135 267
267 264
275 96
55 87
151 223
261 239
155 22
313 142
323 304
17 139
87 236
80 111
14 277
258 205
234 256
252 88
232 325
166 269
166 145
43 135 15
135 312 15
314 51
178 130
198 17 138
286 246 87
13 259
281 235
47 80 237
213 248
43 264
178 179
149 152
71 167
241 236
146 275
95 158
215 283
55 88
261 239
155 22
323 304
198 139 138
17 139 138
47 80 111
234 283
104 90
14 277
234 256
258 205
232 88
166 269
166 145
135 15
178 130
286 87
13 259
47 80 237
178 179
149 152
71 167
92 48
277 261
312 15
148 297
241 236
267 56
267 264
146 275
95 158
55 246
55 88
261 239
155 22
323 304
14 277
234 256
258 205
175 127
232 325
166 269
135 15
178 130
17 138
286 87
13 259
7 76
147 297
178 179
71 167
312 15
71 167
167 47
167 40
148 297
148 263
124 277
241 236
232 325
323 304
259 306
166 269
95 158
7 76
178 130
17 139
17 138
112 273
178 179
14 277
13 259
258 205
71 167 47
167 40
147 297
297 263
232 325
323 304
259 306
120 275
146 275
104 90
23 162
17 139
17 138
237 245
155 22
23 24
6 18
13 259
149 152
258 205
148 306
124 135
259 306
241 236
146 275
275 96
55 88
29 86
155 22
108 8
307 142
128 74
323 304
198 139 138
17 139 138
104 90
258 205
232 325
135 56
314 51
286 87
297 263
147 297
71 167
23 162
23 24
148 159
148 199
275 96
55 88
155 22
128 74
323 304
135 247
247 264
17 139 138
110 111
104 90
14 312
258 205
266 135
135 56
198 138
286 87
297 263
10 235
316 141
80 81
147 297
23 162
23 24
148 199
241 110
95 164 158
323 304
17 139 138
135 247 56
14 135
112 216
258 205
175 127
166 145
35 146
314 51
286 87
147 297 263
10 235
149 152
71 167
271 22
23 24
71 167
167 22
148 199
297 263
323 304
307 142
275 96
166 145
55 88
172 141
314 51
10 235
17 139
17 138
155 22
286 87
198 138
175 127
112 216
258 205
71 167
9 316
80 81
147 297
297 263
10 235
243 147
172 141
314 51
135 83
17 139
261 239
198 138
13 259
270 95
247 56
175 127
258 205
14 124
9 316
80 81
147 297
259 306
107 108
10 235
314 51
17 139
17 138
270 95
175 127
258 205
9 316
80 81
10 235
314 51
198 17
17 139
198 138
270 95
258 205
148 297
14 124
13 107 108
107 138
166 145
128 25
10 235
314 51
17 139 138
286 87
51 52
318 22
198 138
262 259
13 259 108
270 95
258 205
148 297
80 81
259 306
306 107
128 25
25 22
55 88
314 51
23 162
17 139 138
286 87
318 22
198 139 138
262 259
13 259
270 95
258 205
148 297
14 124
316 141
259 306
10 235
147 263
314 52
17 139 138
51 52
198 139 138
262 13
159 199
199 198
13 259
259 108
270 95
71 263
258 205
148 297
14 124
81 74
13 259 306
128 271
314 51
259 108
198 139
258 205
71 167
14 124
314 51 52
17 139
262 13
262 259
198 139
270 95
90 20
258 205
14 124
13 306
241 236
10 235
66 94
66 8
314 51
104 20
17 139
261 239
286 87
51 52
198 139
270 95
90 20
212 45
258 205
14 124
13 306
241 236
323 304
279 22
314 51
198 17 139
51 52
159 199
270 95
90 20
258 205
14 124
306 107
241 236
107 108
10 235
314 51
198 17 139
261 239
51 52
139 138
262 259
159 199
13 259
323 263
270 95
90 20
258 205
14 124
13 306
259 306 107
241 236
107 108
314 51
17 139
261 239
262 259
262 108
90 20
258 205
71 167
14 124
259 306
241 236
107 108
10 11
11 235
166 145
17 139
261 239
262 13 259
270 95
90 20
258 205
166 145
55 88
314 51
314 52
17 139
261 239
286 87
198 139
323 263
270 95
90 20
258 205
14 124
241 236
166 145
314 51
145 144
261 239
17 139
90 20
258 205
14 124
316 141
166 145
172 141
314 51
145 144
17 139
261 239
270 95
90 20
258 205
14 124
9 269
166 145
172 141
314 51
145 144
17 139
261 239
92 48
270 95
90 20
175 127
258 205
14 124
172 141
314 51
145 144
198 17
17 139
108 8
262 259
90 20
258 205
14 124
9 316
166 145
7 8
172 141
314 51
145 144
17 139
261 239
262 259
90 20
258 205
9 316
166 145
7 8
314 51
198 17
17 139
261 239
92 48
257 263
90 20
258 205
9 316
166 145
7 8
55 88
314 51
261 239
262 13
257 263
270 95
90 20
258 205
9 316
316 172
166 145
7 8
314 51
198 17 139
262 13
199 198
90 20
258 205
7 8
166 145
314 51
261 239
262 13
262 259
270 95
90 20
258 205
9 316
7 107
166 145
314 51
17 139
262 13
262 259
198 139
270 95
90 20
258 205
9 316 141
166 145
314 51
198 17 139
262 13
257 263
199 198
149 152
270 95
90 20
258 205
166 145
314 51 52
17 139
262 13
198 139
149 152
270 95
90 20
258 205
9 316
166 145
172 141
314 51
17 139 138
261 239
51 52
198 139 138
262 13
270 95
149 152
90 20
258 205
9 316
316 141
166 269
172 141
314 51 52
198 17 139
198 17 138
261 239
92 48
199 198
90 20
258 205
71 167
14 124
9 316 141
172 141
314 51 52
198 17 139 138
262 13
13 259
199 198
270 95
90 20
258 205
14 124
9 316 141
55 88
314 51
198 17 139
261 239
139 138
13 259
270 95
149 152
90 20
258 205
9 316 141
107 108
55 88
172 141
314 51 52
198 17 138
17 139
262 13
149 152
270 95
90 20
258 205
9 316 141
172 141
314 51 52
198 17 138
17 139
261 239
149 152
90 20
258 205
9 316 141
314 51 52
198 17 138
262 13
262 259
198 139
90 20
258 205
9 316
316 141
9 172
314 51 52
198 17 139 138
13 259
270 95
90 20
258 205
9 316
316 141
7 76
9 172
166 145
135 83
314 51 52
145 144
198 17 138
13 259
149 152
270 95
90 20
175 127
258 205
71 167
76 85
7 76
166 145
135 83
314 51 52
104 20
17 139 138
198 138
149 152
270 95
90 20
175 127
258 205
266 247
14 124
166 145
145 144
198 17 139
198 17 138
13 259
149 152
90 20
258 205
323 304
172 141
314 51
17 139 138
198 138
262 13
13 259
149 152
270 95
175 127
258 205
66 8
172 141
314 51
145 144
17 139
17 138
261 239
198 138
262 13
13 259
149 152
270 95
258 205
71 167
148 147
144 269
166 145
9 172
135 56
314 51
145 144
198 17 139
198 17 138
262 13
149 152
71 167
148 147
166 145
172 141
314 51
145 144
104 20
198 17
17 138
262 13
149 152
270 95
71 167
35 297
323 304
7 76
166 145
172 141
314 51
145 144
104 20
198 17 138
262 13
262 259
243 259
149 152
270 95
71 167
122 82
35 297
7 76
166 145
172 141
314 51
145 144
17 138
198 138
262 13
262 259
243 259
149 152
270 95
35 297
323 304
166 145
172 141
314 51
145 144
17 139 138
198 139 138
159 199
149 152
258 205
166 145
35 147
172 141
314 51
145 144
198 17 139
198 17 138
262 259
199 198
149 152
270 95
71 167
148 147
148 297
148 138
166 145
314 51
145 144
198 17 139 138
286 87
262 13
270 95
258 205
14 124
7 66
166 145
35 147
66 108
66 76
172 141
145 144
104 20
198 17 139
198 17 138
314 51
286 87
262 13
13 259
199 198
270 95
176 302
258 205
323 304
166 145
132 31
35 147
66 76
172 141
145 144
314 51
198 17 139
198 17 138
286 87
262 13
13 259
270 95
258 205
32 115
323 304
35 147
66 76
172 141
145 144
314 51
198 17 139
198 17 138
262 13
149 152
270 95
32 115
14 124
4 107
146 275
7 4
7 66 76
166 145
172 141
145 144
104 20
198 17 139
198 139 138
270 95
149 152
32 115
14 124
323 304
4 107
146 275
145 144
104 20
17 139 138
198 139 138
13 259
270 95
149 152
176 302
32 115
14 124
4 107
7 76
166 145
132 31
9 141
145 144
104 20
198 17 139
198 17 138
262 13
149 152
176 302
258 205
148 35 297
32 115
4 107
146 275
166 145
132 309
145 144
104 20
198 17 139 138
261 239
309 58
302 209
262 13
262 259
270 95
149 152
176 302
258 205
148 35
32 115
14 124
4 107
146 275
7 76
166 145
58 209
145 144
198 17 139
198 17 138
261 239
104 218
104 20
302 209
262 259
6 18
13 259
149 152
270 95
94 127
258 205
148 35
148 147 297
32 115
4 107
7 76
166 145
145 144
104 20
17 139
17 138
198 138
176 209
302 209
13 259
198 139
149 152
218 224
258 205
148 35
148 297
32 115
4 107
7 8
7 76
166 145
66 108
66 76
145 144
17 139
17 138
13 259
198 139
149 152
270 95
258 205
148 35
148 297
316 66
147 297
4 107
146 275
166 145
145 144
4 130
17 139
17 138
286 87
198 138
176 209
149 152
148 35
148 297
32 115
14 124
122 82
147 297
76 85
166 145
145 144
104 20
286 87
17 139 138
198 138
176 209
262 13
31 116
78 57
258 205
71 167
148 35
148 297
14 124
147 297
7 107
146 275
166 145
132 58
145 144
198 17 138
104 20
286 87
176 209
4 31
78 57
148 35
32 115
14 124
147 297
323 304
219 273
7 76
132 58
166 145
172 141
145 144
104 20
163 186
286 87
198 138
302 209
270 95
148 35
32 115
14 124
147 297
146 275
7 76
166 145
145 144
104 20
198 17
17 139 138
286 87
312 264
302 209
31 116
270 95
149 152
32 115
316 66
241 236
323 304
146 275
7 76
166 145 144
104 20
17 139
17 138
286 87
198 138
302 209
198 139
31 116
270 95
149 152
176 302
148 35
32 115
147 297
146 275
7 76
166 145 144
17 139
17 138
286 87
302 209
257 263
198 139
31 116
270 95
149 152
78 57
32 115
14 124
66 101
147 297
146 275
166 145
9 172
163 66
66 161
145 144
17 138
163 186
286 87
302 176 209
4 108
221 28
31 116
149 152
270 95
36 38
175 57
14 124
316 66
35 297
7 76
166 145
191 161
145 144
17 138
286 87
198 138
4 108
221 28
31 116
149 152
36 38
176 302
175 57
32 115
14 124
316 66
122 82
229 226
309 101
166 145
191 161
145 144
4 130
198 17 138
286 87
4 108
221 28
198 139
31 116
149 152
176 302
175 57 127
32 115
316 66
14 124
122 82
35 297
147 297
323 304
7 76
9 172
166 145
191 161
145 144
104 20
17 138
198 138
31 116
116 176
149 152
270 95
176 302
175 57
57 127
32 115
316 66
14 124
107 108
7 76
166 145
191 161
161 36
4 130
198 17 138
17 139
302 209
149 152
36 38
175 57
71 167
32 115
14 124
316 66
35 297
7 76
166 145
136 305
191 161
161 36
145 144
4 130
198 17 139
198 17 138
286 87
92 108
149 152
270 95
175 127
175 57
32 115
316 66
166 269
278 305
166 145
136 305
145 144
4 130
198 17
17 139
17 138
4 8
31 116
149 152
270 95
175 57
57 127
176 302
148 297
32 115
316 66
14 124
35 297
166 269
278 305
9 172
166 145
181 233
145 144
198 17 138
4 8
176 209
198 139
149 152
176 302
175 127
175 57
71 167
148 35
32 115
316 66
14 124
35 297
323 304
166 269
278 305
9 172
166 145
7 8
161 36
145 144
186 57
286 87
198 17 138
17 139
4 8
176 209
149 152
176 302
270 95
175 57
148 297
32 28
32 115
316 66
14 124
147 297
323 304
166 269
166 145
9 172
7 108
7 8
161 36
181 233
23 162
286 87
198 17 138
17 139
145 144
176 209
191 36
31 116
270 95
176 302
32 28
32 115
14 124
316 66
78 101
147 297
323 304
166 145 269
166 145 144
9 172
191 161
17 139 138
186 175
286 87
198 138
302 176 209
31 116
270 95
163 78
14 124
66 316
145 144
176 209
270 95
17 139
176 302
31 116
186 175
166 269
166 145
9 172
172 141
198 17 138
286 87
108 127
32 28 115
122 82
7 108
147 297
149 152
36 38
71 167
161 36
148 297
32 28 115
243 229
316 66
14 124
147 297
323 304
166 269
166 145
66 108
161 36
145 144
198 17 138
17 139
302 176 209
199 198
149 152
32 28
32 115
243 229
316 66
122 82
14 124
166 145
181 233
145 144
4 130
198 17 138
17 139 138
302 176 209
31 116
120 95
149 152
258 205
148 35
32 28
243 229
316 66
14 124
166 145
161 38
145 144
4 130
17 139
17 138
186 57
302 176 209
31 116
28 115
149 152
36 38
175 57
258 205
32 28
316 66
35 297
323 304
166 145
7 8
181 233
161 36
17 139 138
286 87
302 176 209
31 116
28 115
198 139
149 152
175 57
148 35
32 28
316 66
323 304
166 269
166 145
7 8
181 233
58 186
17 139
17 138
286 87
176 209
31 116
28 115
149 152
176 302
175 57
148 35
148 147
148 297
42 85
66 316
181 233
176 209
323 304
17 139
176 302
175 57
31 116
166 269
166 145
9 172
172 141
130 48
17 138
286 87
262 13
32 28
122 82
7 76
149 152
321 149
163 186
148 35 297
7 85
66 316
181 233
145 144
7 8
302 176 209
323 304
270 95
17 139
175 57
31 116
166 269
166 145
172 141
130 48
17 138
286 87
163 127
186 127
262 13
32 28 115
7 76
221 161
149 152
36 38
148 35
148 297
7 85
66 316
66 36
181 233
132 58
261 239
176 209
302 209
323 304
270 95
17 139
31 116
166 269
166 145
130 48
17 138
286 87
163 127
186 127
262 13
32 28 115
221 161
149 152
107 108
148 35
148 297
32 28 115
316 66
147 297
323 304
166 269
7 8
7 76
166 145
181 233
172 141
186 127
17 139
261 239
302 176 209
262 13
31 116
149 152
163 127
36 38
148 35
148 297
32 28 115
316 66
166 269
7 8
7 76
166 145
172 141
181 233
186 127
17 139
17 138
286 87
302 176 209
31 116
149 152
71 167
148 35
148 297
32 28 115
316 66
323 304
107 108
166 269
76 85
7 8
132 58
172 141
42 76
186 127
17 139
17 138
176 209
31 116
176 302
36 38
163 127
71 167
32 28 115
316 66
107 108
166 269
76 85
7 4
7 8
42 76
309 58
163 186 127
17 139
17 138
176 209
6 18
31 116
176 302
36 38
71 167
148 297
32 28 115
316 66
35 297
107 108
7 4
7 130
132 309 58
166 145
42 76
130 48
163 186 127
17 138
302 176 209
221 220
175 57
148 297
32 28
316 66
107 108
7 4
7 8
166 145
132 309
42 76
309 58
130 48
163 186
17 139
17 138
302 176 209
31 116
36 38
71 167
148 35 297
32 28 115
316 66
78 101
147 297
323 304
107 108
7 4
166 145
186 127
17 139
17 138
302 176 209
31 116
36 38
78 108
71 167
148 35 297
32 28 115
316 66
14 124
147 297
107 108
166 269
166 145
132 58
7 8
42 76
186 127
198 17
17 139
302 176 209
178 179
31 116
36 139
36 38
78 108
258 205
148 35 297
32 28 115
316 66
323 304
107 108
166 269
76 85
7 4
132 58
166 145
9 141
130 48
186 127
42 76
286 87
302 178 176 209
179 176 209
31 116
36 38
148 35 297
55 87
66 316 112
66 139
66 76
132 58
309 58
7 8
178 176 209
159 199
270 95
17 139
178 179 176
176 302
175 57
31 116
78 108
166 145
286 87
186 127
9 141
32 115
32 28
147 297
36 38
71 167
107 108
148 35
148 297
32 28 115
316 66 112
204 76
147 297
107 108
203 207
166 145
7 8
172 141
186 127
17 139
302 209
179 176
159 199
31 116
36 38
78 108
148 35
148 297
136 305
66 316 112
221 58
7 8
18 296
176 209
159 199
199 198
323 304
17 139
31 116
78 108
166 145
135 56
198 138
7 4
186 127
28 115
32 28
147 297
36 38
71 167
204 76
148 35
148 297
66 316 112
66 17
7 8
176 209
159 199
323 304
17 139
31 116
314 52
166 145
135 56
172 141
17 91
186 127
9 141
32 28 115
221 101
7 92
163 221
149 152
36 38
71 167
204 76
148 35
148 297
32 28 115
316 66 112
204 76
163 101
221 101
291 205
323 304
166 145
7 8
9 141
66 112 17
104 20
186 127
17 139
176 209
159 199
31 116
149 152
148 35
66 316 112
176 209
323 304
17 139
178 176
104 20
31 116
78 108
291 205
166 145
172 141
221 220
186 127
262 13
32 28 115
163 221 101
178 179
178 302
149 152
36 38
71 167
204 76
107 108
148 35 297
66 316 112
203 207
176 209
323 304
17 139
178 176 302
31 116
78 108
258 205
9 106
166 145
286 87
186 127
32 28
163 101
221 101
147 297
179 41
321 152
36 38
204 76
148 35
148 297
32 28
316 66 112
221 101
220 101
147 297
323 304
166 269
203 208 207
166 145
9 106
130 48
186 127
17 139
302 209
178 176
179 41
31 116
28 115
176 302
258 205
148 35 297
66 316 112
203 208 207
207 263
178 176 209
302 209
159 199
323 304
270 95
17 139
31 116
258 205
291 205
166 269
166 145
186 127
28 115
32 28
221 101
101 79
179 41
163 79
108 79
36 38
204 76
71 167
148 297
32 28
316 66
316 112
221 101
35 297
323 304
166 269
203 207
166 145
181 41
23 162
17 139
186 127
178 176 209
179 41
221 220
28 115
159 254
31 116
176 302
270 95
36 38
148 297
55 87
66 316 112
256 207
8 41
176 209
323 304
270 95
17 139
178 176
176 302
104 20
31 116
203 256
208 256
166 269
166 145
35 297
243 259
186 127
208 263
262 13
28 115
32 28
316 41
163 101
101 79
55 87
66 112
208 256 207 263
176 209
323 304
270 95
17 139
178 176
176 302
104 20
31 116
316 112
203 208 256
166 269
166 145
259 216
186 127
262 13
28 115
32 28
41 91
147 297
71 167
204 76
148 35
148 297
215 203 256
215 208 256
215 207
55 87
66 316 112
176 209
323 304
270 95
17 139
178 176
176 302
104 20
78 107
78 108
31 116
166 269
259 216
186 127
208 263
28 115
32 28
316 101
41 91
163 79
204 76
32 28
316 66 112
204 76
101 41
101 85
147 297
323 304
41 91
203 256
208 263
55 87
179 181
186 127
17 139
176 209
178 176 302
259 216
31 116
28 115
71 167
32 28
316 66 112
204 76
323 304
41 91
215 208
215 203
215 263
294 254
179 181
66 28
104 20
186 127
17 139
176 209
178 176 302
259 216
31 116
28 115
148 35
32 28
204 76
323 304
41 91
215 208
215 203
186 127
17 139
261 239
176 209
178 176
259 216
31 116
270 95
176 302
71 167
32 28
316 112
204 76
35 297
323 304
41 91
215 208
215 203
7 66
166 145
186 127
17 139
302 176 209
178 176 302
28 115
32 28
316 112
204 76
323 304
41 91
215 208
215 203
215 256
186 127
17 139
178 176 209
302 176 209
31 116
270 95
78 108
32 28
204 76
291 205
241 236
78 107
323 304
41 91
215 208
215 203
215 256
186 127
17 139
312 264
178 176 209
302 176 209
159 199
270 95
163 108
258 205
310 303
32 28
9 316
316 112
323 304
78 107
41 91
215 208
215 203
215 207
215 263
145 144
186 127
17 139
286 87
302 176 209
178 176
159 199
270 95
78 108
310 303
148 35
148 297
32 28
215 234 256
204 76
9 316
323 304
41 91
215 208
9 112
203 256
145 144
186 127
17 139
286 87
302 178 176 209
159 199
31 116
28 115
270 95
148 35
148 297
215 257
145 144
178 209
302 209
159 199
323 304
270 95
17 139
178 176
176 302
31 116
9 316 112
203 256
310 303
166 145
172 141
314 51
17 138
186 94 127
32 28
41 91
204 76
148 35
148 297
32 28
9 316 112
204 76
147 297
323 304
41 91
215 257
166 145
4 66
104 20
186 94 127
178 176 302
159 199
31 116
270 95
148 35
148 147 297
32 28
9 316 112
204 76
41 91
203 256
166 145
179 181
186 94 127
261 239
286 87
139 138
178 176
31 116
255 254
28 115
270 95
176 302
90 20
159 198
148 35 297
176 209
159 199
323 304
255 254
270 95
139 138
178 176
176 302
104 20
31 116
78 108
9 316 112
203 256
135 83
4 130
17 138
286 87
186 94 127
28 115
32 28
41 91
148 35
148 297
4 66 130
179 181
178 209
323 304
270 95
178 176
104 20
31 116
78 108
9 316 112
203 256
17 138
286 87
186 94 127
208 263
28 115
32 28
41 91
178 302
154 143
148 35
148 297
32 28
9 316 112
323 304
203 256
4 66 130
186 127
261 239
104 20
286 87
176 209
178 31 116
178 116 176
178 176 302
175 57
78 108
148 297
32 28
9 316 112
323 304
66 130
4 130
186 127
286 87
104 90
104 20
176 209
178 31
178 116 176
116 176 302
28 115
270 95
78 108
71 167
148 35
148 297
32 28
9 316
199 204
147 297
323 304
215 255
9 112
203 256
135 83
104 90
186 127
17 138
286 87
178 31 116
178 116 176
178 176 302
159 199
28 115
292 205
90 20
78 108
148 35
148 297
215 254
200 131
131 227
323 304
270 95
159 139
178 116 176
176 302
104 90 20
31 178 116
78 108
9 112
203 256
17 138
286 87
4 94
186 127
208 263
32 28 115
9 316
9 113
200 131 227
148 35 297
32 28
9 316
316 113
323 304
203 256
179 181
130 76
186 127
104 90
104 20
286 87
302 209
178 116 176
116 176 302
28 115
270 95
78 108
94 76
148 35 297
32 130 28
32 115
316 112
323 304
203 256
9 112
215 257
166 145
92 66
186 127
104 90 20
286 87
302 176 209
178 116 176
178 176 302
31 116
149 152
270 95
78 108
310 303
200 227
148 297
32 28 115
9 316
323 304
131 227
144 269
203 256
9 112
9 113
17 139
186 127
104 90 20
130 28
286 87
302 209
178 31
178 116
178 176 302
149 152
270 95
78 108
148 297
32 28
9 316
323 304
166 269
145 269
203 256
9 112 113
166 144
145 144
186 127
17 139
130 28 115
104 90
286 87
139 138
302 209
243 216
178 116 176
178 302
31 116
149 152
90 20
78 108
200 227
32 28 115
9 316
323 304
78 107
166 269
203 256
7 4
166 145 144
9 113
4 66
186 127
17 139
17 138
130 28
104 90
302 209
178 31 116
178 116 302
198 139
270 95
90 20
78 108
310 303
32 28 115
9 316
323 304
78 107
166 269
7 4
9 112 113
166 145 144
215 257
4 66
314 51
186 127
17 139 138
130 28
104 90
302 209
178 116
178 302
31 116
90 20
163 127
78 108
310 303
32 28
203 204
323 304
166 269
7 4
166 145
172 273
4 66
145 144
104 90 20
17 139 138
130 115
243 216
178 31 116
178 116 176
302 209
221 220
116 302
28 115
163 127
78 108
310 303
148 297
32 115
243 226
13 226
323 304
166 145 269
166 145 144
4 66
186 127
17 139
17 138
104 90
104 20
130 28 115
6 18
178 176
178 302
302 209
31 116
116 176
116 302
149 152
163 127
112 113
148 35
4 66
145 144
323 304
270 95
120 95
17 139 138
31 116 176
178 176 302
116 176 302
104 90 20
9 112
112 113
299 205
310 303
166 145 269
130 28 115
163 127
186 127
32 115
9 316
243 226
61 16
149 152
92 76
241 236
4 66
145 144
31 209
302 209
323 304
17 139 138
31 116 176
178 176
104 90
110 111
9 112 113
203 256
299 205
310 303
166 269
166 145
130 28 115
221 220
163 127
186 127
13 226
32 28 115
9 316
76 91
203 204
147 297
149 152
310 303
200 227
32 28 115
9 316
323 304
61 16
203 227
166 269
203 256
9 112
166 145
4 66
130 115
17 139
17 138
299 205
286 87
302 209
178 176 302
31 116 176
149 152
31 176 302
163 127
270 95
94 85
4 66
144 269
323 304
17 139 138
31 178 176
31 176 302
116 176
104 20
9 112
112 113
203 256
299 205
310 303
200 227
166 145
130 28
286 87
227 263
163 127
32 61 28 115
293 105
9 316
61 16
149 152
148 297
4 85
94 85
4 66
323 304
270 95
17 139 138
178 176 302
104 90
104 20
9 316 112
203 256
204 256
6 18
310 303
166 269
166 145
130 61
286 87
227 263
163 77 127
32 61 115
61 28 115
9 113
149 152
116 302
112 11
11 142
76 85
215 257
166 144
287 142
323 304
17 139 138
178 176 302
78 108
9 316 112
203 256
6 18
310 303
166 269
166 145
32 130 61 28
203 263
208 263
163 77 127
94 76
32 61 28 115
9 113
149 152
116 302
208 204
112 11
11 235
39 269
94 85
76 85
145 144
200 207
323 304
178 176 302
116 176 302
110 111
104 20
78 107
9 112
203 256
5 18
310 303
166 145
17 138
163 77 127
9 316 235
203 263
32 61 28 115
243 226
203 208
149 152
148 35
148 297
9 316 11
112 11
76 85
136 305
42 41
145 144
94 8
287 142
199 198
323 304
178 176 302
116 176 302
78 107
203 256
299 205
5 18
6 18
200 227
310 303
269 273
166 145
130 61
17 138
203 263
9 316 235
163 77 127
32 61 28 115
147 297
149 152
148 35
148 147
9 316 11
112 11
76 85
305 150
300 18
199 198
323 304
17 139 138
178 176 302
116 176 302
78 107
78 108
31 178
31 116
112 235
203 256
299 205
6 18
310 303
166 145
166 218
198 138
286 87
145 273
208 263
316 235
163 77 127
32 61 28 115
243 226
149 152
310 303
71 167
148 297
32 61 28 115
163 77 127
323 304
227 263
76 85
208 263
130 61
144 150
198 17 139 138
299 205
305 150
178 31 116 302
178 31 176 302
159 199
149 152
163 205
305 218
78 108
310 303
200 227
200 263
32 61 28 115
77 127
323 304
112 11
203 256
208 207
179 181
130 61
198 17 139 138
305 273
178 302
31 116 302
149 152
217 290
163 127
175 57
310 303
32 61 28 115
9 316
316 11
163 77 127
227 263
112 11
203 256
203 263
9 112 235
208 207
199 17
198 17 139
198 17 138
305 273
178 31 176
178 116 176
116 176 302
292 205
149 152
31 176 302
110 111
175 57
310 303
47 97
32 61
32 115
316 11
316 235
163 77 127
112 11
215 254
203 256
42 41
305 144
198 17 139
17 138
178 176 302
292 205
116 176
270 95
217 290
112 235
149 152
28 41
112 113
310 303
32 61 115
77 127
112 11
11 235
76 85
203 256
9 112
9 113
9 235
305 144 273
17 139
299 300
176 209
178 116 176
178 176 302
179 233
31 116
270 95
217 290
163 127
175 127
149 152
148 297
9 316 11
9 112 11
28 85
42 28
208 207
299 300
176 209
270 95
198 17 139
198 139 138
178 116 176
31 178 116
9 112 235
203 256
292 205
310 303
166 145
163 127
77 127
9 316 235
13 226
32 61 115
305 273
178 302
149 152
28 41
215 148
148 147 297
112 11
113 11
42 28
208 207
176 209
270 95
17 139 138
178 116 176
116 176 302
90 20
31 178 116
31 116 302
203 256
77 175
292 205
61 33
310 303
166 269
163 127
77 127
316 235
61 115
32 61
305 273
215 148
9 316 11
9 112 11
28 85
42 28
66 94
302 176 209
17 139
31 176 302
90 20
78 108
203 204 256
208 256
292 205
163 77 175 127
211 106
32 61 33
310 303
311 282
130 115
286 87
9 235
61 115
47 97
28 41
112 11
47 85
28 85
136 272
136 273
66 94
261 239
299 300
139 138
178 116 176
176 302
78 107 108
31 178 116
112 235
203 256
175 127
211 106
32 61 33
310 303
166 145
35 147
32 130 61
130 61 115
16 17
286 87
4 48
110 88
163 77 127
13 226
47 97
326 227
299 313
149 152
28 41
148 297
241 236
316 11
112 11
47 85
97 85
215 254
278 136
136 273
66 94
66 76
299 300
198 139
116 176
176 302
31 178 116
31 302
203 256
163 77 175
61 33
200 326
310 303
314 51
130 61 115
16 17
286 87
4 48
163 77 127
316 235
326 263
262 13
13 226
32 61
101 91
307 299
149 152
92 48
28 41
148 297
241 236
112 11
211 39
47 85
215 257
215 254
278 136
66 94
66 76
47 42
323 93
323 218
198 139
178 176
116 176
176 302
31 116
9 112 113
163 77 175 127
292 205
61 33
310 303
145 269
172 141
130 61 115
16 17
286 87
9 235
316 235
13 226
32 61 115
47 28
307 299
299 313
304 273
178 108
321 149 152
92 48
48 97
116 108
28 41
112 11
47 85
107 85
215 254
66 76
47 42
208 207
299 300
198 139
178 108 176
176 302
90 20
78 79
31 116
9 112
163 77 175 127
292 205
61 33
51 52
310 303
130 61 115
16 17
221 220
9 235
47 28 41
307 299
9 113
228 287
299 313
149 152
48 97
213 255
148 297
47 85
28 85
8 85
215 203
215 35
215 254
215 256
66 76
206 176
176 302
31 116
78 79
9 112 113
9 112 235
163 77 175 127
292 205
64 33
200 326
310 303
213 234
16 17
272 202
198 138
286 87
4 97
213 257
257 255
316 235
326 263
132 309
307 299
243 228
149 152
148 297
316 11
112 11
47 85
215 203
215 256
66 76
47 42
7 8
299 142
307 300
206 209
176 209
255 254
254 227
198 139
176 302
9 112 113
77 175 127
61 64 33
16 17
156 202
272 202
202 273
198 138
257 255
221 220
163 77 127
9 235
316 235
13 226
61 115
32 61
307 299
7 76
299 313
178 108
148 297
228 306
112 11
146 275
47 85
215 35
215 256
215 207
66 76
249 218
7 8
299 300
287 150
299 142
198 139
175 176
176 302
78 79
31 116
9 112 113
9 112 235
175 127
292 205
130 61 64 33
141 269
311 282
16 17
298 303
272 202
132 220
163 77 127
227 263
13 226
228 216
61 115
47 41
307 299
178 108
28 41
148 35
112 11
146 275
215 35
215 256
66 76
29 86
179 181
249 218
287 150
305 300
255 254
270 95
206 176
176 302
31 116
9 112 113
9 112 235
292 205
175 127
64 33
310 303
200 294
130 115
16 17
163 77 127
262 13
13 226
228 216
47 28
294 227
299 313
178 108
92 107
28 41
148 35
148 147
148 248
148 297
89 150
228 306
146 275
215 256
215 207
170 173
55 88
66 76
29 86
249 218
305 300 142
243 150
287 150
270 95
139 138
176 302
110 111
90 20
9 112
203 256
292 205
37 70
61 64 33
200 294
310 303
305 269
166 145
32 61 64
16 17
4 97
203 263
9 235
163 77 127
262 13
32 61 115
47 28
9 316
307 299
41 91
305 299
92 107
23 162
148 35
148 147
243 89
11 235
215 207
215 263
55 88
243 150
287 150
305 300 142
206 176 209
176 302
31 116
112 113
203 256
175 127
292 205
37 70
32 64 33
130 33
310 303
166 145
130 115
298 293
163 77 127
262 13
13 226
32 115
9 316
243 229
305 299
178 108
320 184
92 48
48 97
92 107
148 35 147
148 297
89 216
28 85
55 88
66 76
199 207
305 300
305 142
323 304
270 95
139 138
206 176
191 176
176 302
292 205
51 52
64 33
145 269
166 145
130 61
32 61 64
61 64 115
16 17
298 293
163 77 127
9 316 235
213 248
305 307
294 227
305 299
178 108
92 48
48 97
92 107
23 162
163 186
28 41
148 35
148 147
148 297
89 216
92 85
215 207
179 181 175
77 58
287 150
305 300
305 142
289 221
320 185
185 184
139 138
31 178
31 116
112 113
258 205
292 205
203 256
61 33
172 141
16 17
298 293
272 202
77 192
227 263
9 316 235
98 99
47 28
32 61
213 248
211 287
294 227
28 91
178 108
92 48
48 97
213 204
92 107
23 162
92 28
148 35
92 85
107 85
215 207
66 76
179 181
60 201
255 254
161 139
139 138
78 79
64 33
310 303
130 61 115
61 64
16 17
298 293
286 87
4 97
77 192
9 316 235
98 99
32 61 115
47 28
47 41
163 77
101 28
101 107
213 248
203 326
294 227
60 317
60 184
178 108
320 281
36 38
48 97
213 204
23 162
92 28
92 85
215 203
215 207
66 94
66 76
179 181
256 207
227 207
7 8
142 300
60 201 184
161 139 138
78 79
203 256
33 115
114 64
114 36
213 326 223
130 115
116 17
16 17
298 293
298 105
272 202
60 49 184
198 138
163 77 192
36 127
76 127
227 263
13 226
7 94
32 115
47 28
92 101 107
101 28
101 91
213 248
203 326
294 227
203 208
7 76
178 108
36 38
48 97
243 287
23 162
28 41
89 226
92 85
215 203
215 256
66 76
58 161
144 272
203 207
294 227 207
256 207
299 300
31 209
203 199
60 185
139 138
78 79
213 256 223
258 205 235
32 33
61 33
200 294
213 326 223
61 64
16 17
298 293
60 49
98 99
94 38
47 28 41
32 36
101 28
101 91
213 326 248
41 91
203 208
60 184
178 108
36 38
48 97
23 162
89 112 113
288 299
241 236
92 85
44 134
66 76
179 181
31 209
270 95
60 185
139 138
78 79
213 256 223
37 175 70
32 114 61 33
114 115
213 326 223
326 248 223
287 269
16 17
298 293
60 49
4 48
259 216
86 115
98 99
218 290
101 115
16 115
47 28 41
101 107
251 226
294 227
92 41 91
203 34
60 184
305 299
287 299
178 108
36 38
48 97
23 162
243 218
288 258 299
9 316 11 235
11 150
47 85
215 203 199
215 208
66 76
179 181
150 273
31 209
270 95
60 185
139 138
78 79
305 258 299
37 70
114 70
86 33
114 61 64
114 36
213 326 223
172 269
287 269
166 268
130 108
64 115
16 17
60 49
37 36
259 216
326 263
60 45
86 101
7 94
47 28 107 41
32 61
9 316 313
326 248
92 91
107 41 91
60 184
178 108
36 38
48 97
23 162
288 258 205
11 150
11 235
94 85
215 282
170 98
179 181
7 8
9 142
242 296
31 178 209
201 49
270 95
139 138
175 176
78 221
78 79
203 256
256 223
186 175
205 290
32 33
37 70 94
32 70
121 117
114 61 64
86 17
16 17
60 49
161 138
286 87
4 48
259 104
9 316 235
13 226
98 99
287 141
47 41
77 221
307 287
203 227
41 91
9 313
243 60
60 184
272 273
218 217
28 107
305 287
23 162
28 41
89 104
288 258
288 299
288 269
241 236
259 306
11 235
170 98 99
47 42
193 175
181 233
7 8
150 235
31 209
173 304
161 139
139 138
178 176
175 176
31 178
186 175
37 70
32 33
114 61 115
114 64 115
218 219
278 272
187 320
16 17
259 104
259 216
9 316 235
317 99
94 108
305 141
287 141
47 28 107
307 287
122 82
92 91
41 91
218 217
116 16
23 162
28 41
13 89
13 306
288 299
11 150
11 235
47 85
28 85
112 134
44 134
193 176
198 58
94 8
9 142
142 300
31 209
254 223
270 95
139 138
178 176
186 175
258 205 269
64 115
16 17 115
298 217
259 104
259 216
13 226
13 104
98 99
305 287 141
101 76
211 218
307 287
208 227
122 82
41 91
28 107 76 41
23 162
288 299
241 236
58 186
144 202
9 316 142
305 142
31 209
185 49
198 139
139 138
112 113
186 175
258 205
205 269
258 299
310 204
114 61 115
114 64 115
16 17
291 202
49 184
259 44
259 104
259 216
98 99
287 141
47 48
9 316 313
71 40
101 76
307 287
122 82
41 91
36 38
28 76
174 100
107 108
23 162
89 44
288 299
288 205
241 236
287 11
28 85
259 134
104 134
136 272
58 186
144 202
9 305 142
254 223
270 95
185 49
185 184
198 139
78 79
112 113
186 175
258 205
114 61
187 49
16 17 115
320 49
259 226
94 127
132 309
117 94
195 99
98 99
61 16 115
47 48
163 77
9 305 316
316 281
101 76
211 218
76 41 91
149 152
71 167
48 97
28 76
174 100
23 162
14 124
306 298
306 216
288 258
288 205
288 299
11 142
216 134
170 173
42 41
58 186
103 131
292 300
13 296
254 223
270 95
185 49
198 139
139 138
78 79
112 113
186 175
37 70
86 33
114 61 115
16 17
250 231
292 293
132 309
86 61
126 317
126 73
117 94
195 99
98 99
16 115
287 141
47 48
316 293
316 281
163 77
101 76
228 211
208 227
76 41 91
100 195
60 113
305 313
149 152
48 97
100 98
107 108
305 281
14 124
89 306 216
306 216 134
288 299
172 11
292 11
11 300
11 142
28 85
58 186 175
9 142
31 209
316 150
198 139
139 138
78 77
78 79
112 113
145 258
258 205
37 70
121 117
114 61 115
64 115
94 127
132 309
100 126
16 115
47 48
9 316 303
163 77
101 76
228 211
226 217
177 188
92 91
9 293
195 98
149 152
71 22
305 287
107 108
23 162
305 301
14 124
89 306
89 216
288 299
28 85
216 134
170 73
136 272
42 41
181 192
58 186 175
207 296
10 150
150 142
291 142
142 303
31 209
270 95
198 139
139 138
78 79
258 205
37 70
86 33
114 61
311 282
117 130
16 17
94 127
132 309
195 99
177 126
47 48
163 77
101 76
208 227
9 303
9 291
60 184
61 16
149 152
107 108
174 196
174 177
174 317
23 162
305 301
14 124
89 306
89 216
288 299
146 275
28 85
104 134
170 173
7 66
58 186 175
207 296
7 8
108 8
270 95
198 139
139 138
78 79
37 70
32 33
86 33
114 61
311 282
166 145
16 17
163 324
7 37
37 32
94 127
126 317
195 99
116 115
61 16 115
47 48
101 76
208 227
195 98
60 274
291 293
28 76
23 162
305 301
89 306 216
288 299
216 134
170 173
136 272
7 66
42 41
58 186 175
207 296
7 8
287 142
250 296
31 209
270 95
139 138
78 77
78 79
37 70
86 33
121 117
114 61
187 60 320 274
16 17
7 37
37 32
94 127
126 317
116 115
9 316
101 76
226 217
92 91
195 98
71 103
149 152
28 76
107 108
23 162
89 306
89 216
89 212
241 236
288 299
37 85
28 85
7 66
31 193
207 296
7 8
250 296
31 209
139 138
78 79
186 175
37 70
32 33
86 33
218 219
166 145
16 17
7 37
94 127
126 118
98 99
16 115
101 76
92 91
195 98
34 242
305 313
28 76
107 108
23 162
305 281
89 306
241 236
288 299
28 85
181 175
58 138
31 193
207 296
7 8
139 138
78 77
78 79
192 175
37 70
86 33
104 212
202 269
179 324
94 127
116 115
16 115
316 281
316 303
101 76
208 227
9 293
61 16
305 313
313 281
149 152
23 162
32 33
86 33
195 98
306 216
114 61
288 299
61 16
16 17
208 227
7 8
9 293
58 138
23 162
261 239
207 296
313 281
139 138
37 70
64 65
116 115
305 313
175 176
94 127
306 216
288 299
28 85
136 272
58 138
261 239
207 296
7 8
139 138
175 176
78 77
78 79
37 70
32 33
86 33
61 33
114 61
202 269
61 65
65 64
16 17
94 127
86 28
116 115
316 281
226 217
41 91
9 293
60 183
178 179
61 16
305 313
149 152
23 162
288 299
28 85
104 134
7 66
181 192
58 161
58 138
193 233
207 296
7 8
250 296
198 139
139 138
175 176
78 79
179 175
37 70
32 33
86 33
37 114
114 61
16 65 17
65 64
94 127
86 28
116 115
16 115
32 61
9 316
316 313
92 91
41 91
9 293
195 98
60 231
149 152
177 118
28 76
23 162
306 216
288 299
28 85
7 66
42 41
58 138
261 239
195 98 59
207 296
7 8
250 296
198 139 138
78 79
255 256
37 70
32 33
86 33
121 117
37 114
114 61
86 28
116 115
16 115
163 77
41 91
60 231
198 161
28 76
174 189
191 161
23 162
288 299
28 85
7 66
42 41
58 161
58 138
261 239
155 22
207 296
7 8
270 95
198 139 138
78 77
255 256
37 70
70 94
32 33
86 33
114 61
61 65 17
65 64
65 115
132 309
116 115
47 48
41 91
195 98
60 231
61 16
167 153
149 152
23 162
288 299
28 85
42 41
58 161
58 138
207 296
7 8
142 265
198 139 138
78 79
255 256
37 70
32 33
86 33
121 117
37 114
114 61
218 219
65 17
65 115
47 48
41 91
195 98
60 231
198 161
61 16
167 153
149 152
174 189
191 161
7 66
42 41
58 161
207 296
7 8
142 265
250 296
198 139 138
78 77
78 79
258 205
255 256
86 33
37 114
114 61
65 17
65 64
65 115
4 47
61 115
47 48
163 77
34 311
101 76
195 98
60 231
198 161
149 152
174 189
72 304
23 162
89 216
28 85
7 66
181 192
58 161
207 296
7 8
287 142
142 265
198 139 138
78 77
78 79
258 205
32 33
37 114
114 61
218 219
135 83
64 65
286 87
4 47
98 99
163 77
9 316
101 76
195 98
60 231
61 16
167 153
305 313
167 152
149 152
72 304
23 162
72 73
89 216
28 85
7 66
42 41
58 161
207 296
7 8
287 142
142 265
250 296
198 139
139 138
78 77
78 79
194 72
258 205
121 38
65 64
65 115
167 93
116 115
47 48
163 77
228 211
195 98
60 231
62 183
61 16
167 152
167 149
72 304
23 162
89 216
28 85
7 66
58 161
207 296
7 8
287 142
142 265
139 138
78 77
78 79
258 205
86 33
211 212
121 38
114 61
65 64
65 115
286 87
163 77
229 251
60 231
62 183
61 16
149 152
72 304
241 236
28 85
7 66
206 193
58 161
103 131
207 296
7 8
142 265
198 139
139 138
78 77
78 79
258 205
37 114
218 219
117 130
65 64
65 115
286 87
47 48
163 77
229 251
101 76
195 98
60 231
61 16
167 152
149 152
107 108
241 236
28 85
7 66
58 161
207 296
7 8
139 138
78 77
78 79
258 205
114 61
117 130
65 64
65 115
16 17
198 138
61 115
163 77
229 251
9 293
195 98
60 231
62 183
61 16
149 152
72 304
72 73
89 306
241 236
288 299
37 85
28 85
198 58
58 161
255 254
139 138
78 77
78 79
255 256
258 205
37 70
310 204
114 61
117 130
65 64
65 115
198 138
61 115
163 77
9 316
101 76
229 251
195 98
60 231
62 183
149 152
28 76
72 304
23 162
241 236
28 85
198 58
58 161
103 131
207 296
255 254
270 95
139 138
78 77
78 79
255 256
258 205
37 70
37 114
114 61
311 282
117 130
65 64
65 115
163 77
9 316
101 76
167 40
41 91
195 98
60 231
149 152
23 162
72 73
241 236
40 39
28 85
58 161
261 239
207 296
142 265
270 95
139 138
78 77
78 79
194 72
255 256
258 205
37 70
37 114
114 61
117 130
65 64
65 115
16 17
229 251
41 91
122 82
60 231
62 183
149 152
28 76
72 304
23 162
72 73
40 39
28 85
107 85
8 85
7 66
58 161
103 131
207 296
139 138
78 77
78 79
255 256
37 70
258 205
114 61
301 265
117 130
16 17
64 65
286 87
163 77
229 251
101 76
41 91
122 82
60 231
149 152
28 76
23 162
72 73
241 236
40 39
107 85
8 85
7 66
58 161
103 131
207 296
7 8
250 296
270 95
139 138
78 77
78 79
255 256
258 205
86 33
114 61
301 265
65 64
65 115
16 17
286 87
163 77
101 76
41 91
60 231
62 183
198 161
287 313
149 152
28 76
287 301
107 108
23 162
72 73
40 39
104 134
7 66
58 161
7 8
142 265
250 296
139 138
78 77
78 79
255 256
258 205
69 52
51 52
86 33
114 61
301 265
311 282
117 130
64 65
117 127
132 309
287 141
116 115
101 76
41 91
9 293
60 231
28 76
287 301
23 162
241 236
40 321 39
58 161
7 8
250 296
139 138
78 77
78 79
258 205
255 256
32 33
86 33
69 52
311 282
117 130
287 141
116 115
9 316
101 76
41 91
9 293
195 98
60 231
149 152
23 162
72 73
40 39
321 39
104 134
136 272
55 87
7 66
58 161
7 8
250 296
78 77
78 79
255 256
51 52
200 227
121 117
166 145
117 130
64 65
98 99
9 316
41 91
9 293
195 98
60 231
62 183
167 153
149 152
23 162
321 149
40 39
28 85
7 66
58 161
207 296
7 8
78 77
78 79
255 256
258 205
121 117
37 114
166 145
64 65
286 87
98 99
116 115
163 77
9 316
41 91
122 82
9 293
60 231
149 152
28 76
107 108
23 162
32 61
78 77
195 98 99
122 82
121 117
114 33
40 39
107 85
28 85
7 66
7 8
9 293
60 231
161 58
23 162
321 93
64 65
250 296
255 256
28 76
149 152
78 79
32 61
78 77
195 98
98 99
40 39
9 316
61 16
62 183
107 85
41 91
104 134
7 66
28 85
60 231
161 58
23 162
207 296
116 115
255 256
28 76
194 72
149 152
78 79
14 124
40 39
28 85
104 134
42 41
7 66
58 161
207 296
78 77
78 79
194 72
255 256
51 52
16 17
132 309
116 115
9 316
41 91
9 293
195 98
60 231
61 16
149 152
72 304
23 162
14 124
89 306
40 39
104 134
58 161
7 8
31 209
250 296
255 254
78 77
78 79
194 171
255 256
51 52
86 33
121 117
311 282
132 309
195 99
41 91
195 98
60 231
61 16
28 76
72 304
23 162
14 124
89 306
40 39
7 66
58 161
144 205
207 296
7 8
31 209
255 254
270 95
78 77
78 79
255 256
65 115
132 309
195 99
98 99
93 152
116 115
47 48
41 91
60 231
167 153
61 16
149 152
306 134
241 236
40 39
28 85
107 85
7 66
42 41
58 161
144 205
207 296
7 8
250 296
198 139
139 138
78 77
78 79
255 256
32 33
65 115
16 17
195 99
47 48
163 77
41 91
195 98
60 231
61 16
23 162
89 306
40 39
28 85
58 161
144 205
207 296
7 8
250 296
198 139
139 138
78 77
78 79
255 256
32 33
86 33
311 282
65 115
47 48
9 316
195 98
60 231
61 16
149 152
23 162
89 306
40 39
107 85
42 41
58 161
207 296
7 8
78 77
78 79
194 72
32 33
51 52
311 282
166 145
65 115
16 17
286 87
195 98 99
163 77
9 316
122 82
41 91
7 107
60 231
61 16
23 162
89 306
306 134
241 236
40 39
55 88
58 161
144 205
207 296
7 8
250 296
31 209
78 77
78 79
194 72
32 33
121 117
114 36
311 282
65 115
94 127
195 99
98 99
122 82
60 231
61 16
23 162
241 236
40 39
28 85
104 134
55 88
58 161
207 296
7 8
250 296
31 209
78 77
78 79
32 33
86 33
211 212
121 117
114 36
311 282
65 115
16 17
94 127
195 99
98 99
93 321
122 82
60 231
61 16
167 152
72 304
23 162
305 301
40 39
28 85
104 134
136 272
55 88
58 161
144 205
207 296
7 8
254 223
78 77
78 79
211 212
121 117
218 219
65 115
61 16 17
94 127
195 99
98 99
287 141
41 91
122 82
60 231
23 162
305 301
78 77
98 99
121 117
40 39
16 17
287 307
218 219
254 223
211 212
104 134
7 8
28 85
60 231
161 58
23 162
65 115
61 17
144 205
149 152
78 79
94 127
305 301
241 236
146 275
40 39
28 85
104 134
58 161
144 205
7 8
78 77
78 79
32 33
86 33
211 212
311 282
166 145
65 115
61 17
16 17
94 127
98 99
208 227
92 91
195 98
60 231
149 152
23 162
305 301
40 39
28 85
104 134
58 161
144 205
7 8
139 138
78 77
78 79
32 33
86 33
211 212
121 117
311 282
65 115
61 17
16 17
94 127
309 79
98 99
92 91
195 98
60 231
71 167
23 162
206 58
121 117
98 99
40 39
16 17
287 301
92 91
41 91
28 85
166 145
7 8
60 231
58 161
23 162
65 115
61 17
321 22
139 138
144 205
270 95
78 79
305 301
288 299
241 236
40 39
28 85
104 134
136 272
206 58
58 161
7 8
139 138
78 79
166 145
135 83
314 51
117 130
65 115
61 17
16 17
98 99
195 98
60 231
62 183
107 108
23 162
321 22
191 186
305 301
241 236
40 39
28 85
104 134
58 161
103 131
7 8
139 138
70 94
117 130
65 115
61 17
16 17
286 87
98 99
307 287
92 91
41 91
195 98
60 231
62 183
71 167
23 162
321 22
241 236
40 39
28 85
104 134
58 161
103 131
144 205
139 138
78 79
70 94
121 38
218 219
135 83
117 130
65 115
61 16 17
286 87
98 99
92 91
195 98
60 231
71 167
107 108
23 162
321 22
305 301
241 236
40 39
28 85
104 134
136 272
58 161
144 205
7 8
139 138
78 77
37 70
211 212
117 130
65 115
61 16 17
286 87
98 99
307 287
208 227
92 91
195 98
60 231
161 302
71 167
287 301
23 162
321 22
305 301
71 167
78 77
195 98
98 99
40 39
241 236
16 17
92 91
104 134
7 8
60 231
161 58 302
23 162
65 115
321 22
139 138
144 205
78 79
71 167
14 124
78 77
121 38
40 39
61 16
16 17
62 183
92 91
60 231
161 58 302
23 162
65 115
139 138
116 115
71 167
78 77
121 117
40 39
9 316
61 16
254 223
92 91
60 231
161 58 302
23 162
139 138
86 33
70 94
71 167
121 117
9 316
40 39
16 17
62 183
107 108
107 85
208 227
92 91
41 91
202 269
60 231
161 58 302
23 162
65 115
321 22
139 138
117 130
70 94
71 167
78 77
121 117
40 39
9 316
241 236
62 183
61 16
16 17
202 269
92 91
60 231
161 58
161 302
23 162
321 22
144 205
117 130
78 79
71 167
14 124
121 117
32 33
40 39
114 65
241 236
61 16
16 17
107 108
92 91
7 66
60 231
161 58
161 302
23 162
117 130
286 87
37 70
78 79
32 33
78 77
121 117
121 38
40 39
241 236
62 183
107 108
61 16
60 231
314 51
161 58
23 162
61 65
117 130
32 33
78 77
121 117
121 38
40 39
241 236
107 108
218 219
208 227
41 91
7 8
132 221
60 231
161 58 302
23 162
117 130
241 236
40 39
136 272
58 161
7 8
31 209
78 77
78 79
37 70
121 117
121 38
314 51
117 130
94 127
163 309
9 316
208 227
41 91
132 221
60 231
107 108
102 321
23 162
321 22
89 306
241 236
40 39
136 272
58 161
7 8
31 209
254 223
78 79
121 38
218 219
117 130
16 17
94 127
98 99
268 290
9 316
307 287
208 227
60 231
23 162
321 22
241 236
40 39
104 134
136 272
55 88
7 66
58 161
7 8
287 142
31 209
139 138
78 77
78 79
37 70
121 117
218 219
117 130
94 127
229 251
307 287
60 231
71 167
107 108
23 162
78 77
121 117
121 94
89 306
241 236
287 307
195 98
254 223
40 39
229 251
215 199
132 221
55 88
60 231
161 58
117 130
139 138
31 209
61 115
78 79
94 127
163 77
78 77
121 117
195 98
40 39
61 16
16 17
287 307
218 219
254 223
9 316
7 8
132 221
55 88
60 231
161 58
321 22
139 138
31 209
78 221
61 115
78 79
94 127
40 39
215 199
136 272
55 88
58 161
144 205
261 239
7 8
31 209
254 223
139 138
78 77
78 79
121 117
218 219
135 56
37 94
94 127
98 99
163 77
41 91
132 221
195 98
60 231
61 16
107 108
108 97
89 306
40 39
104 134
136 272
58 161
207 296
7 8
172 150
31 209
161 139
139 138
78 77
78 79
218 219
43 135
61 17
94 127
126 317
98 99
116 115
163 77
9 316
41 91
132 221
195 98
60 231
61 16
163 77
78 77
195 98
98 99
89 306
121 117
61 16 17
40 39
211 212
7 8
132 221
14 135
135 56
60 231
161 58
161 139
58 302
321 22
139 138
116 115
317 126
270 95
78 79
94 127
89 306
40 39
136 272
58 161 302
207 296
7 8
139 138
78 79
51 52
211 212
121 117
218 219
135 56
83 56
16 17
94 127
116 115
61 115
163 77
132 221
43 15
195 98
60 231
61 16
23 162
321 22
51 52
78 77
121 117
40 39
211 212
61 16
16 17
218 219
7 8
132 221
60 231
161 58 302
23 162
139 138
31 209
116 115
86 61
78 79
94 127
40 39
58 161 302
31 209
270 95
198 139
139 138
78 79
32 33
211 212
121 117
114 61
114 36
117 130
16 17
94 127
195 99
98 99
116 115
132 221
60 231
61 16
23 162
321 22
305 301
121 117
121 130
195 98
98 99
40 39
114 61
291 300
61 16
16 17
218 219
208 227
7 66
7 8
60 231
161 58 302
321 22
139 138
198 139
78 79
94 127
305 301
71 167
121 117
121 94
195 98
40 39
114 61
291 300
61 16
218 219
55 88
60 231
161 58
161 302
268 276
144 205
207 296
139 138
198 139
317 126
78 79
94 127
40 39
28 85
58 161
58 302
144 205
207 296
291 300
261 247
270 95
198 139
139 138
78 77
78 79
37 70
121 117
121 94
114 61
218 219
135 56
117 130
61 17
94 127
86 61
126 317
195 98
60 231
61 16
71 167
23 162
305 301
71 167
78 77
121 117
195 98
114 61
40 39
61 16
218 219
43 15
60 231
161 58
58 302
23 162
321 22
144 205
207 296
117 130
139 138
198 139
317 126
270 95
78 79
94 127
89 306
40 39
107 85
7 66
58 161
207 296
270 95
198 139
139 138
78 77
78 79
121 117
114 61
218 219
117 130
16 17
94 127
126 317
116 115
195 98
60 231
62 183
61 16
71 167
23 162
89 306
40 39
215 203
136 272
58 161
270 95
198 139
139 138
78 77
78 79
266 284
121 117
114 61
117 130
16 17
286 87
126 317
116 115
195 98
60 231
62 183
61 16
71 167
23 162
78 77
121 117
89 306
114 61
195 98
218 219
61 16
16 17
40 39
203 215
55 88
60 231
161 58
23 162
117 130
139 138
78 221
198 139
317 126
270 95
78 79
94 127
78 77
195 98
89 306
114 61
61 16
16 17
218 219
40 39
7 8
60 231
161 58
23 162
117 130
139 138
198 139
270 95
78 79
94 127
200 227
195 98
89 306
114 61
291 300
218 219
40 39
61 16
7 8
203 215
60 231
161 58
268 276
117 130
139 138
78 221
317 126
78 79
94 127
305 301
121 117
89 306
40 39
62 183
218 219
61 16
7 8
203 215
55 88
60 231
161 58
268 276
117 130
51 52
176 324
139 138
37 70
78 221
317 126
270 95
78 79
94 127
206 58
71 167
121 117
40 39
114 61
61 16
16 17
218 219
60 231
172 150
314 51
58 161
321 22
117 130
51 52
163 324
176 324
139 138
37 70
116 115
317 126
270 95
78 79
94 127
206 58
71 167
121 117
195 98
40 39
114 61
61 16
16 17
218 219
60 231
58 161
103 131
117 130
163 324
176 324
139 138
317 126
78 79
94 127
206 58
121 117
40 39
114 61
61 16
218 219
104 134
10 293
172 150
60 231
58 161
161 302
261 239
321 22
64 65
176 324
139 138
117 130
116 115
317 126
270 95
78 79
94 127
206 58
40 39
114 61
61 16
16 17
218 219
104 134
203 215
60 231
58 161
161 302
261 239
117 130
176 324
139 138
116 115
317 126
78 79
94 127
40 39
104 134
206 58
58 161
58 302
103 131
261 239
7 8
31 209
139 138
176 324
78 77
78 79
51 52
114 61
218 219
117 130
16 17
94 127
126 317
116 115
9 316
60 231
61 16
321 22
40 39
104 134
7 66
206 58
58 161
58 302
103 131
144 205
31 209
139 138
176 324
78 77
78 221
78 79
37 70
121 117
114 61
218 219
117 130
94 127
126 317
116 115
60 231
61 16
48 97
321 22
40 39
104 134
136 272
55 88
58 161
58 302
103 131
139 138
176 324
78 77
78 221
78 79
51 52
114 61
218 219
117 130
16 17
286 87
94 127
189 99
116 115
9 316
60 231
61 16
48 97
10 293
76 41
23 162
321 22
40 39
104 134
215 203
136 272
55 88
58 161
103 131
207 296
7 8
291 300
31 209
270 95
139 138
176 324
78 77
78 221
78 79
37 70
32 33
121 117
114 61
218 219
117 130
16 17
163 324
286 87
94 127
116 115
9 316
60 231
61 16
48 97
23 162
305 301
40 39
104 134
215 203
136 272
55 88
58 161
207 296
254 223
139 138
176 324
78 77
78 221
78 79
37 70
121 117
114 61
218 219
117 130
163 324
286 87
94 127
116 115
9 316
60 231
61 16
36 38
72 304
305 301
40 39
215 203
136 272
55 88
58 161
7 8
291 300
254 223
270 95
139 138
176 324
78 77
78 221
78 79
37 70
121 117
114 61
218 219
16 17
163 324
286 87
94 127
116 115
60 231
61 16
161 302
28 76
40 39
104 134
215 203
7 8
254 223
270 95
139 138
176 324
78 77
37 70
51 52
121 117
114 61
218 219
16 17
163 324
286 87
94 127
141 235
116 115
77 79
9 316
195 98
60 231
61 16
161 302
23 162
268 276
40 39
104 134
215 203
136 272
7 66
7 8
291 300
270 95
139 138
176 324
121 117
114 61
117 130
16 17
163 324
286 87
94 127
141 235
126 317
287 141
116 115
163 77
77 79
9 316
60 231
61 16
161 302
268 276
305 301
40 39
104 134
136 272
7 66
7 8
291 300
270 95
139 138
176 324
78 79
121 117
114 61
218 219
166 145
16 17
17 115
163 324
286 87
141 235
116 115
47 48
9 316
60 231
71 167
23 162
268 276
40 39
104 134
215 203
7 66
58 161
7 8
291 300
139 138
176 324
51 52
121 117
114 61
218 219
117 130
16 17
163 324
286 87
287 141 235
126 317
116 115
47 48
9 316
9 293
60 231
161 302
71 167
23 162
268 276
40 39
215 203
136 272
291 300
78 77
78 221
78 79
314 52
121 38
114 61
218 219
166 145
117 130
16 17
141 235
126 317
287 141
47 48
9 316
9 293
132 221
195 98
60 231
61 16
71 167
268 276
305 301
47 48
71 167
163 77
78 77
195 98
122 82
114 61
291 300
287 141
218 219
40 39
254 223
107 108
7 8
9 293
61 16
60 231
117 130
268 276
139 138
141 235
47 48
71 167
163 77
78 77
40 39
114 61
291 300
287 141
61 16
254 223
202 269
7 8
136 272
9 293
55 88
60 231
203 215
268 276
261 239
139 138
317 126
36 38
40 39
215 203
136 272
55 88
58 161
7 8
291 300
270 95
139 138
78 77
78 79
258 205
166 205
114 61
16 17
287 141
116 115
47 48
122 82
60 231
61 16
161 302
71 167
268 276
11 300
40 39
104 134
215 203
136 272
55 88
7 8
291 300
270 95
139 138
78 77
78 79
114 61
218 219
65 115
16 17
287 141
47 48
163 77
9 316
122 82
60 231
61 16
268 276
305 301
11 300
40 39
215 203
136 272
55 88
58 302
7 8
291 300
270 95
261 247
139 138
78 77
78 79
37 70
70 94
114 61
218 219
16 17
141 235
47 48
163 77
60 231
61 16
107 108
268 276
40 39
28 85
215 203
136 272
104 134
55 88
58 161
58 302
261 239
7 8
291 300
270 95
78 77
78 79
70 94
114 61
218 219
65 115
16 17
47 48
122 82
60 231
61 16
71 167
48 97
305 301
47 48
163 77
78 77
122 82
114 61
291 300
40 39
107 108
61 16
7 8
9 293
203 215
55 88
60 231
117 130
23 162
65 115
270 95
78 79
305 301
40 39
104 134
215 203
58 161
58 302
7 8
291 300
270 95
78 77
78 79
114 61
218 219
314 51
117 130
65 115
16 17
86 61
47 48
163 77
122 82
60 231
62 183
48 97
107 108
47 48
163 77
78 77
40 39
114 61
62 183
107 108
7 8
203 215
55 87
60 231
314 51
161 58
58 302
23 162
286 87
117 130
289 221
270 95
78 79
141 235
48 97
288 299
40 39
28 85
215 203
136 272
206 58
58 161
58 302
7 8
78 79
114 61
135 83
117 130
286 87
141 235
163 77
9 316
60 231
62 183
71 167
107 108
23 162
305 301
206 58
71 167
163 77
40 39
114 61
288 299
218 219
7 8
60 231
58 161
58 302
23 162
117 130
270 95
78 79
305 301
78 77
122 82
114 61
40 39
60 62
62 183
7 8
136 272
60 231
55 87
161 58
23 162
117 130
78 221
270 95
78 79
305 301
70 94
122 82
114 61
291 300
62 183
40 39
61 16
7 8
136 272
60 231
161 58
23 162
117 130
51 52
312 264
270 95
78 79
305 301
70 94
40 39
136 272
58 161
291 300
172 150
270 95
78 79
51 52
114 61
314 51
117 130
16 17
64 36
98 99
287 141
47 48
9 316
204 311
122 82
195 98
60 231
62 183
61 16
268 276
71 167
98 99
122 82
114 61
204 311
287 141
291 300
61 16
16 17
40 39
166 145
136 272
107 108
60 231
161 58
23 162
268 276
64 36
117 130
78 79
48 97
71 167
195 98
98 99
40 39
114 61
291 300
61 16
16 17
107 108
136 272
60 231
117 130
23 162
268 276
51 52
176 324
270 95
78 79
48 97
9 316
195 98
40 39
114 61
291 300
61 16
16 17
107 108
166 145
136 272
60 231
117 130
23 162
268 276
176 324
78 79
48 97
71 167
9 316
195 98
40 39
114 61
291 300
61 16
16 17
107 108
7 8
136 272
9 293
135 56
60 231
117 130
268 276
78 79
48 97
71 167
229 251
195 98
40 39
211 212
16 17
7 8
203 215
60 231
117 130
23 162
268 276
139 138
72 73
78 221
270 95
78 79
305 301
48 97
47 48
71 167
195 98
215 326
291 300
61 16
16 17
40 39
107 108
215 203
7 8
135 56
60 231
65 115
261 239
78 221
271 152
270 95
78 79
70 94
206 302
71 167
32 33
195 98
40 39
291 300
16 17
7 8
132 309
60 231
23 162
65 115
88 111
198 139
271 152
270 95
78 79
305 301
47 48
195 98
40 39
291 300
16 17
211 212
7 66
7 8
136 272
203 215
60 231
268 276
65 115
198 139
261 247
271 149
78 79
167 153
32 85
229 251
195 98
122 82
291 300
16 17
40 39
211 212
7 66
60 231
42 41
65 115
239 247
86 17
271 152
261 247
71 153
270 95
78 79
40 39
42 41
58 161
239 247
291 300
172 150
270 95
78 79
211 212
202 269
166 145
117 130
65 115
16 17
4 127
132 309
287 141
316 281
122 82
9 293
132 221
195 98
60 231
71 167 153
271 152
23 162
268 276
167 153
9 316
316 281
229 251
89 216
114 61
291 300
16 17
40 39
136 272
9 293
60 231
161 58
23 162
65 115
268 276
321 22
4 127
117 130
78 79
89 216
40 39
136 272
58 161
103 131
207 296
291 300
270 95
78 79
37 70
114 36
117 130
65 115
4 127
116 115
9 316
316 281
229 251
195 98
60 231
36 38
321 22
271 22
305 301
9 316
316 281
2 321
195 98
291 300
40 39
241 110
218 219
136 272
60 231
103 131
65 115
268 276
207 296
117 130
179 175
14 312
270 95
78 79
305 301
48 97
48 97
77 79
2 321
9 316
316 281
195 98
291 300
40 39
218 219
254 223
135 56
60 231
117 130
23 162
65 115
268 276
37 70
116 115
270 95
78 79
305 301
9 316
316 281
195 98
40 39
291 300
218 219
254 223
135 56
60 231
117 130
23 162
268 276
317 59
271 22
198 139
255 254
270 95
78 79
305 301
135 56
47 48
37 70
9 316
316 281
195 98
40 39
218 219
7 8
203 215
60 231
117 130
23 162
268 276
42 41
255 254
270 95
78 79
141 235
305 301
48 97
40 39
215 203
42 41
58 161
7 8
291 300
172 150
255 254
270 95
78 79
114 61
218 219
166 145
135 56
117 130
65 115
16 17
141 235
116 115
47 48
9 316
92 91
60 231
312 264
167 153
48 97
305 301
47 48
14 124
9 316
40 39
114 61
291 300
62 183
218 219
203 215
136 272
60 231
161 58
117 130
271 22
116 115
255 254
270 95
78 79
141 235
116 115
47 48
9 316
40 39
291 300
218 219
166 145
136 272
7 8
135 312
135 247
83 15
60 231
203 215
117 130
42 41
207 296
255 254
317 126
78 79
141 235
167 153
9 316
40 39
291 300
232 325
62 183
202 269
166 145
203 215
60 231
117 130
116 115
255 254
317 126
270 95
78 79
141 235
43 124
9 316
40 39
291 300
62 183
166 145
7 8
60 231
181 192
161 58
23 162
65 115
117 130
163 324
116 115
149 152
270 95
78 79
141 235
47 48
40 39
291 300
218 219
202 269
166 145
7 8
60 231
181 192
161 58
103 131
65 115
116 115
255 254
78 79
141 235
40 39
291 300
62 183
218 219
92 91
166 145
136 272
7 8
60 231
181 192
161 58
103 131
65 115
116 115
255 254
149 152
78 79
141 235
47 48
316 281
40 39
291 300
62 183
218 219
107 108
11 300
166 145
136 272
9 293
135 56
7 8
181 192
161 58
60 231
312 247
255 254
78 79
141 235
14 124 135
40 39
291 300
62 183
11 300
202 269
166 145
9 293
7 8
60 231
181 192
161 58
255 254
78 79
141 235
47 48
124 135
40 39
291 300
7 8
136 272
9 293
14 135
60 231
314 52
181 192
161 58
23 162
65 115
268 276
58 302
74 22
144 205
255 254
270 95
78 79
47 48
40 39
291 300
61 16
107 108
202 269
7 8
136 272
9 293
60 231
181 192
161 58
23 162
268 276
314 51
255 254
78 79
141 235
32 33
9 316
40 39
291 300
16 17
7 66
136 272
9 293
60 231
181 192
161 58
23 162
268 276
239 247
314 51
144 205
149 152
141 235
305 301
32 33
89 306
89 216
291 300
40 39
92 91
7 66
7 8
136 272
9 293
60 231
181 192
161 58
117 130
272 202
270 95
78 79
141 235
89 216
40 39
28 85
136 272
58 161
207 296
7 8
291 300
270 95
78 79
32 33
121 38
314 51
117 130
37 36
94 127
141 235
126 317
92 91
9 293
60 231
61 16
36 38
23 162
268 276
89 306
40 39
136 272
42 41
58 161
207 296
291 300
270 95
78 79
32 33
166 145
83 312
65 115
16 17
286 87
37 36
94 127
141 235
126 317
47 48
9 316
92 91
9 293
60 231
61 16
116 16
23 162
268 276
40 39
28 85
58 161
207 296
291 300
254 223
78 79
37 70
32 33
121 38
114 61
166 145
314 51
117 130
94 127
141 235
47 48
9 316
92 91
60 231
62 183
61 16
149 152
36 38
28 76
116 16
107 108
268 276
89 306
40 39
58 161
207 296
254 223
270 95
78 79
37 70
114 61
166 145
314 51
117 130
286 87
94 127
294 263
141 235
316 281
92 91
60 231
62 183
61 16
107 108
268 276
89 306
114 61
287 141
61 16
16 17
40 39
254 223
92 91
7 8
60 231
314 51
161 58
117 130
286 87
207 296
78 79
141 235
40 39
61 16
16 17
254 223
92 91
166 145
7 8
60 231
314 51
58 302
117 130
286 87
139 138
37 70
78 221
198 139
270 95
78 79
94 127
144 205
78 77
40 39
114 61
61 16
16 17
254 223
92 91
60 231
23 162
117 130
37 70
270 95
78 79
141 235
48 97
76 41
206 58
266 124
78 77
40 39
114 61
116 16
61 16
101 76
92 91
60 231
181 192
58 302
144 205
321 22
117 130
286 87
207 296
37 70
198 139
149 152
270 95
78 79
141 235
206 58
78 77
316 281
40 39
114 61
61 16
101 76
218 219
208 227
92 91
166 145
60 231
181 192
58 302
314 51
23 162
117 130
149 152
270 95
78 79
141 235
14 124
78 77
9 316
316 281
40 39
114 61
291 300
62 183
61 16
101 76
92 91
136 272
60 231
314 51
161 58
58 302
117 130
286 87
317 126
149 152
270 95
78 79
206 302
229 251
78 77
40 39
114 61
61 16
62 183
101 76
9 316
208 227
92 91
136 272
60 231
135 83
58 302
117 130
207 296
139 138
198 139
270 95
149 152
78 79
14 124
89 217
11 300
40 39
28 85
136 272
58 302
207 296
270 95
198 139
78 77 79
114 61
232 325
135 83
104 44
286 87
287 235
101 76
208 227
60 231
62 183
61 16
28 76
89 306
40 39
136 272
58 302
207 296
172 150
270 95
78 77 79
114 61
166 145
16 17
104 44
286 87
287 235
47 48
163 77
60 231
62 183
61 16
149 152
28 76
76 41
23 162
47 48
78 77
89 306
40 39
61 16
218 219
41 91
7 66
136 272
166 145
60 231
286 87
51 52
255 254
28 76
78 79
163 77
89 306
40 39
62 183
218 219
61 16
41 91
7 66
136 272
166 145
195 99
60 231
144 205
286 87
255 254
28 76
149 152
270 95
78 79
305 301
70 94
40 39
61 16
218 219
41 91
7 66
136 272
166 145
132 309
181 192
60 231
144 205
286 87
270 95
78 79
305 301
206 302
266 247
229 251
40 39
101 76
61 16
16 17
107 108
218 219
208 227
41 91
28 85
7 66
136 272
166 145
10 293
60 231
144 205
23 162
78 79
305 301
47 48
78 77
229 251
40 39
101 76
241 236
287 235
218 219
61 16
16 17
208 227
92 91
28 85
60 231
23 162
207 296
37 94
37 70
270 95
78 79
305 301
241 236
40 39
28 85
207 296
7 8
254 223
270 95
78 77
78 221
78 79
37 70
51 52
218 219
116 17
16 17
286 87
37 94
132 309
229 251
101 76
208 227
60 231
62 183
61 16
149 152
107 108
23 162
305 301
47 48
229 251
78 77
40 39
116 16 17
62 183
218 219
208 227
28 85
60 231
286 87
78 221
270 95
78 79
47 48
78 77
229 251
40 39
116 16 17
62 183
218 219
60 231
286 87
270 95
78 79
229 251
40 39
101 76
116 16
16 17
218 219
7 8
60 231
78 79
48 97
47 48
40 39
101 76
116 16
62 183
218 219
11 235
135 56
60 231
117 130
23 162
37 70
78 79
48 97
167 153
32 33
40 39
116 16
16 17
218 219
7 8
60 231
286 87
270 95
78 79
48 97
32 33
40 39
116 16
218 219
208 227
7 8
136 272
132 309
60 231
23 162
51 52
37 36
37 70
270 95
78 79
311 282
40 39
116 16 17
62 183
218 219
101 76
208 227
7 8
132 309
60 231
117 130
23 162
286 87
207 296
51 52
270 95
78 79
258 205
32 33
40 39
101 76
116 16 17
62 183
218 219
208 227
41 91
136 272
135 56
60 231
314 51
23 162
286 87
207 296
78 79
48 97
148 35
189 99
40 39
116 16 17
62 183
218 219
208 227
41 91
132 309
60 231
314 51
286 87
207 296
139 138
78 79
94 127
48 97
148 35
316 281
189 99
40 39
116 16
287 307
307 142
218 219
63 62
208 227
7 66
60 231
314 51
23 162
116 17
286 87
207 296
176 324
270 95
78 79
94 127
71 167
148 35
40 39
116 16 17
107 85
218 219
208 227
7 66
136 272
60 231
207 296
72 73
270 95
78 79
94 127
258 205
71 167
148 35
78 77
9 316
40 39
61 16
218 219
208 227
7 66
7 8
60 231
23 162
116 17
255 254
71 153
270 95
78 79
94 127
48 97
71 167
78 77
189 99
40 39
61 16
218 219
7 66
7 8
60 231
23 162
116 17
176 324
37 70
255 254
317 126
28 76
78 79
94 127
71 167
148 35
163 77
78 77
98 99
316 281
40 39
63 62
62 183
218 219
107 85
41 91
7 8
132 221
60 231
103 131
176 324
139 138
37 70
28 76
163 192
78 79
94 127
71 167
78 77
195 98
98 99
316 281
40 39
116 16
62 183
218 219
307 142
41 91
136 272
60 231
314 51
103 131
23 162
176 324
255 254
270 95
78 79
94 127
71 167
78 77
98 99
316 281
40 39
62 183
307 142
107 85
41 91
7 66
7 8
136 272
60 231
314 51
103 131
286 87
176 324
37 36
37 70
78 79
71 167
78 77
98 99
316 281
40 39
62 183
307 142
208 227
265 142
41 91
132 309
60 231
103 131
286 87
176 324
271 22
37 36
37 70
255 254
258 205
40 39
136 272
7 66
103 131
7 8
307 142
271 74
255 254
254 223
266 247
139 138
176 324
78 77
78 79
114 61
314 51
16 65
286 87
37 36
98 99
9 316
316 281
208 227
41 91
60 231
71 167
271 22
40 39
136 272
103 131
7 8
307 142
255 254
270 95
198 139 138
176 324
78 77
78 79
37 70
114 61
218 219
104 44
37 36
286 87
94 127
132 309
126 317
98 99
316 281
208 227
41 91
60 180
60 231
71 167
116 16
271 22
40 39
103 131
7 8
307 142
271 74
255 254
198 139
139 138
176 324
78 77
78 79
37 70
114 61
116 17
286 87
94 127
132 309
126 317
41 91
60 231
36 38
71 167
116 16
271 22
71 167
78 77
40 39
114 61
265 142
41 91
7 8
60 231
60 183
135 83
103 131
117 130
286 87
139 138
37 36
255 254
317 126
198 139
78 79
36 38
94 127
47 48
71 167
78 77 79
189 99
40 39
114 61
229 251
92 91
7 8
60 231
314 51
103 131
117 130
37 36
37 70
255 254
317 126
36 38
48 97
71 167
78 77
40 39
114 61
92 91
41 91
7 8
132 309
43 15
60 231
314 51
103 131
65 17
271 22
37 36
37 70
255 254
78 79
36 38
94 127
305 301
40 39
136 272
103 131
7 8
291 300
255 254
78 77
78 79
114 61
314 51
37 36
94 127
132 309
47 48
92 91
41 91
43 15
60 231
62 183
36 38
71 167
116 16
305 301
71 167
163 77
9 316
40 39
114 61
92 91
41 91
43 15
136 272
60 231
314 51
103 131
271 22
37 36
255 254
149 152
36 38
94 127
305 235
78 79
258 205
47 48
71 167
9 316
89 216
114 61
16 17
40 39
92 91
41 91
60 231
286 87
139 138
78 79
48 97
258 205
71 167
32 61
163 77
40 39
114 61
61 16
16 17
92 91
41 91
7 8
60 231
314 51
144 205
117 130
286 87
139 138
78 79
94 127
258 205
71 167
266 247
9 316
40 39
114 61
116 16 17
61 16
257 248
95 275
92 91
41 91
7 66
136 272
60 231
103 131
23 162
286 87
271 22
255 254
78 79
258 205
148 35
40 93 39
7 66
307 142
255 254
168 95
198 139
139 138
78 77
78 79
258 205
168 52
114 61
16 17
163 77
9 316
92 91
41 91
9 293
195 98
60 231
48 97
28 76
271 22
71 167
148 35
163 77
78 77 79
40 39
114 61
241 236
63 62
62 183
307 142
61 16
16 17
41 91
7 8
9 293
55 88
60 231
65 17
139 138
271 22
198 139
28 76
48 97
71 167
163 77
78 77 79
40 39
257 248
116 16 17
61 16
107 85
7 8
136 272
9 293
60 231
103 131
23 162
144 205
286 87
139 138
198 139
28 76
317 126
71 167
163 77
78 77
40 39
114 61
116 16
41 91
7 66
7 8
136 272
9 293
60 231
116 17
270 51
88 111
139 138
198 139
163 192
78 79
48 97
163 77
78 77
9 316
241 236
116 16
63 62
41 91
136 272
9 293
60 231
104 44
103 131
116 17
144 205
270 51
139 138
198 139
163 192
78 79
71 167
114 61
116 16
62 183
241 110
136 272
9 293
60 231
181 192
103 131
317 126
78 79
71 167
81 103
81 131
114 61
241 236
116 16
203 294
136 272
9 293
60 231
181 192
144 205
78 221
28 76
317 126
78 79
71 167
163 77
81 131
241 236
116 16 17
218 219
136 272
60 231
181 192
104 44
144 205
270 51
37 70
78 221
317 126
28 76
149 152
78 79
71 167
163 77
229 251
40 39
226 217
241 236
116 16 17
218 219
307 142
136 272
60 231
161 302
144 205
270 51
139 138
78 221
255 254
28 76
149 152
78 79
71 167
163 77
229 251
40 39
291 300
241 236
116 16 17
307 142
107 85
7 8
60 231
144 205
286 87
270 51
139 138
255 254
28 76
78 79
70 94
241 236
7 66
181 192
81 131
7 8
307 142
142 265
291 300
255 254
139 138
78 77
78 79
37 70
16 17
286 87
7 37
132 309
93 22
163 77
229 251
9 293
60 231
71 153
71 167
28 76
271 22
241 236
181 192
103 131
81 131
37 8
172 150
255 254
139 138
78 77
78 79
194 72
258 205
37 70
121 38
114 61
7 37
132 309
93 22
163 77
92 91
203 294
9 293
60 231
61 16
71 167
271 22
71 167
163 77
78 77
121 38
89 216
114 61
241 236
81 131
61 16
92 91
7 37
60 231
181 192
93 22
139 138
37 70
198 139
255 254
28 76
94 127
194 72
78 79
258 205
241 236
181 192
103 131
81 131
144 205
7 8
255 254
139 138
78 77
78 79
37 70
114 61
114 36
117 130
16 17
104 44
286 87
94 127
116 115
163 77
229 251
92 91
9 293
60 231
61 16
36 38
71 167
28 76
72 304
71 167
163 77
78 77
229 251
114 61
291 300
61 16
16 17
72 304
7 8
60 231
181 192
103 131
37 70
255 254
28 76
78 79
94 127
94 70
181 192
103 131
81 131
7 8
291 300
172 150
255 254
198 139
78 79
37 70
114 61
16 17
286 87
94 127
163 77
229 251
307 287
72 171
92 91
60 231
61 16
71 167
28 76
72 304
268 276
71 167
163 77
229 251
114 61
61 16
16 17
287 307
92 91
7 8
60 231
172 150
181 192
104 44
103 131
271 22
37 70
78 221
255 254
28 76
78 79
94 127
322 301
136 272
103 131
81 131
7 8
172 150
255 254
78 79
37 70
114 61
218 219
16 17
93 22
32 61
163 77
9 316
229 251
307 287
92 91
60 231
62 183
71 167
28 76
271 22
322 301
71 167
163 77
81 131
9 316
229 251
16 17
287 307 142
92 91
41 91
7 8
60 231
104 44
117 130
207 296
270 51
28 76
78 79
322 301
47 48
71 167
163 77
229 251
311 282
248 296
72 304
307 142
92 91
7 8
136 272
60 231
207 296
28 76
78 79
322 301
136 272
42 129
81 131
207 296
291 300
307 142
139 138
78 79
37 70
121 38
65 17
65 115
104 44
270 51
47 48
316 281
163 77
229 251
307 287
9 293
60 231
71 167
28 76
322 301
68 156
163 77
78 77
81 131
9 316
229 251
61 16
16 17
287 307
307 142
9 293
195 99
60 231
60 183
268 276
207 296
270 51
28 76
78 79
322 301
71 167
78 77
121 38
311 282
81 131
61 16
16 17
307 142
9 316
229 251
7 8
60 231
144 205
207 296
93 22
37 70
255 254
317 126
86 61
95 52
78 79
322 301
71 167
78 77
121 38
81 131
61 16
16 17
287 307 142
195 99
60 231
207 296
272 202
270 51
37 70
317 126
28 76
95 52
78 79
322 301
78 77
121 38
61 16
16 17
287 307
218 219
72 171
136 272
60 231
181 175
117 130
207 296
37 70
198 139
255 254
194 72
317 126
95 52
78 79
322 301
78 77
121 38
81 103
241 236
16 17
136 272
60 231
270 51
37 70
255 254
317 126
198 139
78 79
322 301
78 77 79
121 38
81 103
241 236
61 16
16 17
136 272
60 231
104 44
144 205
272 202
270 51
37 70
255 254
322 301
71 167
78 77
121 38
9 316
61 16
16 17
287 307
202 269
136 272
60 231
144 205
272 202
270 51
250 296
78 79
94 127
322 301
48 97
47 48
71 167
266 247
78 77
121 38
189 99
61 16
16 17
62 183
136 272
132 309
60 231
104 44
103 131
207 296
272 202
270 51
78 79
94 127
322 301
47 48
71 167
78 77
121 38
61 16
136 272
60 231
103 131
207 296
270 51
95 52
149 152
94 127
78 79
322 301
71 167
98 99
114 61
61 16
16 17
7 66
136 272
166 145
9 293
132 309
60 231
103 131
161 302
144 205
207 296
270 51
255 254
95 52
78 79
322 301
71 167
121 38
114 61
61 16
16 17
218 219
7 66
136 272
9 293
60 231
103 131
268 276
144 205
270 51
255 254
28 76
95 52
317 126
78 79
322 301
71 167
195 98
61 16
16 17
7 66
9 293
132 309
60 231
42 41
104 44
103 131
268 276
268 290
207 296
270 51
93 22
144 205
317 126
95 52
149 152
78 79
322 301
71 167
121 38
195 98
89 306
114 61
61 16
16 17
170 188
92 91
7 66
60 231
104 44
268 276
286 87
207 296
270 51
95 52
78 79
322 301
70 94
71 167
78 77
121 38
114 61
61 16
16 17
92 91
7 66
136 268
203 215
60 231
268 276
207 296
270 51
255 254
317 126
95 52
78 79
322 301
48 97
71 167
163 78 77
121 38
114 61
61 16
16 17
92 91
7 8
132 309
60 231
104 44
207 296
270 51
139 138
78 221
95 52
78 79
159 120
322 301
48 97
71 167
163 77
78 77 221
121 38
189 99
114 61
241 236
16 17
92 91
132 309
55 87
60 231
268 276
270 51
255 254
317 126
78 79
159 120
322 301
71 167
163 77
78 77
121 38
114 61
61 16
16 17
92 91
9 293
132 309
60 231
104 44
144 205
270 51
139 138
37 70
78 221
78 79
159 120
322 301
89 306
241 236
28 85
55 87
139 138
78 77
78 221
37 70
70 94
121 38
114 61
16 17
104 44
286 87
132 309
270 51
189 99
98 99
163 77
92 91
203 294
9 293
60 231
62 183
61 16
71 167
322 301
163 77
78 77
121 38
195 98
189 99
61 16
16 17
92 91
28 85
7 8
132 309
60 231
286 87
207 296
270 51
139 138
78 221
78 79
322 301
28 85
42 41
144 205
207 296
7 8
172 150
95 51
139 138
78 77
78 221
78 79
70 94
121 38
114 61
61 65
16 17
286 87
132 309
270 51
163 77
92 91
60 231
120 103
149 152
28 76
322 301
71 167
163 77
78 77 221
121 38
114 61
61 16
16 17
92 91
7 66
132 309
55 87
60 231
198 161
42 41
268 276
207 296
270 51
139 138
116 115
78 79
322 301
163 77
78 77 79
121 38
89 306
114 61
307 142
61 16
16 17
92 91
9 293
132 221
55 87
60 231
161 139
144 205
139 138
116 115
322 301
48 97
144 205
71 167
163 77
78 77
121 38
89 306
61 16
16 65
16 17
101 76
9 293
60 231
42 41
117 130
207 296
270 51
139 138
78 221
95 52
78 79
94 127
78 302
305 301
322 301
42 41
66 127
120 131
103 131
255 254
139 138
78 77
78 221
159 120
121 38
114 61
117 130
16 17
104 44
286 87
94 127
270 51
116 115
163 77
208 227
60 231
61 16
36 38
71 167
268 276
305 301
322 301
104 134
103 131
207 296
291 300
255 254
139 138
78 77
78 221
78 79
114 61
117 130
286 87
94 127
132 309
126 317
189 99
116 115
163 77
101 76
9 293
60 231
61 16
36 38
305 301
322 301
71 167
163 77
78 77
61 16
307 142
60 231
103 131
117 130
286 87
207 296
250 296
139 138
93 22
78 221
116 115
255 254
28 76
95 52
317 126
78 79
94 127
322 301
71 167
163 78 77
121 38
114 61
61 16
265 142
28 85
60 231
161 139
104 44
207 296
270 51
250 296
139 138
78 221
116 115
255 254
28 76
95 52
78 79
94 127
322 301
71 167
163 78 77
98 99
229 251
114 61
61 16
265 142
104 134
9 293
60 231
103 131
207 296
51 52
139 138
78 221
116 115
120 103
317 126
95 52
78 79
94 127
322 301
71 167
163 77
78 77
316 281
89 306
114 61
61 16
16 17
229 251
265 142
60 231
135 83
161 139
104 44
144 205
286 87
207 296
139 138
78 221
116 115
78 79
305 301
322 301
70 94
89 306
104 134
103 131
144 205
207 296
255 254
161 139
139 138
78 77 221
78 79
114 61
16 17
104 44
286 87
270 51
126 317
98 99
93 22
116 115
163 77
9 316
229 251
9 293
60 231
61 16
72 73
305 301
322 301
14 124
7 66
103 131
250 296
161 139
139 138
78 77
114 61
86 17
104 44
286 87
270 51
126 317
189 99
98 99
93 22
116 115
163 77
9 316
229 251
9 293
60 231
61 16
10 293
271 22
72 73
322 301
14 124
28 85
55 87
103 131
144 205
207 296
291 300
250 296
255 254
161 139
139 138
78 77
37 70
121 38
114 61
86 17
104 44
270 51
86 61
126 317
116 115
163 77
72 171
9 293
60 231
61 16
48 97
322 301
55 87
7 66
103 131
144 205
207 296
250 296
161 139
139 138
78 77
37 70
121 38
114 61
286 87
94 127
270 51
126 317
116 115
163 77
9 316
229 251
9 293
60 231
48 97
28 76
322 301
14 124
28 85
55 87
7 66
103 131
142 265
255 254
161 139
139 138
78 77
37 70
121 38
114 61
104 44
286 87
94 127
270 51
126 317
189 99
116 115
163 77
9 316
9 293
60 231
61 16
28 76
305 322 301
14 124
89 216
104 134
55 87
103 131
95 52
161 139
139 138
78 77
37 70
114 61
117 130
16 17
104 44
286 87
270 51
116 115
163 77
316 281
101 76
92 91
60 231
28 76
305 322 301
116 115
95 52
14 124
78 77
32 33
104 134
7 66
10 293
60 231
161 139
104 44
103 131
286 87
261 239
42 41
31 209
139 138
37 70
94 127
305 322 301
86 33
14 124
78 77
189 99
89 306
32 33
9 316
92 91
7 66
136 272
10 293
60 231
161 139
104 44
103 131
286 87
74 22
139 138
37 70
116 115
305 322 301
32 33
121 38
98 99
189 99
9 316
61 16
92 91
136 272
60 231
161 139
103 131
139 138
116 115
317 126
78 79
305 322 301
32 33
163 77
78 77
195 98
189 99
61 16
16 17
194 171
92 91
203 215
136 272
42 41
181 192
161 139
60 231
286 87
139 138
37 70
116 115
317 126
78 79
305 301
322 301
78 77
316 281
121 38
195 98
189 99
16 17
194 171
136 272
60 231
181 192
161 139
286 87
247 264
198 138
139 138
37 70
116 115
78 79
305 301
322 301
78 77
195 98
98 99
189 99
291 300
16 17
307 142
194 171
92 91
28 85
136 272
60 231
64 65
272 202
139 138
247 264
37 70
286 87
116 115
317 126
28 76
78 79
322 301
32 33
78 77
114 61
291 300
16 17
208 227
92 91
28 85
7 66
7 8
60 231
42 41
286 87
270 51
139 138
37 70
116 115
317 126
78 79
305 301
322 301
124 83
121 38
195 98
32 33
291 300
101 76
208 227
92 91
9 293
181 192
60 231
42 41
286 87
139 138
37 70
277 261
317 126
78 79
305 301
322 301
78 77
195 98
98 99
121 38
291 300
208 227
42 41
181 192
60 231
144 205
286 87
198 138
139 138
289 221
28 76
94 127
305 301
322 301
32 33
78 77
195 98
98 99
114 61
291 300
61 16
208 227
41 91
60 231
181 192
286 87
37 70
78 79
94 127
305 301
322 301
86 33
124 247
78 77
121 38
195 98
114 61
89 217
288 280
218 219
55 87
181 192
60 231
103 131
144 205
139 138
37 70
198 139
94 127
305 301
322 301
86 33
124 135
89 217
136 272
55 87
55 88
42 41
181 192
103 131
172 150
95 52
198 139
139 138
78 77
78 79
32 33
121 38
135 56
286 87
94 127
98 99
41 91
60 231
62 183
305 301
322 301
306 134
288 280
136 272
55 87
42 41
181 192
103 131
261 239
172 150
95 52
135 312 247
198 139
139 138
78 77
78 79
37 70
32 33
86 33
252 88
121 38
104 44
286 87
94 127
98 99
41 91
195 98
60 231
305 301
322 301
32 33
78 77
121 38
286 241
215 227
136 272
55 87
172 150
60 231
161 302
104 44
103 131
286 87
261 239
37 70
95 52
78 79
94 127
305 301
322 301
55 87
103 131
261 239
172 150
95 52
176 324
78 77
78 79
14 56
37 70
32 33
121 38
104 44
286 87
94 127
208 227
122 82
195 98
60 231
61 16
161 302
305 301
322 301
124 135
136 272
55 87
7 66
103 131
261 239
95 52
176 324
78 77 79
37 70
32 33
51 52
135 56
104 44
286 87
94 127
141 235
270 51
287 141
208 227
41 91
9 293
60 231
312 264
61 16
161 302
305 301
322 301
14 124
104 134
7 66
103 131
261 239
307 142
176 324
312 236
110 111
78 221
78 79
37 70
32 33
121 38
94 127
141 235
98 99
287 141
32 16
41 91
9 293
60 231
61 16
305 301
322 301
32 16
32 33
78 77
121 38
55 246
306 134
11 235
7 66
9 293
286 55
42 41
172 150
104 44
103 131
60 231
176 324
271 22
78 79
141 235
305 301
322 301
89 216
267 82
11 235
28 85
136 272
55 246
7 66
103 131
7 8
307 142
172 150
176 324
78 77
285 290
121 38
135 56
83 277
286 246
98 99
9 293
195 98
60 231
225 15
268 276
277 15
305 301
322 301
89 217
306 134
267 82
14 241
136 272
55 87
42 41
103 131
7 8
285 290
37 70
121 38
43 232
7 37
141 235
98 99
32 16
9 316
43 15
9 293
195 98
60 231
246 87
277 15
305 301
322 301
89 217
267 82
42 41
103 131
7 37 8
307 142
255 254
247 88
198 139
139 138
176 324
78 77
266 232
121 38
252 237
135 232
312 232
135 56
104 44
141 235
98 99
9 293
43 15
195 98
60 231
305 301
322 301
89 217
267 82
103 131
7 8
172 150
255 254
135 247 56
198 139
139 138
78 77
121 38
252 245
312 232
43 135 56
135 15
104 44
7 37
94 127
141 235
9 316
195 98
60 231
264 15
48 97
305 301
322 301
14 124
124 312
103 131
7 8
307 142
172 150
78 77
37 70
121 38
135 56
104 44
7 37
94 127
141 235
126 317
122 82
92 91
43 15
60 231
312 264
62 183
10 293
28 76
271 22
305 301
322 301
266 124
124 135
124 277
124 264
89 217
215 227
55 87
42 41
103 131
7 8
172 150
254 223
139 138
43 14
78 77
121 38
94 127
141 235
122 82
92 91
195 98
60 231
305 301
322 301
89 217
89 216
55 87
42 41
103 131
144 205
7 8
139 138
176 324
78 77
37 70
43 266
121 38
104 44
7 37
94 127
141 235
126 317
189 99
93 22
92 91
60 231
305 301
322 301
43 266
78 77
121 38
195 98
189 99
307 142
7 8
42 41
181 192
10 293
103 131
60 231
86 17
286 87
176 324
139 138
94 127
141 235
305 301
322 301
241 236
266 267
135 267
28 85
215 203
55 88
181 192
103 131
261 239
7 8
95 52
139 138
78 77
121 38
114 61
135 245
286 87
163 192
141 235
126 317
189 99
32 61
195 98
60 231
305 301
322 301
266 135
78 77
316 281
252 237
114 61
241 236
307 142
189 99
28 85
7 8
43 135
83 277
83 245
181 192
60 231
103 131
286 87
139 138
95 52
78 79
141 235
305 301
322 301
9 316
114 61
154 143
218 219
7 8
203 215
60 231
83 245
181 192
261 239
139 138
37 70
28 76
95 52
317 126
78 79
141 235
305 301
322 301
28 85
136 272
42 129
144 205
261 239
7 8
139 138
78 77
78 79
37 70
114 61
83 245
130 94
104 44
163 192
141 235
126 317
189 99
316 281
60 231
246 87
312 15
305 301
322 301
241 236
312 267
136 272
42 129
103 131
144 205
307 142
139 138
78 77
37 70
114 61
83 245
130 94
286 87
141 235
126 317
9 316
316 281
195 98
60 231
246 87
61 16
191 161
305 301
322 301
100 98
78 77
195 98
9 316
241 236
61 16
7 37
7 66
7 8
305 172
191 161
104 44
60 231
83 245
144 205
264 245
317 126
247 56
78 79
141 235
14 15
305 322 301
43 266
78 77
77 324
195 98
98 99
122 82
9 316
316 281
241 236
114 61
307 142
61 16
246 88
43 14 15
43 312 15
286 55
60 231
161 302
83 245
37 70
317 126
247 56
305 322 301
266 277
32 61
78 77
195 98
98 99
9 316
316 281
114 61
43 267
61 16
43 312
60 231
83 245
191 161
104 44
144 205
261 239
286 87
264 245
37 70
14 312 15
78 79
305 301
322 301
124 245
55 88
144 205
261 239
289 221
198 139
139 138
43 14
14 15
37 70
114 61
232 225
43 135 312
135 312 15
83 245
104 44
286 87
126 317
316 281
122 82
60 231
62 183
61 16
167 153
149 152
156 154
305 301
322 301
41 85
55 88
261 239
250 296
198 139
139 138
14 135 312
14 135 15
78 77
78 79
37 70
266 284
114 61
232 225
43 135 312
83 245
117 130
286 87
126 317
316 281
122 82
60 231
62 183
61 16
149 152
156 154
271 22
305 301
322 301
55 88
144 205
261 239
250 296
198 139
43 14 135 15
14 135 312 15
78 77
37 70
114 61
232 225
83 245
104 44
286 87
126 317
229 251
122 82
60 231
156 154
271 22
305 301
322 301
167 153
78 77
98 99
121 38
114 61
43 267
61 16
60 231
42 129
104 44
261 239
271 22
198 139
322 301
306 134
43 267
312 267
11 235
215 203
42 129
261 239
207 296
7 8
307 142
78 77
78 79
14 245
37 70
121 38
166 145
135 312 245
104 44
286 87
126 317
98 99
60 231
62 183
61 16
271 22
322 301
241 236
312 267
11 235
136 272
55 88
42 129
207 296
198 139
78 77
178 175
37 70
200 227
121 38
114 61
166 145
130 94
104 44
126 317
98 99
268 290
122 82
60 231
61 16
268 276
271 22
322 301
241 236
135 267
11 235
215 200
42 129
261 239
207 296
307 142
198 139 138
37 70
51 52
200 227
121 38
43 135
135 15
130 94
104 44
189 99
98 99
268 290
32 61
60 231
61 16
271 22
322 301
14 124
241 236
266 267
135 267
312 267
11 235
136 272
42 129
261 239
207 296
142 265
95 52
139 138
135 247
78 77
37 70
121 38
114 61
43 135
135 277
16 65
189 99
268 290
43 15
60 231
312 264
271 22
72 73
322 301
14 124
241 236
266 267
277 312 267
11 235
42 129
207 296
7 8
135 247 15
95 52
78 77
37 70
121 38
232 225
135 56
117 130
286 87
132 309
268 290
122 82
60 231
312 264
61 16
271 22
72 73
322 301
14 124
241 236
11 235
42 129
261 239
207 296
7 8
307 142
255 254
95 52
139 138
135 247
37 70
117 130
104 44
286 87
4 47
132 309
126 317
43 15
60 231
312 264
61 16
72 73
322 301
266 284
47 4
14 124
78 77
121 117
121 38
61 16
16 17
11 235
7 8
43 247
43 15
132 309
135 56
42 129
60 231
104 44
144 205
37 70
95 52
149 152
78 79
322 301
43 15
135 15
61 16
11 235
7 8
9 293
132 309
135 56
60 231
104 44
117 130
261 239
286 87
72 73
37 70
28 76
317 126
95 52
149 152
78 79
322 301
47 4
14 124
9 316
316 281
229 251
89 216
114 61
218 219
9 293
132 309
135 15
60 231
104 44
286 87
72 73
317 126
78 79
322 301
258 205
37 70
47 4
14 124
89 216
307 142
218 219
28 85
9 293
132 309
135 15
42 129
60 231
104 44
268 290
261 239
117 130
207 296
37 36
317 126
78 79
322 301
47 4
14 124
78 77
122 82
89 216
241 236
61 16
11 235
292 303
7 8
132 309
135 15
60 231
104 44
72 73
37 70
317 126
322 301
36 70
47 4
78 77
89 216
114 61
7 66
7 8
132 309
135 15
60 231
104 44
207 296
72 73
37 70
78 221
317 126
51 52
32 33
89 216
101 76
61 16
218 219
11 235
7 8
136 272
132 309
135 15
42 129
60 231
104 44
130 94
207 296
72 73
37 70
317 126
78 79
94 127
32 33
101 76
89 216
55 246
232 225
218 219
11 235
7 8
136 272
132 309
42 129
60 231
104 44
130 94
268 276
144 205
72 73
37 70
317 126
78 79
135 15
32 33
189 99
89 216
101 76
107 108
107 129
218 219
7 8
136 272
132 309
42 129
60 231
104 44
130 94
72 73
292 300
317 126
149 152
78 79
116 115
32 33
32 61
89 216
114 61
101 76
288 280
232 225
7 8
132 309
135 15
60 231
104 44
117 130
130 94
286 87
72 73
317 126
78 79
48 97
89 216
42 129
7 8
307 142
292 300
78 79
37 70
32 33
114 61
232 225
218 219
135 15
104 44
286 87
4 127
132 309
126 317
116 115
60 231
312 264
62 183
48 97
89 216
136 272
42 129
207 296
7 8
307 142
255 254
78 79
37 70
32 33
114 61
218 219
135 15
104 44
132 309
126 317
32 61
316 281
60 231
62 183
48 97
107 108
268 276
89 216
42 129
7 8
307 142
292 300
78 79
37 70
32 33
121 38
114 61
232 225
218 219
135 15
16 17
104 44
132 309
126 317
32 61
229 251
101 76
60 231
48 97
107 108
268 276
37 70
89 216
287 141
32 33
121 117
116 115
16 17
62 183
232 225
265 142
7 8
132 309
135 15
42 129
60 231
104 44
117 130
130 94
268 276
317 126
78 79
48 97
32 33
78 77
229 251
89 216
232 225
287 141
132 309
60 231
104 44
130 94
268 276
37 8
37 70
317 126
78 79
287 141
32 33
121 38
229 251
89 216
16 17
107 108
136 272
132 309
60 231
42 41
104 44
130 94
268 276
207 296
312 264
72 73
37 70
78 79
89 216
288 280
136 272
207 296
110 111
78 79
37 70
32 33
218 219
83 277
305 172
130 94
104 44
132 309
126 317
268 290
9 316
122 82
60 231
61 16
149 152
107 108
32 33
9 316
89 216
288 280
61 16
16 17
92 91
136 272
132 309
60 231
130 94
268 290
207 296
149 152
78 79
32 33
9 316
89 216
114 61
61 16
307 142
92 91
7 8
136 272
132 309
60 231
104 44
207 296
292 300
37 70
255 254
317 126
78 79
32 33
9 316
89 216
114 61
107 108
92 91
136 272
132 309
60 231
83 277
161 139
104 44
163 324
37 70
317 126
163 192
78 79
32 33
121 38
98 99
89 216
114 61
288 280
107 108
9 316
92 91
136 272
60 231
104 44
292 300
176 324
37 70
78 79
32 33
9 316
316 281
89 216
114 61
287 141
307 142
11 235
92 91
136 272
132 309
60 231
83 277
104 44
176 324
37 70
78 79
32 33
9 316
89 216
114 61
61 16
16 17
287 141
92 91
28 85
43 15
60 231
83 277
104 44
176 324
139 138
37 70
110 111
78 79
141 235
41 91
32 33
78 77
9 316
89 216
114 61
61 16
287 307
287 141
218 219
107 108
92 91
28 85
60 231
83 277
172 150
104 44
176 324
139 138
292 300
37 70
89 216
11 235
215 203
136 272
144 299
292 300
289 221
255 254
139 138
78 77
37 70
32 33
114 61
83 277
117 130
163 324
292 303
287 141
9 316
92 91
60 231
61 16
149 152
107 108
322 301
32 33
78 77
9 316
316 281
89 216
121 38
287 141
107 108
292 303
92 91
203 215
60 231
83 277
104 44
268 290
292 300
139 138
163 324
37 70
149 152
78 79
141 235
322 301
89 216
11 235
215 203
136 272
7 8
142 265
172 150
139 138
78 77
78 79
37 70
32 33
218 219
83 277
117 130
292 303
141 235
287 141
9 316
92 91
60 231
149 152
322 301
78 77
121 38
89 216
9 316
265 142
92 91
292 303
7 8
136 272
203 215
60 231
83 277
139 138
292 300
37 70
178 175
36 38
78 79
322 301
78 77
121 38
89 216
9 316
287 141
218 219
11 235
107 108
265 142
92 91
292 303
215 199
136 272
136 202
60 231
161 302
139 138
37 70
255 254
36 38
78 79
141 235
305 301
322 301
89 216
11 235
104 134
136 272 202
55 246
261 239
142 265
292 300
139 138
78 79
37 70
32 33
121 38
218 219
83 277
117 130
104 44
292 303
98 99
287 141
163 77
9 316
92 91
60 231
61 16
161 302
107 108
322 301
89 216
11 235
136 272
261 239
7 8
292 300
168 95
95 164
139 138
78 79
37 70
32 33
121 38
218 219
83 277
117 130
272 202
292 303
98 99
287 141
163 77
229 251
60 231
61 16
107 108
305 301
322 301
89 216
11 235
136 272
261 239
207 296
7 8
142 265
292 300
168 95
95 164
139 138
78 79
37 70
32 33
121 38
218 219
117 130
16 17
292 303
229 251
43 15
60 231
62 183
61 16
271 22
322 301
9 316
89 216
16 17
218 219
11 235
292 303
28 85
7 8
136 272
132 309
60 231
161 302
104 44
207 296
292 300
271 22
37 70
168 95
95 164
94 127
322 301
89 216
11 235
136 272
55 246
261 239
207 296
7 8
142 265
292 300
168 95
95 164
78 77
78 79
37 70
32 33
114 61
218 219
83 277
16 17
104 44
292 303
94 127
132 309
126 317
9 316
60 231
62 183
36 38
322 301
89 216
11 235
136 272
261 239
207 296
7 8
292 300
307 142
142 265
172 150
255 254
95 164
139 138
78 77
78 79
37 70
32 33
114 61
232 225
83 277
117 130
16 17
104 44
292 303
132 309
126 317
287 141
9 316
60 231
62 183
36 38
322 301
89 216
136 272
7 66
261 239
207 296
7 8
142 265
172 150
255 254
95 164
139 138
163 78
78 77
78 79
37 70
32 33
218 219
83 277
117 130
64 65
292 303
141 235
132 309
126 317
268 290
9 316
60 231
62 183
36 38
271 22
72 73
305 301
322 301
89 216
136 272
7 66
207 296
7 8
292 300
142 265
172 150
95 164
163 78 77
78 79
37 70
32 33
114 61
83 277
117 130
104 44
292 303
132 309
126 317
268 290
9 316
101 76
122 82
60 231
61 16
271 22
72 73
305 301
322 301
89 216
136 272
7 66
261 239
207 296
7 8
172 150
292 300
95 164
198 139
139 138
78 77
37 70
32 33
114 61
83 277
117 130
292 303
132 309
126 317
163 77
9 316
122 82
60 231
271 22
305 301
322 301
89 216
136 272
66 8
207 296
7 8
292 300
255 254
95 164
198 139
139 138
163 78 77
78 79
121 38
114 61
218 219
83 277
172 281
117 130
104 44
292 303
141 235
132 309
126 317
9 316
60 231
62 183
167 153
36 38
107 108
72 73
305 301
322 301
89 216
28 85
136 272
207 296
7 8
292 300
255 254
95 164
198 139
139 138
78 77
78 79
37 70
121 38
117 130
104 44
77 324
292 303
141 235
126 317
9 316
226 217
43 15
60 231
62 183
149 152
36 38
28 76
72 73
305 301
322 301
89 298
89 216
28 85
136 272
7 66
207 296
292 300
198 139
139 138
78 79
37 70
135 15
117 130
104 44
77 324
7 37
292 303
141 235
126 317
206 161
9 316
43 15
60 231
62 183
36 38
72 73
305 301
322 301
206 161
78 77
189 99
89 216
9 316
61 16
11 235
292 303
43 15
60 231
104 44
117 130
261 239
207 296
292 300
139 138
37 70
198 139
78 79
36 38
305 301
322 301
14 124
89 216
11 235
41 85
136 272
42 41
292 300
198 139
139 138
78 79
37 70
117 130
104 44
189 99
268 290
206 161
43 15
60 231
61 16
149 152
36 38
305 301
322 301
206 302
68 156
78 77
9 316
89 216
232 225
11 235
7 8
136 272
9 293
60 231
117 130
292 300
139 138
37 70
198 139
317 126
86 61
36 38
78 79
305 301
322 301
135 15
37 70
189 99
89 216
232 225
7 66
9 293
60 231
42 41
104 44
86 17
270 51
139 138
198 139
317 126
28 76
149 152
36 38
78 79
305 301
322 301
189 99
163 77
89 216
9 316
241 236
7 66
7 8
9 293
60 231
191 161
117 130
65 115
292 300
139 138
37 70
198 139
317 126
36 38
141 235
305 301
322 301
32 33
189 99
9 316
89 298
89 216
241 236
307 142
61 16
11 235
7 66
7 8
132 309
60 231
191 161
104 44
72 73
37 70
198 139
317 126
36 38
141 235
322 301
189 99
122 82
89 216
241 236
307 142
16 17
7 66
7 8
136 268
9 293
60 231
191 161
104 44
292 300
37 70
198 139
255 254
149 152
36 38
141 235
322 301
78 77
316 281
122 82
89 216
241 236
287 307
287 141
11 235
232 225
7 8
9 293
60 231
104 44
286 87
139 138
37 70
198 139
238 247
36 38
141 235
322 301
89 216
241 236
136 272
7 8
255 254
198 139
139 138
78 77
78 221
37 70
16 17
104 44
141 235
132 309
126 317
189 99
287 141
116 115
92 91
9 293
60 231
61 16
36 38
322 301
9 316
89 216
241 236
61 16
16 17
232 225
92 91
7 8
136 272
9 293
10 293
60 231
104 44
117 130
207 296
139 138
37 70
78 221
255 254
149 152
94 127
322 301
32 33
43 15
89 216
61 16
16 17
232 225
11 235
60 231
207 296
78 221
198 139
255 254
317 126
28 76
78 79
36 38
94 127
141 235
322 301
32 33
9 316
89 216
257 248
232 225
7 66
136 272
60 231
104 44
268 276
261 239
117 130
207 296
37 70
198 139
255 254
36 38
78 79
141 235
28 76
89 216
32 33
36 70
36 38
61 16
232 225
218 219
92 91
28 85
7 66
7 97
136 272
9 293
60 231
42 41
104 44
207 296
37 70
78 221
317 126
78 79
141 235
141 235
32 33
32 28
189 99
9 316
89 216
61 16
232 225
218 219
92 91
7 66
9 293
60 231
104 44
117 130
207 296
176 324
37 70
317 126
36 38
78 79
322 301
32 33
232 225
316 281
89 216
287 307
218 219
7 66
9 293
60 231
103 131
207 296
176 324
72 73
37 70
317 126
28 76
78 79
141 235
322 301
68 156
189 99
89 216
232 225
92 91
7 66
136 272
9 293
60 231
103 131
117 130
176 324
37 36
37 70
317 126
36 38
78 79
141 235
189 99
9 316
89 216
232 225
62 183
92 91
7 66
136 272
9 293
195 99
60 231
64 65
192 324
37 36
37 70
317 126
78 79
36 38
141 235
189 99
98 99
89 216
9 316
232 225
218 219
7 66
136 272
9 293
195 99
60 231
104 44
64 65
207 296
271 22
255 254
317 126
78 79
36 38
206 302
78 77
98 99
89 216
9 316
218 219
7 66
136 272
60 231
42 129
43 15
104 44
117 130
37 70
78 221
221 289
255 254
317 126
78 79
36 38
89 216
101 76
92 91
76 91
7 66
136 268
195 99
135 15
60 231
104 44
64 65
207 296
292 300
37 70
78 221
78 79
89 216
28 85
136 268
136 272
7 66
207 296
292 300
78 221
78 79
32 33
114 61
232 225
16 17
104 44
98 99
116 115
76 91
60 231
62 183
36 38
268 276
271 22
305 301
32 33
78 77
98 99
89 298
89 216
101 76
62 183
7 66
136 272
60 231
207 296
292 300
72 73
78 221
78 79
305 301
116 115
32 33
78 77
98 99
89 298
89 216
189 99
9 316
287 141
62 183
107 108
7 66
136 272
195 99
60 231
104 44
268 276
286 87
292 300
78 221
78 79
36 38
305 301
89 298
89 216
136 272
42 129
42 41
7 66
207 296
307 142
292 300
238 247
78 77
32 33
114 61
311 282
16 17
104 44
189 99
98 99
9 316
92 91
9 293
60 231
62 183
36 38
268 276
72 73
305 301
89 298
89 216
136 272
42 129
207 296
307 142
292 300
78 221
78 79
32 33
200 227
114 61
232 225
16 17
104 44
189 99
98 99
9 316
92 91
60 231
36 38
72 304
271 22
89 216
28 85
136 272
207 296
7 8
307 142
292 300
78 221
78 79
32 33
114 61
232 225
130 94
16 17
64 65
286 87
141 235
126 317
189 99
98 99
32 28
9 316
101 76
226 217
9 293
132 221
60 231
36 38
72 73
89 216
76 85
115 85
136 272
144 299
7 8
37 8
292 300
31 209
198 139
78 77
78 79
37 70
32 33
32 114
114 65 127
130 65
126 317
189 99
98 99
32 115
47 48
32 28
163 77
101 76
92 91
41 91
9 293
60 231
36 38
107 108
72 73
89 216
108 85
8 85
76 85
7 66
42 76
144 205
37 8
238 247
198 139
78 77
78 79
114 61 33
200 227
121 117
32 114
218 219
86 116
189 99
32 115
47 48
9 316
92 91
7 107
9 293
132 221
60 231
116 61
36 38
48 107
28 76
72 304
107 108
268 276
89 298
89 216
47 42 85
47 76 85
8 85
144 205
7 8
37 8
292 300
198 139
139 138
78 77
78 79
37 70
114 33
48 33
107 33
86 114
114 61
114 36
64 65
270 164
126 317
189 99
98 99
107 94
47 76 129
32 48
32 107
9 316
122 82
9 293
60 231
116 61
36 38
116 36
89 216
76 85
170 188
7 66
181 192
7 8
37 8
292 300
238 247
198 139
139 138
78 77
78 221
78 79
37 70
32 33
121 117
116 114 61
65 115
64 115
16 17
104 44
37 38
163 192
107 127
270 164
189 99
98 99
126 317
9 316
76 91
9 293
60 231
116 36
76 129
72 304
23 162
89 216
316 11
11 235
76 85
7 66
207 296
7 8
292 300
198 139
78 77
78 221
78 79
70 127
32 33
121 117
121 38
114 61
64 115
186 324
37 107
163 192
141 235
270 164
189 99
98 99
206 163
9 316
316 281
41 91
7 76
60 231
179 107
116 61
167 153
116 36
10 293
76 129
116 16
72 304
28 41
89 306
241 236
11 235
107 85
170 173
55 246
7 66 76
181 192
47 42
207 296
107 8
142 265
198 139
78 79
194 72
70 127
32 33
121 117
114 61
64 65
189 99
98 99
28 41 91
60 231
116 61
177 304
89 298
293 11
11 303
11 235
104 134
7 66 76
181 192
47 42
7 8
142 265
172 150
78 221
78 79
31 178
194 177
37 175
70 127
16 17
64 65
221 220
178 192
174 99
100 99
189 99
98 99
104 216
9 316
291 303
60 231
116 61
167 153
116 36
10 293
291 293
28 107 41
191 161
305 301
89 306
288 299
226 134
7 66
181 192
47 42
7 8
314 95
139 138
194 126
194 72
32 33
121 117
166 145
117 130
202 273
132 220
292 303
270 164
174 99
98 99
100 126
177 126
229 251
229 104
9 10 316
101 28
208 227
7 76
195 98
60 231
221 79
116 61
167 153
305 313
28 107
10 281
268 276
28 41
322 301
228 89 134
228 306
288 299
47 42
31 181
58 161
7 8
307 142
314 95
220 139
139 138
78 221
78 79
32 33
211 212
121 117
69 164
166 145
117 130
16 17
17 36
64 65
9 292
270 164
177 126
10 316
316 303
229 104
101 28 41
307 287
208 227
188 196
41 91
7 76
9 10
60 231
178 302
116 61
116 38
36 38
174 189
268 276
322 301
148 35
89 216
89 134
288 299
288 280
229 134
136 272
47 42
181 233
58 161
207 296
7 8
142 265
314 95
139 138
78 221
78 79
194 73
132 31
258 205
70 127
32 33
200 227
298 212
166 145
117 130
298 216
64 65
229 44
286 87
292 291
292 281
309 192
270 164
100 126
177 126
98 99
99 73
61 115
287 141
229 251
229 228
92 101
101 28
28 107 91
28 41 91
9 10
60 231
228 104
178 108
116 61
116 36
268 276
317 73
322 301
89 216
89 134
288 268
288 299
229 134
136 272
66 76
309 181 192
58 161
144 205
207 296
7 8
287 142
314 95
78 79
31 178
37 70
32 33
200 227
69 164
16 17
298 216
64 65
161 138
286 87
77 127
270 164
100 177 126
98 99
132 117
163 48 94
229 226
101 41
293 303
41 91
7 76
60 231
178 108
10 217
116 36
72 196
196 73
268 276
28 41
322 301
89 134
288 299 280
288 303
164 158
136 272
7 66 76
4 66
195 59
207 296
7 8
314 95
139 138
31 178 108
78 220
78 79
258 205
37 70
121 117
69 164
218 219
202 269
16 17
64 65
77 127
98 99
177 126
48 94
9 316
101 28
101 107
228 211
171 196 73
293 303
174 195
60 231
104 48
291 299 293
305 313
291 313
322 301
148 35
11 235
164 158
25 100
66 76
195 317 59
59 196
7 8
314 95
139 138
31 178 108
78 220 79
194 195
258 205
37 70
32 33
121 117
119 165
202 269
166 145
135 15
172 292
16 17
64 65
291 202
272 202
305 292
292 313
77 127
177 126
48 94 115
94 108
32 115
9 316
204 311
305 293 303
107 91
41 91
7 76
43 15
60 231
28 107
72 196
196 73
268 276
28 41
322 301
148 35
288 299
241 236
69 275
275 164
11 235
95 158
215 203
66 76
181 192
58 139
305 144 293
144 293 205
47 42
195 59 196
304 59
7 8
48 8
268 142
69 95
139 138
31 178
194 317
32 33 115
200 203
116 114
311 282
166 145
135 15
54 125
35 147
172 268
64 65
221 138
77 127
9 316 126
177 316 126
94 108
229 226
100 316
204 311
228 303
107 91
41 91
7 76
60 231
43 15
313 280
268 272
149 152
268 293
72 196
196 73
322 301
288 299
11 235
95 158
47 42
42 129
181 192
7 66 76
166 144
144 205
7 8
248 296
132 209
175 209
159 95
95 164
139 138
238 247
78 220
285 287
168 159
31 178
163 112
255 256
258 205
33 115
37 70
310 223
121 117
121 130
119 165
116 114
294 223
202 265
311 282
35 147
125 126
172 272
168 146
64 65
9 259
230 6
77 127
100 126
177 126
99 196
103 94 108
287 141
32 115
229 226
101 28
218 303
43 15
60 231
113 5
113 6
305 293
48 97
287 280
72 196 73
191 161
268 281
288 299
178 11 235
159 95 158
215 234
170 174
44 134
47 42
42 129
42 41
132 58
58 139
144 205
144 281
144 142
7 8
8 41
248 296
175 209
139 138
31 178
258 205
37 70 41
32 65 33
310 223
37 121
121 38
116 114
166 141
37 28
292 291
77 127
117 127
100 177 126
126 184
117 61
94 108
229 226
107 91
7 76
43 15
60 180
178 6
61 28
113 6
293 281
107 129
196 73
191 161
268 276
271 22
288 153
288 299 18
11 235
159 95 158
215 234
136 142
25 99
25 59
25 188
76 85
47 42
42 107
42 76
7 66
203 207
207 250
207 282
7 8
145 142
255 254
139 138
31 178
205 281
37 70 41
32 64 33
65 64 33
119 165
259 219
166 268
35 297
314 51
268 202
221 138
257 255
292 291
220 161
117 127
86 101
86 28
100 177 126
94 108
229 226
9 316
92 91
76 91
43 15
203 213
116 61
305 313
293 281
287 280
196 73
191 161
268 276
23 162
89 216
9 11 235
95 158
164 158
47 42
42 107
78 181
181 192
58 209
144 269
213 207
7 8
8 41
290 150
69 95
221 139 138
78 161
166 285
132 175
163 175
258 205
37 70 41
64 33
211 212
104 18
119 165
218 219
292 291 265
166 269
166 145
166 268
187 60
64 115
220 138
292 287
100 177 126
293 290
195 216
32 115
9 316
213 311
195 226
92 91
43 15
61 16
291 272
293 281
287 280
72 196
196 73
191 161
9 11 235
95 158
47 42 107
181 175
8 41
291 300
305 142
287 142
293 296
199 326
221 139 138
285 268 205
166 258
145 258
35 256
37 70 41
113 18
310 303
32 33
211 212
126 219
218 219
293 265
278 272
35 250
64 115
17 115
221 220 138
9 316 235
100 177 126
60 126
94 108
61 115
229 104
92 91
43 15
184 183
61 16
305 313
305 272
186 79
113 6
48 97
28 76
196 73
305 281
89 18
9 316 11 235
95 158
164 158
25 1
78 181 175
58 209
59 171
305 313 142
305 272 142
291 300
293 296
287 150
221 220 139 138
166 285
253 250
37 70
113 18
310 303
37 114
218 219
268 269
166 145
147 65
65 230
292 291
292 272
132 309
100 177 126
177 126 188
94 108
287 141
116 115
47 48
132 77
208 248
248 297
43 15
287 281
196 73
191 161
11 235
95 164 158
25 1
58 209
144 273
195 59
177 126 59
213 207
7 8
305 287 142
291 300
293 281 296
63 173
173 184
173 274
199 223
139 138
78 175
253 250
32 33
86 33
211 212
310 303
119 165
37 114
311 282
166 145
286 87
292 272
9 235
287 141
116 115
47 48
9 316
228 211
132 163
147 120
153 152
61 16
72 196
196 274
196 73
174 218
191 161
243 251
9 316 11 235
69 158
95 158
164 158
136 287
25 1
170 126
145 144
177 126 59
7 8
313 300
293 150
293 296
305 142
173 320
139 138
23 283
258 205
205 272
205 269
32 33
86 33
121 117
37 114
64 65
257 250
250 263
286 87
292 291 280
23 235
132 309
126 188
116 115
163 77
147 120
153 152
61 16
293 281
72 196
196 73
63 274
9 316 11 235
69 164 158
136 287
136 142
78 181
144 272
291 300
293 281 296
293 150
173 49
139 138
243 78
258 272
297 205
205 280
205 269
37 70
32 33
86 33
114 61
166 145
213 35
64 65
257 250
250 12
286 87
305 292
77 192
132 309
177 126
94 108
290 280
47 48
163 77
213 326
218 303
203 213
153 152
272 280
243 295
113 6
305 291
196 73
191 161
9 11 235
69 164 158
78 181 175
310 207
213 207
287 142
173 180
173 231
159 95
139 138
23 283
9 112
32 33
86 33
211 212
310 203
114 61
60 165
166 145
187 73
203 35
64 65
257 250
250 12
286 87
292 291
163 192
9 316 235
132 309
94 108
47 48
163 77
203 311
213 326
218 303
274 183
153 152
272 280
196 73
163 161
191 161
305 301
9 316 11 235
60 158
164 158
78 181
58 161
287 142
201 49
159 95
139 138
23 283
78 175
9 112
70 94
86 33
211 212
234 326
114 61
213 223
145 272 269
166 145
172 202
16 17
64 65
257 250
250 12
145 273
161 192
132 309
116 115
47 48
163 77
61 16
107 108
72 196
196 73
163 161
191 161
23 24
305 301
23 11
316 11
11 235
119 275
69 158
164 158
215 207
215 296
136 272 273
58 161
249 5
213 207
213 199
159 95
185 49
139 138
37 70
32 33
86 33
211 212
310 311
310 282
234 326
114 61
213 223
305 269
166 145 272
187 196
64 65
198 138
250 12
9 235
132 309
9 316
163 77
34 227
5 303
119 60
184 196 73
72 196
191 161
305 301
23 11
11 235
69 158
164 158
55 88
208 207 296
213 207
293 150
213 199
159 95
185 49
139 138
23 283
37 70
70 94
32 33
86 33
211 212
310 282
114 61
213 223
305 269
187 73
16 17
64 65
257 250
250 12
163 192
9 235
316 235
163 77
63 320
61 16
153 149
184 196
107 108
72 196
196 73
305 301
159 95 275
11 283
11 235
270 158
69 158
215 207
55 88
42 41
249 303
207 223
207 296
150 142
292 142
293 142
213 199
185 49
139 138
9 112
268 256
276 256
37 70
70 94
86 33
303 18
211 212
234 326
114 61
60 165
272 269
187 196
16 17
64 65
49 196 73
198 138
132 309
163 77
9 316
113 303
203 242
23 9
61 16
305 272
301 272
63 184
107 108
208 294
148 147
270 158
164 158
249 303
249 18
208 207 296
213 207 223
7 8
281 142
234 296
294 296
173 231
159 95
198 139
185 49
23 112
9 316 112
268 256
258 280
37 70
86 33
211 212
310 311
234 326
114 61
60 165
305 272 269
272 269 273
166 145
64 65
49 73
292 291
293 105
179 77
203 242
61 16
287 313
243 295
107 108
72 196
196 73
191 161
148 147
241 236
270 158
164 158
215 207
55 88
208 207
207 223
7 8
313 281 142
208 296
234 296
213 199
185 49
198 139
9 316 112
70 94
86 33
310 311
114 61
313 265
305 272 269
272 202 269
166 145
64 65
180 49 184
301 202
286 87
292 291
293 105
179 77
231 73
272 273
243 295
180 73
305 301
241 236
159 275
270 158
164 158
215 213 199
136 292
42 41
249 18
172 142
313 281 142
176 209
208 296
173 73
198 139
316 112
37 70
70 94
86 33
303 18
114 61
119 165
213 223
301 269
166 145
64 65
49 231
292 291
77 192
293 105
9 316
179 77
132 221
23 9
60 73
305 273
268 273
61 16
149 152
305 301
270 158
215 207
136 202
207 223
207 296
172 313 142
172 281 142
291 300
208 296
176 209
213 199
60 201
201 49
159 95
198 139
23 283
9 112
70 94
86 33
310 250
114 61
119 165
213 223
202 269
166 145
187 231
64 65
272 202
54 49
49 231
305 292 291
77 192
227 263
293 105
9 316
312 264
272 273
153 149
305 272
268 272
305 301
148 147
270 164 158
69 158
215 213
215 207
136 268
112 249
249 5
249 18
207 223
207 263
207 296
7 8
172 142
313 142
281 142
305 291 300
208 234 296
213 199 223
201 49
159 95
198 139
70 94
86 33
200 227
310 250
234 326
114 61
301 265
64 65
54 49
49 183
305 292 291
9 316
272 273
61 16
243 295
48 97
148 147
11 235
270 164 158
69 158
95 158
136 272
136 202
7 66
249 18
207 223
172 142
313 281 142
291 300
176 209
208 296
173 73
213 199 223
60 201 49
201 231
201 183
159 95
23 283
112 303
70 94
86 33
303 18
310 250
114 61
16 17
64 65
286 87
305 292
116 115
293 105
54 183
9 316
113 303
92 91
272 280
180 184
255 242
305 291
148 147
11 235
270 158
69 158
95 158
164 158
136 272
136 273
254 207 296
207 223
313 142
291 300
208 254 296
176 209
213 199 223
201 49
201 231
159 95
198 139
23 283
258 202
70 94
86 33
310 311
310 250 282
114 61
145 268 269
166 268
35 250
60 49
49 183
203 263
287 235
116 115
9 316
208 326
203 204
280 273
153 149
272 280
28 76
255 242
19 5
301 281
243 251
148 147
159 275
11 300
11 235
215 223
136 273
55 246
55 88
9 58
112 249
293 150
176 209
254 296
213 199 223
159 95
198 139
9 205
70 94
86 33
310 311
310 250
114 61
145 268 269
250 282
166 268
64 65
60 49
292 291
203 263
9 316
60 62
280 273
153 149
165 275
270 95 158
69 158
164 158
136 272
136 273
112 249
249 5
207 296
176 209
213 199 223
70 94
86 33
310 311
310 250
119 165
145 268 269
166 268
16 17
64 65
116 115
203 204
9 12
60 62
179 198
153 149
153 152
191 161
243 251
148 147
11 235
270 158
69 158
95 158
164 158
215 199 223
136 272
7 66
58 176
207 296
176 209
208 296
254 296
213 199 223
139 138
23 283
253 250
256 223
86 33
310 311 282
145 269
35 250
135 15
64 65
286 87
116 115
122 82
9 12
203 204
272 273
61 16
191 161
243 251
148 147
270 158
69 158
164 158
292 142
139 138
256 223
258 202
86 33
310 311
114 61
165 169
145 268 269
35 282
166 268
35 204
35 255
135 15
64 65
180 49
116 115
47 48
9 316
60 231
60 274
147 297
268 276
310 311
86 33
32 61
77 198
69 158
114 61
9 316
145 269
270 158
164 158
7 66
136 272
187 60
60 180
35 250
180 49
166 268
64 65
49 184
272 273
139 138
28 76
217 105
253 242
249 217 18
114 61
61 16
203 227
145 269
270 158
164 158
166 145
166 268
187 60
63 60
60 49
64 65
139 138
256 296
116 115
23 283
86 33
69 158
164 158
215 223
112 249
249 18
9 150
176 209
256 296
139 138
258 205
258 202
70 94
86 33
217 18
200 203
145 269
187 180
9 172
117 130
64 65
49 184
316 292
122 82
9 293
63 60
61 16
200 203
266 284
287 141
9 293
86 33
122 82
114 61
291 300
61 16
11 235
145 269
9 150
164 158
136 272
63 60
166 258
64 65
258 205 202
139 138
23 283
70 94
200 203
86 33
249 18
217 18
316 291
69 158
114 61
61 16
11 235
164 158
9 293
9 281
136 272
63 60
55 88
166 268
258 205 202
292 142
139 138
176 209
23 283
70 94
200 203
69 158
122 82
60 62
164 158
9 10
9 281
136 144
136 202
63 60
145 269
166 145
144 258
55 88
64 65
258 202
292 142
139 138
176 209
86 33
258 205
70 94
200 203
86 33
249 18
113 18
217 18
69 158
61 16
145 269
164 158
9 10
9 281
136 144
63 60
166 145
195 59
144 272
191 161
258 205 202
64 65
139 138
28 76
23 283
70 94
69 158
164 158
136 144
136 272
249 18
139 138
23 283
258 205
258 202
70 94
86 33
217 105 18
200 203
114 61
145 269
166 145
64 65
116 115
122 82
63 60
61 16
28 76
191 161
268 276
249 18
61 16
145 269
166 145
136 272
63 60
191 161
144 258
144 202
249 113
249 105
64 65
139 138
86 33
258 205
70 94
310 35
32 33
86 33
217 18
114 61
287 141
11 303
145 269
164 158
166 145
9 281
136 258
63 60
144 258
144 202
64 65
286 87
139 138
119 270
113 217
258 205
70 94
310 35
114 61
61 16
287 300
287 141
11 303
166 276
9 293
9 281
63 60
270 314
191 161
144 258
144 202
64 65
139 138
176 209
286 87
198 139
145 276
305 301
114 61
61 16
16 17
60 62
172 265
92 91
119 158
162 158
166 268 276
63 60
55 88
144 258
145 268 276
162 164
249 18
49 184
276 280
139 138
64 65
198 139
113 18
105 18
249 18
217 18
105 18
32 33
114 61
291 300
61 16
203 227
92 91
23 158
162 158
9 10
9 281
136 272
63 60
7 8
144 273
285 268
139 138
64 65
286 87
198 139
241 236
270 158
162 158
136 280
144 273
7 8
291 300
176 209
198 139
139 138
70 94
32 33
114 61
145 269
172 303
314 51
16 17
64 65
286 87
47 48
203 227
9 10
63 60
60 62
61 16
143 12
268 276 280
114 61
241 236
60 62
203 227
286 246
291 300
172 303
145 269
270 158
136 280
61 16
16 17
63 60
144 202
144 273
64 65
23 24
176 209
286 87
198 139
70 94
241 236
136 144 202
136 280
249 18
7 8
198 139
139 138
258 202
70 94
86 33
217 18
105 18
114 61
145 269
166 268
172 303
314 51
16 17
64 65
286 87
203 227
92 91
63 60
60 62
61 16
28 76
268 276
23 24
32 85
114 61
291 300
61 16
203 227
172 303
172 265
166 145
166 268
7 8
63 60
314 51
286 87
23 24
176 209
28 76
217 18
23 283
86 33
70 94
114 61
291 300
60 62
203 227
61 16
16 17
172 303
172 265
92 91
166 145
278 136
63 60
145 268
268 273
64 65
312 264
23 24
176 209
286 87
86 33
70 94
291 300
176 209
110 111
258 205
70 94
32 33
86 33
217 18
114 61
172 265
269 273
172 303
64 65
286 87
145 268
163 192
203 227
43 15
63 60
60 62
61 16
113 217
36 38
23 24
70 94
105 18
113 18
217 18
114 61
291 300
60 62
203 227
61 16
172 265
172 303
43 15
63 60
64 65
286 87
23 24
36 38
86 33
258 205
122 82
114 61
291 300
61 16
16 17
203 227
172 265
92 91
7 66
162 158
63 60
314 51
43 15
145 268
64 65
23 24
286 87
36 38
23 283
86 33
258 205
70 94
14 124
162 158
145 144
195 59
291 300
176 209
258 205
70 94
86 33
217 18
114 61
232 225
172 265
172 303
16 17
64 65
49 184
203 227
43 15
63 60
60 62
61 16
113 217
268 276
119 51
23 24
290 280
184 49
86 33
14 124
36 38
114 61
291 300
172 265
166 145
43 15
63 60
64 65
286 87
23 24
176 209
113 217
23 283
113 105
258 205
70 94
122 82
114 61
291 300
16 17
172 265
43 15
63 60
314 51
145 144
23 162
162 24
64 65
290 280
176 209
286 87
113 217
217 18
36 38
86 33
184 49
86 33
217 18
122 82
114 61
291 300
60 62
203 227
16 17
143 12
172 265
92 91
43 15
63 60
64 65
290 280
176 209
286 87
113 217
94 70
14 124
195 59
291 300
176 209
258 205
70 94
86 33
113 217 18
114 61
232 225
172 265
166 145
172 303
16 17
64 65
49 184
286 87
203 227
122 82
92 91
43 15
63 60
312 264
272 273
122 82
114 61
291 300
232 225
43 15
63 60
64 65
286 87
312 264
272 273
176 209
49 184
86 33
70 94
217 18
14 124
114 61
232 225
203 227
172 303
172 265
43 15
63 60
64 65
286 87
49 184
23 24
176 209
113 217
110 111
86 33
70 94
217 18
121 117
114 61
232 225
203 227
166 145
63 60
286 87
49 184
272 273
176 209
305 301
86 33
70 94
184 49
287 141
86 33
217 18
121 117
61 16
16 17
232 225
166 145
43 15
63 60
64 65
286 87
272 273
113 217
36 38
305 301
70 94
310 35
287 141
242 263
86 33
143 12
232 225
203 227
166 145
63 60
195 59
64 65
312 264
49 184
272 273
305 313
36 38
305 301
94 70
68 156
143 12
241 236
287 141
203 227
232 225
132 179
166 145
63 60
139 138
198 139
305 301
70 94
287 141
86 33
217 18
16 17
203 227
232 225
172 265
43 15
63 60
64 65
49 184
286 87
272 273
139 138
305 301
94 70
242 263
249 18
217 18
55 246
232 225
287 141
203 227
16 17
143 12
172 265
9 281
43 15
63 60
286 87
305 301
249 18
113 18
217 18
122 82
143 12
16 17
232 225
166 145
9 281
7 37
63 60
314 51
130 94
162 51
162 24
286 87
305 301
86 33
310 35
86 33
5 18
143 12
241 236
16 17
232 225
172 265
7 66
9 281
132 179
63 60
130 94
64 65
49 184
272 273
286 87
305 301
94 70
310 35
121 117
291 300
16 17
232 225
41 91
9 281
132 179
63 60
286 87
176 209
153 149
270 283
263 242
305 301
291 300
143 12
7 8
9 281
132 179
63 60
117 130
130 94
64 65
286 87
305 301
94 70
291 300
41 91
28 85
7 8
9 281
63 60
117 130
130 94
103 131
64 65
139 138
286 87
263 242
305 301
94 70
86 33
121 117
316 142
101 76
143 12
28 85
9 281
132 179
63 60
64 65
286 87
139 138
37 70
28 76
263 242
305 301
70 94
258 205
10 293
86 33
121 117
121 38
143 12
241 236
232 225
28 85
9 281
63 60
130 94
286 87
292 142
272 273
37 70
305 301
70 94
61 16
16 17
11 300
28 85
9 281
63 60
130 94
103 131
286 87
272 273
28 76
263 242
305 301
114 61
61 16
11 300
11 235
172 265
28 85
9 281
63 60
103 131
285 144
286 87
28 76
263 242
61 16
11 235
28 85
7 8
9 281
63 60
314 51
286 87
23 283
263 242
11 235
28 85
7 37
7 66
7 8
9 281
63 60
55 88
286 87
176 209
37 70
263 242
86 33
121 38
11 235
7 66
7 8
63 60
55 88
286 87
49 184
290 280
176 209
243 251
263 242
86 33
11 235
7 8
63 60
55 88
286 87
49 184
176 209
263 242
258 205
16 17
7 66
7 8
166 145
63 60
55 88
286 87
49 184
263 242
305 301
48 97
258 205
310 35
68 156
121 38
16 17
7 66
63 60
314 51
55 88
286 87
49 184
305 301
86 33
48 97
258 205
310 35
121 38
63 60
314 51
285 144
286 87
49 184
305 301
86 33
121 38
114 61
203 227
11 235
63 60
103 131
117 130
285 144
49 184
86 33
47 48
11 235
172 303
63 60
285 144
117 130
176 209
165 164
16 17
11 235
172 303
172 265
63 60
103 131
285 144
117 130
286 87
49 184
276 273
176 209
28 33
305 301
86 33
232 225
203 227
11 235
172 303
172 265
7 66
63 60
103 131
285 144
117 130
286 87
176 209
23 283
232 225
60 62
11 235
172 265
28 85
7 66
63 60
103 131
285 144
117 130
286 87
49 184
23 283
203 227
11 235
172 265
7 66
63 60
103 131
285 144
49 184
176 209
23 283
121 117
60 62
172 265
7 66
63 60
103 131
117 130
286 87
49 184
292 300
176 209
47 48
61 16
11 235
172 265
7 66
75 151
63 60
55 88
103 131
286 87
49 184
176 209
47 48
122 82
61 16
203 227
172 265
7 66
63 60
103 131
117 130
61 17
286 87
49 184
176 209
121 117
122 82
101 76
61 16
246 88
203 227
7 66
7 8
75 151
63 60
195 59
103 131
117 130
49 184
23 24
176 209
121 117
101 76
114 61
61 16
203 227
37 85
28 85
7 8
75 151
63 60
314 51
103 131
49 184
292 300
176 209
37 70
238 247
121 117
101 76
114 61
61 16
203 227
7 66
63 60
314 51
103 131
286 87
49 184
238 247
86 33
47 48
114 61
61 16
28 85
63 60
314 51
103 131
117 130
64 65
286 87
49 184
292 142
238 247
305 313
114 61
61 16
28 85
7 66
9 281
63 60
195 59
314 51
103 131
117 130
286 87
49 184
23 24
176 209
238 247
305 313
121 38
61 16
28 85
7 8
63 60
195 59
314 51
103 131
286 87
49 184
292 142
37 70
238 247
305 313
47 48
101 76
61 16
7 66
7 8
166 145
63 60
195 59
103 131
272 273
176 209
37 70
305 313
86 33
121 117
114 61
292 291
7 66
7 8
63 60
314 51
103 131
270 51
272 273
139 138
37 70
305 313
121 117
114 61
7 66
7 8
63 60
103 131
285 144
270 51
139 138
305 313
86 33
121 117
114 61
61 16
7 8
63 60
83 277
103 131
285 144
268 280
272 273
176 209
139 138
305 313
86 33
68 156
101 76
61 16
7 66
7 8
9 281
63 60
83 277
23 314
103 131
268 280
65 115
272 273
176 209
139 138
305 313
23 283
54 180
121 117
101 76
61 16
232 225
172 265
28 85
7 8
75 151
63 60
314 51
103 131
117 130
272 273
176 209
139 138
305 313
23 283
54 180
101 76
61 16
16 17
232 225
172 265
91 85
166 145
7 8
63 60
195 59
314 51
103 131
117 130
272 273
139 138
286 87
305 313
23 283
86 33
2 22
101 76
61 16
16 17
60 62
232 225
172 265
7 66
7 8
166 145
63 60
23 314
103 131
286 87
272 273
23 24
139 138
305 313
23 283
305 301
2 22
292 291
291 300
61 16
16 17
60 62
232 225
172 265
7 66
7 8
63 60
103 131
286 87
272 273
305 313
23 283
305 301
86 33
47 48
68 156
32 33
292 291
16 17
7 66
7 8
9 281
63 60
103 131
49 184
238 247
23 283
86 33
291 300
61 16
16 17
7 66
7 8
75 151
63 60
103 131
86 17
286 87
49 184
86 61
305 313
23 283
86 33
2 22
292 291
291 300
16 17
60 62
172 265
7 8
63 60
103 131
86 17
286 87
49 184
86 61
305 313
23 283
121 117
291 300
61 16
16 17
172 265
63 60
103 131
117 130
86 17
286 87
49 184
238 247
23 283
305 301
86 33
258 205
47 48
121 117
195 98
291 300
61 16
16 17
287 141
172 265
92 91
91 85
7 37
7 66
7 8
63 60
195 59
314 51
103 131
86 17
198 58
139 138
86 61
23 283
258 205
47 48
291 300
61 16
287 141
146 169
232 225
172 265
92 91
91 85
63 60
195 59
103 131
64 65
286 87
272 273
139 138
37 70
238 247
258 205
47 48
195 98
61 16
16 17
287 141
146 169
232 225
172 265
92 91
91 85
63 60
195 59
103 131
64 65
49 184
292 142
272 273
23 24
286 87
23 283
258 205
97 108
47 48
287 141
32 61
28 76
258 205
61 16
203 227
60 62
172 265
92 91
166 268
63 60
195 59
64 65
312 264
49 184
272 273
286 87
37 70
247 56
305 301
287 141
47 48
258 205
205 202
28 76
122 82
61 16
203 227
232 225
172 265
92 91
63 60
285 144
64 65
286 87
312 264
37 70
305 301
108 97
37 70
121 117
122 82
61 16
287 141
203 227
232 225
172 265
92 91
7 8
63 60
103 131
64 65
286 87
312 264
28 76
305 301
258 205
121 117
122 82
61 16
107 108
203 227
232 225
172 265
92 91
7 8
63 60
64 65
286 87
49 184
238 247
258 205
122 82
61 16
107 108
172 265
28 85
7 8
92 91
63 60
103 131
64 65
286 87
49 184
37 70
238 247
258 205
122 82
156 143
172 265
28 85
166 145
7 8
92 91
63 60
286 87
49 184
305 313
258 205
28 85
103 131
285 144
195 59
7 8
238 247
198 139
139 138
258 205
205 202
32 33
232 225
172 265
61 65
65 64
286 87
316 235
203 227
122 82
92 91
63 60
272 273
305 313
305 301
32 33
316 235
122 82
232 225
11 235
172 265
92 91
63 60
64 65
286 87
205 202
139 138
272 273
198 139
258 205
32 33
122 82
114 65
203 227
28 85
92 91
63 60
65 64
286 87
270 51
139 138
305 301
258 205
32 61
32 33
316 235
114 65
232 225
203 227
11 235
92 91
28 85
9 281
63 60
268 273
65 64
286 87
272 273
86 33
258 205
32 33
122 82
114 61
101 76
232 225
203 227
28 85
92 91
63 60
268 272
261 239
286 87
272 273
258 205
32 33
122 82
114 61
101 76
232 225
203 227
11 235
28 85
92 91
43 15
63 60
261 239
286 87
272 273
258 205
101 76
232 225
60 62
203 227
92 91
28 85
63 60
42 41
285 144
268 273
64 65
286 87
49 184
272 273
110 111
258 205
232 225
203 227
92 91
28 85
7 97
63 60
285 144
268 273
64 65
272 273
258 205
108 97
122 82
61 16
232 225
203 227
28 85
92 91
63 60
195 59
103 131
285 144
305 301
270 164
258 205
101 76
292 291
61 16
172 265
269 273
28 85
43 15
92 91
63 60
42 129
285 144
286 87
272 273
305 313
305 301
270 164
258 205
14 124
101 76
269 273
28 85
92 91
9 281
63 60
103 131
285 144
286 87
272 273
305 301
258 205
14 124
101 76
114 36
156 143
61 16
292 291
92 91
76 91
28 85
269 273
9 281
63 60
103 131
285 144
286 87
139 138
257 255
313 301
305 301
14 124
101 76
101 91
61 16
92 91
43 15
9 281
63 60
195 59
103 131
285 144
270 51
139 138
257 255
305 313
305 301
86 33
258 205
14 124
316 235
101 76
61 16
92 91
43 15
9 281
63 60
285 144
286 87
86 33
258 205
310 35
47 48
14 124
101 76
61 16
92 91
43 15
63 60
285 144
268 273
286 87
86 33
258 205
310 35
47 48
101 76
172 265
92 91
43 261
43 15
63 60
195 59
285 144
268 273
261 239
286 87
305 313
86 33
258 205
310 35
47 48
101 76
156 143
61 16
172 265
92 91
7 66
43 15
63 60
103 131
285 144
261 239
268 273
65 36
270 51
286 87
305 313
110 111
305 301
258 205
310 35
101 76
61 16
203 227
172 265
92 91
76 91
7 66
63 60
285 144
268 273
261 239
65 36
286 87
49 184
305 313
86 33
258 205
310 35
101 76
61 16
203 227
172 265
92 91
7 8
63 60
195 59
103 131
268 273
65 36
286 87
28 76
305 313
86 33
258 205
310 35
101 76
61 16
172 265
92 91
63 60
285 144
268 273
286 87
270 51
139 138
305 301
258 205
310 35
47 48
203 227
172 265
92 91
7 66
7 8
42 129
63 60
195 59
268 273
286 87
108 8
139 138
305 313
270 283
305 301
86 33
108 97
258 205
310 35
47 48
61 16
172 265
92 91
7 66
7 8
63 60
103 131
285 144
268 273
49 184
139 138
276 273
305 313
110 111
270 283
86 33
258 205
310 35
47 48
316 235
122 232
114 36
61 16
203 227
101 76
172 265
7 66
63 60
285 144
268 273
49 184
139 138
28 76
305 313
86 33
258 205
310 35
47 48
86 33
114 36
156 143
61 16
172 265
7 66
7 8
43 15
63 60
103 131
268 290
268 273
285 144
49 184
139 138
305 313
258 205
310 35
47 48
121 117
114 36
203 227
172 265
43 15
75 151
63 60
195 59
103 131
268 273
64 36
49 184
286 87
139 138
305 313
86 33
258 205
68 157
221 210
215 203
136 280
47 42 121
59 49
31 209
270 95
139 138
90 18
78 79
194 274
175 70 127
114 70
117 33
200 227
211 212
32 121 28
69 67
218 219
60 125 62
130 28
130 115
50 49
49 118
161 324
216 6
32 115
104 105
163 77
80 81
171 73
100 195
301 273
61 16
196 274
221 210
215 203
136 280
25 74
47 42
59 49
31 209
270 95
139 138
19 90
78 77
78 79
175 70 127
276 205
117 33
4 121 86
32 121
69 67
114 17
133 281
60 125 62
16 17
50 49
161 324
4 28
4 115
303 235
116 117
60 126
126 317
217 216
104 105
32 28
163 77
80 81
43 101
171 73
92 91
7 108
100 195
301 273
61 16
217 6
119 120
196 274
174 317
23 24
68 157
215 203
136 280
59 49
270 95
139 138
78 77
78 79
175 70 127
311 256
117 33
51 52
4 121 86 115
32 121
69 67
116 114
114 61
114 17
60 125 62
50 49
161 324
4 47
13 104
116 117
60 126
126 317
217 216 6
104 105
32 28
163 77
80 81
171 73
9 313
195 189
301 273
174 317
215 203
136 280
47 42
144 313
305 142
270 95 52
139 138
78 79
119 159
31 175
37 70
117 33
69 67
60 125
130 28
130 115
50 49
161 324
259 224
86 115
116 117
60 126
126 317
217 216 6
104 105
206 163
32 28
80 81
171 73
60 62
195 189
104 12
301 273
196 274
68 157
113 197
215 203
47 42
59 49
31 209
270 95
95 52
139 138
78 77
78 79
31 30
37 70
117 33
69 67
114 127
203 35
60 125
4 115
221 220
303 235
86 115
116 117
60 126
217 216
216 6
104 105
32 28
80 81
171 73
9 313
100 195
195 189
301 273
119 120
196 274
68 157
47 42
59 49
31 209
270 95
139 138
78 77
78 79
31 30
112 113
37 70
70 127
117 33
47 121
32 121
121 86
69 67
117 114
114 61
191 182
133 281
4 115
221 220
303 235
86 115
60 126
126 317
217 216
216 6
206 163
104 105
32 28
163 77
80 81
171 73
9 313
60 62
301 273
119 120
196 274
23 24
97 41
68 157
89 134
47 42
42 121
144 313
59 49
31 209
270 95
198 139
139 138
78 79
117 33
4 121
121 130
69 67
117 114 61
166 145
314 51
4 86
4 115
292 291
116 117
126 317
217 216 6
104 105
32 28
163 77
80 81
171 73
195 60
60 62
301 273
71 167
196 274
23 162
23 24
68 157
148 147
2 1
89 134
78 210
59 49
31 209
175 209
270 95
198 139
139 138
159 52
163 78
78 79
268 205
117 33
69 67
117 114 61
279 1
314 51
146 190
303 235
168 164
116 117
60 126
126 317
217 216 6
28 115
163 77
80 81
171 73
7 108
60 62
301 273
196 274
23 162
89 134
193 30
59 49
31 209
175 209
270 95
139 138
12 20
132 78
78 77
78 79
159 52
268 205
276 205
117 33
69 67
116 114
117 114 61
219 224
314 51
146 190
324 302
4 47
37 127
327 164
221 220
303 235
60 126
126 317
217 216 6
28 115
32 28
163 77
80 81
171 73
100 195
301 273
79 302
196 274
23 162
68 157
89 134
47 42
166 144
59 49
291 300
31 209
175 209
270 95
139 138
12 20
78 77
78 79
112 113
117 33
69 67
117 114 61
219 224
172 287
60 125
161 324
4 47
257 255
327 164
116 117
60 126
126 317
217 216 6
163 77
80 81
171 73
9 313
60 62
301 273
76 41
196 274
89 134
101 85
28 85
7 66
47 42
103 131
291 300
305 142
31 209
175 209
173 98
270 95
12 20
78 79
112 113
37 70
117 33
69 67
117 114
114 61
219 224
166 145
60 125
161 324
4 47
327 164
110 284
60 126
126 317
217 216 6
123 284
163 77
77 302
171 73
9 313
60 62
301 273
61 16
76 41
196 274
68 157
89 134
101 28 85
215 203
47 42
103 131
305 142
31 209
175 209
173 98
270 95
198 139
139 138
12 20
78 79
112 113
37 70
70 127
117 33
211 212
69 67
114 61
219 224
166 145
60 125
314 51
16 17
4 47
327 164
7 127
116 117
60 126
126 317
217 216 6
123 284
32 115
80 81
171 73
60 62
301 273
76 41
196 274
68 157
89 134
101 85
215 203
42 86
103 131
305 142
31 209
175 209
270 95
139 138
12 20
78 79
112 113
37 70
117 33
211 212
69 67
114 61
219 224
314 51
16 17
50 49
161 324
4 47
327 164
7 127
116 117
126 317
217 216 6
32 115
163 77
171 73
301 273
61 16
76 41
196 274
68 157
89 134
28 85
8 85
103 131
144 273
305 142
31 209
175 209
213 199
270 95
139 138
12 20
78 79
112 113
37 70
117 33
211 212
69 67
60 125
125 317
146 190
16 17
50 49
161 324
116 117
60 126
126 317
217 216 6
32 115
123 284
163 77
80 81
101 28
228 211
171 73
60 62
301 273
76 41
196 274
89 134
103 131
305 142
175 209
173 98
270 95
12 20
78 79
112 113
37 70
117 33
211 212
114 61
219 224
60 125
146 190
16 17
50 49
126 317
217 216 6
123 284
32 115
171 73
92 91
301 273
61 16
76 41
196 274
2 1
89 134
8 85
7 66
103 131
305 142
31 209
175 209
270 95
12 20
78 79
112 113
37 70
70 127
117 33
219 224
60 125
117 64
16 17
50 49
327 164
7 127
86 38
60 126
126 317
217 216
32 115
171 73
60 62
301 273
61 16
217 6
76 41
196 274
89 134
4 48 85
7 66
103 131
305 142
175 209
270 95
12 20
78 79
112 113
70 127
117 64 33
200 227
114 61
219 224
60 125
16 17
50 49
327 164
60 126
126 317
217 216 6
32 115
38 115
163 77
80 81
171 73
9 313
60 62
301 273
61 16
76 41
196 274
89 134
7 66
103 131
305 142
270 95
139 138
12 20
78 79
112 113
70 127
117 64 33
114 61
219 224
16 17
60 126
126 317
217 216 6
38 115
163 77
171 73
301 273
61 16
76 41
196 274
89 134
101 28 85
136 280
103 131
305 142
175 209
270 95
12 20
78 79
112 113
70 127
117 64 33
211 212
172 287
16 17
60 126
126 317
217 216 6
123 284
32 115
38 115
163 77
80 81
171 73
301 273
76 41
196 274
23 24
89 134
78 210
28 85
48 8
305 142
175 209
270 95
12 20
78 79
112 113
70 127
117 33
64 33
211 212
16 17
4 47
163 192
60 126
126 317
217 216 6
32 115
38 115
163 77
80 81
171 73
301 273
76 41
196 274
23 24
89 134
78 210
28 85
103 131
48 8
305 142
175 209
270 95
139 138
12 20
78 79
112 113
70 127
117 64 33
211 212
50 49
116 117
60 126
126 317
217 216
123 284
32 115
54 180
163 77
77 302
171 73
301 273
217 6
76 41
174 317
89 134
28 85
305 142
270 95
198 139
139 138
12 20
78 79
112 113
37 70
70 127
117 33
64 33
211 212
200 227
114 61
219 224
133 281
172 287
37 64
50 49
37 94
116 117
60 126
126 317
217 216
216 6
32 115
123 284
163 77
80 81
171 73
9 313
104 12
297 244
301 273
71 167
76 41
63 98
196 274
89 134
305 142
270 95
198 139
78 77
78 79
285 205
112 113
117 33
64 33
211 212
219 224
16 17
37 64
50 49
116 117
217 216
216 6
123 284
163 77
80 81
171 73
9 313
301 273
76 41
63 98
196 274
89 134
305 142
270 95
198 139
112 113
37 70
117 33
64 33
211 212
16 17
37 64
64 94
163 192
116 117
217 216
123 284
32 115
163 77
171 73
9 313
301 273
217 6
76 41
63 98
196 274
89 134
270 95
198 139
78 77
112 113
37 70
117 33
314 51
16 17
37 64
50 49
37 94
163 192
116 117
217 216
163 77
80 81
171 73
301 273
76 41
63 98
196 274
174 317
23 24
206 302
100 195
32 115
163 77
63 98
89 134
101 85
80 81
50 49
171 73
196 274
178 182
174 317
59 49
301 273
37 70
198 139
116 117
270 95
217 216
117 33
112 113
2 318
89 134
28 85
270 95
198 139
112 113
37 70
298 18
200 227
314 51
116 117
217 216
206 302
163 77
171 73
9 313
100 195
195 189
301 273
217 6
63 98
196 274
174 317
23 24
89 134
144 273
48 8
270 95
198 139
78 77
112 113
117 64 33
125 317
314 51
37 64
50 49
60 126
217 216
206 302
163 77
171 73
9 313
100 195
195 189
301 273
76 41
63 184
196 274
174 317
23 24
89 134
166 144
59 49
305 142
270 95
95 52
198 139
78 77
112 113
37 70
117 64 33
50 49
60 126
217 216
10 141
163 77
77 302
80 81
171 73
9 313
100 195
195 189
60 62
301 273
217 6
76 41
196 274
23 24
89 134
178 181
181 192
305 142
270 95
198 139
18 20
78 77
112 113
94 33
16 17
292 291
60 126
217 216
163 77
77 302
171 73
9 313
100 195
301 273
71 167
76 41
63 184
196 274
23 24
89 134
178 181
181 192
305 142
53 201
270 95
198 139
78 77
112 113
94 33
60 125
314 51
16 17
217 216
123 284
163 77
77 302
171 73
43 15
100 195
195 60
301 273
76 41
196 274
89 134
178 181
181 192
81 131
305 142
270 95
198 139
18 20
78 77
78 79
112 113
70 127
117 33
230 18
60 125
16 17
60 126
217 216
123 284
163 77
77 302
80 81
171 73
100 195
195 60
301 273
76 41
196 274
89 134
305 142
31 209
53 201
270 95
198 139
78 77
112 113
200 227
37 114
60 125
4 47
326 263
60 126
217 216
163 77
171 73
100 195
195 60
195 189
301 273
76 41
63 184
196 274
219 224
100 195
78 77
195 189
89 134
37 114
69 67
60 62
171 73
196 274
60 125
314 51
305 142
301 273
198 139
270 95
217 216
70 127
117 33
112 113
76 41
89 134
270 95
198 139
112 113
70 127
117 33
211 212
69 67
219 224
60 125
314 51
16 17
49 260
60 126
217 216
163 77
80 81
171 73
43 15
100 195
195 189
60 62
301 273
76 41
196 274
89 134
101 85
305 142
270 95
198 139
78 77
159 52
112 113
117 33
69 67
37 114
219 224
60 125
16 17
309 161
60 126
171 73
100 195
195 189
60 62
301 273
63 184
76 41
196 274
71 167
100 195
77 302
89 134
37 114
101 85
60 62
219 224
16 17
171 73
196 274
60 125
60 126
49 260
301 273
198 139
116 117
270 95
159 52
117 33
112 113
89 134
101 85
136 280
305 142
175 209
270 95
198 139
78 79
112 113
70 127
117 33
37 114
60 125
125 317
49 260
217 216
171 73
100 195
60 62
301 273
63 184
196 274
174 317
89 134
101 85
215 203
166 144
305 142
175 209
270 95
78 77
78 79
112 113
70 127
117 33
69 67
37 114
219 224
60 125
314 51
60 126
217 216
77 302
171 73
100 195
301 273
76 41
196 274
100 195
78 77
69 67
89 134
37 114
101 85
80 81
171 73
166 145
166 144
203 215
60 125
125 317
60 126
305 142
217 6
216 6
301 273
270 95
78 79
63 184
112 113
76 41
89 134
101 85
215 203
215 227
270 95
283 24
78 77
159 52
112 113
70 127
117 33
69 67
37 114
219 224
60 125
146 190
4 47
80 81
213 326
171 73
100 195
301 273
71 167
89 134
101 85
215 203
136 280
181 192
305 142
270 95
198 139
78 77
112 113
70 127
117 33
69 67
37 114
219 224
4 47
216 6
80 81
171 73
100 195
195 189
301 273
23 24
47 4
100 195
71 167
195 189
69 67
89 134
37 114
61 16
60 62
219 224
80 81
171 73
195 60
60 125
125 317
305 142
217 6
216 6
301 273
31 209
221 220
327 164
270 95
112 113
100 195
78 77
195 189
89 134
37 114
101 85
69 67
219 224
80 81
171 73
203 215
60 125
261 239
305 142
216 6
301 273
198 139
270 95
112 113
89 134
215 203
59 49
305 142
270 95
198 139
78 77
78 79
9 285
112 113
70 127
81 318
117 33
64 33
69 67
50 49
4 47
98 99
60 126
216 6
163 77
80 81
171 73
9 313
100 195
195 189
301 273
89 134
215 203
305 142
270 95
78 77
78 79
112 113
81 318
117 33
69 67
37 114
219 224
166 145
60 125
16 17
4 47
327 164
60 126
126 317
216 6
206 163
163 77
80 81
171 73
9 313
100 195
195 189
60 62
301 273
61 16
89 134
136 280
305 142
270 95
198 139
78 77
112 113
117 33
200 227
69 67
37 114
133 281
60 125
4 47
327 164
60 126
126 317
216 6
80 81
171 73
9 313
100 195
60 62
301 273
61 16
89 134
136 280
305 142
270 95
198 139
78 77
112 113
70 127
69 67
37 114
219 224
60 125
16 17
327 164
126 317
217 216
216 6
80 81
171 73
9 313
100 195
301 273
61 16
71 167
196 274
89 134
136 280
59 49
305 142
270 95
198 139
78 77
112 113
81 318
37 70
70 127
117 33
64 33
69 67
37 114
219 224
60 125
50 49
126 317
217 216
216 6
80 81
171 73
9 313
100 195
60 62
301 273
196 274
174 317
89 134
136 280
59 49
305 142
270 95
78 77
78 79
112 113
37 70
70 127
117 33
69 67
37 114
219 224
133 281
60 125
50 49
4 47
126 317
216 6
77 302
80 81
171 73
9 313
100 195
60 62
301 273
217 6
97 41
89 134
136 280
261 239
305 142
270 95
198 139
78 77
78 79
112 113
70 127
117 33
69 67
219 224
202 265
60 125 126
195 49
4 47
126 317
217 216
216 6
163 77
77 302
80 81
171 73
100 195
60 62
301 273
97 41
89 134
136 280
305 142
270 95
198 139
78 77
112 113
70 127
117 33
69 67
37 114
202 265
133 281
60 125
16 17
50 49
327 164
60 126
217 216
216 6
77 302
80 81
171 73
9 313
100 195
60 62
87 88
301 273
61 16
196 274
174 317
89 134
136 280
59 49
270 95
198 139
78 77
112 113
70 127
117 33
298 18
69 67
37 114
133 281
60 125
50 49
309 138
174 126 317
60 126
217 216
216 6
77 302
171 73
9 313
100 195
60 62
87 88
301 273
61 16
196 274
2 1
89 134
136 280
59 49
31 209
270 95
198 139
78 77
112 113
70 127
117 33
69 67
37 114
60 125
125 317
314 51
50 49
309 138
60 126
217 216
216 6
238 284
77 302
171 73
100 195
87 88
301 273
196 274
23 24
89 134
215 203
270 95
198 139
78 77
112 113
37 70
70 127
117 33
298 18
69 67
166 145
60 125
16 17
309 138
309 161
216 6
238 284
77 302
171 73
9 313
100 195
195 60
87 88
301 273
196 274
89 134
101 85
215 203
136 280
305 142
270 95
198 139
78 77
112 113
70 127
117 33
298 18
69 67
60 125
16 17
60 126
217 216
216 6
32 115
163 77
77 302
171 73
9 313
100 195
301 273
196 274
206 163
78 77 79
77 302
69 67
89 134
101 85
219 224
171 73
196 274
136 280
9 313
195 60
60 125
203 35
301 273
216 6
198 139
123 284
270 95
217 216
117 33
112 113
89 134
136 280
261 239
291 300
270 95
198 139
78 77
112 113
70 127
69 67
219 224
203 35
16 17
221 220
60 126
290 303
216 6
163 77
77 302
171 73
195 60
301 273
217 6
71 167
196 274
89 134
101 85
136 280
261 239
291 300
213 199
270 95
78 77
112 113
37 70
70 127
69 67
166 145
203 35
221 220
216 6
123 284
104 105
163 77
77 79
77 302
80 81
171 73
301 273
217 6
196 274
89 134
101 85
136 280
31 209
53 201
270 95
198 139
78 77
78 79
112 113
37 70
70 127
69 67
166 145
166 301
203 35
4 47
221 220
217 216 6
32 115
163 77
77 302
80 81
171 73
60 62
246 87
301 273
196 274
89 134
101 85
136 280
7 66
305 142
31 209
270 95
198 139
78 77
78 79
112 113
70 127
69 67
203 35
217 216 6
32 115
104 105
206 163
80 81
171 73
92 91
195 60
60 62
87 88
301 273
61 16
196 274
89 134
101 85
136 280
31 209
270 95
198 139
78 77 79
112 113
70 127
117 33
69 67
166 301 273
4 47
217 216 6
38 115
123 284
171 73
92 91
195 60
60 62
61 16
71 167
196 274
89 134
136 280
31 209
270 95
198 139
78 77
78 79
112 113
70 127
69 67
292 291
217 216 6
38 115
206 163
77 302
80 81
171 73
92 91
9 313
246 87
301 273
71 167
78 77
77 302
69 67
89 134
246 87
61 16
80 81
171 73
92 91
9 313
10 150
195 60
301 273
217 216 6
31 209
238 284
270 95
78 79
70 127
112 113
89 134
270 95
78 77
112 113
70 127
69 67
50 49
163 192
326 263
60 126
217 216
216 6
32 115
38 115
123 284
206 163
163 77
77 302
80 81
171 73
92 91
43 15
9 313
301 273
61 16
196 274
89 134
215 203
261 239
305 142
63 173
270 95
112 113
70 127
200 227
69 67
166 273
203 35
4 47
292 291
163 192
326 263
60 126
217 216
216 6
32 115
38 115
206 163
163 77
80 81
171 73
92 91
195 60
301 273
61 16
71 167
196 274
89 134
215 203
261 239
270 95
112 113
37 70
70 127
117 33
69 67
203 35
314 51
16 17
4 47
292 291
163 192
60 126
217 216
216 6
32 115
38 115
163 77
80 81
171 73
92 91
100 195
195 60
60 317
60 62
301 273
196 274
69 67
89 134
60 62
171 73
196 274
92 91
166 301 273
203 215
60 126
261 239
87 88
216 6
257 255
163 192
270 95
38 115
70 127
117 33
112 113
89 134
101 85
166 144
261 239
10 150
305 142
270 95
198 139
112 113
70 127
211 212
69 67
203 35
60 126
217 216
216 6
123 284
38 115
206 163
163 77
171 73
92 91
60 62
301 273
196 274
78 77
69 67
89 134
101 85
190 146
60 62
61 16
292 291
171 73
196 274
166 273
203 215
203 35
60 126
261 239
87 88
216 6
301 273
123 284
270 95
217 216
70 127
112 113
89 134
101 85
215 203
261 239
59 49
270 95
112 113
70 127
211 212
69 67
203 35
217 216 6
32 115
123 284
206 163
104 105
171 73
92 91
60 62
246 87
301 273
61 16
196 274
206 163
54 180
32 115
78 77
69 67
89 134
101 85
61 16
171 73
196 274
203 215
203 35
59 49
217 216 6
301 273
123 284
270 95
70 127
112 113
89 134
101 85
215 203
136 280
166 144
59 49
270 95
78 77
112 113
233 30
211 212
69 67
314 51
116 17
290 303
217 216 6
123 284
32 115
54 180
171 73
301 273
61 16
76 41
196 274
89 134
101 85
215 203
166 144
31 209
270 95
78 77
112 113
117 33
69 67
166 301
314 51
195 49
217 216 6
123 284
54 180
163 77
77 302
80 81
171 73
132 221
301 273
71 167
76 41
196 274
54 180
163 77
78 77
55 252
89 134
69 67
80 81
171 73
196 274
203 215
261 239
217 6
216 6
301 273
175 209
123 284
270 95
70 127
117 33
112 113
89 134
28 85
215 203
136 280
270 95
78 77
112 113
117 33
211 212
69 67
172 287
290 303
217 216
216 6
123 284
54 180
77 302
80 81
171 73
87 88
301 273
61 16
196 274
89 134
55 252
166 144
270 95
78 77
112 113
117 33
211 212
69 67
161 324
4 47
60 126
217 216
216 6
123 284
54 180
77 302
80 81
171 73
60 62
195 189
246 87
301 273
71 167
196 274
89 134
136 280
55 252
261 239
305 142
270 95
78 77
112 113
211 212
69 67
161 324
60 126
217 216 6
123 284
206 163
163 77
77 302
80 81
171 73
43 15
9 313
60 62
246 87
301 273
196 274
23 156
123 284
163 77
69 67
89 134
80 81
61 16
172 287
171 73
196 274
7 66
60 126
66 108
261 239
305 142
217 216 6
301 273
270 95
70 127
117 33
112 113
89 134
215 203
55 252
7 66
270 95
78 77
112 113
37 70
70 127
117 33
298 18
69 67
172 287
4 47
257 255
7 127
60 126
217 216 6
123 284
163 77
77 302
80 81
171 73
92 91
60 62
301 273
71 167
196 274
23 156
89 134
81 131
305 142
270 95
78 77
112 113
70 127
117 33
69 67
37 114
172 287
16 17
161 324
4 47
257 255
60 126
217 216 6
123 284
77 302
80 81
171 73
92 91
60 62
301 273
61 16
63 189
196 274
89 134
215 203
305 142
31 209
270 95
78 77
112 113
70 127
69 67
37 114
166 301
172 287
16 17
4 47
257 255
217 216 6
80 81
171 73
92 91
60 317
195 189
87 88
301 273
23 156
89 134
101 85
215 203
305 142
270 95
12 20
78 77
78 79
112 113
70 127
117 33
211 212
69 67
172 287
217 216 6
54 180
80 81
262 226
171 73
92 91
43 15
60 317
60 62
195 189
301 273
61 16
63 189
89 134
215 203
136 280
305 142
270 95
78 77
112 113
70 127
117 33
211 212
69 67
172 287
221 220
292 291
60 126
217 216
38 115
80 81
171 73
92 91
87 88
301 273
61 16
71 167
196 274
54 180
78 77
69 67
89 134
80 81
60 62
172 287
211 212
171 73
292 291
166 144
203 215
60 126
314 51
28 85
87 88
305 142
301 273
6 105
270 95
112 113
89 134
28 85
215 203
136 280
305 142
270 95
112 113
70 127
211 212
69 67
37 114
172 287
314 51
257 255
98 99
80 81
171 73
60 62
195 189
87 88
301 273
217 6
196 274
89 134
215 203
305 142
270 95
112 113
70 127
117 33
69 67
172 287
314 51
257 255
116 117
60 126
38 115
163 77
80 81
262 226
171 73
92 91
60 62
195 189
87 88
301 273
61 16
217 6
89 134
28 85
305 142
270 95
78 79
112 113
70 127
117 33
211 212
69 67
172 287
314 51
195 49
217 216
77 302
80 81
171 73
92 91
60 62
195 189
87 88
301 273
217 6
196 274
97 41
89 134
28 85
215 203
261 239
305 142
270 95
78 79
112 113
70 127
117 33
211 212
69 67
219 224
172 287
37 94
98 99
290 303
54 180
80 81
262 226
171 73
92 91
195 60
60 62
87 88
301 273
61 16
217 6
196 274
89 134
215 203
144 301
261 239
305 142
270 95
78 79
112 113
70 127
211 212
69 67
166 301 273
172 287
4 47
60 126
290 303
123 284
38 115
77 302
80 81
171 73
92 91
195 60
61 16
217 6
196 274
97 41
89 134
215 203
144 301
261 239
59 49
305 142
270 95
112 113
70 127
69 67
219 224
166 273
172 287
50 49
257 255
327 164
60 126
290 303
54 180
77 302
80 81
203 227
171 73
92 91
87 88
301 273
61 16
217 6
196 274
174 63
89 134
101 85
28 85
215 203
261 239
305 142
270 95
112 113
276 205
70 127
117 33
211 212
69 67
166 145
166 273
172 287
314 51
60 126
77 302
80 81
171 73
92 91
87 88
301 273
61 16
196 274
174 63
89 134
215 203
59 49
305 142
270 95
112 113
211 212
69 67
166 273
172 287
314 51
50 49
195 49
290 303
80 81
213 326
262 226
171 73
92 91
87 88
301 273
61 16
71 167
196 274
174 63
97 41
89 134
215 203
305 142
270 95
112 113
211 212
69 67
166 273
172 287
314 51
50 49
195 49
60 126
126 317
116 117
217 216
80 81
262 226
203 227
171 73
92 91
87 88
301 273
61 16
217 6
76 41
196 274
174 63
89 134
215 203 227
59 49
305 142
270 95
112 113
211 212
69 67
219 224
166 273
172 287
314 51
50 49
60 126
116 117
217 216
80 81
262 226
171 73
246 87
87 88
301 273
23 24
97 41
89 134
215 203
59 49
305 142
270 95
112 113
70 127
298 18
211 212
69 67
166 301 273
172 287
50 49
4 47
60 126
126 317
116 117
123 284
171 73
43 15
246 87
87 88
217 6
71 167
196 274
174 63
23 24
89 134
215 203
136 280
103 131
59 49
291 300
305 142
270 95
112 113
70 127
211 212
69 67
166 273
172 287
4 47
303 235
60 126
217 216
123 284
213 326
262 226
171 73
92 91
43 15
195 60
246 87
301 273
61 16
217 6
71 167
23 24
23 156
89 134
215 203
136 280
59 49
305 142
270 95
95 52
198 139
78 77
112 113
70 127
117 33
211 212
69 67
172 287
60 126
104 105
163 77
77 302
213 326
171 73
43 15
195 189
246 87
87 88
301 273
217 6
71 167
23 24
89 134
215 203
59 49
305 142
270 95
18 20
78 77
112 113
69 67
133 281
172 287
4 47
303 235
60 126
116 117
123 284
77 302
171 73
92 91
87 88
301 273
217 6
71 167
23 24
97 41
89 134
215 203
136 280
59 49
305 142
31 209
270 95
18 20
78 77
112 113
70 127
211 212
69 67
166 273
133 281
172 287
327 164
60 126
126 317
98 99
216 6
77 302
171 73
246 87
87 88
301 273
71 167
23 24
2 1
89 134
28 85
215 203
59 49
305 142
270 95
18 20
78 77
112 113
211 212
69 67
166 273
133 281
314 51
126 317
217 216
216 6
77 302
171 73
195 189
87 88
301 273
71 167
10 293
23 24
23 156
89 134
101 85
59 49
305 142
270 95
18 20
78 77
112 113
70 127
211 212
298 18
69 67
166 273
203 35
172 287
50 49
60 126
126 317
98 99
116 117
217 216
123 284
171 73
92 91
301 273
217 6
10 293
196 274
23 24
89 134
101 85
270 95
18 20
78 77
112 113
211 212
69 67
219 224
166 273
203 35
60 126 317
217 216
123 284
80 81
171 73
92 91
100 195
195 60
301 273
217 6
71 167
196 274
174 317
23 24
89 134
101 85
270 95
298 20
18 20
78 77
112 113
211 212
69 67
219 224
202 265
166 273
172 287
60 126
217 216 6
123 284
163 77
80 81
171 73
92 91
60 317
246 87
87 88
301 273
196 274
174 317
23 24
89 134
101 85
59 49
305 142
270 95
78 77
112 113
211 212
69 67
219 224
166 273
203 35
50 49
217 216 6
123 284
54 231
80 81
203 227
171 73
92 91
60 317
246 87 88
301 273
196 274
174 317
89 134
101 85
215 203
31 209
270 95
78 77 79
112 113
211 212
69 67
219 224
50 49
292 291
326 263
60 126
126 317
217 216 6
123 284
77 302
203 227
171 73
87 88
301 273
71 167
246 88
89 134
215 203
31 209
270 95
78 77
78 79
112 113
211 212
69 67
219 224
203 35
172 287
50 49
195 49
60 126
217 216 6
123 284
163 77
171 73
246 87
301 273
61 16
63 98
246 88
196 274
89 134
221 210
215 203
31 209
270 95
78 77
78 79
112 113
279 318
37 70
211 212
69 67
219 224
166 273
172 287
314 51
50 49
195 49
292 291
60 126
116 117
217 216 6
123 284
80 81
171 73
92 91
60 62
301 273
196 274
89 134
101 85
215 203
305 142
31 209
270 95
95 52
78 77
78 79
112 113
211 212
69 67
114 61
219 224
166 145
172 287
314 51
50 49
195 49
292 291
326 263
60 126
116 117
217 216 6
123 284
77 302
80 81
171 73
92 91
301 273
61 16
196 274
23 24
89 134
215 203
101 85
28 85
279 131
305 142
31 209
270 95
78 77
78 79
112 113
298 18
230 18
211 212
69 67
219 224
172 287
50 49
195 49
292 291
60 126
116 117
217 216 6
80 81
171 73
9 313
60 62
301 273
196 274
174 317
23 24
89 134
215 203
101 85
279 131
270 95
78 77
78 79
112 113
211 212
298 18
230 18
219 224
166 145
172 287
146 190
292 291
116 117
217 216 6
123 284
80 81
171 73
9 313
132 221
246 87
301 273
23 24
97 41
89 134
101 85
215 203
136 280
305 142
31 209
270 95
78 77
78 79
112 113
211 212
298 18
219 224
166 273
172 287
50 49
195 49
292 291
60 126
217 216 6
238 284
123 284
80 81
171 73
9 313
246 87
87 88
301 273
196 274
174 317
23 24
97 41
89 134
101 85
215 203
59 49
305 142
270 95
78 77
78 79
112 113
117 33
298 18
211 212
219 224
166 273
172 287
195 49
49 260
292 291
116 117
217 216 6
54 180
80 81
171 73
9 313
43 15
104 12
87 88
301 273
246 88
196 274
174 317
23 24
89 134
101 85
59 49
31 209
199 326
270 95
78 77
78 79
112 113
211 212
298 18
69 67
219 224
166 273
172 287
50 49
62 49
49 260
116 117
217 216
80 81
213 326
171 73
9 313
246 87
301 273
71 167
196 274
174 317
89 134
59 49
305 142
31 209
270 95
78 77
78 79
112 113
69 67
219 224
133 281
172 287
146 190
50 49
62 49
49 260
327 164
60 126
217 216
123 284
80 81
213 326
171 73
9 313
63 195
301 273
238 123
217 6
174 317
2 1
89 134
221 210
59 49
305 142
270 95
78 77
78 79
112 113
279 318
211 212
298 18
219 224
166 145
166 273
172 287
50 49
327 164
60 126
98 99
116 117
217 216
216 6
123 284
80 81
171 73
9 313
301 273
196 274
174 317
68 96
89 134
131 318
59 49
270 95
18 20
78 77
78 79
112 113
211 212
298 18
69 67
166 145
166 301
172 287
146 190
62 49
49 260
60 126
116 117
217 216
216 6
123 284
77 302
80 81
171 73
301 273
196 274
174 317
89 134
131 318
59 49
305 142
270 95
78 77
78 79
112 113
211 212
69 67
166 145
203 35
172 287
146 190
49 260
4 47
327 164
60 126
116 117
217 216
216 6
105 6
77 302
80 81
171 73
43 15
301 273
196 274
174 317
89 134
215 203
181 192
59 49
305 142
270 95
78 77
78 79
112 113
211 212
219 224
166 145
172 287
16 17
49 260
257 255
60 126
98 99
116 117
217 216
216 6
80 81
171 73
9 313
301 273
196 274
174 317
89 134
215 203
181 192
59 49
291 300
305 142
31 209
270 95
78 77
112 113
211 212
69 67
166 145
172 287
49 260
257 255
60 126
217 216
216 6
80 81
171 73
9 313
301 273
238 123
196 274
174 317
23 24
89 134
101 85
215 203
59 49
305 142
270 95
78 77
78 79
112 113
211 212
69 67
166 145
49 260
145 273
60 126
217 216
216 6
238 284
123 284
80 81
171 73
9 313
301 273
196 274
262 6
23 24
97 41
89 134
101 85
215 203
7 66
59 49
291 300
305 142
270 95
78 77
78 79
112 113
211 212
69 67
166 145
60 125
49 260
60 126
116 117
217 216
216 6
123 284
80 81
171 73
9 313
301 273
196 274
23 24
89 134
215 203
7 66
59 49
305 142
270 95
78 77
78 79
112 113
211 212
69 67
166 145
133 281
60 125
146 190
4 47
60 126
217 216
123 284
80 81
213 326
171 73
63 195
301 273
196 274
23 24
89 134
101 85
215 203
59 49
291 300
305 142
270 95
78 77
78 79
112 113
211 212
69 67
166 145
203 35
172 287
49 260
60 126
116 117
217 216
123 284
80 81
213 326
171 73
9 313
301 273
63 189
196 274
23 24
78 77
69 67
89 134
80 81
211 212
171 73
196 274
203 215
203 35
9 313
59 49
49 260
305 142
216 6
301 273
123 284
116 117
270 95
78 79
217 216
112 113
89 134
215 203
181 192
291 300
270 95
198 139
18 20
78 77
112 113
211 212
69 67
203 35
195 49
257 255
13 104
60 126
126 317
116 117
217 216
216 6
123 284
80 81
171 73
301 273
196 274
123 284
78 77
69 67
89 134
80 81
211 212
171 73
196 274
203 215
60 126
305 142
217 216 6
6 105
23 24
301 273
37 94
270 95
78 79
68 96
89 134
215 203
55 252
181 192
59 49
305 142
270 95 52
78 77
78 79
112 113
211 212
69 67
50 49
257 255
60 126 317
116 117
217 216
206 163
80 81
171 73
301 273
217 6
196 274
174 317
23 24
23 156
89 134
215 203
305 142
270 95
78 77
78 79
112 113
211 212
69 67
314 51
50 49
257 255
7 127
60 126
116 117
217 216 6
105 6
206 163
80 81
171 73
9 313
301 273
196 274
23 24
89 134
215 203
7 66
305 142
270 95
78 77
78 79
112 113
211 212
69 67
203 35
146 190
161 324
257 255
7 127
303 235
60 126
99 72
116 117
217 216 6
105 6
123 284
206 163
80 81
171 73
63 195
301 273
76 41
196 274
89 134
215 203
305 142
270 95
78 77
78 79
112 113
298 18
211 212
69 67
166 145
166 301 273
60 125
50 49
257 255
60 126
217 216 6
105 6
80 81
171 73
63 195
196 274
174 317
89 134
215 203
136 280
7 66
181 192
270 95
18 20
163 78
78 77
78 79
112 113
211 212
298 18
69 67
166 145 301
203 35
50 49
257 255
292 291
7 127
174 126
126 317
217 216
105 6
80 81
262 226
203 227
171 73
63 195
301 273
217 6
196 274
23 24
2 1
89 134
215 203
136 280
291 300
270 95
78 77
78 79
69 67
166 145 301
172 287
50 49
257 255
60 126
126 317
98 99
217 216
105 6
77 302
80 81
171 73
301 273
217 6
196 274
97 41
2 1
89 134
215 203
136 280
270 95
18 20
78 77
78 79
159 52
112 113
51 52
211 212
69 67
166 145
172 287
305 202
50 49
161 324
257 255
303 235
60 126
126 317
116 117
217 216
123 284
77 302
80 81
171 73
246 87 88
301 273
217 6
97 41
2 1
89 134
215 203
286 55
305 142
175 209
270 95
78 77
78 79
159 52
51 52
69 67
114 61
172 287
16 17
50 49
161 324
257 255
7 127
60 126
98 99
217 216
80 81
203 227
171 73
9 313
63 195
246 87
87 88
301 273
217 6
76 41
97 41
89 134
215 203
286 55
305 142
270 95
78 77
78 79
112 113
51 52
211 212
69 67
114 61
172 287
146 190
50 49
195 49
257 255
7 127
60 126
98 99
217 216
80 81
171 73
63 195
87 88
301 273
217 6
262 6
97 41
2 1
89 134
215 203
136 280
181 192
305 142
270 95
95 51
78 77
78 79
112 113
211 212
69 67
50 49
195 49
257 255
13 226
60 126
116 117
217 216
80 81
228 211
203 227
171 73
301 273
217 6
76 41
2 1
89 134
136 280
286 55
181 192
305 142
270 95
78 77
78 79
112 113
51 52
211 212
69 67
166 145
187 231
172 287
50 49
161 324
257 255
60 126
126 317
116 117
217 216
123 284
54 180
80 81
171 73
246 87
87 88
301 273
217 6
76 41
97 41
2 1
89 134
136 280
181 192
10 150
305 142
270 95
198 139
78 79
211 212
69 67
114 61
166 273
172 287
195 49
7 127
60 126
126 317
98 99
116 117
217 216
54 180
80 81
203 227
171 73
246 87
87 88
301 273
217 6
196 274
23 24
2 1
89 134
215 203
136 280
181 192
144 313
270 95
95 51
78 77
78 79
112 113
211 212
114 61
172 287
257 255
7 127
13 104
60 126
126 317
217 216
54 180
80 81
171 73
87 88
301 273
217 6
23 24
97 41
2 1
89 134
215 203
136 280
181 192
270 95
78 221
78 79
112 113
211 212
187 231
172 287
292 291
60 126
126 317
116 117
217 216
54 180
80 81
203 227
171 73
246 87
301 273
217 6
23 24
97 41
68 96
2 1
89 134
101 85
215 203
136 280
286 55
181 192
270 95
78 79
112 113
37 70
114 61
172 287
292 291
60 126
126 317
116 117
217 216
54 180
80 81
171 73
301 273
217 6
76 41
287 280
23 24
97 41
32 115
78 77
89 134
13 226
101 85
172 287
287 280
215 203 227
292 291
171 73
136 280
181 192
60 126
301 273
23 24
305 142
217 6
116 117
270 95
217 216
78 79
97 41
89 134
101 85
215 203 227
270 95
78 79
117 33
166 273
172 287
117 17
16 17
50 49
292 291
163 192
116 117
60 126
126 317
217 216 6
105 6
54 180
80 81
171 73
63 195
301 273
287 280
196 274
78 77 79
89 134
172 287
203 227
171 73
196 274
203 215
166 273
195 59
195 49
60 126
43 15
261 239
305 142
301 273
217 6
198 139
317 126
116 117
270 95
217 216
112 113
123 284
54 180
78 77
89 134
13 226
172 287
171 73
166 273
203 215
125 126
60 126
195 49
305 142
301 273
217 6
317 126
270 95
217 216
78 79
38 115
70 127
97 41
89 134
215 203
136 280
144 301
305 142
270 95
139 138
78 77
78 79
112 113
279 318
166 145
166 273
125 126
172 287
195 49
174 126
60 126
217 216 6
32 115
123 284
54 180
171 73
301 273
23 24
97 41
54 180
78 77
77 302
89 134
172 287
171 73
92 91
166 145
174 317
203 215
63 195
195 49
104 105
261 239
305 142
301 273
217 216 6
37 94
175 209
123 284
270 95
78 79
2 1
89 134
215 203
279 131
291 300
305 142
175 209
270 95
78 77
78 79
117 33
114 61
125 126
172 287
50 49
195 49
4 47
60 126
98 99
217 216 6
32 115
104 105
77 302
171 73
92 91
301 273
97 41
78 77
89 134
114 61
16 17
172 287
171 73
92 91
203 215
136 280
174 317
63 195
195 49
301 273
305 142
175 209
217 6
270 95
217 216
78 79
97 41
10 141
78 77
77 302
69 67
89 134
326 263
80 81
171 73
92 91
203 215
195 49
181 192
305 142
301 273
217 216 6
139 138
163 192
270 95 52
78 79
97 41
77 302
69 67
89 134
171 73
196 274
92 91
159 158
203 215
10 141
60 126
195 49
305 142
301 273
262 6
217 6
139 138
317 126
163 192
270 95 52
78 79
217 216
112 113
89 134
159 158
215 203
305 142
270 95
139 138
78 77 79
112 113
70 127
270 52
69 67
166 273
172 287
195 49
4 47
163 192
270 51
60 126
217 216
10 141
32 115
77 302
80 81
171 73
246 87
301 273
217 6
246 88
23 24
89 134
159 158
215 203
305 142
270 95
139 138
78 79
70 127
69 67
219 224
166 273
172 287
195 49
163 192
60 126
217 216
32 115
38 115
206 163
77 302
80 81
171 73
92 91
246 87
301 273
217 6
196 274
89 134
159 158
31 209
270 95
139 138
78 77
78 79
37 70
69 67
219 224
60 125
195 49
163 192
303 235
60 126
98 99
217 216
77 302
171 73
92 91
128 71
301 273
196 274
23 24
89 134
159 158
28 85
195 59
291 300
31 209
270 95
139 138
78 77
78 79
70 127
69 67
219 224
50 49
195 49
163 192
303 235
60 126
217 216
38 115
206 163
77 302
171 73
92 91
246 87
301 273
217 6
196 274
23 24
68 96
89 134
101 85
28 85
159 158
31 209
270 95
95 52
139 138
78 79
69 67
219 224
203 35
16 17
50 49
303 235
60 126
98 99
217 216
38 115
77 302
80 81
171 73
92 91
60 317
301 273
217 6
23 24
23 156
89 134
286 55
55 246
261 239
10 150
270 95
139 138
78 79
159 270
112 113
69 67
172 287
16 17
50 49
60 126
126 317
217 216
206 163
77 302
203 227
171 73
92 91
301 273
217 6
196 274
23 24
89 134
159 158
28 85
261 239
270 95
139 138
78 77
78 79
37 70
70 127
69 67
114 61
16 17
50 49
161 324
286 246
303 235
60 126
126 317
217 216
206 163
101 28
171 73
301 273
217 6
196 274
23 24
23 156
97 41
68 157
89 134
159 158
28 85
261 239
10 150
305 142
270 95
139 138
78 77
78 79
117 33
69 67
114 61
219 224
166 273
60 125
16 17
50 49
4 47
116 117
60 126
7 94
38 115
206 163
262 226
171 73
301 273
217 6
76 41
196 274
23 24
97 41
68 157
89 134
159 158
261 239
270 95
139 138
78 77
78 79
37 70
70 127
69 67
114 61
166 273
50 49
161 324
60 126
98 99
217 216
206 163
77 302
171 73
63 195
87 88
301 273
217 6
196 274
262 6
23 24
68 157
89 134
159 158
291 300
270 95
139 138
78 77
78 79
69 67
114 61
114 65
172 287
16 65
65 17
50 49
60 126
126 317
98 99
116 117
217 216
206 163
171 73
92 91
63 195
301 273
217 6
196 274
23 24
68 157
89 134
159 158
291 300
305 142
270 95
139 138
78 77
78 79
70 127
69 67
172 287
50 49
37 94
303 235
13 226
60 126
126 317
217 216
171 73
276 303
63 195
246 87
301 273
196 274
97 41
68 157
89 134
159 158
261 239
305 142
270 95
139 138
78 77
78 79
70 127
69 67
172 287
60 125
50 49
257 255
60 126
217 216
206 163
171 73
246 87
301 273
196 274
23 24
97 41
89 134
159 158
144 313
305 142
213 199
270 95
139 138
78 77
78 79
112 113
70 127
69 67
172 287
60 125
16 17
50 49
37 94
303 235
60 126
126 317
217 216
104 105
105 6
206 163
54 180
171 73
43 15
246 87
87 88
301 273
196 274
262 6
89 134
159 158
291 300
305 142
270 95
139 138
78 77
78 79
112 113
70 127
69 67
172 287
60 125
50 49
60 126
126 317
116 117
217 216
104 105
171 73
276 303
246 87
87 88
301 273
196 274
262 6
23 24
279 2
89 134
159 158
261 239
270 95
139 138
78 77
78 79
81 318
69 67
60 125
16 17
257 255
174 126
60 126
126 317
116 117
217 216
104 105
105 6
80 81
171 73
276 303
246 87
87 88
301 273
103 81
196 274
262 6
97 41
279 2
89 134
159 158
215 203
103 131
261 239
291 300
270 95 52
139 138
78 79
69 67
203 35
60 125
60 126
116 117
217 216
105 6
54 180
80 81
171 73
92 91
43 15
246 87
87 88
301 273
63 189
174 317
262 6
23 24
23 156
97 41
89 134
101 85
159 158
215 203
291 300
270 95
139 138
78 79
112 113
298 18
69 67
203 35
60 125
257 255
13 226
60 126
54 180
80 81
171 73
276 303
92 91
246 87
301 273
196 274
174 317
23 156
89 134
101 85
159 158
215 203
59 49
305 142
270 95
139 138
78 77
78 79
112 113
298 18
69 67
203 35
60 125
60 126
217 216
54 180
163 77
80 81
171 73
128 71
246 87
301 273
61 16
217 6
196 274
23 156
54 180
78 77
63 98
89 134
246 87
13 226
101 85
291 300
61 16
171 73
69 67
196 274
159 158
203 215
60 126
301 273
139 138
217 6
270 95
95 52
78 79
217 216
89 134
159 158
215 203
28 85
291 300
305 142
270 95
139 138
78 77
78 79
298 18
69 67
203 35
172 287
60 125
13 226
60 126
217 216
54 180
171 73
246 87
301 273
61 16
217 6
63 98
196 274
174 317
279 2
89 134
101 85
28 85
159 158
215 203
144 313
291 300
305 142
270 95
78 79
70 127
69 67
172 287
13 226
60 126
217 216
32 115
54 180
163 77
171 73
246 87
301 273
61 16
217 6
71 167
63 98
196 274
174 317
89 134
159 158
215 203
28 85
291 300
305 142
31 209
173 98
270 95
78 79
279 318
70 127
69 67
261 232
172 287
16 17
4 47
259 224
174 126
60 126
116 117
217 216
32 115
54 180
80 81
171 73
92 91
246 87
301 273
217 6
189 98
63 98
196 274
174 317
23 24
89 134
159 158
291 300
31 209
173 98
270 95
78 79
279 318
81 318
69 67
261 232
125 126
172 287
16 17
60 126
116 117
217 216
32 115
54 180
77 79
80 81
171 73
246 87
301 273
217 6
189 98
63 98
196 274
174 317
89 134
159 158
261 239
291 300
31 209
173 98
270 95
78 77 79
279 318
37 70
70 127
69 67
125 126
172 287
60 126
116 117
217 216
104 105
54 180
80 81
171 73
92 91
246 87
87 88
301 273
217 6
63 98
196 274
174 317
89 134
159 158
291 300
31 209
270 95
78 77
78 79
279 318
70 127
69 67
172 287
16 17
50 49
4 47
13 226
60 126
116 117
77 302
80 81
171 73
92 91
43 15
60 62
246 87
87 88
301 273
217 6
196 274
23 24
89 134
159 158
215 203
28 85
103 131
166 144
261 239
291 300
31 209
270 95
78 77
78 79
279 318
70 127
125 126
172 287
65 41
50 49
195 49
4 47
13 226
60 126
116 117
104 105
54 180
163 77
80 81
171 73
92 91
63 195
246 87
87 88
301 273
217 6
163 302
196 274
97 41
89 134
101 85
28 85
159 158
291 300
31 209
270 95
78 77 79
279 318
70 127
172 287
65 41
50 49
195 49
60 126
116 117
290 303
104 105
163 77
77 302
80 81
203 227
171 73
92 91
63 195
301 273
217 6
196 274
23 24
97 41
89 134
159 158
28 85
144 301
53 201
270 95
163 78
78 77
78 79
279 318
69 67
166 301
65 41
50 49
195 49
60 126
80 81
171 73
92 91
132 221
63 195
87 88
301 273
217 6
196 274
23 24
89 134
101 85
28 85
159 158
261 239
10 150
270 95
78 79
279 318
70 127
69 67
125 126
172 287
50 49
195 49
126 317
116 117
217 216
104 105
54 180
80 81
171 73
92 91
301 273
217 6
140 287
196 274
97 41
89 134
159 158
215 203
261 239
305 142
270 95
78 79
279 318
37 70
69 67
172 287
195 49
13 226
116 117
217 216
32 115
104 105
54 180
80 81
203 227
171 73
128 71
301 273
217 6
174 189
174 317
89 134
159 158
215 203
286 55
103 131
261 239
270 95
78 79
279 318
37 70
69 67
172 287
195 49
13 226
126 317
116 117
54 180
80 81
171 73
92 91
301 273
217 6
89 134
101 85
28 85
159 158
215 203
286 55
55 312
261 239
305 142
53 201
34 254
270 95
78 79
279 318
69 67
146 190
195 49
4 47
13 226
60 126
126 317
116 117
80 81
171 73
301 273
217 6
89 134
101 85
28 85
159 158
215 203
286 55
166 144
261 239
305 142
270 95
279 318
69 67
312 232
9 265
292 265
166 145
166 301 273
60 125
125 126
16 17
50 49
195 49
326 263
13 226
116 117
104 105
54 180
80 81
171 73
92 91
9 272
217 6
196 274
174 317
2 1
89 134
101 85
159 158
215 203
166 144
285 144
144 313
305 142
270 95
198 139
78 79
9 285
285 293
205 303
69 67
166 145
133 299
133 235
117 17
299 202
195 49
13 226
98 99
99 72
54 180
80 81
171 73
92 91
9 313
305 299
301 273
217 6
196 274
174 317
89 134
101 85
159 158
215 203
144 150
292 142
290 150
291 300
300 265
270 95
78 79
285 272
279 318
70 127
69 67
166 145
166 301
133 9
65 41
50 49
195 49
305 292
292 291
326 263
13 226
60 126
98 99
54 180
171 73
246 87
217 6
174 317
279 2
89 134
101 85
159 158
136 280
215 203
286 55
292 144
292 142
205 142
292 300
31 209
232 247
270 95
285 272
291 258
291 205
279 318
69 67
166 145
203 35
125 126
16 17
50 49
195 49
286 261
60 126
98 99
54 180
171 73
92 91
217 6
196 274
174 317
68 157
89 134
101 85
159 158
215 203
286 55
55 261
131 318
292 300
268 300
293 142
31 209
232 247
270 95
95 51
78 77
285 272
291 258
279 318
70 127
69 67
166 145
203 35
291 202
50 49
195 49
13 226
116 117
98 99
287 141
104 105
54 180
171 73
92 91
246 87
217 6
196 274
174 317
89 134
101 85
28 85
159 158
215 203
286 55 247
261 239
239 247
292 300
293 142
31 209
270 95
95 51
78 77
78 79
285 272
279 318
70 127
69 67
166 145
172 287
65 41
16 17
50 49
195 49
292 268
13 226
98 99
287 141
54 180
171 73
92 91
217 6
196 274
174 317
89 134
159 158
215 203
101 85
286 55 247
7 66
279 131
293 142
281 142
202 300
31 209
270 95
95 51
78 77
78 79
285 301 272
291 205
279 318
70 127
69 67
166 145
172 287
50 49
195 49
98 99
281 290
171 73
217 6
196 274
174 317
5 6
89 134
101 85
28 85
159 158
136 272
215 203
286 55 247
7 66
31 209
270 95
78 77
78 79
285 272
112 113
258 205
268 205
276 205
70 127
69 67
166 145
125 126
172 287
195 49
13 226
60 126
98 99
281 290
54 180
262 226
171 73
92 91
301 272
217 6
293 281
196 274
174 317
261 88
279 2
89 134
101 85
215 203
136 285 301 272
159 158
286 55
7 66
59 49
293 142
31 209
270 95
286 247
198 139
57 302
78 77
78 79
258 205
268 205
279 318
70 127
166 145
172 287
292 291 202
303 235
13 226
60 126
98 99
217 216
54 180
262 226
171 73
92 91
293 281
174 317
261 88
276 301
68 96
279 2
89 134
101 85
215 203
136 285 272
159 158
286 55 247
7 66
166 144
293 142
281 142
31 209
175 209
270 95
78 77
78 79
285 305 272
285 301 272
258 205
268 205
279 318
37 70
70 127
69 67
293 265
166 145 269
16 17
65 41
291 202
49 260
4 47
257 255
292 291
303 235
13 226
98 99
99 72
217 216
171 73
61 16
217 6
174 317
261 88
262 6
276 301
68 157
89 134
101 28 85
159 158
215 203
286 55 247
7 66
166 144
293 142
175 209
270 95
78 77
78 79
285 305 272
285 301 272
256 223
279 318
69 67
166 145 269
146 190
16 17
291 202
303 235
98 99
217 216
105 6
171 73
9 291
132 221
61 16
174 317
276 301
89 134
101 85
28 85
215 203 227
136 276
159 158
55 247
181 192
166 145 144
261 239
281 142 141
290 142
175 209
270 95
95 51
198 139
78 79
285 301 272
256 223
279 318
69 67
166 145 269
146 190
16 17
9 291 202
292 202
163 192
98 99
60 126
217 216
105 6
171 73
9 291 287
60 62
61 16
217 6
305 272
293 281
174 317
262 6
89 134
101 85
28 85
215 203
136 276
159 158
181 192
293 281 142
281 142 141
175 209
270 95
95 51
198 139
285 305 272
285 301 272
112 113
256 223
69 67
166 145 269
203 35
125 126
9 292 287 202
9 291 287 202
303 235
60 126
98 99
105 6
80 81
171 73
92 91
132 221
60 62
61 16
174 317
262 6
23 156
148 147
279 2
89 134
159 158
215 203
136 276
144 301 272
293 142
281 142
142 141
270 95
95 51
78 79
299 205
279 318
70 127
69 67
166 145 269
133 299
203 35
125 126
146 190
9 292
13 226
60 126
98 99
217 216
262 226
171 73
9 287
60 62
305 272
217 6
174 317
262 6
23 156
89 134
101 85
159 158
215 203
55 247
181 192
166 144 269
305 144
103 131
48 8
31 209
270 95
95 51
285 172
78 79
279 318
69 67
166 145
133 299
203 35
125 126
146 190
145 276
13 226
174 126
60 126
98 99
281 141
105 6
54 180
171 73
9 287
43 15
217 6
293 281
174 317
23 156
89 134
159 158
215 203
101 85
7 66
181 192
166 145 144
166 144 276
279 131
175 209
270 95
78 79
112 113
279 318
69 67
203 35
292 301
303 235
98 99
281 141
32 115
105 6
54 180
171 73
92 91
9 287
246 87
217 6
174 317
23 156
89 134
159 158
136 272
215 203
101 85
28 85
166 144 276
279 131
270 95
78 79
166 285
285 272
256 223
279 318
69 67
166 145
133 272
203 35
172 272
140 202
4 47
163 192
326 263
13 226
98 99
9 141
293 141
281 141
32 115
217 216
54 180
80 81
171 73
9 287
246 87
217 6
196 274
174 317
89 134
159 158
215 203
101 85
7 66
166 285 144
166 145 144
279 131
213 199
270 95
198 139
78 79
166 285 276
279 318
69 67
166 145 276
133 299
203 35
125 126
16 17
4 47
303 235
262 13
13 226
60 126
217 216
54 180
171 73
9 10
9 287
43 15
246 87
217 6
71 167
196 274
279 2
89 134
101 85
215 203
159 158
181 192
166 285 145 144
279 131
261 239
172 150
9 142
293 142
142 141
270 95
95 51
166 285 145 276
279 318
69 67
133 299
125 126
16 17
50 49
4 47
13 226
60 126
217 216
32 115
171 73
9 287
9 281
132 221
217 6
76 41
63 189
196 274
174 317
89 134
101 85
215 203
159 158
181 192
166 285 145 144
279 131
305 142
142 141
270 95
95 51
198 139
78 77
78 79
166 285 145 276
112 113
279 318
69 67
292 269
202 269
125 126
163 192
60 126
217 216
9 141
163 77
171 73
132 221
287 299
301 273
287 313
287 272
217 6
305 293
63 189
196 274
305 281
262 6
279 2
89 134
159 158
215 203
101 85
28 85
181 192
166 285 145 144 276
279 131
291 300
202 300
270 95
95 51
78 77
78 79
279 318
69 67
133 305
125 126
172 287
292 202
60 126
281 141
217 216
171 73
92 91
132 221
287 313
217 6
305 293
293 281
196 274
279 2
89 134
101 85
28 85
215 203
159 158
286 55
55 239
166 285 145 144
285 145 144 276
279 131 318
133 142
305 281 142
270 95
18 20
78 221
78 79
205 269
70 127
69 67
203 35
172 287
16 17
50 49
287 202
13 226
60 126
217 216
32 115
171 73
9 305
60 62
287 272
217 6
305 293 281
196 274
97 41
89 134
159 158
215 203
101 85
28 85
286 55
55 239
279 131
285 144
261 239
293 142
281 142
270 95
18 20
78 79
285 276
279 318
37 70
70 127
205 269
69 67
203 35
172 287
291 202
161 324
292 268
13 226
60 126
217 216
54 180
171 73
43 15
287 313
287 272
217 6
196 274
97 41
89 134
101 85
215 203
159 158
136 272
145 144
279 131
305 293 142
270 95
78 79
159 270
279 318
205 269
70 127
69 67
291 269
187 231
172 287
203 35
195 49
292 268
293 290
217 216
32 115
287 141
171 73
291 303
303 280
92 91
61 16
287 313
217 6
71 167
305 293 281
76 41
196 274
262 6
97 41
89 134
101 85
28 85
159 158
136 272
215 203
55 247
285 144
9 142
31 209
175 209
270 95
78 79
70 127
133 205 269
287 205
69 67
219 224
166 145
133 293
133 290
203 35
172 287
172 141
16 17
292 268
326 263
13 226
217 216
104 105
105 6
32 115
171 73
61 16
217 6
287 281
196 274
97 41
89 134
159 158
215 203
101 85
285 144
144 142
279 131
305 142
276 142
175 209
270 95
139 138
78 79
69 67
219 224
166 9
166 145
133 281
203 35
172 280
202 290
292 268
13 226
299 290
217 216
105 6
32 115
171 73
9 303
303 280
9 305
61 16
217 6
71 167
76 41
196 274
89 134
159 158
136 144
215 203
101 85
285 144
144 142
279 131
276 142
305 300
31 209
175 209
270 95
139 138
78 77
78 79
69 67
219 224
166 9
166 145
133 299 281
133 299 235
172 287
146 190
16 17
292 268
292 303
145 276
145 299
217 216
105 6
171 73
217 6
71 167
10 293
196 274
89 134
101 85
159 158
215 203
286 55
166 145 144 281
285 144
261 239
175 209
270 95 52
139 138
78 79
69 67
219 224
299 269
166 9
133 299 235
133 281
146 190
16 17
195 49
292 303
217 216
105 6
171 73
9 313
301 273
196 274
148 147
89 134
101 85
28 85
159 158
181 192
144 301
261 239
59 49
268 300
305 142
175 209
270 95
139 138
78 79
276 205
69 67
166 145
125 126
172 287
16 17
195 49
257 255
145 301
292 303
13 226
174 126
60 126
98 99
32 115
171 73
305 303
92 91
9 268
246 87
301 273
61 16
217 6
196 274
174 317
262 6
89 134
159 158
101 85
166 144
279 131
261 239
305 142
175 209
270 95
139 138
78 79
268 258
276 205
69 67
166 145 301
203 35
172 287
50 49
195 49
292 268
168 164
13 226
116 117
174 126
290 303
32 115
171 73
92 91
9 313
246 87
301 273
217 6
196 274
174 317
262 6
89 134
159 158
136 280
101 85
181 192
279 131
261 239
305 142
175 209
270 95
139 138
78 77
78 79
276 205
69 67
172 287
146 190
16 17
50 49
145 301
13 226
174 126
60 126
98 99
171 73
92 91
9 313
301 273
217 6
196 274
97 41
2 1
89 134
159 158
215 203
136 280
181 192
166 144
144 301
279 131
305 142
270 95
139 138
78 77
78 79
279 318
69 67
146 190
117 65
50 49
195 49
145 301
60 126
217 216
32 115
77 302
171 73
92 91
9 313
301 273
217 6
196 274
279 2
89 134
159 158
136 280
215 203
101 85
181 192
166 144
279 131
305 142
292 142
270 95
139 138
78 77
78 79
69 67
202 265
166 145 301
146 190
117 65
50 49
4 47
60 126
287 141
32 115
80 81
171 73
92 91
301 273
61 16
217 6
196 274
174 317
97 41
89 134
101 85
159 158
215 203
286 55
181 192
261 239
305 142
292 142
270 95
139 138
78 77
78 79
279 318
69 67
202 265
166 145
146 190
292 202
50 49
195 49
145 301
13 226
60 126
32 115
262 226
203 227
171 73
92 91
246 87
301 273
217 6
71 167
196 274
279 2
89 134
101 85
159 158
136 280
286 55
181 192
144 313
144 301
305 142
174 173
270 95
139 138
78 77 79
200 227
69 67
166 145
146 190
50 49
195 49
145 301
13 226
32 115
105 6
171 73
92 91
43 15
246 87
301 273
217 6
71 167
196 274
174 317
268 276
97 41
89 134
159 158
136 280
181 192
166 144
144 313
144 301
279 131
305 142
270 95
78 77
78 79
279 318
70 127
69 67
202 265
166 145
195 49
13 226
60 126
98 99
217 216
32 115
105 6
77 302
262 226
171 73
92 91
43 15
301 273
217 6
196 274
268 276
97 41
89 134
101 85
159 158
136 280
75 151
7 66
144 301
131 318
305 142
270 95
18 20
78 77
78 79
279 318
70 127
69 67
60 126
98 99
287 141
32 115
105 6
171 73
92 91
301 273
217 6
169 164
196 274
174 317
23 156
97 41
89 134
101 85
159 158
136 280
75 151
7 66
181 192
103 131
305 142
270 95
78 77
78 79
69 67
202 265
172 287
195 49
60 126
98 99
287 141
32 115
80 81
171 73
301 273
217 6
196 274
174 317
268 276
97 41
89 134
101 85
159 158
136 280
215 203
286 55
75 151
7 66
181 192
103 131
305 142
270 95
78 77
78 79
311 256
310 311
69 67
166 145
166 273
125 126
195 49
145 301
7 127
13 226
174 126
60 126
98 99
287 141
171 73
92 91
217 6
76 41
169 164
196 274
174 317
2 1
89 134
159 158
215 203
286 55
7 66
181 192
305 142
270 95
78 77
78 79
279 318
69 67
166 145
16 17
257 255
262 13
13 226
60 126
105 6
54 180
77 302
203 227
171 73
92 91
217 6
169 164
196 274
174 317
23 156
89 134
159 158
215 203
286 55
181 192
103 131
305 142
270 95
78 79
268 258
233 30
69 67
166 145
125 126
146 190
16 17
145 301
13 226
60 126
32 115
54 180
171 73
92 91
246 87
76 41
196 274
174 317
268 276
23 156
89 134
159 158
215 203
286 55
181 192
279 131
103 131
305 142
270 95
95 51
78 79
70 127
69 67
202 265
166 145
125 126
146 190
16 17
195 49
145 301
60 126
217 216
32 115
54 180
80 81
171 73
92 91
217 6
76 41
89 134
159 158
215 203
286 55
181 192
103 131
305 142
270 95
95 51
78 79
70 127
69 67
166 145
146 190
195 49
161 324
60 126
32 115
54 180
171 73
301 273
217 6
10 293
76 41
89 134
101 85
159 158
215 203
181 192
131 318
305 142
270 95 52
78 79
70 127
117 33
69 67
166 145
166 272
133 281
203 35
125 126
172 287
16 17
161 324
145 301
174 126
60 126
105 6
32 115
77 79
171 73
203 34
246 87
217 6
10 293
76 41
196 274
174 317
68 96
89 134
159 158
215 203
101 85
181 192
279 131
305 142
31 209
270 95
95 51
78 79
70 127
270 52
117 33
69 67
166 145
133 281
146 190
50 49
161 324
13 226
174 126 317
32 115
105 6
171 73
7 108
217 6
10 293
76 41
196 274
89 134
101 85
159 158
215 203
7 66
181 192
103 131
59 49
305 142
175 209
270 95 52
78 77
78 79
70 127
117 33
69 67
166 145
146 190
50 49
13 226
105 6
171 73
92 91
7 108
217 6
10 293
76 41
196 274
174 317
89 134
101 85
159 158
215 203
181 192
103 131
59 49
305 142
175 209
270 95
95 52
78 77
78 79
69 67
114 61
202 265
166 145
133 281
146 190
50 49
270 51
60 126
217 216
105 6
163 77
171 73
92 91
203 34
7 108
43 15
217 6
10 293
76 41
196 274
174 317
268 276
89 134
101 85
159 158
215 203
181 192
305 142
175 209
270 95
78 77
78 79
69 67
117 114
114 61
166 145
146 190
50 49
49 260
13 226
60 126
217 216
32 115
105 6
54 180
80 81
171 73
92 91
217 6
76 41
196 274
174 317
89 134
101 85
159 158
215 203
7 66
181 192
305 142
270 95 51
139 138
78 77
78 79
70 127
117 33
114 61
202 265
166 145
203 35
146 190
50 49
13 226
98 99
60 126
217 216
38 115
104 105
105 6
54 180
171 73
128 71
60 62
217 6
76 41
196 274
174 317
68 96
89 134
159 158
215 203
7 66
181 192
103 131
305 142
175 209
270 95 51
139 138
78 77
78 79
70 127
117 33
114 61
166 145
166 301
146 190
16 17
50 49
49 260
13 226
98 99
60 126
217 216
38 115
105 6
54 180
203 227
171 73
60 62
255 244
217 6
196 274
174 317
89 134
159 158
215 203
7 66
66 108
181 192
305 142
175 209
270 95
139 138
78 77
78 79
70 127
117 33
114 61
202 265
166 145
133 281
125 126
146 190
50 49
49 260
13 226
60 126
217 216
38 115
54 180
77 302
80 81
203 227
171 73
9 313
217 6
196 274
174 317
89 134
101 85
159 158
215 203
55 247
7 66
66 108
181 192
103 131
305 142
175 209
270 95
95 51
139 138
78 77
78 79
279 318
70 127
121 130
114 61
202 265
166 145
166 301
133 281
203 35
146 190
50 49
62 49
49 260
13 226
32 115
171 73
9 313
60 62
87 88
217 6
71 167
196 274
174 317
89 134
101 85
159 158
7 66
181 192
305 142
175 209
270 95
139 138
78 77
78 79
279 318
70 127
117 33
114 61
166 145
133 281
49 260
13 226
116 117
60 126
217 216
32 115
105 6
54 180
77 302
80 81
171 73
9 313
217 6
71 167
196 274
89 134
159 158
7 66
181 192
166 144
144 301
305 142
175 209
270 95
78 77
78 79
112 113
279 318
117 33
114 61
166 145
50 49
49 260
116 117
60 126
32 115
54 180
80 81
171 73
217 6
76 41
196 274
89 134
101 85
159 158
136 280
75 151
66 108
181 192
144 301
305 142
175 209
270 95
78 77
78 79
112 113
37 70
117 33
114 61
125 126
50 49
49 260
13 226
60 126
32 115
80 81
171 73
92 91
9 313
60 62
301 273
217 6
76 41
196 274
174 317
89 134
101 85
159 158
136 280
215 203
75 151
7 66
66 108
305 142
175 209
270 95
78 77
78 79
112 113
268 258
279 318
37 70
117 33
114 61
219 224
133 281
50 49
49 260
98 99
60 126
217 216
32 115
171 73
92 91
60 62
43 15
217 6
76 41
196 274
174 317
268 276
89 134
101 85
159 158
136 280
215 203
305 142
175 209
34 254
270 95
78 77
78 79
112 113
279 318
117 33
114 61
166 145
133 281
125 126
50 49
49 260
13 226
60 126
126 317
54 180
163 77
203 227
171 73
92 91
60 62
87 88
76 41
196 274
2 1
89 134
101 85
159 158
136 280
215 203
75 151
59 49
48 8
305 142
31 209
175 209
213 199
34 254
270 95
78 77
78 79
112 113
268 258
279 318
117 33
219 224
166 145
166 301
133 281
125 126
50 49
49 260
163 192
13 226
60 126
126 317
98 99
206 163
54 180
171 73
92 91
60 62
76 41
196 274
268 276
89 134
101 85
159 158
215 203
75 151
181 192
59 49
305 142
270 95
78 77
78 79
112 113
117 33
219 224
166 145
133 281
50 49
62 49
49 260
4 47
98 99
60 126
126 317
217 216
32 115
206 163
54 180
77 302
171 73
246 87
301 273
217 6
76 41
169 51
196 274
2 318
89 134
159 158
215 203
136 280
75 151
305 142
270 95 52
78 77
112 113
117 33
219 224
202 265
166 145
166 301
133 281
125 126
50 49
49 260
13 226
60 126
126 317
98 99
217 216
54 180
77 302
171 73
92 91
246 87
87 88
217 6
196 274
268 276
2 318
89 134
159 158
215 203
75 151
279 131
103 131
59 49
305 142
31 209
270 95
95 52
78 77
78 79
112 113
279 318
219 224
202 265
166 145
166 301
133 281
125 126
50 49
49 260
326 263
13 226
60 126
126 317
98 99
217 216
104 105
77 302
80 81
171 73
92 91
203 34
60 62
246 87
87 88
217 6
76 41
196 274
268 276
5 6
23 156
89 134
159 158
215 203
75 151
103 131
305 142
270 95
78 77
112 113
279 318
114 61
219 224
166 145
50 49
49 260
7 37
257 255
13 226
60 126
126 317
99 72
217 216
54 180
77 302
80 81
171 73
92 91
203 34
7 108
60 62
246 87
217 6
76 41
196 274
268 276
23 156
89 134
159 158
215 203
75 151
103 131
305 142
270 95
139 138
78 77
112 113
279 318
70 127
114 61
219 224
166 145
50 49
62 49
49 260
257 255
60 126
98 99
116 117
54 180
77 302
80 81
203 227
171 73
203 34
87 88
301 273
217 6
196 274
268 276
89 134
159 158
215 203
75 151
103 131
305 142
34 254
270 95
139 138
78 77
78 79
112 113
279 318
70 127
219 224
203 35
16 17
50 49
49 260
161 324
7 37
257 255
60 126
116 117
54 180
77 302
171 73
92 91
60 62
87 88
217 6
76 41
196 274
268 276
89 134
159 158
215 203
75 151
103 131
305 142
270 95
139 138
78 77
78 79
112 113
279 318
37 70
117 33
202 265
16 17
50 49
49 260
257 255
116 117
98 99
60 126
54 180
80 81
171 73
60 62
246 87
87 88
217 6
76 41
196 274
97 41
89 134
159 158
215 203
136 280
181 192
103 131
305 142
270 95
139 138
78 77
112 113
279 318
70 127
117 33
16 17
50 49
161 324
7 37
257 255
116 117
54 180
77 302
80 81
171 73
60 62
301 273
217 6
76 41
196 274
268 276
262 6
2 1
89 134
159 158
215 203
136 280
181 192
103 131
305 142
31 209
270 95
139 138
78 77
78 79
112 113
279 318
70 127
202 265
146 190
16 17
50 49
49 260
161 324
7 37 127
257 255
13 226
116 117
98 99
101 115
77 302
80 81
171 73
60 62
301 273
217 6
76 41
196 274
2 1
89 134
159 158
215 203
136 280
181 192
279 131
103 131
305 142
202 142
31 209
270 95
161 139
139 138
78 77
78 79
112 113
279 318
117 33
166 145
125 126
146 190
16 17
50 49
49 260
7 37
257 255
7 127
262 13
13 226
60 126
98 99
116 117
217 216
80 81
171 73
301 273
217 6
71 167
196 274
268 276
89 134
159 158
4 85
215 203
181 192
279 131
103 131
305 142
270 95
161 139
139 138
78 77
78 79
279 318
37 70
70 127
117 33
219 224
202 265
203 35
146 190
16 17
50 49
49 260
7 37
257 255
13 226
116 117
98 99
60 126
217 216
54 180
163 77
171 73
246 87
217 6
196 274
268 276
23 156
89 134
159 158
215 203
181 192
279 131
103 131
291 300
305 142
174 173
270 95
161 139
139 138
78 79
279 318
70 127
114 61
219 224
166 145
16 17
50 49
49 260
257 255
13 226
60 126
98 99
116 117
101 115
92 101
171 73
246 87
301 273
217 6
76 41
196 274
262 6
23 156
89 134
159 158
215 203
7 66
181 192
279 131
103 131
305 142
270 95
161 139
139 138
78 77
78 79
279 318
37 70
70 127
114 61
219 224
166 145
125 126
146 190
16 17
50 49
49 260
257 255
13 226
60 126
126 317
98 99
116 117
38 115
54 180
171 73
246 87
301 273
217 6
196 274
262 6
23 156
89 134
159 158
215 203
101 85
75 151
181 192
47 42
279 131
103 131
59 49
270 95
161 139
139 138
78 79
279 318
70 127
117 33
219 224
166 145
166 301
133 281
125 126
146 190
16 17
257 255
13 226
60 126
105 6
54 180
80 81
171 73
63 195
246 87
301 273
217 6
196 274
23 156
89 134
101 85
215 203
136 280
159 158
75 151
181 192
66 127
279 131
103 131
144 301
305 142
53 201
270 95
95 51
95 52
161 139
139 138
78 79
268 258
279 318
37 70
70 127
117 33
114 61
219 224
213 223
166 145
166 301
125 126
16 17
161 324
7 37
257 255
13 226
60 126
105 6
54 180
80 81
171 73
60 62
246 87
301 273
217 6
196 274
5 6
89 134
159 158
215 203
42 38
181 192
103 131
144 301
59 49
305 142
53 201
270 95
95 52
161 139
78 77
279 318
37 70
70 127
114 61
219 224
146 190
16 17
50 49
191 324
161 324
7 37
326 263
60 126
116 117
32 115
171 73
43 15
60 62
246 87
301 273
217 6
196 274
89 134
215 203
286 55
55 247
181 192
279 131
103 131
305 142
270 95
78 77
78 79
112 113
268 258
279 318
37 70 127
117 33
219 224
146 190
16 17
50 49
7 37
13 226
60 126
32 115
105 6
171 73
60 62
301 273
61 16
217 6
71 167
196 274
148 147
2 318
89 134
215 203
181 192
103 131
305 142
270 95
139 138
57 302
78 77
78 79
112 113
279 318
37 70 127
117 33
211 212
219 224
50 49
13 226
116 117
60 126
101 38
171 73
60 62
301 273
61 16
196 274
89 134
159 158
4 85
215 203
103 131
270 95
139 138
57 302
78 77
78 79
112 113
37 70 127
211 212
121 130
219 224
146 190
16 17
50 49
195 49
7 37
13 226
60 126
126 317
116 117
287 141
171 73
61 16
196 274
89 134
159 158
47 85
215 203
103 131
270 95
139 138
57 302
78 77
78 79
112 113
276 205
70 127
211 212
69 67
16 17
50 49
195 49
37 127
4 47
13 226
60 126
126 317
116 117
287 141
171 73
217 6
76 41
196 274
23 156
89 134
215 203
103 131
305 142
270 95
139 138
57 302
78 77
78 79
112 113
70 127
276 205
211 212
125 126
50 49
195 49
37 127
257 255
13 226
60 126
116 117
287 141
32 115
206 163
171 73
246 87
61 16
217 6
76 41
196 274
23 156
89 134
215 203
286 55
279 131
305 142
270 95
139 138
78 77
78 79
112 113
279 318
37 70
70 127
211 212
69 67
146 190
50 49
195 49
257 255
287 141
171 73
246 87
61 16
217 6
76 41
196 274
23 156
89 134
48 85
159 158
215 203
47 42
279 131
144 313
305 142
270 95
161 139
139 138
78 79
112 113
276 205
37 70
211 212
146 190
257 255
13 226
60 126
116 117
287 141
217 216
171 73
60 62
246 87
217 6
76 41
196 274
23 156
89 134
159 158
215 203
305 142
175 209
270 95
139 138
78 79
112 113
276 205
37 70
70 127
211 212
69 67
178 182
146 190
257 255
13 226
116 117
104 105
171 73
92 91
217 6
76 41
196 274
268 276
23 156
89 134
215 203
75 151
103 131
305 142
270 95
139 138
78 79
112 113
276 205
37 70 127
211 212
69 67
125 126
50 49
257 255
13 226
60 126
98 99
217 216
80 81
171 73
60 62
217 6
76 41
196 274
268 276
23 156
89 134
215 203
103 131
175 209
270 95
78 79
112 113
268 258
37 70
276 205
211 212
69 67
16 17
50 49
37 127
257 255
13 226
270 51
116 117
60 126
98 99
217 216
104 105
171 73
43 15
217 6
76 41
196 274
268 276
23 156
89 134
215 203
75 151
291 300
270 95
95 52
78 77
78 79
112 113
276 205
37 70
211 212
69 67
286 232
133 281
117 65
16 17
161 324
257 255
270 51
60 126
116 117
98 99
217 216
104 105
32 115
171 73
43 15
217 6
76 41
196 274
268 276
23 156
89 134
215 203
261 239
31 209
270 95
95 52
57 302
78 79
112 113
268 258
37 70
70 127
276 205
279 318
211 212
69 67
133 281
326 263
116 117
98 99
104 105
38 115
171 73
43 15
217 6
196 274
23 156
89 134
215 203
215 223
47 42
261 239
31 209
270 95
95 52
78 79
112 113
268 205
276 205
279 318
70 127
69 67
203 35
7 37
326 263
13 226
116 117
98 99
171 73
92 91
203 34
43 15
147 297
61 16
217 6
169 51
196 274
23 156
89 134
159 158
215 203
4 42
47 42
144 301
261 239
175 209
270 95
95 51
139 138
132 57
78 79
112 113
276 205
279 318
117 33
211 212
69 67
166 301
13 226
116 117
98 99
126 317
171 73
203 34
132 79
43 15
61 16
217 6
196 274
268 276
23 156
89 134
159 158
215 203
261 239
31 209
175 209
270 95
139 138
57 302
78 77
78 79
112 113
279 318
276 205
37 70
70 127
117 33
211 212
69 67
166 301
125 126
13 226
116 117
60 126
98 99
105 6
206 163
171 73
203 34
7 108
43 15
217 6
76 41
196 274
268 276
97 41
89 134
48 85
159 158
215 203
47 42
175 209
63 173
270 95
57 302
78 77
78 79
112 113
276 205
70 127
117 33
211 212
69 67
166 301
125 126
50 49
161 324
13 226
60 126
126 317
98 99
206 163
171 73
203 34
217 6
76 41
169 51
196 274
268 276
23 156
89 134
48 85
159 158
136 280
215 203
47 42
59 49
270 95
78 77
78 79
112 113
279 318
276 205
117 33
211 212
69 67
166 145 301
146 190
161 324
13 226
60 126
116 117
98 99
206 163
171 73
7 108
9 313
61 16
217 6
76 41
196 274
268 276
23 24
23 156
89 134
48 85
159 158
215 203
75 151
47 42
175 209
270 95
78 77
78 79
112 113
276 205
117 33
211 212
69 67
166 145
166 301
50 49
161 324
13 226
116 117
98 99
60 126
171 73
7 108
60 62
301 273
61 16
217 6
196 274
268 276
23 156
89 134
159 158
47 85
215 203
75 151
175 209
34 254
270 95
139 138
78 77
78 79
112 113
276 205
117 33
69 67
166 145
16 17
49 260
305 202
60 126
171 73
61 16
217 6
169 51
196 274
268 276
23 156
89 134
159 158
47 85
215 203
286 55
166 144
279 131
59 49
305 142
34 254
270 95
198 139
139 138
78 79
112 113
276 205
117 33
69 67
219 224
166 145
146 190
16 17
37 64
62 49
49 260
257 255
217 216
80 81
171 73
61 16
217 6
169 51
196 274
23 156
89 134
159 158
47 85
215 203
279 131
59 49
305 142
175 209
63 173
34 254
270 95
139 138
57 302
78 79
112 113
279 318
276 205
117 33
211 212
69 67
219 224
166 145
16 17
50 49
257 255
13 226
86 28
116 117
60 126
104 105
171 73
7 108
61 16
217 6
76 41
196 274
23 156
89 134
159 158
215 203
166 144
279 131
101 8
175 209
34 254
270 95
198 139
139 138
57 302
112 113
276 205
279 318
211 212
69 67
219 224
166 145
203 35
146 190
50 49
257 255
60 126
116 117
104 105
80 81
171 73
268 303
301 273
61 16
217 6
196 274
174 317
89 134
159 158
215 203
75 151
47 42
59 49
34 254
270 95
198 139
139 138
78 77
78 79
112 113
276 205
279 318
211 212
69 67
166 145
133 281
172 287
146 190
50 49
62 49
49 260
257 255
145 301
303 235
270 51
174 126
60 126
116 117
80 81
171 73
9 313
61 16
217 6
196 274
23 156
89 134
159 158
215 203
75 151
47 42
144 313
305 142
34 254
270 95
78 79
112 113
276 205
117 33
211 212
69 67
166 145
133 281
125 126
146 190
50 49
257 255
145 301
13 226
270 51
60 126
116 117
105 6
171 73
43 15
301 273
61 16
217 6
196 274
268 276
89 134
215 203
75 151
144 313
305 142
34 254
270 95
78 77
78 79
112 113
211 212
69 67
202 265
166 145 301
203 35
125 126
146 190
50 49
145 272
270 51
60 126
116 117
32 28
171 73
92 91
301 273
272 273
217 6
196 274
268 276
89 134
215 203
305 142
34 254
270 95
95 52
78 79
159 270
112 113
211 212
69 67
166 145 301
125 126
172 287
146 190
50 49
62 49
60 126
116 117
77 302
171 73
246 87
217 6
196 274
23 156
89 134
47 85
215 203
59 49
270 95 52
78 79
159 270
112 113
276 205
211 212
69 67
219 224
166 145
125 126
146 190
62 49
145 301
60 126
116 117
77 302
171 73
301 273
217 6
76 41
196 274
268 276
97 41
89 134
47 85
215 203
166 144
101 8
270 95 52
78 79
112 113
117 33
211 212
69 67
166 145 301
203 35
146 190
16 17
50 49
62 49
145 272
104 105
171 73
217 6
76 41
196 274
268 276
23 156
97 41
89 134
159 158
47 85
170 274
286 55
59 49
268 300
31 209
270 95
95 51
78 79
112 113
276 205
117 33
211 212
69 67
166 145
203 35
146 190
16 17
50 49
145 301
60 126
123 284
104 105
171 73
246 87
217 6
76 41
196 274
23 156
97 41
89 134
159 158
47 85
286 55
55 247
47 42
59 49
47 8
270 95
95 51
78 77
78 79
112 113
276 205
211 212
69 67
114 61
166 145
203 35
125 126
146 190
50 49
60 126
217 216
104 105
123 284
54 180
171 73
217 6
76 41
196 274
97 41
89 134
170 274
42 101
181 192
144 301
59 49
291 300
270 95
57 302
78 77
78 79
112 113
276 205
211 212
69 67
219 224
166 145
146 190
50 49
49 260
104 105
54 180
77 302
171 73
92 91
246 87
217 6
10 293
76 41
196 274
89 134
215 203
7 66
42 101
144 301
59 49
291 300
175 209
270 95
139 138
78 77
78 79
112 113
69 67
146 190
217 216
163 77
77 302
262 226
171 73
92 91
60 62
246 87
217 6
76 41
196 274
89 134
159 158
47 85
170 274
215 203
55 247
181 192
166 144
59 49
305 142
175 209
270 95
95 51
198 139
139 138
57 302
78 79
112 113
69 67
166 145
166 301
146 190
16 17
37 64
49 260
7 37
116 117
217 216
54 180
47 101
171 73
92 91
60 62
217 6
169 51
196 274
23 156
89 134
159 158
47 85
215 203
181 192
166 144
59 49
305 142
31 209
270 95
95 51
57 302
78 77
78 79
112 113
121 130
69 67
146 190
60 126
217 216
32 115
105 6
54 180
262 226
171 73
92 91
103 81
76 41
169 51
196 274
23 156
89 134
159 158
270 158
47 85
215 203
181 192
166 144
59 49
305 142
270 95
95 51
57 302
78 77
78 79
112 113
211 212
121 130
69 67
114 61
166 145
125 126
146 190
105 6
32 115
262 226
171 73
92 91
60 62
301 273
61 16
76 41
196 274
23 156
89 134
47 85
215 203
181 192
59 49
305 142
31 209
270 95
57 302
78 77
112 113
69 67
133 281
125 126
146 190
270 51
60 126
98 99
116 117
117 61
217 216
105 6
123 284
77 302
171 73
92 91
61 16
89 134
215 203
55 247
7 66
181 192
59 49
305 142
31 209
213 199
270 95
159 270
112 113
37 70
117 33
19 18
69 67
133 281
203 35
146 190
4 47
116 117
117 61
217 216
77 302
171 73
92 91
87 88
301 273
61 16
217 6
76 41
196 274
89 134
159 158
215 203
7 66
181 192
59 49
305 142
31 209
270 95
78 77
159 270
112 113
69 67
166 145
203 35
146 190
50 49
49 260
326 263
270 51
116 117
98 99
217 216
123 284
101 28
171 73
92 91
301 273
76 41
196 274
97 41
89 134
159 158
215 203
181 192
270 95
78 77
159 270
112 113
121 130
69 67
312 232
166 145
125 126
172 287
146 190
50 49
49 260
326 263
270 51
60 126
98 99
116 117
217 216
105 6
171 73
301 273
217 6
76 41
196 274
5 6
23 156
97 41
279 2
89 134
159 158
215 203
181 192
261 239
270 95
78 77
78 79
159 270
112 113
69 67
312 232
166 145 301
146 190
50 49
49 260
305 202
7 37
326 263
116 117
217 216
104 105
105 6
171 73
92 91
43 15
217 6
10 293
76 41
196 274
5 6
23 156
97 41
89 134
48 85
159 158
215 203
181 192
144 301
261 239
270 95
78 77
78 79
159 270
112 113
70 127
121 130
69 67
166 145
203 35
146 190
50 49
49 260
326 263
217 216
104 105
105 6
80 81
171 73
60 62
76 41
169 51
196 274
23 156
89 134
48 85
215 203
75 151
181 192
144 301
261 239
31 209
270 95
95 52
159 270
78 79
112 113
70 127
121 130
69 67
172 287
146 190
50 49
49 260
326 263
60 126
126 317
116 117
217 216
38 115
105 6
163 77
171 73
60 62
196 274
23 156
89 134
159 158
215 203
181 192
166 144
59 49
31 209
270 95
78 77
78 79
159 270
112 113
70 127
121 130
69 67
203 35
146 190
50 49
326 263
116 117
217 216
32 115
38 115
105 6
163 77
77 302
80 81
171 73
43 15
60 62
217 6
76 41
196 274
23 156
89 134
159 158
215 203
28 85
181 192
166 144
59 49
31 209
270 95
78 77
78 79
112 113
70 127
121 130
69 67
166 145
125 126
146 190
50 49
49 260
60 126
116 117
217 216
105 6
123 284
32 115
163 77
80 81
171 73
43 15
76 41
196 274
23 156
89 134
101 85
159 158
181 192
166 144
31 209
270 95
78 77
78 79
159 270
112 113
279 318
121 130
69 67
114 61
146 190
50 49
49 260
13 226
116 117
105 6
123 284
206 163
32 115
80 81
171 73
10 293
76 41
196 274
23 156
89 134
159 158
215 203
55 247
181 192
166 144
261 239
59 49
31 209
270 95
78 77
78 79
159 270
112 113
121 130
69 67
114 61
146 190
50 49
49 260
305 202
60 126
116 117
105 6
123 284
206 163
32 115
38 115
80 81
171 73
92 91
10 293
76 41
196 274
89 134
159 158
55 247
75 151
181 192
261 239
31 209
175 209
270 95
159 270
78 79
112 113
69 67
114 61
219 224
125 126
146 190
16 17
50 49
49 260
60 126
126 317
32 115
38 115
105 6
123 284
171 73
43 15
76 41
196 274
89 134
159 158
215 203
28 85
55 247
75 151
181 192
261 239
59 49
31 209
270 95
78 77
78 79
159 270
112 113
70 127
69 67
114 61
125 126
146 190
130 28
16 17
50 49
49 260
7 127
270 51
60 126
126 317
98 99
217 216
32 115
105 6
171 73
128 71
9 313
76 41
196 274
89 134
215 203
181 192
59 49
31 209
270 95
78 77
112 113
279 318
121 130
69 67
166 145
125 126
172 287
146 190
50 49
270 51
60 126
126 317
98 99
32 115
105 6
171 73
9 313
76 41
169 51
196 274
23 156
89 134
101 85
28 85
215 203
136 280
75 151
59 49
31 209
270 95
78 77
78 79
112 113
70 127
121 130
69 67
166 145
125 126
146 190
50 49
49 260
257 255
270 51
60 126
98 99
116 117
38 115
105 6
206 163
171 73
43 15
60 62
76 41
196 274
89 134
101 85
28 85
181 192
305 142
270 95
78 77
112 113
70 127
117 33
69 67
219 224
166 145
125 126
146 190
50 49
62 49
49 260
326 263
270 51
60 126
126 317
98 99
116 117
217 216
105 6
123 284
38 115
171 73
92 91
217 6
76 41
169 51
23 156
89 134
101 28 85
55 247
270 95
78 77
78 79
112 113
279 318
70 127
117 33
69 67
219 224
166 145
125 126
146 190
50 49
62 49
49 260
257 255
145 301
326 263
270 51
60 126
126 317
98 99
32 115
38 115
123 284
206 163
54 180
171 73
92 91
43 15
76 41
23 156
89 134
101 85
28 85
55 247
270 95
18 20
78 77
78 79
194 274
112 113
117 33
121 130
69 67
166 145
125 126
172 287
146 190
50 49
49 260
257 255
145 301
326 263
270 51
60 126
126 317
98 99
116 117
54 180
77 302
171 73
43 15
76 41
196 274
23 156
89 134
101 85
215 203
55 247
75 151
286 247
270 95
78 77
78 79
194 274
112 113
291 205
121 130
69 67
166 145
146 190
50 49
270 51
98 99
54 180
163 77
171 73
43 15
60 62
246 87
196 274
23 156
89 134
101 85
215 203
103 131
270 95
78 77
194 274
112 113
268 205
279 318
121 130
69 67
202 265
146 190
50 49
49 260
326 263
13 226
126 317
98 99
171 73
43 15
169 51
196 274
23 156
89 134
101 85
215 203
55 247
166 144
291 300
305 142
31 209
270 95
194 274
78 79
112 113
268 205
276 205
70 127
121 130
69 67
202 265
166 145
203 35
172 287
146 190
50 49
145 301
126 317
32 115
123 284
101 28
171 73
92 91
169 51
196 274
23 156
89 134
101 85
215 203
55 247
103 131
261 239
305 142
31 209
270 95
194 274
112 113
70 127
69 67
202 265
166 301
203 35
146 190
50 49
126 317
171 73
92 91
203 34
217 6
196 274
268 276
23 156
89 134
55 247
103 131
166 144
59 49
31 209
270 95
198 139
194 274
78 79
112 113
70 127
69 67
202 265
166 301
146 190
50 49
326 263
126 317
217 216
32 115
38 115
203 227
171 73
9 313
217 6
71 167
100 189
196 274
268 276
5 6
23 156
89 134
215 203
103 131
166 144
59 49
305 142
31 209
34 254
270 95
78 77
78 79
194 274
112 113
70 127
276 205
69 67
166 301
172 287
146 190
13 226
60 126
126 317
98 99
217 216
32 115
262 226
203 227
171 73
43 15
217 6
196 274
268 276
23 156
97 41
89 134
28 85
215 203
166 144
202 142
270 95
78 77
78 79
194 274
112 113
70 127
276 205
69 67
166 145 301
146 190
60 126
126 317
98 99
217 216
32 115
38 115
171 73
43 15
246 87
196 274
268 276
5 6
97 41
89 134
28 85
215 203
286 55
55 247
166 144
205 300
270 95
78 79
194 274
112 113
70 127
276 205
64 33
69 67
219 224
166 145 301
146 190
4 47
13 226
270 51
60 126
126 317
98 99
238 15 284
32 115
171 73
203 34
238 123
217 6
196 274
268 276
97 41
89 134
215 203
103 131
166 144
48 8
291 300
270 95
78 79
194 274
112 113
276 205
70 127
64 33
218 212
69 67
219 224
166 145 301
146 190
195 49
13 226
126 317
98 99
238 284
123 284
171 73
203 34
217 6
196 274
268 276
97 41
89 134
215 203
166 144
34 254
270 95
78 79
194 274
112 113
276 205
70 127
64 33
69 67
219 224
202 265
166 145 301
146 190
195 49
13 226
270 51
126 317
98 99
217 216
123 284
171 73
203 34
43 15
246 87
217 6
196 274
5 6
97 41
89 134
101 85
215 203
75 151
47 42
103 131
166 144 301
270 95
194 274
112 113
70 127
276 205
117 33
64 33
69 67
219 224
166 145
146 190
13 226
270 51
98 99
60 126
126 317
217 216
123 284
80 81
171 73
246 87
238 123
217 6
196 274
268 276
97 41
89 134
101 85
28 85
215 203
75 151
175 209
270 95 51
194 274
112 113
276 205
37 70
70 127
64 33
69 67
114 61
219 224
166 145
166 301
146 190
13 226
60 126
98 99
116 117
217 216
123 284
80 81
311 326
171 73
268 303
217 6
196 274
23 156
97 41
89 134
28 85
215 203
103 131
131 318
305 142
175 209
270 95
78 77
194 274
112 113
276 205
70 127
117 33
64 33
218 212
121 130
69 67
114 61
219 224
166 301
146 190
64 94
195 49
13 226
126 317
116 117
98 99
217 216
38 115
123 284
262 226
203 227
171 73
7 76
61 16
217 6
196 274
268 276
97 41
89 134
7 66
47 42
103 131
305 142
175 209
270 95
198 139
78 77
112 113
70 127
117 33
64 33
218 212
121 130
69 67
219 224
202 265
166 301
146 190
13 226
270 51
98 99
60 126
126 317
217 216
32 115
38 115
123 284
203 227
171 73
246 87
61 16
217 6
196 274
23 156
97 41
2 1
89 134
101 85
7 66
47 42
103 131
305 142
270 95
78 77
112 113
276 205
279 318
70 127
117 33
64 33
218 212
69 67
114 61
219 224
202 265
125 126
146 190
60 126
126 317
98 99
217 216
123 284
32 115
77 302
262 226
203 227
171 73
246 87
217 6
196 274
23 156
97 41
89 134
101 85
75 151
7 66
48 8
305 142
270 95
57 302
78 77
194 274
112 113
70 127
64 33
218 212
69 67
114 61
219 224
202 265
166 301
146 190
16 17
195 49
7 127
13 226
270 51
60 126
126 317
98 99
99 72
217 216
38 115
123 284
77 302
203 227
171 73
246 87
217 6
196 274
23 156
97 41
89 134
215 203
75 151
7 66
305 142
270 95 51
57 302
112 113
276 205
70 127
64 33
218 212
69 67
114 61
219 224
202 265
146 190
16 17
195 49
161 324
7 127
60 126
126 317
98 99
99 72
217 216
123 284
77 302
203 227
171 73
246 87
217 6
196 274
23 156
279 2
89 134
28 85
215 203
75 151
7 66
103 131
305 142
270 95
57 302
78 77
194 274
112 113
70 127
64 33
69 67
219 224
125 126
146 190
195 49
49 260
270 51
98 99
99 72
217 216
123 284
32 115
77 302
203 227
171 73
60 62
246 87
217 6
196 274
23 156
279 2
89 134
75 151
103 131
59 49
305 142
270 95
194 274
112 113
37 70
70 127
69 67
146 190
16 17
49 260
98 99
99 72
217 216
32 115
123 284
294 326
171 73
9 313
60 62
246 87
217 6
196 274
23 156
97 41
279 2
89 134
215 203
75 151
59 49
305 142
270 95
95 52
78 77
194 274
112 113
37 70
64 33
121 130
69 67
166 301
146 190
270 51
217 216
77 302
101 28
294 326
171 73
9 313
246 87
217 6
196 274
97 41
89 134
215 203
75 151
279 131
131 318
305 142
270 95
95 52
139 138
78 77
194 274
112 113
37 70
70 127
64 33
69 67
219 224
166 301
133 281
146 190
50 49
49 260
161 324
326 263
217 216
32 115
77 302
101 28 91
171 73
217 6
196 274
23 156
97 41
89 134
215 203
131 318
305 142
175 209
270 95
95 52
78 77
78 79
194 274
112 113
37 70
70 127
69 67
219 224
202 265
166 301
133 281
146 190
50 49
49 260
161 324
13 226
270 51
217 216
80 81
171 73
28 91
217 6
196 274
23 156
89 134
48 85
215 203
55 247
75 151
305 142
175 209
270 95
139 138
78 79
112 113
37 70
70 127
69 67
166 301
125 126
146 190
50 49
49 260
270 51
60 126
98 99
171 73
60 62
217 6
196 274
262 6
23 156
89 134
48 85
215 203
75 151
37 66
175 209
270 95
139 138
57 302
78 79
194 274
112 113
37 70
70 127
64 33
69 67
125 126
146 190
50 49
49 260
161 324
270 51
60 126
290 303
217 216
80 81
101 91
171 73
92 91
60 62
217 6
196 274
72 73
23 156
89 134
215 203
286 55
75 151
37 66
261 239
305 142
175 209
270 95
139 138
112 113
37 70
70 127
69 67
125 126
146 190
16 17
50 49
161 324
13 226
270 51
60 126
123 284
77 302
171 73
28 91
60 62
217 6
246 88
196 274
174 317
23 156
89 134
215 203
286 55
37 66
305 142
270 95
139 138
57 302
78 77
194 274
112 113
37 70
64 33
69 67
166 145
146 190
16 17
50 49
161 324
126 317
116 117
217 216
77 302
171 73
28 91
217 6
196 274
262 6
72 73
23 156
89 134
159 158
215 203
103 131
270 95
139 138
57 302
78 77
112 113
276 205
64 33
69 67
146 190
50 49
161 324
13 226
126 317
217 216
115 91
163 77
77 302
80 81
213 326
101 91
171 73
28 91
217 6
196 274
23 156
89 134
48 85
215 203
103 131
261 239
305 142
270 95
139 138
57 302
78 77
194 274
112 113
69 67
146 190
50 49
161 324
286 246
7 37
126 317
217 216
101 115 91
163 77
213 326
171 73
28 91
217 6
196 274
23 156
89 134
215 203
103 131
305 142
286 247
139 138
270 95
57 302
112 113
64 33
69 67
146 190
130 28 91
50 49
161 324
257 255
126 317
98 99
116 117
217 216
101 115
38 115
171 73
217 6
196 274
23 156
97 41
89 134
215 203
286 55 247
37 66
59 49
87 247
139 138
270 95
78 77
194 274
112 113
37 70
64 33
69 67
146 190
50 49
161 324
126 317
98 99
116 117
217 216
101 115 91
163 77
171 73
28 91
60 317
301 272
217 6
71 167
196 274
23 156
97 41
2 1
89 134
215 203
55 284
181 192
103 131
286 247
139 138
270 95
57 302
78 77
78 79
112 113
64 33
69 67
125 126
146 190
50 49
161 324
145 301
126 317
126 72
98 99
123 284
101 115
80 81
171 73
92 91
28 91
217 6
196 274
23 156
97 41
148 147
2 1
89 134
48 85
215 203
37 66
181 192
103 131
305 142
175 209
270 95
139 138
132 57
57 302
78 178 79
78 77 79
112 113
279 318
69 67
60 125
146 190
161 324
98 99
101 115
77 302
171 73
9 313
246 87
217 6
196 274
5 6
23 156
97 41
89 134
170 188
37 66
59 49
305 142
270 95
163 176 57
163 77 57
194 274
112 113
64 33
200 294
69 67
166 145
146 190
50 49
195 49
206 324
161 324
4 92
98 99
171 73
28 91
43 15
246 87
217 6
161 302
191 161
23 156
89 134
55 247
37 66
181 30
103 131
31 209
286 247
270 95
31 30
194 274
112 113
279 318
37 70
64 33
200 294
200 223
69 67
248 223
227 223
146 190
195 49
161 324
145 301
311 263
13 226
98 99
132 30
163 30
163 77
262 226
171 73
43 15
246 87
217 6
23 156
210 57
89 134
103 131
305 142
31 209
182 209
173 196
270 95
78 79
112 113
175 30
279 318
70 127
64 33
200 294
69 67
202 265
187 60
35 147
146 190
191 324
303 235
13 226
177 126
98 99
132 30
203 311
262 226
171 73
28 91
43 15
60 62
217 6
23 156
2 1
89 134
48 85
170 326
170 188
103 131
27 155
305 142
31 182 209
173 260
270 95
161 57
194 304
194 118
112 113
279 318
37 70
64 33
200 294
69 67
166 145
166 273
146 190
161 324
13 226
98 99
177 126
217 216
32 115
77 161
213 326
262 226
203 311
171 274
171 73
28 91
203 147
43 15
246 87
217 6
262 6
5 6
23 156
97 41
2 1
89 113
89 134
113 197
197 134
112 134
170 188
144 301
305 142
270 95
95 52
286 247
31 175
194 118
112 113
132 175
279 318
37 70
64 33
200 294
69 67
203 282
166 145
146 190
195 49
191 324
145 301
13 226
98 99
116 117
217 216
104 105
105 6
107 115
203 311
262 226
43 15
246 87
320 274
217 6
191 161
262 6
23 156
97 41
68 157
2 103
89 134
159 158
95 158
215 203
215 147
170 188
81 131
166 144
48 8
305 142
324 209
270 95
95 52
161 139
286 247
31 175
81 318
268 258
37 70
45 212
18 212
69 67
312 232
166 145
146 190
161 324
203 263
13 226
98 99
104 216
123 284
105 6
80 81
203 311
262 226
171 274
43 15
60 180
163 183
262 6
23 156
89 134
112 104 134
164 158
136 280
166 144
144 301
305 142
31 175 209
173 260
286 247
161 57
194 304
37 70
314 52
312 232
187 50
101 130
259 224
145 301
238 192
13 226
116 117
98 99
105 6
206 178
213 50
80 81
43 15
60 189
157 169
297 244
178 302
167 153
61 16
169 164
268 276
97 41
68 67
13 89
89 134
12 134
6 134
270 158
305 142
31 209
173 146
173 260
139 138
31 175
276 205
37 70
314 51 52
19 18
270 69
187 50
191 161 324
7 37
238 192
98 99
177 126
116 117
123 284
206 178 302
92 32
77 183
262 226
43 15
60 184
167 153
149 152
113 5
92 48
76 41
21 22
268 276
97 41
2 155
270 158
136 280
78 181
181 233
31 209
173 260
139 138
211 90
78 79
31 175
194 164
163 175
276 205
279 81
172 287
314 51
305 202
7 37
145 301
238 192
262 13
13 226
177 126
98 99
287 141
107 115
5 216
206 178
123 284
32 28
80 81
43 15
60 184
60 183
297 244
178 302
63 320
71 22
213 72
174 98
304 164
191 161
268 276
97 41
68 67
78 210
35 134
48 85
131 184
144 301
279 155
80 155
271 155
305 202 142
31 209
173 260
271 74
74 318
146 201
139 138
90 6
31 103
78 79
194 164
186 175
205 303
81 318
268 258
64 33
166 145
166 301 273
35 244
174 125
172 287
63 146
314 51
191 161 324
7 37
238 192
5 216
123 284
107 115
206 178 302
54 180
80 81
228 211
294 227
43 15
9 272
60 184
320 72
217 281
174 98
304 164
177 196
174 72
72 73
97 41
68 67
2 318
89 134
313 134
170 177
170 317
166 144
59 49
300 265
31 209
326 296
173 51
63 146 201
259 90
90 105
31 182
186 175
291 205
268 258
64 33
200 294
234 326
166 145
166 301
314 260
191 324
7 37
259 230
238 192
13 226
107 115
206 178
123 284
80 81
294 227
177 188
43 15
60 184
104 224
251 244
301 273
178 302
320 72
167 153
272 217
272 281
71 167
174 72
72 73
89 134
170 177 126
170 177 188
9 144
31 209
103 209
173 260
199 256
63 201
146 201
286 247
35 90
268 258
186 175
305 205
234 326
166 145
133 281
172 281
13 259
281 290
123 284
206 302
80 81
60 180
60 184
104 224
178 302
320 72
301 272
71 81
174 100
174 72
321 22
2 318
78 210
170 177
170 188
286 55
305 313 150
150 12
9 142
326 296
173 314
63 201
286 247
139 138
194 164
186 175
291 205
37 70
121 130
234 326
109 21
109 22
161 223
279 1
202 12
191 324
13 259
13 226
177 126
126 188
281 290
113 5 216
123 284
206 178 302
80 81
294 227
43 15
60 180
60 184
104 224
305 299
102 153
305 272
301 272
71 81
174 100
304 164
174 73
191 161
279 2 22
78 210
197 90
170 177 126
170 188
286 55 247
144 142
217 150
103 209
326 296
173 159
173 314
173 196
173 260
199 256
63 201
198 139
139 138
161 57
194 164
186 175
205 269
228 18
19 18
109 22
191 223
166 145
279 1
243 35
191 324
13 259
259 226
238 192
5 216
206 178
163 77
71 80
80 81
294 227
43 15
60 184 73
147 244
104 224
251 244
178 302
102 153
305 301 272
113 5
174 100
172 89
89 217
89 141
149 158
170 177
25 318
55 247
217 150
31 209
326 296
173 314
173 260
199 256
63 201
74 318
286 247
139 138
191 57
194 164
305 112 301 272
186 175
318 1
37 70
19 18
121 130
234 326
223 324
279 1
299 202
13 259
203 263
177 126 188
206 178
71 80
80 81
80 169
294 227
43 15
60 73
147 297
104 224
178 302
184 73
270 158
92 85
170 177
261 239
31 182 209
326 296
173 314
173 196
74 318
286 247
139 138
161 57
285 147
285 251 244
305 112
186 175
175 30
318 1
70 127
19 18
121 130
166 145
166 202
166 273
133 9
291 202
13 259
259 226
177 126
217 290
113 216
206 178
294 227
177 188
43 15
9 268
60 184 73
147 297
104 224
246 87
178 302
61 16
305 301 272
71 81
180 184
81 169
97 41
68 80
172 89
270 158
149 158
92 85
170 177
286 55
55 247
151 223
261 239
167 142
182 209
326 296
173 314
173 196
74 318
139 138
161 57
285 147 244
285 297
194 164
305 112 272
186 175 30
70 127
117 33
64 33
19 18
121 130
114 61
154 223
166 145 202
166 145 290
166 268
35 244
291 202
13 259
13 226
206 178
50 73
32 28
71 80
80 81
294 227
177 188
43 15
128 164
60 184
147 251
104 224
178 302
313 12
305 301 272
169 152
262 167
174 100
304 164
281 51
97 41
148 326
148 302
172 89
275 51
92 85
170 177 188
286 55
55 247
151 223
181 193
261 239
182 209
326 296
173 314
173 196
74 318
139 138
31 182
285 251
285 297
285 244
194 164
132 175
186 175 30
318 1
117 33
64 33
121 130
114 61
26 223
166 268
35 244
146 190
146 72
291 202
13 259
257 255
203 263
177 126 188
206 178
50 73
32 28
163 77
71 80
294 227
43 15
104 224
178 302
167 103
305 301 272
169 152
174 100
304 164
169 22
268 276
97 41
68 157
148 75
172 89
89 141
63 275
92 85
170 177 188
55 247
26 151 223
309 181
193 175 30
261 239
182 209
173 314
173 196
139 138
31 182
285 35
285 147 244
285 251
194 164
186 175 30
64 33
121 130
166 145 269
217 269
291 202
259 226
13 226
67 27
177 126
123 284
206 178
50 73
32 28
71 80
294 227
43 15
128 164
60 184
104 224
178 302
169 152
305 272
180 184
213 169
174 100
304 164
305 301
97 41
68 223
148 75
2 1
172 89
89 141
63 275
201 275
22 158
170 177 188
55 247
151 223
193 186
305 144 272
50 59
182 209
173 314 196
173 51 196
173 196 260
139 138
31 182
285 35
285 251
285 244
194 164
186 175 30
70 127
121 130
26 223
166 145 269
259 226
259 6
126 188
50 118
50 73
32 28
163 77
326 302
294 227
128 164
60 184
147 244
104 224
305 301 272
213 169 152
174 100
81 72
304 164
97 41
26 68
68 223
148 75
2 271
172 89
22 158
170 177 126 188
55 247
26 151
166 144 269
50 59 73
31 209
182 209
173 314
173 51 196
271 74
139 138
285 251
285 297
285 244
194 164
186 175 30
121 130
166 145 269
279 271
172 141
259 6
67 27
206 178
32 28
163 77
294 227
128 164
147 251
147 297
147 244
305 301 272
169 152
76 41
213 169
174 100
304 164
196 260
97 41
68 223
148 75
279 2 271
89 141
78 210
22 158
92 85
170 126
55 247
47 42
309 181
166 145 144 269
174 59
50 59
31 209
173 314
173 51 196
139 138
285 147 251
285 147 297
285 147 244
194 304
194 22
186 175
175 30
121 130
187 22
146 190
16 17
259 6
167 126
5 216
132 30
50 73
32 101
32 28
163 77
294 227
167 188
43 15
132 186
60 103
60 184
104 224
178 302
305 301 272
213 152
113 5
167 177
213 169
174 100
196 260
268 276
68 223
2 271
172 89
95 158
92 85
47 42
166 145 144 268
182 209
173 314 196
323 22
200 254
139 138
161 57
285 35
285 147 297
285 147 244
194 304
194 164
112 303
112 235
186 175
175 30
243 106
121 130
166 145 268 269
276 269
279 271
314 51 196
195 49
191 324
192 284
13 226
5 216
206 178
32 91
163 77
294 227
177 188
43 15
60 180 184
60 103
147 251
178 217
178 302
61 16
305 301 272
213 152
118 73
174 100
196 260
68 223
148 75
172 89
95 158
92 85
25 318
286 55
47 42
166 145 144 268
326 155
167 142
173 314
173 196
323 22
200 254
139 138
285 147
285 251
285 244
194 304 164
186 175 30
117 33
166 145 268 269
276 269
279 271
35 297
16 17
195 49
191 324
86 101
206 178
32 91
163 77
294 227
177 188
60 171
60 180 184
60 103
147 297
104 224
178 302
305 301 272
213 169 152
174 100
169 22
51 196
68 223
148 75
2 271
172 89
63 275
201 275
95 158
215 281
286 55
47 42
166 145 144 268
261 239
326 155
150 265
176 209
173 314 51
173 314 260
173 51 196
200 254
198 139
139 138
175 57
285 251
285 244
194 304 164 22
186 175 30
117 33
200 294
166 269
276 269
279 271
35 297
243 298
145 268 276
13 226
98 99
177 126
113 216
5 216
206 178
32 28
32 91
191 77
294 227
177 188
43 15
128 164
60 180 184
147 297
178 302
305 272
169 152
213 169
81 22
305 301
68 223
148 75
2 271
172 89
63 275
201 275
92 85
170 59
170 118
286 55
47 42
305 144 272
261 239
176 209
173 314 51 196
200 254
294 254
198 139
139 138
175 57
285 35 297
285 244
112 235
205 202
117 33
200 203
121 130
166 145 268 269
166 268 276 269
279 271
172 141
243 298
191 161 324
243 44
259 6
174 126
186 30
206 178
32 28
32 91
163 77
294 227
180 171
43 15
60 184
147 297
178 302
153 22
305 301 272
213 169 152
180 184
167 72
81 72
68 223
148 75
2 271
172 89
89 142
95 158
170 73
286 55
26 151
193 30
305 144
150 105
176 209
173 314 51 196
194 323
63 201
200 254
187 95
198 139
139 138
128 194
285 251
112 235
205 202
200 203
121 130
26 223
166 145 268 269
279 271
35 297
125 126
172 281
243 298
191 161 324
145 268 276
13 226
174 126
100 126
281 141
186 30
32 28
32 91
167 80
80 81
162 188
43 15
60 180
60 184
147 297
178 302
177 320
305 272
213 169 152
167 72
81 72
174 177
102 22
305 301
68 223
148 75
2 271
172 89 281
89 281 142
287 197
95 158
170 73
286 55
151 223
305 144 272
150 105
173 314 51 196
173 260
194 323
63 201
200 254
203 254
198 139
139 138
285 244
112 235
205 202
117 33
114 61
26 223
166 145 276 269
279 271
35 297
243 298
191 161 324
262 259
132 309
174 177 126
98 99
281 141
113 216
186 30
32 28
163 77
80 81
294 227
60 171 184
217 303
43 15
60 180 184
147 297
104 224
178 302
305 301 272
213 169 152
71 167
19 113 5
100 177
81 72
102 22
68 223
148 75
2 271
89 268
89 281
287 197
95 158
170 73
151 223
144 272
104 150 105
176 209
173 314 51 196
173 260
194 323
63 201
200 254
187 95
69 95
285 251
285 244
194 304
112 235
163 175
291 205
205 202
37 70
114 61
26 223
145 269
268 269
166 145
166 268
279 271
35 297
172 281
243 298
191 161 324
262 259
174 126
177 126
98 99
113 5 216
32 28 115
115 91
276 141
281 141
206 178
186 30
163 77
71 80
101 107
294 227
60 171 184
217 303
60 180 184
167 153
305 301 272
169 152
213 169
100 177
167 102
268 276
92 28
68 223
2 271
172 89 142
89 281
287 197
95 158
215 294
170 73
151 223
181 182
104 150
176 209
173 314 51 196
173 260
194 323
200 254
203 254
294 254
187 95
198 139
285 251
285 297
285 244
163 175
291 205
205 202
37 70
26 223
145 269
35 297
191 161 324
270 149
174 126
32 28 115
104 105
163 77
294 227
60 171 184
162 188
217 303
43 15
60 180
167 102 153
305 301 272
169 152
113 5
76 41
213 169
100 177
174 177
26 68
68 223
148 75
2 271
172 89 268 142
63 275
287 197
215 227
170 73
305 144
261 239
173 314 51 196
173 196 260
200 254
187 95
198 139
139 138
285 251
285 244
112 235
291 205
205 202
166 299 269
279 271
35 147 297
130 115
191 324
262 259
270 149
174 126
98 99
216 6
186 30
206 178
32 28
32 91
163 77
203 227
294 227
60 171
43 15
60 180
174 320
167 102 153
305 301 272
213 169 152
113 5
174 100
100 177
268 281
305 322
68 223
148 75
2 271
172 89
89 281
63 275
95 158
215 203
215 227
170 177
170 317
25 318
259 150 134
305 144
261 239
59 49
172 142
281 142
5 150
176 209
173 314 51 196
63 201
146 201
200 254
294 254
187 95
139 138
132 31
285 244
194 304
291 205 202
157 223
166 299 269
35 147 297
32 130
130 115
191 324
13 259
259 113
262 13
174 100 126 317
98 99
216 6
186 30
32 91
163 77
71 80
60 171 184
217 303
43 15
60 180
167 153
305 272
213 169 152
113 5
5 12
167 102
51 196 260
177 73
305 301
68 157 223
148 75
2 271
172 89
63 275
287 197 90
95 158
215 203 234
215 227
259 113 5 134
25 318
286 55
261 239
59 49
268 281 142
176 209
173 314 51
173 51 196
63 201
200 254
139 138
132 31
285 251
285 244
291 205
205 202
243 106
166 299 269
145 269
35 147 297
172 268
130 115
191 324
67 27
174 100 126
100 126 317
98 99
32 115
28 115
104 105
206 178
186 30
163 77
71 80
294 227
60 171 184
178 303
43 15
60 180 184
178 302
167 153
305 301 272
213 152
243 12
167 102
81 72
191 161
177 317
68 157 223
148 75
148 261
2 271
172 89
89 268
89 281
89 142
63 275
287 197
95 158
286 55
151 223
181 182
305 144
31 209
173 314 196
173 314 260
200 254
187 95
69 95
139 138
31 176
175 57
285 251
285 244
291 205
205 202
259 106
106 12
219 290
26 157 223
166 299 269
35 147 297
314 51 196
191 324
161 324
243 259
259 113
203 263
174 100 126
174 177 126
98 99
32 28 115
104 105
32 91
163 77
80 81 72
203 227
294 227
60 171
178 303
60 180 184
167 153
217 302
305 301 272
213 152
113 5
113 12
243 12
167 102
100 317
191 81
21 22
305 322
68 223
148 75
2 271
172 89 268 142
89 268 281 142
63 275
287 197
95 158
113 5 134
106 134
12 134
26 151
47 42
305 144 272
261 239
59 49
104 105 296
31 176 209
173 314 51 196
194 323
200 254
286 247
198 139
139 138
285 35
285 251 244
205 202
26 157 223
166 269
166 299
279 271
35 297
13 259
67 27
174 100 177 126
100 126 317
32 115
186 30
32 91
163 77
71 80
80 81 72
294 326
203 227
294 227
60 171 184
217 303
60 180 184
195 177
178 302
167 153
305 301 272
71 169
167 102
81 169
102 22
305 322
26 68 157
68 223
148 75
2 271
172 89
89 281
63 275
287 197 90
95 158
215 234
113 5 134
25 318
26 151
181 182
47 42
305 144 272
261 239
268 281 142
104 105 296
19 296
31 176 209
173 314 51 196
200 254
139 138
175 57
285 251
285 244
159 152
166 269
166 299
279 271
135 225
135 15
35 147 297
314 196 260
161 324
13 259
13 226
67 27
174 100 126
174 177 126
100 126 317
177 126 317
216 6
32 115
28 115
206 178
268 141
32 91
163 77
71 80 81
186 30
60 171
60 184
178 302
177 320 317
305 301 272
71 81 169
180 184
167 22
81 72 169
68 157
68 223
148 75
2 271
172 89
63 275
197 90
298 134
113 134
12 134
95 158
170 177 317
170 126
25 318
151 157
47 42
305 144
261 239
172 142
268 142
31 176 182 209
324 209
104 296
173 314 51 196
173 314 196 260
200 254
203 254
139 138
287 90
285 251
285 244
203 234
26 223
166 269
166 299
35 147 297
49 73
191 324
161 324
13 259
259 5
13 226
67 27
174 100 126
216 6
32 115
71 80 81
80 72
60 171 184
60 180 184
104 224
320 317
305 301 272
213 152
100 177
268 281
68 157
68 223
148 75
2 271
172 89
89 281
63 275
287 197 90
95 158
215 254
170 174 100 126
6 134
286 55
151 223
309 181
47 42
305 144
261 239
281 142
31 176 182 209
104 296
173 314 51 196
173 196 260
194 323
200 254
139 138
186 57
285 251
285 244
194 304
9 112
112 303
205 202
117 33
26 223
166 269
166 299
35 147 297
161 324
259 5
13 5
132 309
67 27
174 100 126 317
216 6
32 115
238 284
32 91
71 80 81
80 81 72
294 326 227
226 5
60 171 184
72 188
60 180 184
104 224
320 317
305 301 272
213 152
167 22
268 281
68 223
2 271
172 89
63 275
287 197 90
259 134
113 134
216 6 134
170 100
55 247
47 42
305 144
261 239
155 152
126 59
31 176 182 209
281 296
173 314 51 196
173 314 196 260
194 323
146 201
200 254
286 247
139 138
186 57
285 251
285 326
285 244
194 304
78 79
117 33
157 223
166 269
166 299
279 271
35 147 297
49 73
161 324
259 5
13 5
174 126
126 73
98 99
32 115
50 73
71 80 81
226 5
294 227
60 171
60 180 184
104 281
104 224
178 302
320 317
305 301 272
213 152
113 5
167 22
81 72
177 73
68 157 223
2 271
63 275
287 197
95 158
259 134
216 6 134
47 42
166 144
305 144
144 299
126 59
31 176 182 209
173 314 51 196
173 51 260
194 323
146 201
200 254
187 95
139 138
287 90
186 57
285 251
285 244
194 304
78 79
117 33
166 269
49 73
161 324
259 113 5
13 226 5
174 126
126 73
98 99
50 73
80 81
147 326 297
60 171 184
228 303
43 15
60 180 184
301 273
163 178
178 302
320 317
167 153
305 301 272
213 152
281 224
100 317
167 22
174 317
19 281
97 41
68 157
68 223
2 271
172 89
89 142
197 90
13 134
259 134
6 134
215 254
170 100
47 42
309 181
166 144 299
261 239
155 152
126 59
173 314 51 196
173 260
194 323
146 201
200 254
139 138
31 176 182
186 57
285 251
285 326
285 244
194 304
78 79
186 175
70 127
202 269
279 271
35 147 297
172 141
161 324
259 113
192 284
287 263
67 27
174 195 126
98 99
216 6
238 284
50 73
163 77
80 81
177 188
60 171 184
228 303
60 180 184
320 317
167 153
305 301 272
281 224
167 22
81 72
174 317
319 260
97 41
68 223
2 271
13 134
259 113 134
215 227
26 151
193 30
47 42
166 144 299
144 269
261 239
155 152
173 177
173 196 260
146 201
200 254
69 95
139 138
31 178 176 182
161 176
186 175 57
285 244
37 70
70 127
157 223
172 268
314 51 196
50 49 73
206 324
161 324
192 284
174 126
126 73
98 99
116 117
238 284
163 77
71 80 81
147 326
177 188
60 171 184
228 303
43 15
60 180 184
147 297
174 320
305 301 272
281 224
174 100
51 196 260
164 22
5 6
97 41
68 157
68 223
148 103
2 271
89 205
89 142
63 275
5 197 106
13 134
259 134
5 134
6 134
215 227
170 174 317
26 151
309 181
47 42
166 144
155 152
173 177 188
146 201
200 254
294 254
69 95
139 138
31 176
206 31
285 244
194 304
186 175
175 30
266 182
298 219
322 269
145 269
166 299
35 147 297
314 51 196
49 73
161 324
4 115
259 113
123 192
192 284
13 113
67 27
98 99
5 216
238 284
50 73
163 77
147 326 297
226 113
203 227
177 162 188
60 180 171 184
228 303
43 15
228 104
104 281
238 123
305 301 272
213 152
100 317
51 196 260
164 22
305 322
97 41
68 157 223
2 271
89 268
89 205
63 275
313 197
5 197
90 134
170 174 173
170 173 317
166 144 299
261 239
155 22
9 142
268 142
173 100
146 201
200 254
203 254
69 95
139 138
31 176
206 31
31 161
31 302
285 244
78 79
186 175
117 33
266 182
161 182
145 269
172 287
314 51 196
291 202
49 73
161 324
324 302
13 259
192 284
174 126
100 126
126 317
98 99
238 284
163 77
80 81 72
80 72 152
147 326
326 297
60 171 184
177 188
228 303
43 15
60 180 184
104 281
104 224
301 273
305 301 272
169 152
152 22
174 118
167 102
81 169
196 260
268 276
97 41
68 157
68 223
2 271
5 197
197 106
5 90 134
6 134
170 174 317
170 100
26 151
47 42
166 144 299
167 155
243 150
324 209
174 173
173 100
173 73
194 323
146 201
200 254
139 138
161 176
176 182
31 161
31 182
285 244
194 304
159 52
117 33
121 130
27 109
145 269
279 271
35 147 326
172 268
172 276
314 196 260
50 49 73
161 324
4 115
13 259
132 309
174 126 317
98 99
217 290
238 284
163 77
80 81
311 303
147 326 297
294 227
60 171 184
60 180 184
313 5
305 301 272
169 152
167 22
81 72
51 196
305 322
2 271
63 275
5 197 106 90
259 134
298 134
216 6 134
170 174
170 317
286 55
151 22
47 42
166 144 299
167 155 22
31 176 209
173 126
194 323
201 118
200 254
203 254
139 138
31 176 182
159 146
132 233
196 52
117 33
145 269
35 147
172 268 276
314 51 196
50 49
191 324
161 324
4 115
13 259
157 327
281 235
174 100 126
126 317
67 27
98 99
238 284
206 191
163 77
71 80 81
80 81 72
147 248
177 188
188 82
60 180 171
9 281
60 180 184
147 297
104 5
305 301 272
169 152
167 102 22
169 164
51 196 260
305 322
97 41
68 157
2 271
63 275
5 197 106
5 197 90
211 134
216 134
6 134
215 227
170 174
170 317
167 151 22
166 144 299
261 239
173 59
167 155
182 209
173 189
194 323
200 254
139 138
31 176
194 304
159 314 52
243 112
112 212
166 205
117 33
314 51 52
54 109
219 224
145 269
35 147
268 202
50 49
161 324
4 115
259 105
157 327
13 226
98 99
238 284
50 73
80 81
80 72
294 227
177 188
60 171 184
60 180 184
147 297
243 104
104 224
246 87
272 273
313 5
305 301 272
169 152
164 152
71 81
167 102 22
291 268
10 281
68 157
2 271
243 89
168 275
5 197 106 90
105 134
215 254
215 227
170 173
151 22
166 144 299
102 155 22
176 209
182 209
173 100 317
194 323
200 254
203 254
139 138
31 182
285 244
194 304
112 104
166 205
314 51 52
117 33
234 248
219 224
213 223
145 269
35 263
16 17
50 49 73
206 324
228 44
259 113
259 105
157 327
98 99
189 126
105 6
238 284
80 81
147 248
203 227
177 188
60 171 184
128 152
60 180 184
147 297
243 104
118 231
305 301 272
169 152
191 302
71 81
167 102 22
169 164
10 281
305 322
68 157
2 271
89 112 104
275 164
5 197 106
105 134
215 227
136 172
136 287
166 144 299
261 239
71 155
102 155
176 209
194 323
200 254
139 138
5 106 90
31 182
285 244
194 304
243 112
117 33
234 248
213 223
145 269
26 71
26 75
314 162
314 51
146 67
16 17
206 324
4 115
13 259
259 113
157 327
257 255
113 263
98 99
216 6
238 284
54 231
163 77
80 81
80 72
177 188
60 171
92 91
60 180 184
305 301 273
167 153
305 301 272
169 152
118 73
71 22
305 322
2 271
243 89
89 104
89 19
5 197 106 90
259 134
170 174 317
170 100
75 151
309 181
103 131
166 144 299
261 239
281 150
173 100
194 323
271 74
200 254
203 254
286 247
139 138
285 297
285 244
194 304
243 112
112 104
166 205
117 33
234 248
104 219
219 224
213 223
145 269
172 287
314 51
146 67
16 17
49 118
49 73
206 324
4 91
13 259
168 164
98 99
216 6
238 284
115 91
163 77
80 81
226 113
177 188
60 171 184
43 15
9 293
60 180 184
305 301 272 273
167 153
169 149 152
27 22
305 322
97 41
148 147
2 271
221 210
5 197 106
270 158
215 227
170 118
136 280
55 247
75 151
103 131
166 144 299
71 155
207 296
176 209
194 323
200 254
203 254
139 138
5 90
285 35
285 244
243 112 104
166 205
117 33
121 130
69 164
219 224
213 223
145 269
187 188
35 297
314 51
146 190
16 17
268 202
202 290
49 73
206 324
161 324
13 259
259 226
259 113
257 255
98 99
115 91
50 73
163 77
80 81
311 303
294 227
177 188
60 171 184
92 91
60 180 184
167 153
305 301 272
169 152
118 196 73
71 102
268 276
305 322
97 41
124 135
2 271
89 217
221 210
5 197 106
259 134
6 134
170 173
286 55
55 247
26 151
166 144 299
81 131
261 239
176 209
174 173 100 126
199 256
194 323
200 254
139 138
285 35 297 244
194 304
243 112 104
117 33
64 33
234 248
69 164
121 130
102 109
27 109
219 224
213 223
145 269
314 51
268 202
161 324
259 226
168 164
13 226
98 99
287 141
163 77
80 103 81
177 188
171 184
60 180 184
169 152
118 260
305 301 272
191 161
97 41
203 148
14 124
2 271
5 197 106
39 22
13 259 134
55 247
26 75 151
132 181
309 181
47 42
166 144 299
145 144
80 81 131
261 239
75 155
174 173 100 126
199 256
194 323
200 254
203 254
139 138
5 90
285 35 297 244
194 304
31 182
112 218
112 219
166 299 205
51 52
117 33
64 33
121 130
69 164
27 109 22
219 224
213 223
145 269
187 73
314 51
146 67
202 290
50 49
49 73
157 327
303 235
168 164
174 100 126 317
287 141
186 30
163 77
80 103 81
203 227
177 188
60 171 184
92 91
71 75
60 180 184
313 5
305 301 272
169 152
118 196 73
118 260
71 102
305 322
97 41
148 147
2 271
5 197 106
39 22
13 259 134
170 126
55 247
75 151
309 181
47 42
103 81 131
145 144
261 239
71 155
207 296
285 296
173 98
194 323
200 254
139 138
5 90
285 244
194 304
112 19
166 205
314 51 52
117 33
234 248
69 164
121 130
114 61
109 22
219 217
219 224
213 223
166 299
187 73
35 244
16 17
50 49
161 138
174 100 126
287 141
238 284
107 115
186 30
50 73
163 77
80 103 81
60 171 184
281 303
128 71
60 180 184
243 217
169 152
305 301 272
71 102
196 73
305 322
97 41
68 157
148 147
148 254
2 271
5 197 106
39 22
13 259 134
259 104 134
170 174 100
170 317
55 247
75 151
47 42
145 144
81 131
261 239
71 155
207 263
207 296
35 296
194 323
200 254
139 138
285 244
234 253
166 299 205
69 164
121 130
114 61
109 22
219 217 224
213 223
145 269
187 196
35 297
314 51
61 64
16 17
50 49
4 92
145 299
168 164
174 100 126
238 284
163 77
80 103 81
262 226
177 188
60 171 184
60 180 184
104 6
61 16
169 152
149 152
305 301 272
71 102
156 154
97 41
148 294 254
148 227
2 271
2 1
5 197 106
13 259 134
259 104 134
170 126
286 55
55 247
71 151
75 151
47 42
81 131
261 239
102 155
285 207
59 118
178 209
194 323 304
200 254
139 138
191 57
57 324
5 90
285 35 244
112 19
166 205
51 52
64 33
121 130
219 217
219 224
213 223
145 269
166 299
35 297
314 51
16 17
50 49
206 324
145 299
168 164
100 126
287 141
238 284
107 115
50 196
163 77
80 81
60 171 184
177 188
60 180 184
147 297
104 113 6
246 87
61 16
149 152
305 301 272
243 12
163 186
97 41
148 254
2 271
5 197 106
39 22
259 134
170 100
170 317
286 55
55 247
47 42
81 131
261 239
194 323
200 254
139 138
163 78
285 147 244
31 30
112 19
175 30
51 52
121 130
109 21
109 22
219 217 224
213 223
299 269
166 299
133 281
35 297
314 51
16 17
49 73
206 324
161 324
13 259 226
145 299
174 100 126
287 141
238 284
163 77
77 186
80 81
177 188
60 171
75 149 152
60 180
118 73
71 167
71 27
71 22
180 184
243 12
156 169
169 164
196 73
63 72
305 301
97 41
148 207
2 271
243 89
259 89 219
243 197
39 22
13 134
136 305
286 55 247
75 151
47 42
81 131
261 239
155 152
189 59
301 300
194 323
200 254
139 138
176 30
159 95
78 77
285 244
194 304
186 175
175 30
5 106
314 51 52
167 109
27 109 22
213 223
202 269
166 145 202
166 272
166 281
187 73
16 17
49 73
206 324
161 324
259 5
13 226
100 126
99 72
287 141
238 284
113 216
163 77
80 81
294 227
60 171
171 184
177 188
128 75
203 34
75 149 152
147 244
61 16
313 5
71 167
113 6
180 184
100 317
98 72
196 73
97 41
148 35
2 271
243 89
89 219
5 197
13 134
226 134
104 134
286 55
55 247
47 42
42 28
75 151 149
81 131
261 239
59 260
213 207
155 152
293 150
194 323
200 254
78 77
285 244
194 304
31 30
112 19
112 12
314 51 52
234 248
69 67
145 269
202 269
166 145
187 73
16 17
49 73
206 324
161 324
228 44
259 5
259 6
305 145
98 99
5 216
50 73
163 77
80 103 81
326 297
228 211
294 227
92 101
60 188
177 188
180 171 184
128 75
9 281
60 183
61 16
217 224
149 152
71 167 102
100 317
100 196
174 98
97 41
148 35 244
2 271
251 89
89 106
13 134
259 134
226 134
5 134
55 247
75 151
163 193
81 131
261 239
71 155
154 155
213 207
207 223
268 300
174 173
194 323
200 254
139 138
78 77
78 79
31 30
112 19
51 52
305 145 269
166 145
187 196 73
202 303
50 49
49 73
206 324
259 216
309 161
216 6
32 115
50 196
80 103 81
163 77
262 226
326 297
228 211
294 227
177 188
60 171 184
92 91
9 301
60 180 184
255 244
61 16
113 217
149 152
71 102 22
140 293
174 98
98 72
27 22
156 24
305 301
97 41
148 326
148 244
2 271
13 134
215 326
286 55 247
80 103 131 81
145 144
144 301
261 239
207 223
234 296
248 296
174 173
200 254
294 254
95 52
161 139
139 138
78 79
100 194
194 72
194 183
112 298 113
5 106
270 52
64 33
243 219 224
145 269
301 269
187 196
35 244
172 287
50 49
292 291
100 126
5 216
216 6
238 284
271 1
294 227
60 171 184
132 221
60 180 184
157 169
255 244
61 16
217 6
301 272
251 12
196 73
156 24
305 301
97 41
308 148
148 326
2 271
89 19
197 134
106 134
18 134
170 100
286 55 247
47 42
80 103 131 81
9 285 144
261 239
31 209
174 173
200 254
139 138
78 77
285 145
194 72
251 112 298
112 5
258 269
35 253 244
64 33
270 52
219 224
268 269
166 145
133 281
187 73
61 64
298 113
50 49
4 47
4 91
243 259
326 297
294 227
60 171 184
301 273
167 153
180 184
19 12
167 102
174 98
196 73
156 24
97 41
68 157
308 148
148 326
2 271
197 134
106 134
90 134
48 85
170 196 73
286 55 247
47 42
144 313
144 301
261 239
59 260
305 142
26 323 152
323 22
200 254
35 254 227
139 138
156 283
78 77
9 285
194 72
194 304
31 30
112 104 5
112 298
112 106
117 33
64 33
259 219
166 145
187 196 73
172 287
50 49
206 161 324
259 19
259 113
292 291
145 301
100 126
32 115
80 103 81
60 171 184
92 91
43 15
9 313
60 180 184
301 273
189 183
61 16
217 5
217 6
71 152
100 73
92 107
102 22
243 19
97 41
68 157
148 223
2 271
243 89
48 85
112 134
106 134
90 134
18 134
170 73
286 55
55 247
71 151
47 42
144 313
144 301
261 239
155 149 152
174 173
26 323 149
75 323
323 149 152
35 254
139 138
78 77
78 79
194 72
194 304
31 30
13 112
112 104
276 205
117 33
64 33
211 212
109 22
259 219
26 71
187 196 73
16 17
50 49
161 324
259 113
259 105
292 291
145 273
311 263
168 164
116 117
104 105
123 284
163 77
80 103 81
213 311
177 188
60 171 184
28 91
43 15
75 102
60 180 184
104 113
301 273
61 16
167 153
217 6
174 98
97 41
215 148
148 223
148 263
279 2
89 104 105
197 134
48 85
286 55
75 151
193 176
261 239 56
326 207
26 323 149
323 27
139 138
156 283
90 18
78 77
78 79
194 72
194 304
31 30
13 112
268 258
117 33
34 223
166 145
187 196 73
172 287
195 49
161 324
145 273
116 117
243 104 105
163 77
228 211
177 188
188 73
171 184
75 152
60 180 184
104 12
246 87
301 273
61 16
167 152
102 152
62 73
56 15
97 41
68 157
48 85
170 49
170 188
286 55
75 151
193 176
195 59
175 209
71 323 149
139 138
156 283
78 77
78 79
194 98
194 72
194 304
112 5
112 216
268 258
117 33
64 33
19 18
202 269
166 145
26 71
187 196
32 130
19 298
16 17
305 202
161 324
4 47
243 259
230 12
116 117
126 184
290 303
216 6
101 28
171 73
317 188
75 149
195 183
60 184
246 87
301 273
196 183
153 152
61 16
167 152
113 5
196 73
56 15
97 41
48 85
170 126 188
286 55
55 247
75 151
47 42
261 239
71 323
323 149
139 138
156 283
78 77
194 196
112 217 216 6
112 5
268 258
117 33
64 33
219 212
19 18
69 67
223 282
202 269
166 145
187 60
187 180
187 184
172 287
19 298
16 17
206 324
243 44
4 47
230 12
13 226
116 117
99 184
104 105
213 326
228 211
188 73
98 171
171 183
128 71
71 75
246 87
87 88
301 273
196 183
61 16
100 73
291 268
72 196
317 73
156 24
97 41
48 85
75 151
261 239
173 98
323 149
139 138
78 77
78 79
112 104
112 5 6
112 216
276 205
117 33
19 18
187 180
92 130
19 298
16 17
206 324
4 47
259 12
257 255
292 291
13 226 105
180 99
126 317
287 141
92 32
163 77
311 326
171 196
128 71
75 152
104 217
246 87
301 273
61 16
217 6
23 24
97 41
89 104 12
286 55
75 151
47 42
135 239
71 155
323 152
139 138
112 216
117 33
202 269
32 130
16 17
243 298
206 324
292 291
13 226 105
99 72
174 126
126 317
217 216
216 105
171 196 73
128 71
60 260
246 87
297 244
301 273
61 16
152 22
174 100 184
5 6
97 41
95 158
48 85
286 55
47 42
71 155
173 98
213 199
26 323
286 247
139 138
78 77
78 79
194 72 73
112 5 216
268 258
117 33
19 18
278 141
26 149
26 22
32 130
16 17
243 44
259 12
257 255
13 226
126 317
226 105
32 115
287 141
311 326
195 62
104 224
104 12
246 87
301 273
61 16
98 184
174 100
63 72
68 157
13 89
89 104
48 85
75 151
173 98
71 323
286 247
139 138
78 79
262 112
112 5 216
117 33
19 18
26 152
135 15
125 126
146 190
19 298
243 44
4 47
13 226 105
113 216
216 105
311 326
104 217
246 87
301 273
174 183
61 16
217 6
149 152
174 100
63 98
72 73
63 72
68 157
112 197
48 85
215 35
286 55
291 300
71 323
286 247
139 138
78 79
112 216
112 12
112 6
270 52
104 18
19 18
117 114 33
114 61
166 301
133 281
125 126
19 298
16 17
195 49
292 291
13 226 105
113 105
171 73
9 313
104 12
246 87
301 273
61 16
217 6
71 152
149 152
72 184
174 100
63 72
97 41
68 157
48 85
286 55
75 151
323 152
323 22
139 138
186 175
117 33
19 18
114 61
26 22
133 281
43 135
125 317
16 17
243 298
4 47
292 291
13 226
217 216
32 115
104 105
262 226
226 104
9 313
75 22
246 87
301 273
320 184
61 16
217 6
149 152
174 100
72 73
97 41
68 157
47 85
139 138
78 77
186 175
106 12
117 33
200 227
166 273
43 135
135 15
16 17
243 298
206 324
286 87
292 291
13 226
116 117
217 216
104 105
262 226
128 22
132 221
301 273
174 100
156 24
97 41
68 157
139 138
78 77
32 121
133 281
43 135
135 15
16 17
243 298
195 49
206 324
4 47
292 291
13 226
290 303
217 216
262 226
92 91
75 22
87 88
301 273
320 184
217 6
71 149
27 21
23 24
72 73
97 41
320 184
47 4
68 157
32 115
78 77
31 30
262 226
16 17
219 224
171 73
166 301 273
43 135 15
195 49
19 18
87 88
186 175
286 247
139 138
217 6
217 216
68 157
286 55
47 42
10 150
291 300
139 138
163 78
78 77
78 79
31 30
186 175
37 70
19 18
114 61
166 145
43 135
135 15
16 17
243 298
195 49
206 324
217 216
32 115
311 326
171 73
87 88
301 273
320 184
71 149
97 41
286 55
47 42
59 49
139 138
78 77
78 79
106 12
19 18
121 130
133 281
135 15
16 17
13 226
217 216
284 82
32 115
262 226
123 82
75 22
246 87
301 273
217 6
71 149
174 100
156 24
14 124
286 55
47 42
139 138
163 78
78 79
19 18
312 232
133 281
135 15
146 190
16 17
195 49
292 291
303 235
13 226
217 216
213 326
262 226
171 73
123 82
246 87
301 273
217 6
71 149
174 100
97 41
14 124
48 85
47 42
173 317
139 138
78 77
78 79
60 125
146 190
16 17
303 235
13 226
217 216
284 82
104 105
32 28
163 77
213 326
262 226
171 73
123 82
246 87
301 273
217 6
71 149
174 100
5 6
72 73
97 41
14 124
48 85
47 42
181 192
175 209
78 79
92 121
135 15
146 190
16 17
195 49
303 235
217 216
284 82
104 105
163 77
213 326
246 87
301 273
217 6
71 149
10 293
174 100
97 41
68 157
14 124
47 85
166 144
8 91
163 57
78 79
121 130
121 48
135 56 15
146 190
130 115
16 17
195 49
303 235
98 99
217 216
48 115
104 105
47 48
163 77
171 73
301 273
61 16
217 6
71 149
10 293
174 100
63 98
97 41
68 157
68 67
14 124
47 42 48
42 38
181 192
238 239
239 15
59 49
175 209
163 57
78 77
78 79
146 190
16 17
195 49
4 115
303 235
63 99
98 99
217 216
47 48 115
104 105
47 28
163 77
92 91
48 91
246 87
301 273
217 6
71 149
98 184
174 100
97 41
68 157
92 85
91 85
47 42
239 56
163 57
78 77
64 33
200 227
312 232
166 145
135 15
146 190
16 17
50 49
49 118
4 115
98 99
217 216
104 105
163 77
301 273
71 149
174 100
68 157
68 67
14 124
181 192
166 144
261 239
59 49
139 138
163 57
78 79
64 33
200 227
166 145
166 301 273
146 190
16 17
50 49
4 115
13 226
217 216
104 105
163 77
213 326
217 6
71 149
174 100
123 261
97 41
68 157
68 67
14 124
47 85
55 261
252 239
261 239
153 155
59 49
139 138
163 57
78 79
266 123
114 61
166 145
135 56
135 15
83 82
146 190
16 17
309 138
13 226
217 216
32 115
104 105
163 77
213 326
301 273
217 6
71 149
174 100
68 157
14 124
55 261
55 247
47 42
59 49
139 138
268 258
186 175
200 227
286 252
114 61
135 15
146 190
16 17
50 49
13 226
217 216
104 105
301 273
217 6
71 149
261 225
174 100
23 24
47 4
47 42
174 100
14 124
124 238
78 77
98 99
68 157
190 146
16 17
50 49
223 282
166 145
55 261
55 225
104 105
301 273
139 138
217 6
192 176
71 149
78 79
217 216
163 78
47 4
174 100
68 157
78 77
98 99
69 67
13 226
291 300
16 17
50 49
171 73
223 282
55 261
135 56
104 105
186 175
49 118
301 273
139 138
217 6
71 149
78 79
68 157
148 147
55 239
261 239
291 300
139 138
78 79
186 175
114 61
166 145
135 56
50 49
49 118
286 261
4 47
98 99
217 216
32 115
104 105
47 101
246 87
301 273
217 6
71 149
174 100
68 157
148 147
8 85
286 55 261
193 192
261 239
291 300
139 138
78 57
78 77
78 79
268 258
69 67
135 56
125 126
146 190
4 47 101
98 99
116 117
32 115
104 105
171 73
246 87
301 273
217 6
71 149
174 100
156 24
68 157
8 85
261 239
101 8
139 138
163 57
78 77
78 79
268 258
135 15
146 190
16 17
195 49
286 246
286 87
4 47
4 101
257 255
104 105
301 273
238 246
217 6
71 149
174 100
156 24
68 157
277 267
181 192
261 239
291 300
139 138
163 57
78 77
78 79
135 15
146 190
195 49
4 101
257 255
217 216
104 105
54 180
301 273
238 246
217 6
71 149
174 100
23 24
68 157
181 192
166 144
261 239
291 300
238 247
246 247
139 138
78 77
78 79
266 123 87
266 87 225
166 145
146 190
195 49
4 101
257 255
217 216
28 115
104 105
54 180
301 273
217 6
71 149
174 100
56 15
68 157
14 124 87 225
261 239
239 88
291 300
246 247
247 88
95 52
139 138
266 14 87 225
78 77
78 79
186 175
266 123
312 232
172 287
4 101
257 255
217 216
104 105
54 180
9 313
301 273
238 246
217 6
71 149
174 100
68 157
266 124
14 124
261 267
267 225
261 239 88
291 300
246 247
95 52
139 138
78 77
78 79
270 52
266 123
266 261
312 232
166 145
172 287
50 49
4 101
257 255
217 216
32 115
54 180
301 273
217 6
71 149
174 100
88 240
68 157
277 267
267 87 225
286 55
135 239
239 110
239 88
291 300
175 209
246 247
247 15
139 138
78 79
266 123
266 87
135 56
135 15
50 49
195 49
217 216
32 115
54 180
9 313
301 273
238 246
217 6
71 149
277 88
156 24
68 157
277 261 267
267 87
267 88
286 55
291 300
246 247
139 138
78 79
186 175
266 123
266 87
121 130
195 49
10 141
287 141
293 141
32 115
217 216
54 180
9 313
87 225
301 273
238 246
217 6
71 149
174 100
68 157
277 267
286 55
55 135
238 239
10 150
291 300
246 247
139 138
78 77
78 79
16 17
195 49
309 138
257 255
225 110
10 141
287 141
104 105
217 216
54 180
43 15
9 313
301 273
238 246
217 6
71 149
174 100
261 88
277 267
261 239 88
10 150
291 300
246 247
139 138
78 79
135 56
146 190
50 49
195 49
257 255
217 216
104 105
10 141
32 115
43 15
9 313
301 273
61 16
217 6
174 100
72 73
277 267
261 239 88
239 240
153 155
10 150
139 138
78 79
266 87
16 17
50 49
195 49
257 255
303 235
217 216
104 105
10 141
32 115
43 15
9 313
301 273
238 246
61 16
217 6
71 149
174 100
97 41
14 124
277 267
286 55
55 56
92 42
166 144
261 239
239 240
10 150
291 300
246 247
139 138
78 79
64 33
146 190
16 17
50 49
195 49
259 224
217 216
10 141
104 105
43 15
9 313
301 273
238 246
61 16
217 6
71 149
174 100
277 261
277 267
55 56
144 273
261 239
10 150
291 300
246 247
139 138
163 78
78 77
78 79
64 33
298 18
266 87
121 130
172 287
16 17
50 49
195 49
206 324
10 141
104 105
32 115
171 73
43 15
9 313
301 273
238 246
61 16
217 6
71 149
98 184
174 100
261 88
277 261
97 41
14 124
266 267
277 267
78 193
144 313
10 150
291 300
139 138
163 78
78 77
78 79
70 127
16 17
50 49
195 49
206 324
257 255
94 108
217 216
32 115
104 105
43 15
277 87
301 273
61 16
217 6
71 149
261 225
98 184
262 6
72 73
277 261
123 261
97 41
68 157
14 124
266 267
277 267
286 55
144 313
144 273
10 150
291 300
246 247
139 138
78 77
78 79
70 127
117 33
64 33
114 61
135 110
16 17
50 49
257 255
13 226
94 108
217 216
104 105
43 15
301 273
238 246
61 16
217 6
71 149
174 100
63 98
262 6
97 41
68 157
277 267
286 55
7 66
10 150
291 300
246 247
139 138
163 78
78 77
78 79
37 70
70 127
117 33
64 33
114 61
125 126
130 91
61 64
50 49
195 49
206 324
257 255
116 117
117 61
104 105
43 15
301 273
61 16
217 6
71 149
76 41
262 6
156 24
97 41
68 157
286 55
10 150
291 300
139 138
163 78
78 77
70 127
117 33
64 33
312 232
117 17
16 17
50 49
4 92
116 117
217 216
104 105
43 15
301 273
217 6
71 149
76 41
156 24
97 41
97 41
76 41
68 157
268 258
104 105
78 77
114 61
61 16
16 17
172 287
277 267
7 108
286 55
125 126
117 65
117 17
64 33
301 273
139 138
217 6
257 255
116 117
117 61
70 127
163 78
68 157
14 124
277 267
286 55
7 37 66
7 66 108
139 138
78 77
70 127
117 33
114 61
312 232
109 21
37 64
116 117 17
16 17
4 47
303 235
104 105
43 15
301 273
61 16
217 6
71 149
14 124
124 123
277 267
286 55
37 66
66 108
139 138
78 77
37 70
117 33
117 114
114 61 64
116 65
117 17
206 324
7 37
37 127
4 47
217 216
32 115
104 105
7 108
43 15
87 88
301 273
61 16
217 6
71 152
71 149
76 41
68 157
14 124
124 123
277 267
286 55
37 66
66 108
246 247
139 138
78 77
78 79
70 127
117 64 33
114 61
61 64
116 65
117 17
16 17
50 49
206 324
37 127
117 94
32 115
104 105
7 97
132 221
43 15
301 273
217 6
71 149
167 102
174 100
68 157
14 124
286 55
246 247
139 138
78 77
78 79
64 33
172 287
16 65
16 17
50 49
37 116
37 127
4 92
259 224
98 99
217 216
104 105
43 15
132 221
301 273
217 6
71 149
68 157
14 124
124 123
277 267
286 55
37 66
261 239
246 247
139 138
78 77
78 79
37 70
114 61 108
114 64
172 287
65 127
16 17
17 97
259 224
98 99
94 108
104 105
47 92
43 15
132 221
301 273
61 16
217 6
71 149
76 41
68 157
14 124
124 123
277 267
261 239
139 138
114 70
117 33
37 114
114 61
172 287
61 65
65 64
16 17
4 92
98 99
94 108
32 115
104 105
47 92
132 221
301 273
238 246
217 6
28 38
71 149
76 41
68 157
124 123
92 85
193 176
144 313
261 239
107 8
102 323
139 138
163 78
78 79
117 33
133 281
61 65
65 64
65 127
16 17
4 92
98 99
94 108
217 216
104 105
47 92
132 221
301 273
272 273
217 6
71 149
76 129
76 41
68 157
174 100
124 123
50 49
98 99
246 247
16 17
277 267
286 55
66 41
104 105
261 239
64 65
301 273
139 138
217 6
95 52
71 149
78 79
163 78
108 94
104 105
68 157
14 124
124 123
78 77
98 99
246 247
114 65 64
286 55
125 126
66 41
144 313
261 239
87 88
301 273
139 138
217 6
95 52
71 149
217 216
163 78
108 94
68 157
124 123
286 55
66 76
139 138
163 78
78 77
114 65 64
166 145
133 281
60 125
125 126
16 17
4 47
4 101
76 127
98 99
217 216
104 105
7 108
60 62
87 88
301 273
217 6
71 149
76 41
72 73
68 157
124 123
286 55
166 144
246 247
139 138
163 78
78 77
117 33
121 130
114 65 64 127
60 125
16 17
4 47
4 91
7 37
98 99
99 72
104 105
132 221
60 62
301 273
320 72
217 6
71 149
97 76
76 41
174 100
72 73
68 157
14 124
8 85
286 55
47 42
144 313
144 273
261 239
139 138
163 78
78 77
117 33
121 130
114 65 64 127
133 281
60 125
146 190
16 17
243 298
7 37 76
98 99
99 72
32 115
107 115
104 105
7 97 76
301 273
217 6
71 149
97 76 41
72 184
116 108
68 157
8 85
286 55
144 273
261 239
246 247
139 138
163 78
78 77
117 33
116 114 65
114 65 64
305 265
166 145
60 125
16 17
98 99
99 72
32 115
104 105
301 273
217 6
71 149
98 184
68 157
14 124
8 85
286 55
144 313
246 247
139 138
163 78
78 77
117 33
116 114
114 65
219 224
166 145
16 17
98 99
99 72
32 115
104 105
301 273
217 6
71 149
174 100
104 105
68 157
32 115
78 77
98 99
50 49
246 247
291 300
16 17
166 145
195 49
144 313
261 239
243 298
301 273
139 138
217 6
72 99
71 149
78 79
217 216
163 78
97 41
32 115
130 115
68 157
104 105
78 77
98 99
190 146
246 247
16 17
50 49
166 145
195 49
144 313
95 51
94 129
301 273
139 138
217 6
71 149
70 127
71 152
217 216
97 41
68 157
246 247
139 138
163 78
78 77
78 79
37 70
121 70
70 127
121 114 64
121 76
166 145
146 190
116 130
64 65
16 17
50 49
195 49
257 255
98 99
217 216
104 105
32 116 115
301 273
320 72
217 6
71 149
10 293
97 76
144 273
246 247
95 52
139 138
78 77
78 79
270 52
121 117 130
114 65
114 64
114 91
219 224
166 145
172 287
32 117 130
16 17
50 49
195 49
257 255
32 117 115
98 99
99 72
104 105
32 116
76 91
41 91
301 273
217 6
71 149
174 100
23 24
68 67
7 66
139 138
48 70
32 33
121 117
121 130
114 91
219 224
172 287
16 17
50 49
195 49
257 255
38 127
99 72
217 216
32 115
104 105
206 302
301 273
238 246
61 38
217 6
71 149
92 76
108 129
217 216
50 49
121 117 130
98 184
246 247
16 17
117 91
166 145
136 280
195 49
66 38
104 105
108 129 94
301 273
139 138
217 6
257 255
71 149
70 38
59 49
139 138
163 78
121 117
121 130
114 65
219 224
146 190
195 49
4 117
4 48
61 127
98 99
94 108
217 216
104 105
32 115
47 97
101 41
301 273
320 72
217 6
71 149
10 293
98 184
206 161
47 97
68 157
76 41
78 77
98 99
190 146
114 70
108 94
94 129
94 115
92 91
161 139
104 105
301 273
139 138
217 6
320 72
145 301
61 127
71 149
78 79
217 216
163 78
68 67
7 66
193 176
246 247
161 139
139 138
78 79
61 70
117 33
69 67
114 61
133 281
146 190
61 64
98 99
94 108 115
217 216
104 105
47 97
92 91
301 273
174 183
320 72
217 6
71 149
107 108
97 41
68 67
14 124
47 42
193 176
246 247
161 139
139 138
78 77
78 79
117 33
69 67
114 61
133 281
146 190
32 130
195 49
98 99
94 108 115
94 129
217 216
104 105
92 91
301 273
174 183
320 72
217 6
71 149
23 24
72 73
97 41
68 157
7 66
193 176
261 239
246 247
95 52
139 138
78 77
78 79
268 258
117 33
270 52
200 227
69 67
166 145
133 281
172 287
146 190
32 130 115
16 17
257 255
98 99
217 216
108 115
104 105
163 77
92 91
301 273
174 183
320 72
217 6
71 149
23 24
72 73
68 157
68 96
286 55
8 115
246 247
95 52
139 138
78 77
78 79
270 52
117 33
200 227
114 61
172 287
4 32 130
16 17
4 48
303 235
98 99
94 108
94 129
217 216
104 105
48 115
301 273
174 183
320 72
217 6
71 149
72 73
68 157
68 96
144 313
48 8 115
291 300
246 247
139 138
77 57
78 77
78 79
117 33
114 61
166 145
146 190
16 17
206 324
4 48 115
303 235
98 99
99 72
94 129
217 216
104 105
32 28
301 273
320 72
217 6
71 149
72 73
68 157
14 124
7 66
32 42
42 101
4 48 8 115
246 247
139 138
78 79
61 70
117 33
69 67
114 61
166 145
166 301 273
125 126
146 190
206 324
98 99
94 129
217 216
104 105
32 28
32 108
92 91
87 88
217 6
71 149
68 157
7 66
144 273
4 48 8 115
291 300
139 138
77 57
78 77
78 79
61 70
117 33
166 145
146 190
206 324
4 47 48
257 255
98 99
94 129
104 105
32 28
32 108
171 73
87 88
297 244
301 273
320 72
217 6
71 149
72 73
68 157
4 48 8 115
291 300
246 247
139 138
78 77
78 79
61 70
117 33
114 61
223 282
166 145
146 190
16 17
206 324
4 47 48
257 255
145 272
98 99
94 129
104 105
32 28
87 88
301 273
320 72
217 6
71 149
68 157
136 280
48 8 115
291 300
246 247
139 138
78 77
78 79
61 65 70
117 33
114 61
223 282
166 145
146 190
206 324
4 47
4 115
257 255
98 99
94 129
104 105
32 115
47 48
32 28
163 77
9 313
87 88
301 273
320 72
217 6
71 149
72 184
72 73
68 157
14 124
32 115 85
4 47 42
4 48 8
291 300
246 247
139 138
77 57
78 79
117 33
166 301
146 190
101 130
206 324
4 47 48
13 226
98 99
94 129
108 115
104 105
32 28
7 97
87 88
301 273
320 72
217 6
71 149
68 157
32 115 85
4 47 42
261 239
47 8
48 8
291 300
175 209
246 247
139 138
163 78 77
78 79
61 70
117 33
114 61
166 145
166 301
206 324
4 48
4 115
110 88
98 99
99 72
94 129
104 105
108 115
32 28
92 91
87 88
301 273
272 273
320 72
217 6
71 149
72 73
32 130 115 85
4 47 42
48 8
291 300
246 247
139 138
78 79
117 33
114 61
146 190
4 47 48
257 255
110 88
98 99
94 129
104 105
32 28
92 91
87 88
301 273
320 72
217 6
71 149
68 157
32 130 115 85
136 280
4 42
47 42
48 8
291 300
139 138
117 33
114 61
166 273
206 324
4 48
257 255
98 99
99 72
94 129
104 105
47 48
87 88
301 273
320 72
217 6
71 149
76 41
174 100
72 73
68 157
124 123
32 115 85
136 280
4 42
261 239
48 8
139 138
77 57
117 33
114 61
32 130 115
4 47 48
98 99
94 129
28 115
104 105
92 91
87 88
301 273
217 6
71 149
76 41
174 100
117 33
47 42
47 48
174 100
32 28 85
32 115 85
68 157
98 99
101 115
114 61
190 146
92 91
4 42
104 105
130 115
87 88
94 129
4 48 8
301 273
139 138
217 6
320 72
72 99
76 41
68 157
32 85
28 85
108 85
4 47 42
48 8
139 138
77 57
65 70
117 33
114 61
146 190
206 324
4 47 48
145 273
98 99
32 94
94 129
104 105
54 180
92 91
87 88
301 273
320 72
217 6
71 149
68 157
32 101 115 85
130 85
4 42
4 48 8
291 300
139 138
78 77
78 79
114 70
65 70
298 18
200 227
114 61
146 190
206 324
4 47
145 273
13 226
99 72
94 108
217 216
54 180
32 28
92 91
87 88
301 273
320 72
217 6
71 149
174 100
72 73
68 157
32 101 115 85
101 130 85
4 42
4 8
139 138
78 77
78 79
205 303
200 227
114 61
305 265
146 190
4 47
92 86 91
99 72
217 216
54 180
87 88
301 273
320 72
238 246
71 149
174 100
72 73
68 157
14 124
32 101 115 85
101 130 115 85
4 42 8
139 138
78 77
78 79
65 70
114 61
172 287
146 190
4 47
13 226
92 86
99 72
217 216
171 73
87 88
301 273
174 183
320 72
71 149
76 41
174 100
23 24
68 157
32 101 115 85
4 47 42
4 42 8
291 300
139 138
78 77
78 79
65 70
117 33
114 61
305 265
278 141
172 287
146 190
130 115
65 108
13 226
217 216
104 105
301 273
320 72
217 6
71 149
76 41
174 100
72 73
124 123
32 101 115 85
4 47 42
42 8
7 66
66 97
291 300
139 138
78 77
78 79
70 108
117 33
114 61
278 141
146 190
130 115
298 105
64 94
61 65
168 169
13 226
98 99
94 129
217 216
104 105
301 273
71 149
76 41
97 108
68 157
32 101 115 85
4 42
4 8
246 247
139 138
78 77
31 30
114 61
146 190
130 115
61 65
16 17
13 226
98 99
99 72
217 216
104 105
171 73
301 273
217 6
71 152
71 149
76 41
174 100
129 41
97 108
68 157
32 101 115 85
4 42 8
47 42
246 247
95 52
139 138
163 78
270 52
219 224
278 141
172 287
146 190
130 115
16 17
65 108
257 255
98 99
94 108
217 216
104 105
301 273
320 72
217 6
71 149
76 41
174 100
129 41
72 73
68 157
32 101 115 85
4 47 42 8
291 300
246 247
161 139
139 138
132 57
31 30
114 61
278 141
146 190
101 130 115
13 226
98 99
94 108
217 216
104 105
301 273
320 72
217 6
71 149
76 41
243 224
174 100
129 41
72 73
68 157
32 101 85
4 47 42 8
161 139
139 138
132 57
114 61
278 141
172 287
146 190
116 65
16 17
13 226
98 99
99 72
94 108
104 105
217 216
213 326
301 273
320 72
217 6
71 149
72 73
68 157
32 101 115 85
130 115 85
4 47 42
4 47 8
161 139
139 138
132 57
78 79
117 33
278 141
166 145
146 190
298 105
16 17
92 86
98 99
94 108
217 216
104 105
301 273
320 72
217 6
71 149
76 41
72 73
68 157
32 101 85
4 47 42
4 8
246 247
139 138
132 57
78 79
117 33
166 145
166 301
146 190
16 17
257 255
13 226
98 99
94 108
217 216
163 77
171 73
301 273
272 273
320 72
217 6
71 149
76 41
72 73
68 157
32 101 115 85
130 115 85
136 280
4 42 8
47 42 8
139 138
132 57
117 33
114 108
166 145
166 301
146 190
16 17
206 324
98 99
99 72
94 108
217 216
301 273
272 273
320 72
61 108
217 6
71 149
72 73
104 105
54 180
68 157
76 41
63 189
98 99
101 115
190 146
117 33
31 30
171 73
166 145
10 141
144 273
186 175
301 273
272 273
217 6
257 255
320 72
72 99
71 149
217 216
97 41
76 41
68 157
270 52
95 52
32 115
63 189
98 99
190 146
291 300
16 17
130 115
171 73
92 91
104 105
301 273
217 6
257 255
320 72
61 127
72 99
71 149
217 216
117 33
68 157
8 85
38 85
291 300
78 79
117 33
32 121
114 65
146 190
116 64
16 17
206 324
4 32 115
98 99
217 216
32 107 115
104 105
54 180
213 326
171 73
301 273
320 72
217 6
71 149
63 189
68 157
42 85
101 85
28 85
48 8
78 79
117 33
32 121
121 130
114 65
146 190
206 324
161 324
4 115
257 255
86 101
98 99
99 72
287 141
32 107 115
104 105
54 180
92 91
301 273
320 72
217 6
71 149
76 41
63 189
23 24
97 41
68 157
101 28 85
48 8
78 79
186 175
70 127
117 33
32 121
121 130
114 65
166 145
146 190
116 64
206 324
4 115
61 127
13 226
86 101
98 99
217 216
32 115
104 105
32 107
101 91
213 326
171 73
92 91
301 273
320 72
217 6
71 149
68 157
28 85
91 85
48 8
117 33
121 130
146 190
206 324
4 115
61 127
13 226
86 101
98 99
99 72
217 216
32 115
104 105
54 180
101 28
213 326
92 91
301 273
320 72
217 6
71 149
98 184
76 41
28 85
47 8
48 8
175 209
117 33
219 224
146 190
206 324
4 115
61 127
98 99
116 94
287 141
32 115
48 115
217 216
104 105
101 28
213 326
92 91
301 273
174 183
320 72
238 246
217 6
71 149
156 24
68 157
215 227
42 8
48 8
291 300
95 52
117 33
270 52
121 130
166 145
168 146
146 190
206 324
4 115
61 127
13 226
217 216
104 105
32 115
54 180
47 48
163 77
213 326
92 91
301 273
174 183
174 320
320 72
217 6
71 149
156 24
68 157
215 227
48 8
95 52
78 79
117 33
121 38
166 145
172 287
146 190
116 64
50 49
4 115
86 101
99 72
217 216
104 105
32 115
287 141
47 48
213 326
87 88
301 273
174 183
320 72
71 149
156 24
47 48
174 100
32 115
121 130
98 99
190 146
86 101
238 246
172 287
219 224
166 145
9 313
104 105
186 175
48 8
301 273
23 24
217 6
145 301
72 99
71 149
217 216
68 157
136 280
166 144
144 273
199 256
198 139
31 30
114 65
219 224
166 145
172 287
146 190
116 64
206 324
4 115
86 101
32 115
47 48
213 326
301 273
320 72
238 246
217 6
107 38
71 149
23 24
213 326
32 115
78 77
98 99
190 146
86 101
172 287
238 246
327 158
166 145
166 144
42 8
301 273
217 6
4 115
320 72
145 272
71 149
42 8
166 144
48 8
199 256
95 51
198 139
31 30
186 175
166 145
278 141
172 287
116 64
206 324
257 255
86 101
99 72
217 216
32 115
213 326
9 313
301 273
320 72
238 246
217 6
71 149
215 227
42 8
166 144
144 273
198 139
78 77
31 30
166 145
278 141
172 287
50 49
206 324
145 272
13 226
86 101
98 99
99 72
217 216
32 115
104 105
301 273
320 72
238 246
217 6
71 149
206 324
32 115
14 124
98 99
190 146
291 300
86 101
172 287
219 224
166 144 273
42 8
301 273
217 6
4 115
198 139
320 72
61 127
72 99
71 149
217 216
97 41
14 124
166 144
144 273
59 49
291 300
95 52
198 139
270 52
166 145
172 287
146 190
50 49
206 324
4 115
257 255
61 127
13 226
86 101
98 99
217 216
32 115
104 105
301 273
320 72
217 6
71 149
206 324
4 115
32 115
14 124
98 99
190 146
69 67
86 101
172 287
166 144
10 150
42 8
144 273
104 105
59 49
301 273
217 6
61 127
95 52
71 149
78 79
217 216
270 52
14 124
42 8
166 144
10 150
95 52
163 78
78 79
69 67
219 224
172 287
146 190
206 324
4 115
61 127
99 72
217 216
32 115
104 105
87 88
301 273
320 72
238 246
217 6
71 149
72 73
156 24
14 124
215 227
136 280
166 144
144 301
78 79
268 258
70 127
114 65
166 145
133 281
172 287
146 190
206 324
4 115
61 127
13 226
86 101
98 99
99 72
32 115
104 105
171 73
203 294
87 88
301 273
320 72
217 6
71 149
174 100
14 124
166 144
198 139
78 79
186 175
117 33
69 67
166 145
133 281
172 287
146 190
195 49
206 324
4 115
61 127
99 72
32 115
104 105
101 28
71 75
87 88
301 273
320 72
217 6
71 149
32 115
14 124
69 67
190 146
215 227
133 281
71 75
166 145
166 144
195 49
104 105
87 88
186 175
301 273
243 20
4 115
217 6
198 139
320 72
72 99
71 149
14 124
95 52
198 139
78 79
186 175
310 311
69 67
166 145
133 281
172 287
195 49
4 115
61 127
98 99
99 72
116 94
217 216
104 105
87 88
301 273
320 72
217 6
71 149
174 100
14 124
59 49
198 139
78 77
78 79
31 30
186 175
200 227
310 311
69 67
166 145
133 281
172 287
50 49
195 49
4 115
61 127
86 101
98 99
104 105
32 115
171 73
87 88
301 273
320 72
217 6
71 149
174 100
156 24
174 100
14 124
50 49
69 67
16 17
171 73
133 281
195 49
104 105
87 88
59 49
301 273
156 24
4 115
217 6
198 139
320 72
72 99
78 79
163 78
14 124
28 85
215 227
59 49
198 139
78 79
69 67
166 145
133 281
146 190
50 49
195 49
4 115
61 127
13 226
309 161
217 216
32 115
104 105
101 28
171 73
87 88
301 273
238 246
217 6
156 24
174 100
32 115
14 124
163 78 77
190 146
50 49
215 227
171 73
195 49
104 105
87 88
59 49
301 273
217 6
61 127
71 149
78 79
97 41
68 157
221 210
28 85
215 227
246 247
163 78 77
78 79
310 311
166 301
133 281
50 49
206 324
257 255
309 161
86 101
32 115
104 105
171 73
9 313
301 273
217 6
71 149
174 100
63 189
97 41
213 326
174 100
32 115
78 77
69 67
190 146
63 189
172 287
290 303
327 158
166 144
104 105
261 239
301 273
217 6
257 255
61 127
71 149
217 216
78 79
32 115
163 77
69 67
86 101
101 28
190 146
238 246
28 85
166 145
133 281
104 105
87 88
301 273
217 6
71 149
217 216
78 79
163 77
69 67
190 146
86 101
28 85
174 320
104 105
268 258
217 6
301 273
71 149
217 216
163 78
97 41
213 326
32 115
163 78 77
69 67
86 101
101 28
190 146
28 85
133 281
34 254
104 105
87 88
301 273
217 6
4 115
71 149
217 216
4 115
32 115
104 105
163 78 77
69 67
86 101
101 28
13 226
291 300
287 141
16 17
190 146
92 91
28 85
7 66
133 281
301 273
217 6
61 127
71 149
217 216
97 41
104 105
32 115
163 77
69 67
101 28
13 226
291 300
287 141
190 146
28 85
166 145
268 258
87 88
301 273
156 24
4 115
217 6
257 255
71 149
217 216
32 115
163 77
78 77
69 67
101 28
291 300
190 146
172 287
169 51
28 85
7 66
104 105
268 258
87 88
34 254
301 273
217 6
4 115
61 127
68 157
163 77
78 77
69 67
101 28
291 300
172 287
28 85
166 145
9 313
34 254
104 105
87 88
301 273
217 6
257 255
32 115
163 77
78 77
69 67
101 28
13 226
291 300
172 287
190 146
28 85
9 313
34 254
144 313
144 273
104 105
87 88
301 273
217 6
257 255
61 127
32 115
163 77
78 77
50 49
86 101
101 28
13 226
291 300
172 287
28 85
166 144
9 313
34 254
144 301
104 105
87 88
301 273
217 6
4 115
257 255
61 127
32 115
163 77
78 77
50 49
86 101
101 28
291 300
262 226
172 287
28 85
133 281
104 105
87 88
301 273
4 115
217 6
257 255
61 127
217 216
78 79
68 157
68 67
32 115
78 77
69 67
101 28
291 300
16 17
172 287
190 146
262 226
50 49
28 85
133 281
9 313
104 105
87 88
301 273
4 115
217 6
257 255
116 94
217 216
78 79
68 157
68 67
32 115
163 77
69 67
86 101
101 28
291 300
262 226
172 287
223 282
28 85
133 281
104 105
87 88
301 273
217 6
61 127
217 216
78 79
68 67
14 124
28 85
215 227
291 300
95 52
163 78
268 258
270 52
69 67
114 65
172 287
50 49
4 115
61 127
86 101
98 99
217 216
32 115
104 105
163 77
101 28
262 226
203 294
87 88
301 273
174 183
217 6
71 149
174 100
68 157
28 85
261 239
163 78
78 77
117 33
69 67
61 127
86 101
98 99
217 216
32 115
104 105
101 28
262 226
171 73
92 91
203 294
87 88
301 273
174 183
217 6
71 149
174 100
206 324
68 157
68 67
174 100
32 115
78 77
69 67
86 101
262 226
7 66
174 183
166 144
104 105
261 239
301 273
217 6
217 216
163 78
104 105
68 157
174 100
32 115
163 77
78 77
69 67
86 101
262 226
290 303
92 91
166 144
133 281
278 141
261 239
87 88
301 273
262 6
156 24
217 216
206 324
78 77
86 101
114 65
291 300
262 226
290 303
166 144
133 281
268 258
116 64
104 105
301 273
217 6
217 216
174 100
32 115
78 77
69 67
86 101
291 300
172 287
133 281
9 313
104 105
301 273
217 6
4 115
78 79
174 100
32 115
163 77
78 77
291 300
172 287
215 227
171 73
133 281
203 294
104 105
186 175
87 88
156 24
4 115
217 6
71 149
217 216
78 79
104 105
174 100
32 115
78 77
291 300
172 287
287 141
171 73
203 294
133 281
9 313
166 273
261 239
87 88
301 273
156 24
217 216
206 324
68 157
32 115
163 77
78 77
98 99
86 101
297 244
114 65
172 287
291 300
171 73
166 301 273
133 281
104 105
186 175
261 239
87 88
4 115
217 6
71 149
217 216
32 115
68 157
86 101
291 300
172 287
171 73
166 145
166 144
133 281
9 313
42 8
144 301
104 105
87 88
301 273
217 6
71 149
117 33
117 33
68 157
32 115
98 99
86 101
172 287
171 73
104 105
301 273
272 273
217 6
217 216
104 105
298 105
68 157
174 100
32 115
163 77
78 77
69 67
86 101
291 300
172 287
171 73
132 221
87 88
301 273
156 24
217 6
71 149
217 216
117 33
54 180
174 100
32 115
68 157
98 99
69 67
262 226
86 101
172 287
163 77
171 73
132 221
42 8
104 105
87 88
301 273
72 73
217 6
217 216
68 157
174 100
32 115
163 77
98 99
69 67
262 226
86 101
171 73
195 49
42 8
104 105
87 88
301 273
4 115
217 6
217 216
68 157
174 100
98 99
86 101
262 226
172 287
171 73
133 281
104 105
298 105
261 239
87 88
301 273
23 24
4 115
217 6
54 180
68 157
32 115
98 99
86 101
262 226
166 144 301
174 183
104 105
298 105
261 239
87 88
301 273
4 115
217 6
206 324
68 157
4 115
189 184
98 99
86 101
262 226
287 141
133 281
55 87
144 301
104 105
87 88
301 273
156 24
217 6
217 216
68 157
174 100
32 115
189 184
98 99
86 101
262 226
287 141
133 281
55 87
104 105
268 258
298 105
301 273
217 6
4 115
156 283
71 149
54 180
174 100
32 115
68 157
68 96
98 99
86 101
291 300
287 141
166 145
133 281
9 313
104 105
301 273
217 6
156 283
68 157
68 96
14 124
291 300
156 283
117 33
166 145
298 105
50 49
61 127
86 101
98 99
290 303
217 216
32 115
104 105
287 141
54 180
262 226
171 73
301 273
217 6
174 100
243 18
54 180
68 157
32 115
287 141
98 99
86 101
13 226
4 115
117 33
290 303
92 91
133 281
104 105
243 298
94 129
301 273
156 24
156 283
217 6
95 52
217 216
68 157
68 67
170 188
291 300
156 283
78 77
268 258
117 33
243 18
69 67
278 141
172 287
243 298
4 115
61 127
13 226
86 101
98 99
287 141
104 105
217 216
54 180
301 273
217 6
174 100
54 180
68 157
163 77
98 99
69 67
86 101
287 141
171 73
278 141
133 281
10 150
104 105
298 105
301 273
156 24
217 6
156 283
217 216
200 227
68 157
68 67
174 100
32 115
98 99
86 101
13 226
292 291
215 227
171 73
7 66
309 161
104 105
298 105
301 273
156 24
217 6
217 216
4 115
68 157
68 67
86 101
13 226
292 291
291 300
312 232
28 85
7 66
278 141
104 105
298 105
301 273
272 273
156 24
61 127
217 216
200 227
54 180
47 48
47 115
68 157
78 77
98 99
86 101
292 291
297 244
312 232
215 227
31 30
28 85
7 66
104 105
298 105
217 6
156 24
4 115
78 79
68 157
68 67
215 223
198 139
78 77
78 79
31 30
117 33
278 141
133 281
298 105
206 324
4 115
292 291
86 101
98 99
104 105
54 180
47 115
217 216
297 244
301 273
272 273
217 6
71 149
174 100
68 157
68 67
42 8
198 139
31 30
78 79
311 256
186 175
117 33
200 227
310 311
133 281
298 105
292 291
13 226
86 101
98 99
217 216
104 105
206 302
47 48
297 244
301 273
272 273
217 6
71 152
71 149
174 100
156 24
310 311
47 48
174 100
68 157
78 77
98 99
297 244
13 226
287 141
291 300
86 101
50 49
117 33
174 184
104 105
298 105
301 273
217 6
198 139
78 79
217 216
71 152
310 311
47 48
68 157
104 105
31 30
98 99
262 226
13 226
69 67
172 287
86 101
211 212
7 66
132 221
293 150
301 273
156 24
4 115
217 216
78 79
71 152
68 157
68 67
286 55
7 66
48 8
213 199
198 139
163 57
78 77
78 79
31 30
310 311
69 67
278 141
172 287
50 49
195 49
4 115
13 226
86 101
98 99
217 216
47 48
104 105
171 73
132 221
301 273
217 6
68 157
215 203
7 66
213 199
198 139
78 79
69 67
172 287
146 190
195 49
4 115
13 226
86 101
98 99
217 216
287 141
104 105
47 48
262 226
92 91
301 273
174 183
217 6
71 149
174 100
156 24
104 105
68 157
174 100
98 99
190 146
69 67
86 101
172 287
92 91
203 215
174 183
132 221
10 293
186 175
195 49
301 273
217 6
4 115
217 216
78 79
117 33
47 115
4 115
54 180
174 100
47 48
68 157
98 99
190 146
86 101
292 291
172 287
92 91
7 66
104 105
195 49
301 273
217 6
78 79
117 33
68 157
68 67
7 66
42 8
78 77
78 79
117 33
172 287
146 190
195 49
4 115
292 291
86 101
98 99
217 216
47 115
104 105
54 180
92 91
301 273
217 6
71 152
71 149
10 293
174 100
156 24
68 157
68 67
42 8
291 300
199 256
78 77
78 79
310 256
270 52
117 33
172 287
146 190
4 115
292 291
86 101
217 216
104 105
54 180
163 77
92 91
301 273
217 6
71 152
10 293
174 100
156 24
68 157
7 66
95 52
78 77
78 79
31 30
270 52
117 33
69 67
166 145
172 287
146 190
4 115
86 101
98 99
217 216
104 105
54 180
92 91
301 273
217 6
71 152
71 149
23 156
68 157
156 283
31 30
268 258
121 38
69 67
312 232
133 281
172 287
146 190
16 17
191 324
4 115
86 101
98 99
94 129
217 216
104 105
54 180
92 91
301 273
217 6
71 152
117 33
68 157
104 105
78 77
98 99
190 146
86 101
312 232
172 287
92 91
133 281
133 290
301 273
191 324
217 6
4 115
23 156
61 127
217 216
97 41
68 157
68 67
7 66
156 283
78 77
31 30
117 33
69 67
312 232
166 145
133 281
172 287
146 190
191 324
4 115
61 127
86 101
98 99
290 303
104 105
163 77
92 91
75 22
301 273
174 183
217 6
71 149
68 157
14 124
7 66
166 144
291 300
78 77
78 79
117 33
211 212
312 232
219 224
133 281
146 190
298 105
50 49
4 115
61 127
86 101
98 99
94 129
217 216
104 105
47 48
163 77
301 273
174 183
217 6
71 152
71 149
174 100
156 24
68 157
166 144
291 300
78 77
78 79
117 33
312 232
172 287
191 324
4 115
86 101
98 99
94 129
217 216
104 105
47 48
163 77
92 91
9 313
132 221
301 273
174 183
217 6
71 149
206 324
68 157
104 105
78 77
98 99
86 101
291 300
219 224
171 73
166 144
9 313
191 324
301 273
4 115
217 6
61 127
71 149
117 33
206 324
68 157
78 77
77 79
98 99
69 67
291 300
86 101
172 287
171 73
166 145
166 273
9 313
132 221
104 105
191 324
301 273
4 115
217 6
199 256
61 127
71 149
68 157
291 300
199 256
78 77
78 79
117 33
121 38
69 67
312 232
166 145
166 273
146 190
4 115
61 127
86 101
98 99
217 216
104 105
9 313
301 273
217 6
71 152
71 149
23 156
117 33
68 157
104 105
163 77
78 77
98 99
190 146
69 67
86 101
171 73
290 303
215 223
301 273
156 24
4 115
175 209
23 156
217 6
199 256
71 149
217 216
78 79
71 152
206 324
54 180
68 157
63 189
98 99
78 77
190 146
69 67
86 101
215 223
290 303
174 183
104 105
301 273
156 24
217 6
23 156
71 149
217 216
78 79
163 78
117 33
68 157
215 223
163 78
78 77
78 79
186 175
117 33
211 212
69 67
219 224
61 127
86 101
98 99
217 216
104 105
54 180
92 91
75 22
301 273
217 6
71 149
189 184
63 189
156 24
23 156
68 157
215 223
166 144
95 52
163 78
78 77
78 79
31 30
268 258
186 175
117 33
270 52
211 212
69 67
166 145
133 281
146 190
61 127
13 226
86 101
98 99
217 216
104 105
54 180
75 22
301 273
174 183
217 6
71 149
189 184
156 24
23 156
68 157
215 223
261 239
95 52
78 77
78 79
31 30
186 175
117 33
211 212
270 52
206 324
13 226
98 99
290 303
217 216
104 105
54 180
301 273
174 183
217 6
189 184
23 156
206 324
54 180
174 100
68 157
189 184
98 99
51 52
117 33
215 223
290 303
174 183
42 8
104 105
186 175
261 239
301 273
217 6
23 156
61 127
217 216
78 79
68 157
166 144
78 77
78 79
268 258
205 290
186 175
117 33
211 212
166 145
166 301
116 64
4 115
257 255
61 127
86 101
217 216
104 105
54 180
262 226
132 221
301 273
217 6
71 152
23 156
117 33
54 180
174 100
68 157
78 77
104 105
86 101
211 212
215 223
42 8
186 175
59 49
301 273
217 6
4 115
23 156
198 139
61 127
78 79
217 216
117 33
54 180
68 157
31 30
78 77
190 146
86 101
16 17
211 212
215 223
166 144
75 22
104 105
186 175
301 273
156 24
175 209
217 6
23 156
61 127
78 79
163 78
168 164
68 157
215 223
166 144 273
59 49
291 300
175 209
198 139
31 30
163 78
78 79
186 175
70 127
117 33
211 212
172 287
4 115
61 127
86 101
104 105
75 22
53 231
301 273
71 152
23 156
68 157
166 144
261 239
198 139
78 77
78 79
186 175
117 33
211 212
69 67
206 324
4 115
257 255
61 127
86 101
290 303
217 216
104 105
311 214
87 88
53 231
301 273
71 152
23 156
117 33
68 157
104 105
78 77
69 67
211 212
312 232
166 144
166 301
286 55
87 88
186 175
53 231
301 273
4 115
23 156
175 209
198 139
217 6
78 79
217 216
68 157
286 55
55 87
144 301
10 150
34 254
198 139
78 77
78 79
186 175
51 52
117 33
211 212
166 273
172 287
146 190
206 324
4 115
61 127
290 303
217 216
104 105
32 115
311 214
132 221
75 22
87 88
301 273
272 273
217 6
23 156
68 157
166 144
10 150
198 139
78 77
78 79
186 175
117 33
211 212
69 67
172 287
146 190
206 324
4 115
145 272
86 101
217 216
104 105
311 214
87 88
301 273
272 273
174 183
217 6
71 149
156 24
23 156
68 157
286 55
10 150
95 52
198 139
156 283
163 78
78 77
78 79
186 175
117 33
270 52
51 52
211 212
172 287
146 190
298 105
206 324
61 127
86 101
99 72
217 216
104 105
311 214
87 88
301 273
217 6
71 149
156 24
23 156
68 157
166 144
95 52
198 139
78 77
78 79
112 113
186 175
270 52
51 52
211 212
121 38
69 67
172 287
146 190
16 17
243 298
4 115
61 127
86 101
217 216
104 105
301 273
217 6
156 24
117 33
54 180
68 157
104 105
78 77
190 146
211 212
172 287
166 144
87 88
186 175
301 273
217 6
4 115
198 139
71 149
78 79
217 216
71 152
205 290
68 157
95 52
51 52
104 105
78 77
190 146
13 226
86 101
172 287
211 212
132 221
10 150
186 175
87 88
301 273
4 115
198 139
61 127
71 149
78 79
217 216
4 115
68 157
78 77
121 38
190 146
114 65
69 67
86 101
211 212
327 158
136 280
104 105
186 175
87 88
301 273
217 6
198 139
71 149
78 79
217 216
71 152
68 157
14 124
327 158
136 280
166 144
198 139
156 283
78 77
78 79
186 175
211 212
172 287
146 190
16 17
243 298
4 115
86 101
217 216
104 105
287 141
311 214
262 226
87 88
301 273
217 6
71 149
68 157
327 158
198 139
156 283
78 77
78 79
186 175
117 33
146 190
206 324
4 115
61 127
86 101
94 129
287 141
104 105
217 216
311 214
262 226
92 91
87 88
301 273
217 6
71 149
68 157
136 280
75 151
95 52
198 139
78 77
78 79
186 175
211 212
146 190
104 298
206 324
4 115
61 127
86 101
94 129
217 216
104 105
262 226
87 88
301 273
217 6
71 149
117 33
68 157
51 52
78 77
190 146
86 101
211 212
290 303
92 91
166 301
104 105
186 175
87 88
301 273
217 6
198 139
71 149
78 79
217 216
68 157
136 280
166 144
107 8
198 139
78 77
186 175
117 33
211 212
69 67
26 71
146 190
4 115
98 99
94 129
290 303
217 216
104 105
47 48
32 107
92 91
87 88
301 273
217 6
71 149
4 115
47 48
174 100
68 157
163 77
69 67
190 146
32 107
211 212
290 303
92 91
166 145
166 144
75 151
104 105
87 88
301 273
217 6
198 139
71 149
217 216
163 78
68 157
75 151
7 66
34 254
198 139
78 77
117 33
211 212
51 52
166 145
166 273
146 190
4 115
13 226
287 141
104 105
217 216
54 180
163 77
311 214
301 273
217 6
71 149
23 24
4 115
68 157
163 77
78 77
190 146
287 141
92 91
166 145
166 144
136 280
144 301
104 105
87 88
301 273
217 6
198 139
71 149
78 79
217 216
71 152
68 157
68 67
136 280
166 144
144 301
34 254
198 139
78 77
78 79
112 113
117 33
51 52
146 190
4 115
86 101
217 216
104 105
32 115
54 180
32 107
311 214
301 273
217 6
71 152
71 149
174 100
68 157
68 67
136 280
291 300
198 139
163 78 77
78 79
112 113
117 33
211 212
146 190
61 127
86 101
98 99
290 303
217 216
104 105
311 214
92 91
75 22
297 244
301 273
238 246
217 6
71 152
71 149
174 100
68 157
68 67
291 300
78 77
78 79
112 113
186 175
51 52
211 212
121 38
146 190
4 115
86 101
287 141
104 105
217 216
163 77
311 214
171 73
92 91
301 273
217 6
71 152
71 149
174 100
68 157
68 67
28 85
136 280
163 193
166 144
144 301
291 300
198 139
163 78 77
78 79
186 175
51 52
211 212
114 65
166 145
195 49
4 115
86 101
217 216
104 105
101 28
311 214
171 73
203 213
301 273
217 6
71 152
71 149
174 100
68 157
163 193
291 300
198 139
163 78 77
78 79
186 175
117 33
51 52
211 212
114 65
166 145
166 301
146 190
195 49
4 115
257 255
61 127
86 101
217 216
104 105
101 28
311 214
171 73
87 88
301 273
217 6
71 152
174 100
23 24
68 157
291 300
198 139
78 77
78 79
186 175
211 212
166 145
146 190
243 298
195 49
4 115
61 127
86 101
217 216
104 105
163 77
101 28
311 214
171 73
87 88
301 273
217 6
71 152
174 100
68 157
144 313
291 300
198 139
163 78 77
78 79
211 212
146 190
195 49
4 115
61 127
86 101
217 216
104 105
101 28
213 326
311 214
203 213
87 88
301 273
217 6
71 152
174 100
68 157
136 280
166 144
95 52
198 139
78 77
78 79
51 52
211 212
146 190
195 49
4 115
13 226
86 101
217 216
104 105
163 77
101 28
311 214
87 88
301 273
217 6
71 152
71 149
174 100
97 41
68 157
136 280
291 300
95 52
198 139
78 79
270 52
211 212
172 287
146 190
4 115
86 101
290 303
217 216
104 105
101 28
171 73
87 88
301 273
217 6
71 149
174 100
97 41
68 157
136 280
166 144
144 301
34 254
198 139
270 52
211 212
266 284
172 287
146 190
195 49
4 115
86 101
290 303
217 216
104 105
163 77
101 28
311 214
171 73
87 88
301 273
217 6
174 100
97 41
68 157
68 67
28 85
166 144
144 301
10 150
95 52
198 139
163 78 77
78 79
266 284
172 287
146 190
243 298
195 49
4 115
13 226
86 101
217 216
104 105
47 48
101 28
311 214
92 91
87 88
301 273
217 6
71 149
174 100
97 41
68 157
68 67
136 280
246 247
95 52
198 139
243 20
78 77
78 79
270 52
243 18
266 284
146 190
243 298
195 49
4 115
61 127
13 226
86 101
217 216
243 105
104 105
101 28
311 214
171 73
92 91
9 313
87 88
301 273
217 6
174 100
68 157
68 67
28 85
136 280
95 52
198 139
31 30
78 79
146 190
16 17
195 49
4 115
86 101
217 216
104 105
47 48
101 28
311 214
92 91
9 313
301 273
272 273
217 6
71 152
174 100
206 324
47 48
174 100
68 157
68 67
189 184
163 77
86 101
101 28
311 214
190 146
92 91
28 85
9 313
104 105
87 88
301 273
217 6
173 317
71 149
78 79
270 52
68 157
189 184
163 77
86 101
101 28
311 214
107 8
190 146
92 91
7 66
26 149
104 105
51 52
301 273
272 273
217 6
198 139
71 149
78 79
217 216
47 48
68 157
78 77
69 67
101 28
311 214
190 146
92 91
28 85
7 66
166 301
104 105
301 273
272 273
217 6
198 139
61 127
71 149
78 79
47 48
68 157
163 77
69 67
101 28
291 300
311 214
16 17
190 146
238 246
92 91
28 85
7 66
166 144
166 301 273
104 105
217 6
198 139
71 149
78 79
206 324
47 48
68 157
78 77
69 67
190 146
291 300
170 196
92 91
28 85
7 66
166 301
286 55
104 105
301 273
217 6
156 283
198 139
71 149
78 79
217 216
47 48
68 157
14 124
78 77
69 67
101 28
291 300
190 146
92 91
166 145
166 301
136 280
286 55
104 105
301 273
217 6
156 283
198 139
95 52
71 149
217 216
270 52
159 52
270 52
95 52
68 157
14 124
63 189
101 28
190 146
92 91
166 145
166 301
136 280
132 78
286 55
195 49
104 105
301 273
217 6
198 139
71 149
217 216
117 33
68 157
14 124
78 77
69 67
311 214
190 146
86 101
28 85
166 144
166 301
9 300
286 55
104 105
301 273
217 6
156 283
198 139
95 52
71 149
78 79
270 52
310 311
68 157
104 105
50 49
311 214
190 146
28 85
128 26
9 313
166 144
286 55
243 298
59 49
195 49
301 273
217 6
4 115
198 139
95 52
71 149
78 79
270 52
68 157
14 124
28 85
59 49
175 209
95 52
156 283
243 20
78 77
78 79
310 311
69 67
146 190
243 298
50 49
195 49
217 216
104 105
54 180
163 77
311 214
297 244
301 273
217 6
71 149
68 157
14 124
163 77
69 67
190 146
297 244
9 313
104 105
243 298
301 273
217 6
243 20
217 216
78 79
104 105
68 157
266 284
14 124
163 77
78 77
98 99
190 146
297 244
171 73
9 313
195 59
243 298
301 273
243 20
175 209
217 6
95 52
78 79
217 216
14 124
163 77
78 77
190 146
297 244
13 226
171 73
170 196
9 313
104 105
243 298
301 273
243 18
243 20
175 209
217 6
61 127
217 216
78 79
68 157
14 124
163 77
78 77
69 67
190 146
104 105
301 273
217 6
78 79
14 124
163 77
78 77
98 99
190 146
297 244
86 101
7 66
104 105
298 105
301 273
156 24
217 6
71 149
78 79
97 41
31 30
47 48
68 157
14 124
163 77
78 77
98 99
86 101
101 28
297 244
16 17
190 146
50 49
290 303
104 105
301 273
217 6
198 139
61 127
71 149
78 79
71 152
117 33
104 105
14 124
174 189
98 99
190 146
297 244
86 101
163 77
86 91
51 52
301 273
272 273
217 6
4 115
198 139
71 149
78 79
79 57
217 216
71 152
310 311
174 100
14 124
174 189
98 99
297 244
190 146
69 67
163 77
132 57
104 105
268 258
51 52
301 273
217 6
198 139
71 149
78 79
217 216
71 152
104 105
174 100
14 124
163 77
98 99
190 146
297 244
69 67
132 221
42 8
51 52
301 273
217 6
198 139
71 149
78 79
217 216
71 152
97 41
68 157
68 67
14 124
327 158
42 8
66 64
198 139
78 77
78 79
51 52
69 67
166 145
146 190
50 49
206 324
191 324
13 226
98 99
94 129
217 216
104 105
163 77
301 273
217 6
71 152
71 149
174 100
63 189
68 157
14 124
327 158
291 300
198 139
132 57
78 79
51 52
69 67
146 190
50 49
206 324
191 324
4 115
86 101
98 99
99 72
94 129
104 105
163 77
297 244
301 273
217 6
71 152
71 149
174 100
206 324
68 157
14 124
163 77
98 99
311 214
297 244
291 300
190 146
69 67
86 101
50 49
136 280
104 105
186 175
301 273
191 324
217 6
72 99
71 149
217 216
78 79
71 152
68 157
14 124
28 85
136 280
166 144
291 300
78 79
51 52
69 67
146 190
206 324
191 324
61 127
86 101
98 99
217 216
104 105
311 214
297 244
301 273
217 6
71 152
97 41
206 324
68 157
98 99
190 146
246 247
69 67
195 62
28 85
166 145
166 144
136 280
161 138
104 105
51 52
301 273
191 324
217 6
71 149
78 79
217 216
71 152
213 199
68 157
98 99
190 146
297 244
246 247
16 17
28 85
166 145
166 144
136 280
104 105
94 129
301 273
191 324
176 324
72 73
217 6
95 52
71 149
78 79
71 152
68 157
28 85
136 280
246 247
95 52
198 139
78 79
270 52
51 52
166 145
146 190
116 64
191 324
61 127
13 226
98 99
217 216
104 105
262 226
301 273
217 6
71 152
71 149
262 6
72 73
68 157
14 124
28 85
215 203
145 144
34 254
246 247
198 139
78 79
310 311
166 145
146 190
116 64
191 324
61 127
98 99
94 129
217 216
104 105
262 226
9 313
301 273
217 6
71 152
71 149
72 73
68 157
14 124
28 85
136 280
286 55
166 144
246 247
198 139
78 79
9 285
285 205
186 175
166 145
146 190
4 115
145 301
99 72
94 129
217 216
104 105
92 91
301 273
217 6
71 149
68 157
14 124
28 85
66 64
144 301
246 247
198 139
78 79
285 205
186 175
146 190
116 64
145 301
98 99
217 216
104 105
47 48
92 91
301 273
320 72
217 6
71 149
72 184
97 41
68 157
14 124
28 85
198 139
285 205
78 79
186 175
117 33
69 67
114 65
166 301
146 190
116 64
16 17
50 49
292 291
145 301
98 99
217 216
287 141
104 105
54 180
171 73
92 91
301 273
320 72
217 6
71 149
68 157
14 124
144 313
144 301
10 150
34 254
198 139
78 79
186 175
117 33
200 227
69 67
114 65
166 145
146 190
116 64
50 49
4 115
292 291
145 301
168 164
98 99
217 216
47 115
104 105
163 77
171 73
92 91
301 273
320 72
217 6
71 149
68 157
14 124
28 85
10 150
34 254
198 139
78 77
78 79
186 175
69 67
114 65
166 145
172 287
146 190
16 17
50 49
206 324
98 99
217 216
32 115
104 105
92 91
301 273
217 6
71 149
68 157
14 124
28 85
34 254
198 139
78 77
78 79
117 33
69 67
166 145
172 287
146 190
50 49
206 324
98 99
217 216
104 105
54 180
163 77
92 91
9 313
301 273
217 6
71 149
68 157
14 124
241 236
28 85
327 158
95 52
198 139
78 77
78 79
117 33
69 67
83 82
146 190
50 49
206 324
98 99
94 129
217 216
104 105
92 91
301 273
217 6
71 149
76 41
206 324
54 180
68 157
50 49
78 77
69 67
190 146
292 291
117 33
92 91
144 301
104 105
301 273
217 6
198 139
95 52
71 149
78 79
217 216
270 52
206 324
54 180
68 157
50 49
117 33
98 99
190 146
292 291
16 17
69 67
92 91
166 144
34 254
104 105
51 52
301 273
217 6
198 139
71 149
78 79
217 216
270 52
68 157
7 66
10 150
173 317
163 78
78 77
78 79
117 33
69 67
146 190
16 17
50 49
206 324
292 291
61 127
94 129
217 216
32 115
104 105
54 180
92 91
301 273
217 6
71 149
189 184
206 324
68 157
78 77
189 184
190 146
292 291
16 17
92 91
7 66
133 281
104 105
301 273
217 6
71 149
217 216
78 79
117 33
206 324
68 157
104 105
50 49
189 184
190 146
92 91
327 158
166 301
133 281
144 313
144 301
116 64
301 273
56 88
217 6
173 317
198 139
71 149
78 79
217 216
285 205
117 33
206 324
68 157
189 184
32 115
50 49
190 146
287 141
241 236
117 33
202 269
28 85
166 145
104 105
301 273
217 6
6 105
173 317
198 139
71 149
78 79
217 216
108 41
97 41
68 157
28 85
215 227
75 151
10 150
198 139
163 78
78 79
285 205
117 33
114 65
166 273
133 281
172 287
146 190
16 17
50 49
206 324
145 301
217 216
104 105
206 161
92 91
195 62
301 273
217 6
71 152
71 149
97 41
206 324
68 157
104 105
50 49
163 77
69 67
190 146
292 291
262 226
92 91
327 158
243 298
301 273
56 88
217 6
198 139
71 149
78 79
217 216
71 152
117 33
76 41
287 141
54 180
68 157
50 49
163 77
78 77
117 33
190 146
292 291
86 101
202 269
92 91
166 301 273
55 87
104 105
217 6
156 283
71 149
217 216
78 79
71 152
76 41
206 324
68 157
287 141
32 115
76 41
69 67
190 146
13 226
16 17
4 115
92 91
166 301 273
133 281
104 105
87 88
243 298
156 283
217 6
217 216
78 79
117 33
32 115
68 157
117 33
190 146
246 247
16 17
172 287
292 291
166 301 273
195 59
104 105
87 88
243 298
243 18
217 6
173 317
71 149
78 79
217 216
285 205
32 115
54 180
68 157
311 214
246 247
172 287
190 146
86 101
92 91
166 144
195 59
144 301
104 105
87 88
301 273
217 6
71 149
78 79
217 216
117 33
68 157
193 30
166 144
213 199
34 254
78 79
117 33
172 287
146 190
16 17
206 324
4 115
61 127
13 226
86 101
217 216
32 115
54 180
104 105
311 214
92 91
301 273
217 6
71 152
71 149
174 100
32 115
54 180
174 100
68 157
68 67
190 146
86 101
16 17
172 287
92 91
166 145
166 273
10 293
104 105
301 273
217 6
61 127
71 149
217 216
78 79
71 152
117 33
206 324
68 157
174 100
32 115
117 33
311 214
292 291
291 300
172 287
16 17
190 146
86 101
91 85
166 301
144 301
104 105
87 88
301 273
4 115
217 6
71 149
217 216
71 152
68 157
144 301
78 79
117 33
121 38
166 301
166 273
172 287
146 190
50 49
257 255
61 127
86 101
217 216
32 115
104 105
206 302
92 91
9 313
217 6
71 152
71 149
10 293
98 184
174 100
174 189
206 324
47 48
174 100
32 115
68 157
117 33
190 146
86 101
166 144 301
166 301 273
187 180
104 105
217 6
257 255
61 127
95 52
71 149
217 216
68 157
327 158
144 301
95 52
270 52
117 33
69 67
166 145
166 301 273
172 287
146 190
195 49
206 324
257 255
292 291
61 127
86 101
104 105
32 115
47 48
92 91
272 273
53 231
217 6
71 149
174 100
68 157
327 158
215 223
95 52
78 79
270 52
117 33
166 145
166 301 273
172 287
146 190
195 49
206 324
257 255
292 291
86 101
104 105
32 115
47 48
311 214
272 273
217 6
71 149
174 100
270 52
95 52
68 157
68 96
174 100
32 115
117 33
311 214
190 146
172 287
86 101
215 223
327 158
195 49
104 105
87 88
301 273
156 24
217 6
61 127
71 149
206 324
68 157
68 96
174 100
32 115
117 33
190 146
291 300
86 101
172 287
92 91
327 158
195 49
161 139
104 105
301 273
156 24
217 6
61 127
71 149
32 115
68 157
163 77
98 184
190 146
16 17
172 287
327 158
195 49
104 105
116 64
301 273
156 24
56 88
217 6
217 216
78 79
117 33
32 115
47 48
68 157
190 146
297 244
291 300
172 287
166 301
195 49
104 105
301 273
156 24
217 6
72 184
61 127
217 216
78 79
117 33
206 324
47 48
174 100
32 115
68 157
117 33
190 146
297 244
13 226
172 287
86 101
223 282
92 91
166 301
104 105
301 273
217 6
61 127
217 216
206 324
68 157
174 100
190 146
297 244
86 101
172 287
92 91
28 85
166 301
195 49
104 105
301 273
217 6
217 216
78 79
117 33
68 157
174 100
163 77
98 99
190 146
291 300
86 101
172 287
92 91
28 85
10 293
104 105
286 55
195 49
301 273
217 6
217 216
117 33
112 113
117 33
68 157
174 100
98 99
190 146
291 300
86 101
171 73
92 91
28 85
133 281
104 105
186 175
51 52
301 273
217 6
217 216
78 79
117 33
68 157
14 124
98 99
190 146
297 244
291 300
16 17
86 101
171 73
133 281
286 55
104 105
186 175
51 52
301 273
217 6
320 72
217 216
51 52
68 157
174 100
117 33
189 184
98 99
190 146
291 300
287 141
171 73
91 85
133 281
104 105
186 175
116 64
301 273
217 6
217 216
51 52
117 33
174 100
14 124
78 77
98 99
190 146
291 300
86 101
50 49
92 91
10 293
10 150
104 105
186 175
116 64
301 273
217 6
4 115
217 216
186 175
68 157
174 100
50 49
163 77
78 77
117 33
190 146
291 300
51 52
67 275
92 91
7 66
10 293
104 105
268 258
144 313
243 298
301 273
217 6
4 115
217 216
104 105
47 48
174 100
68 157
163 77
78 77
50 49
190 146
16 17
172 287
67 275
92 91
7 66
133 281
144 313
186 175
301 273
217 6
4 115
217 216
117 33
76 41
68 157
174 100
50 49
78 77
51 52
311 214
190 146
16 17
117 33
133 281
104 105
186 175
301 273
156 24
217 6
4 115
217 216
117 33
68 157
104 105
50 59
50 49
311 214
190 146
86 101
67 275
133 281
9 313
186 175
301 273
156 24
217 6
4 115
71 149
217 216
76 41
117 33
68 157
104 105
50 59
50 49
190 146
86 101
28 85
7 66
133 281
66 41
161 324
186 175
301 273
156 24
4 115
61 127
71 149
217 216
76 41
68 157
28 85
7 66
66 41
34 254
186 175
117 33
51 52
166 145
172 287
146 190
16 17
50 49
206 324
4 115
86 101
94 129
217 216
104 105
9 313
301 273
71 149
76 41
68 157
215 203
215 199
7 66
66 76
34 254
78 79
186 175
51 52
117 33
146 190
16 17
195 49
4 115
61 127
86 101
217 216
104 105
301 273
71 149
76 41
174 100
156 24
68 157
215 203
215 199
7 66
78 79
186 175
51 52
117 33
146 190
161 324
4 115
86 101
217 216
104 105
311 214
171 73
92 91
7 41
301 273
217 6
71 149
76 41
174 100
156 24
68 157
186 175
51 52
117 33
114 65
172 287
146 190
16 17
243 298
195 49
4 115
86 101
217 216
104 105
47 48
311 214
171 73
87 88
301 273
217 6
71 149
76 41
174 100
97 41
68 157
291 300
31 30
186 175
61 33
51 52
172 287
146 190
195 49
4 115
217 216
104 105
47 48
163 77
311 214
171 73
301 273
217 6
71 152
71 149
76 41
174 100
156 24
68 157
136 280
291 300
268 258
186 175
51 52
117 33
114 65
133 281
146 190
195 49
4 115
98 99
217 216
104 105
47 48
163 77
311 214
171 73
301 273
217 6
71 152
71 149
174 100
68 157
136 280
186 175
270 52
51 52
117 33
133 281
146 190
243 298
195 49
206 324
161 324
86 101
98 99
217 216
104 105
47 48
101 28
311 214
171 73
301 273
217 6
71 149
174 100
97 41
270 52
95 52
47 48
68 157
117 33
190 146
291 300
16 17
86 101
219 224
171 73
7 66
7 41
195 49
104 105
161 324
186 175
301 273
217 6
48 8
71 149
78 79
76 41
68 157
28 85
291 300
186 175
117 33
69 67
219 224
202 269
146 190
16 17
195 49
206 324
161 324
4 115
86 101
217 216
104 105
92 91
301 273
217 6
71 149
76 41
174 100
97 41
68 157
7 66
291 300
31 30
78 79
268 258
186 175
117 33
69 67
114 65
219 224
166 145
146 190
16 17
195 49
206 324
161 324
4 115
217 216
47 48
104 105
63 195
301 273
174 183
217 6
71 149
189 184
174 100
206 324
219 224
174 100
7 66 41
104 105
298 105
117 33
190 146
16 17
133 281
63 195
195 49
9 313
268 258
161 324
186 175
301 273
4 115
217 6
71 149
217 216
71 152
31 30
68 157
7 66 41
48 8
291 300
31 30
186 175
270 52
117 33
298 18
114 65
219 224
146 190
298 105
16 17
195 49
206 324
161 324
4 115
86 101
98 99
94 108
104 105
47 48
171 73
9 313
301 273
217 6
71 152
71 149
174 100
68 157
68 96
136 280
7 66
66 41
291 300
175 209
95 52
31 30
186 175
117 33
270 52
219 224
146 190
16 17
195 49
206 324
4 115
86 101
217 216
104 105
105 6
47 48
163 77
171 73
92 91
9 313
60 62
301 273
217 6
71 152
71 149
174 100
68 157
68 96
136 280
7 66
66 41
59 49
291 300
95 52
31 30
163 78
78 79
117 33
270 52
219 224
166 145
133 281
43 83
146 190
16 17
195 49
4 115
13 226
86 101
217 216
32 115
104 105
163 77
311 214
262 226
171 73
92 91
9 313
60 62
301 273
217 6
71 152
71 149
76 41
174 100
68 157
68 96
136 280
286 55
7 66 41
193 161
95 52
31 30
270 52
117 33
146 190
16 17
4 115
86 101
98 99
217 216
104 105
311 214
171 73
92 91
9 313
60 62
301 273
61 97
217 6
71 152
71 149
189 184
174 100
68 157
68 96
136 280
286 55
7 66
66 76
66 41
95 52
163 57
31 30
270 52
117 33
133 281
146 190
16 17
50 49
4 115
86 101
98 99
217 216
104 105
32 115
163 77
92 91
301 273
217 6
71 152
71 149
189 184
174 100
68 157
68 96
286 55
7 66 41
78 79
270 52
117 33
146 190
4 115
86 101
98 99
217 216
104 105
47 48
163 77
311 214
92 91
7 76
9 313
301 273
217 6
71 152
71 149
189 184
174 100
97 41
68 157
68 96
136 280
286 55
7 66 41
66 76
291 300
132 57
78 79
270 52
146 190
50 49
4 115
292 291
86 101
98 99
217 216
104 105
47 48
92 91
9 313
63 195
301 273
217 6
71 152
71 149
189 184
68 157
14 124
286 55
66 76
66 41
166 144
132 57
78 77
78 79
31 30
117 33
133 281
172 287
146 190
16 17
50 49
4 115
86 101
98 99
217 216
104 105
47 115
47 48
32 107
311 214
92 91
7 41
9 313
301 273
217 6
71 149
174 100
68 157
136 280
286 55
7 66
66 76
132 57
78 79
117 33
69 67
116 114
172 287
60 125
146 190
116 65
50 49
206 324
4 115
86 101
217 216
32 115
287 141
47 48
104 105
32 107
163 77
311 214
262 226
92 91
7 41
9 313
301 273
217 6
71 149
68 157
14 124
136 280
66 76
42 8
78 79
117 33
69 67
116 114 65
114 61
166 145
172 287
146 190
117 17
50 49
206 324
94 129
217 216
32 115
104 105
32 107
163 77
262 226
171 73
9 313
301 273
217 6
68 157
89 106
286 55
7 66
66 76
66 41
48 8
78 79
117 33
116 114
172 287
60 125
146 190
61 65
16 17
50 49
206 324
116 127
94 41
217 216
104 105
54 180
262 226
171 73
92 91
87 88
301 273
217 6
97 129
97 41
206 324
68 157
104 105
50 49
63 98
190 146
114 108
292 291
172 287
92 91
7 66
166 145
286 55
66 76
66 41
87 88
270 51
301 273
217 6
217 216
78 79
117 33
68 157
286 55
7 66
66 76
66 41
132 57
78 79
117 33
310 311
166 145
133 281
172 287
60 125
146 190
50 49
206 324
292 291
217 216
104 105
47 48
92 91
301 273
217 6
97 41
68 157
136 280
7 66
66 76
78 79
211 212
114 94
166 145
172 287
146 190
16 17
50 49
206 324
292 291
217 216
104 105
47 48
92 91
9 313
87 88
301 273
217 6
97 41
68 157
68 67
286 55
7 66
291 300
163 78
78 79
117 33
166 145
166 272
133 281
172 287
60 125
146 190
50 49
206 324
4 115
257 255
292 291
13 226
217 216
104 105
47 48
163 77
311 214
92 91
9 313
301 273
97 76
68 157
215 227
136 280
286 55
7 66
66 76
78 79
211 212
133 281
172 287
60 125
146 190
50 49
206 324
257 255
292 291
217 216
104 105
92 91
9 313
301 273
174 100
116 108
68 157
68 67
14 124
215 227
136 280
286 55
7 66
66 97
48 8
78 79
114 65
114 94
166 145
166 301
133 281
172 287
60 125
146 190
16 17
50 49
206 324
4 115
86 101
217 216
104 105
54 180
311 214
92 91
9 313
87 88
301 273
217 6
71 152
71 149
174 100
68 157
215 227
7 66
48 8
78 79
159 52
114 94
133 281
60 125
146 190
16 17
50 49
206 324
4 115
86 101
217 216
104 105
105 6
47 48
92 91
87 88
301 273
217 6
71 152
71 149
174 100
116 108
68 157
215 227
7 66
78 79
159 52
298 18
166 145
166 301
133 281
172 287
60 125
146 190
16 17
50 49
206 324
4 115
217 216
104 105
47 48
92 91
9 313
87 88
301 273
217 6
71 152
174 100
68 157
215 227
7 66
66 41
211 212
166 145
133 281
172 287
60 125
16 17
206 324
4 115
98 99
217 216
104 105
47 48
92 91
9 313
87 88
301 273
217 6
71 152
71 149
174 100
116 108
7 66
66 41
167 323
95 52
78 79
51 52
211 212
166 301
133 281
172 287
60 125
16 17
206 324
4 115
13 226
217 216
104 105
92 91
9 313
195 62
87 88
301 273
217 6
71 152
71 149
174 100
68 157
215 227
286 55
7 66
167 323
95 52
78 79
114 108
133 281
60 125
16 17
50 49
4 115
217 216
104 105
92 91
9 313
301 273
71 152
71 149
189 184
174 100
68 157
215 227
286 55
7 66
213 199
78 77
78 79
166 145
166 301
133 281
172 287
60 125
146 190
61 65
50 49
4 115
217 216
104 105
105 6
92 91
9 313
301 273
238 246
217 6
71 152
71 149
174 100
108 97
104 105
105 6
68 157
68 67
174 100
298 18
116 114
92 91
7 66
133 281
75 151
66 41
166 145
60 125
261 239
301 273
53 231
217 6
4 115
286 55
145 301
71 149
217 216
78 79
71 152
68 157
68 67
215 227
136 280
286 55
75 151
7 66
117 33
116 114
166 145
133 281
60 125
4 115
16 127
13 226
117 61
32 115
104 105
105 6
311 214
92 91
9 313
301 273
217 6
71 152
68 157
68 67
91 85
215 227
136 280
286 55
75 151
7 66 108
213 199
117 33
116 114
166 145
172 287
146 190
243 298
4 115
13 226
117 61
99 72
104 105
92 91
9 313
301 273
217 6
71 152
68 157
68 67
215 227
286 55
75 151
7 66
298 18
278 141
133 281
166 145
172 287
146 190
4 115
86 91
104 105
105 6
171 73
92 91
9 313
301 273
61 16
217 6
71 152
71 149
174 100
68 157
28 85
215 227
75 151
7 66
10 150
114 65
166 145
166 301
133 281
172 287
60 125
146 190
50 49
4 115
13 226
86 101
86 91
32 115
104 105
171 73
92 91
301 273
61 16
217 6
71 152
174 100
104 105
105 6
68 157
311 214
114 65
172 287
215 227
171 73
92 91
133 281
7 66
9 313
166 301
278 141
60 125
301 273
217 6
4 115
286 55
117 33
68 157
215 227
136 280
286 55
7 66
145 144
10 150
167 323
95 52
117 33
114 65
278 141
166 145
60 125
4 115
86 91
99 72
217 216
104 105
105 6
32 115
311 214
92 91
9 313
301 273
61 16
217 6
174 100
68 157
91 85
136 280
286 55
7 66
213 199
167 323
117 33
114 65
166 145
133 281
60 125
146 190
16 17
4 115
145 273
99 72
217 216
104 105
311 214
92 91
9 313
301 273
61 16
217 6
71 152
71 149
104 105
105 6
68 157
266 284
311 214
92 91
166 145
9 313
60 125
286 55
61 65
116 64
217 6
145 273
301 273
71 149
217 216
71 152
117 33
68 157
174 100
311 214
297 244
16 17
215 227
92 91
327 158
9 313
166 145
166 273
28 85
145 144
104 105
116 64
301 273
6 105
71 149
78 79
217 216
71 152
68 157
68 67
50 49
69 67
311 214
16 17
92 91
327 158
166 273
136 280
9 313
60 125
286 55
104 105
28 85
116 64
301 273
217 216
78 79
71 152
31 30
68 157
327 158
286 55
31 30
163 78
117 33
69 67
166 273
60 125
146 190
61 65
116 64
16 17
243 298
50 49
4 115
217 216
104 105
32 115
163 77
213 326
311 214
92 91
203 213
9 313
301 273
71 152
72 73
68 157
136 280
286 55
7 66
48 8
31 30
163 78
78 79
117 33
69 67
133 281
60 125
61 65
17 127
116 64
4 115
303 235
99 72
217 216
32 115
104 105
105 6
47 48
101 28
92 91
7 97
9 313
203 213
301 273
174 183
76 41
72 73
97 108
68 157
14 124
327 158
136 280
286 55
48 8
213 199
31 30
163 78
78 79
114 94
60 125
116 64
16 17
292 291
99 72
217 216
104 105
32 115
101 28
262 226
301 273
174 183
71 152
174 100
72 73
68 157
28 85
327 158
136 280
286 55
75 151
48 8
163 78
78 79
117 33
69 67
166 273
172 287
60 125
116 64
292 291
217 216
32 115
104 105
163 77
101 28
262 226
9 313
301 273
174 183
71 152
76 41
174 100
72 73
68 157
241 236
28 85
136 280
286 55
66 97
48 8
167 323
132 57
31 30
163 78
78 79
117 33
69 67
166 273
60 125
298 105
116 64
303 235
217 216
32 115
104 105
163 77
101 28
311 214
7 97
9 313
301 273
174 183
238 246
71 152
76 41
174 100
72 73
97 108
97 41
68 157
28 85
136 280
286 55
7 66
66 41
48 8
167 323
132 57
78 77
78 79
31 30
61 70
117 33
166 273
60 125
146 190
116 64
195 49
303 235
217 216
32 115
104 105
163 77
311 214
9 313
301 273
71 152
174 100
72 73
68 157
28 85
136 280
286 55
7 66
66 97 41
193 192
59 49
48 8
167 323
78 77
78 79
31 30
117 33
166 273
133 281
60 125
116 64
206 324
13 226
217 216
32 115
104 105
163 77
311 214
9 313
75 22
301 273
71 152
174 100
72 73
68 157
28 85
327 158
136 280
286 55
66 41
178 181
181 192
193 192
193 176
59 49
48 8
173 98
199 256
167 323
95 52
161 139
132 57
163 78 77
78 79
31 30
175 30
270 52
233 30
69 67
166 273
60 125
116 64
145 272
13 226
86 101
94 108
217 216
104 105
105 6
123 284
32 115
311 214
7 97
301 273
272 273
217 6
71 152
63 98
98 317
72 73
327 158
215 203
215 227
136 280
286 55
66 41
59 49
48 8
173 98
132 57
31 30
175 30
69 67
166 273
133 281
4 115
132 220
61 127
13 226
86 101
117 16
217 216
104 105
105 6
206 302
32 115
163 77
311 214
7 97
132 221
9 313
60 62
301 273
272 273
163 178
217 6
71 152
71 149
100 184
189 184
174 100
28 85
215 203
136 280
327 158
286 55
66 41
78 193
103 131
59 49
48 8
31 209
173 126
167 323
95 52
132 57
220 57
78 77
78 79
31 30
163 175
117 33
270 52
310 311
200 227
182 30
172 287
146 190
16 17
50 49
4 115
220 302
86 101
98 126
126 72
217 216
104 105
105 6
123 284
311 326
311 214
171 73
9 313
75 22
63 60
297 244
301 273
217 6
71 152
174 100
98 62
191 161
327 158
215 223
136 280
42 8
66 41
193 30
103 131
75 151
48 8
213 199
323 152 22
294 254
95 52
198 139 138
78 175
256 263
175 30
117 33
200 227
166 145
166 273
133 281
172 287
16 17
50 49
49 118
203 263
86 101
126 72
217 216
104 105
163 30
163 77
311 214
203 326
203 214
171 73
188 196
9 313
71 75 152
297 244
301 273
167 153
217 6
71 149
72 184
184 73
63 98
27 21
177 196
163 161
68 157
68 67
28 85
66 41
75 151
59 49
48 8
234 296
326 296
254 296
199 326
254 223
198 139
139 138
78 31
78 77
31 302
203 253
205 290
310 311
69 67
202 269
133 281
16 17
50 49
49 118
49 73
145 272
303 235
86 101
217 216
104 105
203 326
203 213
75 180
217 6
71 149 152
184 73
63 98
291 268
149 22
68 67
2 103
2 1
286 55
7 66 41
193 30
131 1
144 272
59 49
48 8
213 296
199 296
323 22
54 74
95 52
139 138
270 52
51 52
269 235
166 145
166 272
187 75 73
172 287
146 190
16 17
227 263
303 235
61 127
13 226
86 101
94 108
217 216
104 105
147 326
301 273
217 6
63 98
22 73
68 67
2 318
2 1
136 280
286 55
7 66
66 41
77 193 30
75 151
166 145 144
60 59
48 8
213 296
199 296
227 296
95 52
163 78
194 60
132 31
305 258 269
258 303 269
51 52
234 147
303 269 235
133 10
187 73
146 190
16 17
163 49
77 220
13 226
86 101
276 290
217 216
104 105
50 60
101 28
147 326
326 297 244
7 116
9 301
217 6
71 63
163 186
22 73
23 24
97 41
68 157
2 1
136 280
286 55
66 41
285 144
48 8
35 296
311 296
327 95
71 194 72
166 285
285 145
268 258
258 269
205 269
292 269
276 269
133 292
133 281
35 255 248
172 287
146 190
61 127
291 235
303 235
86 101
217 216
104 105
311 214
213 214
147 326
9 291
157 169
167 178
217 6
163 81
156 24
68 157
136 280
25 318
75 151
7 66
48 8
327 95
71 194
194 72
9 285
258 202
310 311
266 284
154 223
133 299
133 281
35 311 214
172 287
172 301
146 190
198 138
61 127
168 93
86 101
217 216
104 105
213 214
217 6
301 281
23 24
305 301
68 157
2 1
95 158
136 280
310 207
175 57
60 283
194 72
268 258
117 33
266 284
234 282
96 24
145 269
133 10
133 281
35 311
16 17
61 127
86 101
217 216
104 105
105 6
80 81
213 214
63 75
60 24
217 6
28 85
95 158
75 151
195 59
48 8
285 268
194 72
258 205
258 281
234 253
268 205
117 33
93 52
310 311
145 269
133 10
133 276
198 138
61 127
86 101
217 216
104 105
71 80 81
80 81 72
101 28
9 268
268 299
217 6
2 1
28 85
75 151
7 66
144 301
195 59
48 8
140 142
142 263
139 138
285 280
268 205
276 205 303
318 1
93 52
117 33
327 96
16 17
61 127
270 51
86 101
94 108
217 216
104 105
101 28
299 313
305 272
217 6
148 161
102 2
2 318
40 39
28 85
7 66
198 139 138
161 139
220 57
159 51
285 280
318 1
276 205
117 33
145 269
16 17
86 101
94 108
217 216
104 105
101 28
147 244
299 313
217 6
191 161
23 162
68 156
2 318
40 39
86 101 85
28 85
48 8
142 263
199 93
161 139
139 138
285 35
276 205
318 1
70 127
93 52
117 33
310 303
114 65
145 269
98 99
217 216
104 105
311 214
217 6
191 161
23 162
117 33
318 1
98 99
86 101
101 28
114 65
40 39
60 314
191 161
104 105
23 162
48 8
217 6
217 216
93 52
276 205
25 2
2 1
40 39
28 85
25 318
195 59
48 8
140 142
159 199
199 161
199 138
139 138
139 263
285 35
276 205
117 33
93 52
16 17
321 138
161 263
86 101
98 99
217 216
104 105
299 303
217 6
191 161
206 178
117 33
93 52
98 99
40 39
114 61
262 226
86 101
2 1
7 66
104 105
268 205
139 138
217 6
159 199
217 216
276 205
104 105
47 48
98 99
86 101
101 28
40 39
2 1
286 55
257 142
139 138
217 6
159 199
217 216
70 127
93 52
310 205
310 303
104 105
98 99
86 101
101 28
114 61
13 226
40 39
2 1
191 161
268 276
199 321
178 299
276 299
299 205
139 138
217 6
220 57
217 216
70 127
285 276
93 52
310 303
47 48
98 99
86 101
101 28
246 247
114 61
13 226
40 39
131 227
136 280
104 105
159 321
268 299
139 138
257 142
217 6
123 284
220 57
217 216
285 276
14 124
98 99
86 101
101 28
246 247
13 226
66 114
40 39
2 1
66 61
104 105
257 142
198 139 138
217 6
159 199
217 216
285 276
47 48
98 99
40 39
246 247
13 226
86 101
66 61
104 105
285 268
159 199 321
61 64
48 8
198 139 138
217 6
217 216
47 4
47 48
98 99
86 101
101 28
246 247
40 39
7 66
55 87
104 105
285 268 276
198 138
217 6
199 93
198 139
217 216
159 93
117 33
276 205
117 33
47 4
47 48
266 284
93 52
98 99
86 101
101 28
40 39
7 66
286 55
55 87
191 161
104 105
159 321
217 6
159 199
198 139
217 216
276 205
32 115
47 4
47 48
104 105
298 105
98 99
86 101
101 28
114 65
40 39
82 284
92 85
286 55
55 87
217 6
159 199
198 139
217 216
93 52
276 205
47 48
98 99
86 101
101 28
40 39
241 236
136 280
55 236
191 161
104 105
268 276
48 8
198 138
217 6
159 199
199 93
198 139
123 284
217 216
47 48
32 107
14 124
98 99
40 39
246 247
241 236
16 17
86 101
9 285
191 161
104 105
321 93
198 138
217 6
199 93
198 139
217 216
159 93
276 205
104 105
47 4
47 48
14 124
98 99
86 101
101 28
246 247
241 236
262 226
16 17
40 39
9 285
66 41
191 161
87 88
198 138
139 138
217 6
199 93
123 284
217 216
159 93
117 33
47 4
47 48
93 52
14 124
98 99
40 39
246 247
114 65
16 17
86 101
9 285
66 97
66 41
191 161
104 105
268 205
257 142
198 138
139 138
217 6
313 205
217 216
93 52
47 4
47 48
14 124
98 99
40 39
246 247
86 101
92 91
9 285
159 161
199 161
104 105
285 268
276 280
139 138
217 6
191 159
217 216
159 93
117 33
117 33
47 48
93 52
14 124
98 99
86 101
101 28
262 226
40 39
7 66
136 268
286 55
199 161
104 105
139 138
217 6
159 199
217 216
285 205
276 205
97 41
97 41
47 48
117 33
93 52
98 99
40 39
248 253
262 226
86 101
7 66
9 285
286 55
104 105
257 142
217 6
159 199
217 216
276 205
93 52
47 48
98 99
40 39
16 17
286 55
104 105
217 6
159 199
285 313
217 216
117 33
276 205
47 48
98 99
40 39
286 55
104 105
217 6
159 199
217 216
117 33
276 205
47 48
98 99
40 39
314 51
104 105
255 207
257 142
217 6
159 199
285 313
217 216
117 33
276 205
93 52
98 99
40 39
86 101
286 55
104 105
255 207
217 6
159 199
285 313
217 216
117 33
276 205
117 33
47 4
47 48
266 284
93 52
98 99
40 39
86 101
286 55
104 105
285 268
268 276
48 8
257 142
217 6
159 199
217 216
276 205
93 52
47 4
98 99
86 101
101 28
7 66
286 55
104 105
268 276
48 8
257 142
217 6
159 199
259 224
217 216
117 33
47 48
98 99
101 28
7 66
7 76
286 55
314 51
104 105
268 276
255 207
257 142
217 6
159 199
217 216
276 205
98 99
40 39
101 28
286 55
104 105
255 207
257 142
217 6
159 199
217 216
47 48
98 99
101 28
246 247
16 17
40 39
286 55
104 105
268 276
257 142
198 138
217 6
159 199
198 139
217 216
117 33
276 205
47 48
101 28
246 247
16 17
286 55
104 105
268 205
257 142
139 138
217 6
217 216
117 33
276 205
47 48
246 247
16 17
312 232
286 55
191 161
104 105
257 142
139 138
217 6
217 216
47 48
86 101
101 28
16 17
286 55
191 161
104 105
87 88
116 64
207 263
257 142
217 6
5 6
139 138
48 8
217 216
117 33
108 94
47 48
86 101
101 28
16 17
92 91
35 255
286 55
191 161
104 105
87 88
257 142
217 6
5 6
139 138
61 127
217 216
117 33
47 48
86 101
101 28
16 17
92 91
191 161
104 105
87 88
257 142
217 6
5 6
4 115
217 216
206 161
86 101
101 28
16 17
104 105
87 88
116 64
257 142
217 6
5 6
4 115
159 199
217 216
108 94
101 28
16 17
286 55
104 105
87 88
116 64
217 6
5 6
217 216
117 33
108 94
117 33
104 105
98 99
101 28
16 17
257 142
5 6
4 115
159 199
217 216
76 41
16 17
286 55
104 105
257 142
139 138
217 6
159 199
217 216
117 33
123 284
156 143
92 91
286 55
104 105
257 142
217 6
159 199
116 33
217 216
117 33
112 113
104 105
98 99
92 91
286 55
116 65
65 33
87 88
257 142
217 6
5 6
159 199
217 216
76 41
16 17
92 91
286 55
104 105
257 142
217 6
5 6
159 199
217 216
117 33
16 17
92 91
286 55
104 105
257 142
217 6
159 199
217 216
76 41
117 33
94 108
86 101
16 17
92 91
286 55
104 105
116 64
257 142
217 6
5 6
198 138
139 138
159 199
217 216
76 41
98 99
86 101
101 28
16 17
92 91
286 55
104 105
257 142
217 6
198 138
139 138
159 199
217 216
117 33
108 94
104 105
98 99
101 28
16 17
92 91
286 55
257 142
198 138
139 138
217 6
5 6
4 115
217 216
117 33
108 94
98 99
86 101
13 226
16 17
92 91
286 55
104 105
257 142
217 6
198 138
198 139
217 216
117 33
108 94
298 18
98 99
101 28
13 226
92 91
286 55
104 105
116 64
198 138
139 138
217 6
217 216
117 33
108 94
104 105
98 99
101 28
219 224
92 91
286 55
217 6
198 138
139 138
159 199
123 284
61 127
217 216
108 94
94 108
219 224
98 99
86 101
101 28
92 91
286 55
104 105
198 138
139 138
217 6
61 127
217 216
76 41
98 99
86 101
101 28
40 39
219 224
92 91
286 55
104 105
116 64
217 6
198 138
139 138
217 216
98 99
86 101
101 28
114 65
40 39
92 91
286 55
104 105
116 64
217 6
5 6
198 138
139 138
243 224
159 199
217 216
243 224
219 224
104 105
4 115
86 101
114 65
92 91
286 55
116 64
198 138
139 138
217 6
61 127
217 216
108 94
41 33
104 105
98 99
140 290
86 101
92 91
286 55
217 6
198 138
139 138
159 199
61 127
217 216
117 33
108 94
14 124
98 99
140 290
86 101
101 28
40 39
92 91
286 55
104 105
217 6
6 105
198 139 138
159 199
61 127
217 216
117 33
104 105
14 124
98 99
140 290
114 65
40 39
156 143
86 101
286 55
87 88
198 138
139 138
217 6
159 199
61 127
217 216
93 52
108 94
206 161
47 48
14 124
86 101
156 143
241 236
16 17
92 91
286 55
55 87
104 105
87 88
198 139 138
217 6
217 216
108 94
98 99
140 290
246 247
16 17
92 91
286 55 87
55 238
104 105
217 6
198 138
61 127
217 216
252 110
140 290
238 246
246 247
135 82
286 55
104 105
261 239
217 6
6 105
198 139 138
286 236
61 127
217 216
108 94
266 284
123 284
43 124
14 124
140 290
40 39
286 55 246
262 226
13 226
92 91
83 82
135 56
104 105
198 138
217 6
6 105
286 238
159 199
217 216
108 94
140 290
266 124
117 33
14 124
124 15
104 105
105 6
55 246
246 88
135 267
277 267
92 91
43 15
286 55
55 236
261 239
198 138
139 138
217 6
4 115
159 199
217 216
108 94
117 33
104 105
14 124 135
32 107
140 290
101 28
55 246
277 267
92 91
198 139 138
217 6
4 115
159 199
217 216
108 94
14 124
101 28
13 226
277 267
267 88
55 246
40 39
14 135
104 105
198 138
217 6
4 115
159 199
217 216
97 41
47 4
47 48
117 33
104 105
105 6
98 99
140 290
277 267
267 88
92 91
43 15
243 298
198 139 138
217 6
4 115
159 199
217 216
94 108
140 290
104 105
105 6
4 115
98 99
262 226
267 88
16 17
92 91
243 298
286 88
198 139 138
243 295
217 6
159 199
277 245
217 216
97 41
97 41
104 105
105 6
277 245
261 245
140 290
40 39
262 226
277 267
261 267
92 91
43 15
243 298
217 6
198 138
139 138
4 115
159 199
61 127
217 216
97 41
104 105
261 267 245
98 99
140 290
262 226
312 232
277 267
40 39
92 91
243 298
48 8
198 138
217 6
286 225
243 295
4 115
217 216
97 41
104 105
105 6
243 18
262 226
13 226
312 232
277 261 267
243 298
48 8
225 88
198 139 138
286 225
217 6
4 115
277 261 247
277 261 245
217 216
277 261 267 245
101 28
277 261 267 247
92 91
104 105
243 298
48 8
198 139 138
243 295
4 115
217 216
104 105
105 6
277 267 245
245 88
267 239
92 91
198 138
217 6
286 225
4 115
198 139
217 216
97 41
4 115
40 39
262 226
277 267 245
92 91
104 105
239 88
198 139 138
217 6
61 127
217 216
104 105
105 6
93 52
40 39
13 226
156 143
277 267 245
92 91
239 88
217 6
225 88
198 138
4 115
261 247
217 216
104 105
4 115
86 101
114 61
277 267 245
267 88
262 226
13 226
156 143
239 88
61 65
198 138
225 88
217 6
61 127
217 216
97 41
94 108
47 48
97 41
267 245
247 245
104 105
101 28
114 61
114 33
262 226
13 226
16 17
156 143
7 66
239 88
225 88
198 138
4 115
217 6
217 216
93 52
104 105
219 224
16 33
65 33
267 245
247 245
101 28
13 226
7 76
239 225
117 65
65 17
225 88
198 138
286 247
4 115
217 6
159 199
217 216
97 41
104 105
47 48
97 41
117 33
16 33
286 247 245
267 245
98 99
86 101
101 28
13 226
40 39
232 225
239 225
61 65
198 138
247 88
4 115
217 6
159 199
217 216
93 52
93 52
47 48
97 41
32 107
117 33
98 99
86 101
101 28
262 226
13 226
116 16
61 16
16 17
286 247 245
7 76
104 105
239 88
48 8
217 6
6 105
4 115
159 199
61 127
217 216
104 105
47 48
86 101
101 28
116 114 61
116 61 16
92 91
239 88
48 8
139 138
286 247 245
4 115
217 6
61 127
217 216
4 115
32 115
47 48
286 247 245
32 107
98 99
86 101
101 28
114 61
16 17
92 91
66 76
104 105
48 8
139 138
217 6
116 61
217 216
97 41
97 41
47 48
4 115
32 115
32 107
286 247 245 88
98 99
86 101
101 28
16 17
7 76
66 76
42 8
104 105
198 139 138
217 6
217 216
117 33
104 105
47 48
32 115
86 101
101 28
13 226
232 225
66 76
286 88
217 6
4 115
159 199
217 216
97 41
4 115
32 115
47 48
104 105
98 99
86 101
101 28
116 114 61
13 226
323 304
16 17
40 39
267 245
92 91
66 76
243 298
217 6
217 216
97 41
104 105
47 48
4 115
86 101
101 28
114 61 65
13 226
40 39
267 245
312 232
66 76
243 298
139 138
261 88
243 20
286 261
217 6
159 199
217 216
97 41
104 105
47 48
4 115
98 99
114 61 65
13 226
267 245
92 91
7 76
116 65
64 41
243 298
286 88
217 6
4 48
116 41
217 216
104 105
47 48
4 115
17 97
117 64 33
41 33
98 99
40 39
262 226
13 226
16 17
267 245
243 18
17 65
17 127
116 64
94 129
243 298
217 6
4 48
159 199
116 41
247 225
217 216
108 94
117 64 33
47 48
104 105
98 99
40 39
262 226
13 226
16 17
86 101
116 64
65 17
94 129
261 239
243 298
323 155
286 247
4 115
159 199
271 323
217 6
217 216
117 41
48 115
4 115
94 108
94 129
94 33
117 41
117 33
93 52
40 39
114 61
262 226
13 226
86 101
267 245
104 105
261 239
61 65
65 97
243 298
49 22
217 6
243 20
159 199
217 216
117 97
267 245
40 39
261 239
48 8
159 199
323 304
93 52
114 61 65
114 16
114 129
187 21 22
61 64
243 298
49 22
286 88
4 48
4 115
13 226
86 101
116 94
61 94
94 108
217 216
47 115
104 105
217 6
97 41
65 94
94 129
70 127
93 52
104 105
40 39
114 65
114 108
262 226
243 298
48 8
286 88
217 6
243 20
4 115
159 199
217 216
97 41
94 127
70 127
97 41
93 52
104 105
114 65
16 17
262 226
267 245
65 108
217 6
5 6
4 115
159 199
61 108
217 216
93 52
47 115
4 115
40 39
114 61 65
114 94
262 226
267 245
49 21
187 22
104 105
217 6
5 6
247 225
217 216
94 127
108 94
93 52
47 115
4 115
40 39
114 61 65
114 61 108
187 21 22
187 49 22
66 76
104 105
139 138
217 6
217 216
94 127
93 52
47 115
4 115
40 39
114 61 94
13 226
86 101
267 245
271 21 22
7 66
7 76
104 105
61 65
139 138
217 6
159 199
217 216
117 33
47 115
93 52
40 39
114 61 65
114 94
262 226
13 226
92 91
21 22
7 66
104 105
155 22
153 22
139 138
247 88
4 115
217 6
159 199
198 139
217 216
117 33
93 52
101 28
114 61
262 226
13 226
40 39
92 91
91 85
7 66 76
21 22
104 105
61 65
155 22
61 129
217 6
4 115
159 199
217 216
94 127
94 108
97 41
174 100
117 33
93 52
89 134
114 61
262 226
13 226
40 39
21 22
91 85
7 66
104 105
261 239
153 22
139 138
217 6
4 115
159 199
217 216
47 115
101 28
114 61
89 134
262 226
219 224
40 39
21 22
92 91
35 34
104 217
104 105
298 90
261 239
61 65
116 64
155 22
217 6
5 6
139 138
262 5
4 115
159 199
259 5
159 139
217 216
104 105
4 115
100 99
89 134
114 61
40 39
262 226
267 245
21 22
19 134
106 134
90 134
92 91
174 187
104 217
261 239
61 65
94 129
5 6
139 138
262 13
243 259
259 224
217 216
259 224
228 224
219 224
93 52
174 100 49
104 105
89 197
101 28
114 61
262 226
13 226
40 39
211 212
19 134
90 134
92 91
108 129
139 138
4 115
159 199
217 216
108 94
104 105
47 115
174 100
217 216
262 12
98 99
40 39
114 61
211 212
93 52
21 22
92 91
19 134
174 183
261 239
116 64
94 129
139 138
4 115
259 224
116 41
197 106
40 39
19 134
45 90 134
261 239
139 138
13 112
93 52
211 212
117 33
114 61
219 224
174 187 100
116 64
4 115
262 259
13 259
259 251
104 216
217 216
216 6
104 105
262 226
251 226
92 91
174 183
21 22
89 12
267 245
40 39
45 90 134
228 90
251 112
93 52
211 212
114 61
218 219
219 224
174 187
116 65
243 298
259 298 218
4 115
262 259
13 226
140 290
104 105
262 226
92 91
104 6
174 100 183
153 22
149 152
21 22
262 251
89 19
89 197
267 245
13 197
40 39
228 134
90 134
212 134
7 66
18 20
112 216
76 33
211 212
93 52
114 61
262 219
174 187
298 105
116 65
4 115
259 218
94 108
104 105
226 217
226 6
92 91
104 19
104 6
100 183
153 22
149 152
174 100
174 189
21 22
262 19
262 218
89 112 217
89 112 216
89 19
13 197
113 197
40 39
90 134
45 134
90 18
18 20
112 113
226 106
117 33
211 212
114 61
218 219
174 187
116 65
13 44
4 115
104 230
94 108
104 105
206 302
54 27
262 226 6
217 224
174 100
21 22
206 302
54 27
174 100
100 49
70 127
40 39
114 61
259 226
226 224
267 245
21 22
228 134
104 134
197 134
92 91
243 298
4 115
108 94
89 112
89 216
197 230
40 39
211 134
90 134
155 22
113 106
93 52
218 219
187 100
100 49
4 115
259 211
259 226
257 255
7 127
94 108
54 27
101 28
211 224
228 226
226 224
104 12
104 6
262 113
21 22
97 41
259 12
224 12
197 12
12 230
20 18
100 49
89 216
211 134
40 39
218 219
21 22
90 134
45 134
7 66
174 49
92 91
243 259
243 295
4 115
262 113
257 255
198 139
224 20
13 113
13 106
4 115
47 4
174 100
100 49
89 112
40 39
267 245
271 21
44 134
7 66
92 91
243 104
104 20
298 20
247 225
224 20
117 33
89 112 216
47 4
100 49
93 52
4 115
40 39
226 6
267 245
218 219
44 134
174 49
228 113
259 104 20
104 298 20
259 45
61 127
247 225
224 20
108 94
112 216
47 4
100 187
100 49
89 112
40 39
232 247
232 225
271 21
155 21
197 106
174 49
243 104
259 104
243 298
207 20
108 129
4 115
259 20
198 139
93 52
108 94
94 108
89 112 216
100 49
197 12
217 106
156 143
40 39
218 219
155 21
7 66
174 49
259 104
207 20
199 6
4 115
61 127
70 127
218 235
224 20
93 52
89 112
267 245
197 12
40 39
42 8
66 16
261 239
155 21
207 224
207 20
199 147
232 247
198 139
5 90
159 147
93 52
117 33
232 225
218 219
174 187 49
16 17
243 298
174 100 49
286 88
4 115
61 127
94 108
54 27
226 211
217 12
251 140
156 143
108 129
97 41
93 52
174 100 49
251 140
40 39
226 211
16 17
267 245
174 187
147 199
42 8
243 104
159 199
61 127
117 33
112 113
97 41
100 49
89 113
89 216
40 39
232 225
174 187 49
42 8
228 112
262 13
4 115
61 127
112 113
112 216
93 52
93 52
54 27
174 100
140 217
228 89
40 39
16 17
174 62
232 225
271 21
197 12
174 187 49
42 8
228 112
228 216
243 295
4 115
257 255
61 127
47 115
4 115
174 100
54 27
228 89
40 39
16 17
232 225
7 66
174 187
174 49
228 112
228 216
42 8
261 239
257 255
199 233
61 127
93 52
40 39
16 17
232 225
7 66
228 112
259 104
139 6
4 115
159 199
61 127
117 33
112 216
108 94
159 233
12 230
174 189
174 98
228 89 216
40 39
16 17
267 245
147 251
228 112 113
228 112 216
259 104
139 6
139 138
4 115
159 199
89 112 216
267 245
40 39
153 155
232 247
139 138
139 6
159 233
228 112
93 52
174 187
4 115
259 104
61 127
94 108
47 115
206 302
80 81
228 113
174 100
174 189
97 41
228 112 216
216 45
47 115
174 100
54 27
159 233
80 81
228 89
40 39
232 247
93 52
42 8
139 6
139 138
4 115
159 199
97 41
108 94
206 302
54 27
93 52
89 216
40 39
232 247
155 21
174 187
279 271
42 8
228 112 216
116 64
139 6 138
4 115
113 217
159 233
47 115
54 27
40 39
232 247
267 49
174 187
279 271
228 112 216
261 239
116 64
139 6
139 138
4 115
159 199
112 45
159 233
93 52
54 27
89 216
40 39
267 49
228 112
321 139 138
155 22
139 6
4 115
159 199
159 233
112 216
117 33
54 27
174 100
100 98
40 39
156 143
232 247
267 49
7 66
228 112 216
42 8
321 139 6
321 139 138
155 22
4 115
159 199
159 233
93 52
47 48
174 100
54 27
89 113
40 39
232 247
174 62
155 21
7 66
228 112 216
42 8
259 104
321 139 138
155 22
271 22
139 6
4 115
159 199
175 302
159 233
47 48
174 100 98
54 27
40 39
232 247
16 17
175 182
155 21
321 138
139 6
173 260
139 138
4 115
159 199
112 216
93 52
93 52
54 27
174 100
174 98
40 39
81 267
232 247
155 21 22
199 181
116 64
153 22
139 6
173 260
262 13
139 138
4 115
159 199 233
112 113
112 216
93 52
54 27
174 100
174 98 99
71 81 326
40 39
21 22
92 91
116 64
155 22
198 139 138
139 6
262 13
4 115
159 199 233
61 127
112 113
112 216
228 306 113 216
267 245
40 39
75 151
155 22
173 260
159 199
198 139 138
139 6
326 90
159 233
112 113 216
93 52
4 115
104 105
54 27
80 81 326
92 91
43 15
100 98
81 72
174 98
156 143
228 306 216
306 113 216
267 245
40 39
155 21
173 260
159 199
139 138
139 6
112 113 216
232 225
174 187
16 17
4 115
98 99
104 105
54 27
71 80 81
71 81 326
92 91
100 98
81 72
156 143
21 22
93 52
54 27
174 100
104 105
81 80 72
81 326
228 306 113
156 143
40 39
232 225
92 91
43 15
174 187
228 113 216
173 314
198 138
139 6
4 115
159 199
198 139
71 72
139 5
112 113 216
104 105
54 27
4 115
108 76
228 216
112 216
81 80 72
40 39
267 245
159 233
117 33
92 91
7 66
174 187
174 126
43 15
42 8
139 6
159 199
198 139
71 72
97 41
108 41
112 216
47 115
100 177
54 27
93 52
81 80 326 72
40 39
267 245
4 115
155 21
92 91
43 228
43 15
174 170
174 126
64 108
139 6
173 260
139 138
159 199
71 72
94 76
43 228 15
54 27
100 177
93 52
121 38
81 80 326 72
40 39
61 16
267 245
97 41
155 21
92 91
174 177
174 126
61 64
61 17
65 76
6 138
159 199
71 72
108 94
47 115
174 100
54 27
121 38
81 80 326 72
114 65
16 17
40 39
267 245
155 21
92 91
43 15
174 177 126
28 85
42 8
271 321
61 17
159 199
71 72
93 52
277 267 245
47 48
174 100
54 27
121 38
81 80 326
81 326 72
16 17
40 39
92 91
43 15
174 177 126
42 8
117 17
17 41
116 64
4 115
159 199
71 72
117 61
7 41
54 27
100 177
117 33
93 52
81 80
81 326
71 326
326 72
114 65
114 64
114 76
40 39
277 267
92 91
7 17
43 15
163 186
4 115
159 199
198 139
277 245
40 39
66 41
155 21
173 260
159 199
139 6
117 33
93 52
114 94
4 115
262 259
13 259
259 27
76 127
86 101
54 27
80 81 326 72
92 91
43 15
61 97
71 81 72
174 100
174 177
174 317
117 33
54 27
100 187
93 52
71 81 80
81 80 72
81 326 72
16 17
40 39
43 15
174 187 177
174 177 317
66 76
163 186
139 6
139 138
262 259
4 115
159 199
13 259
76 41
40 39
170 187
7 66
66 76
66 41
155 21
173 260
159 199
98 201
286 247
198 139
139 6
159 233
117 33
93 52
114 65
187 98
4 115
13 259
86 101
54 27
80 81 326
81 326 72
92 91
174 100
177 98
156 143
174 177
174 317
40 39
170 177
170 201
173 260
159 199
98 201
286 247
198 139
139 5
139 6
69 95
114 33
93 52
187 98
116 65
17 127
4 115
54 259
13 259
86 101
54 27
71 80 81
80 81 326
80 81 72
43 15
76 41
174 100
177 98
54 259
54 27
71 81 80
81 80 326 72
116 16
187 98
177 98
40 39
86 101
117 114 33
155 21 22
277 267
7 76
66 76
66 41
198 138
139 138
139 6
173 260
4 115
159 199
97 41
93 52
54 27
100 98 201
100 126
71 81 72
81 80
81 326
187 177 98
40 39
86 101
117 114
277 267
21 22
7 76
66 76
66 41
64 65
139 6
139 138
4 115
159 199
198 139
78 175
117 33
40 39
7 66
66 76 41
159 199
198 139
139 138
139 6
72 90
78 175
159 233
70 94
117 114 33
22 52
121 38
187 177
187 98
16 17
72 138
4 115
13 259
86 101
54 27
50 98
71 80 81
80 81 326
80 81 72
163 186
93 52
326 72
114 17
40 39
314 196
170 187
170 177
174 317
66 41
163 186
139 6
173 260
139 138
4 115
159 199
198 139
78 175
159 233
40 39
170 187
7 66
66 114
66 16
173 260
159 199
247 245
139 138
139 6
163 78
78 175
159 233
93 52
114 127
187 177
116 65
65 64
4 115
270 51
98 99
80 326 72
71 326 72
301 272
81 72
21 22
121 38
174 98 99
81 326 72
80 326 72
116 114
71 80 72
40 39
155 21 22
170 187
187 177
174 126
117 17
64 65
270 51
153 22
198 138
198 6
4 115
177 201
159 199
198 139
271 93
78 175
117 33
40 39
155 22
173 260
247 245
139 138
139 6
78 175
117 17 33
93 52
312 232
64 65
198 138
4 115
270 51
86 101
71 80 81 72
80 81 326 72
320 98
153 22
98 317
21 22
174 177
271 27
40 39
170 187 177
155 22
173 260
159 199
198 139 138
78 175
117 17 33
114 65
4 115
270 51
86 101
98 99
174 126
54 180
80 81 72
81 326
43 15
198 72
100 320
116 61
71 72
174 100
100 317
163 186
93 52
54 180
174 100
100 320
98 99
81 326 80 72
71 80 72
40 39
86 101
21 22
43 15
174 126
117 17 33
270 51
198 138
173 260
198 6
4 115
159 199
116 61
78 175
40 39
173 260
159 199
286 247
139 138
139 6
78 175
117 17 33
93 52
121 38
114 61
187 50
314 196
64 65
286 88
4 115
270 51
86 101
174 100 126
94 108
80 81 326 72
43 15
116 61
71 72
174 100 177
156 143
177 317
40 39
66 41
239 245
173 260
159 199
312 247
247 171
247 88
139 138 6
163 78
78 232
78 175
117 17 33
93 52
121 38
116 114 61
116 61 232
64 65
4 115
163 127
86 101
174 126
94 108
80 81
326 72
71 81 72
174 100
100 177
277 267
40 39
170 126
66 41
203 207
159 199
180 201
247 171
139 138
139 6
78 175
78 302
163 175 127
17 33
121 38
116 114 61
61 232 65
178 17
117 17
65 64
65 108
4 115
270 51
86 101
98 99
94 108
80 81 72
71 72
174 100
156 143
121 38
98 99
81 72
116 114
61 232
80 72
40 39
277 267
86 101
21 22
203 207
174 108
66 41
64 65
153 155
139 138
4 115
159 199
71 72
93 52
108 94
277 267
40 39
215 203
42 8
66 41
153 155
155 21
203 207
159 199
139 138
139 6
51 52
116 114
61 232 65
65 64
286 301
4 115
86 101
94 108
80 81 72
261 225
156 143
163 186
200 203
167 114
170 98
81 80 72
116 114
277 261 267
232 64
40 39
86 101
203 215
203 207
174 177
66 76 41
42 8
64 65
139 138
4 115
159 199
175 127
108 94
52 158
100 177
170 98
80 326 72
81 80 72
261 267
61 232 65
71 80 72
156 143
40 39
155 21
180 201
66 76 41
61 64 65
139 6
139 138
4 115
159 199
108 94
277 267
261 267
40 39
28 85
48 8
159 199
180 201
139 138
139 6
121 38
61 232
232 64
187 50
64 65
61 65
4 115
262 259
94 108
80 81 72
81 326
167 153
71 81
167 271
174 100 177
189 317
156 143
180 177
277 267
261 267
40 39
95 158
155 21
203 207
48 8
159 199
139 138
51 52
121 38
61 232 65
187 320
61 64 65
4 115
94 108
54 180
81 326
92 91
147 143
81 72
174 177
108 97
47 115
121 38
81 80 326 72
40 39
277 267
155 21
203 207
170 187
174 180
174 177
61 64
51 52
139 138
4 115
159 199
108 94
108 97
277 267
40 39
170 187
203 207
48 8
159 199
180 201
247 171
139 138
139 6
318 127
93 52
121 38
312 232
279 271
83 82
61 64
4 115
257 255
61 94
80 81 72
326 72
174 180
174 177
121 38
71 81
40 39
277 267
247 171
203 207
174 180 177
279 271
61 64
48 8
4 115
159 199
271 27
257 255
61 94
93 52
94 97
81 80 72
71 80 72
190 146
40 39
277 267
247 171
203 254
203 207
215 254
75 152
174 180
174 177
64 94
153 155
27 155
48 8
149 22
4 115
159 199
257 255
61 94
81 80 72
40 39
277 267
247 171
174 170
174 177
25 153
149 22
286 225
4 115
159 199
71 72
61 94
121 38
71 81 72
81 80 326
40 39
277 267
131 227
247 171
155 21
215 207
174 170
174 177
174 99
64 94
254 207
139 138
4 115
173 320
177 201
159 199
153 318
61 94
61 97
277 267
40 39
215 254
155 21
71 207
173 159
173 49
247 171
159 320
153 318
108 52
266 96
121 38
187 126
50 49
163 138
4 115
257 255
86 101
61 94
94 97
80 72
71 72
100 177
174 177 98
71 81 80
71 81 72
326 72
69 95
40 39
277 267
247 171
155 21
174 177
25 153
187 177
157 154
42 8
153 155
27 155
51 52
286 225
4 115
257 255
320 126
61 94
94 97
153 318
174 100
71 81 72
81 80
326 72
69 95
67 109
40 39
277 267
247 171
155 21
215 203
215 254
174 52
187 195 201
170 173
42 8
4 115
257 255
201 52
61 108
108 94 97
277 267
40 39
28 85
215 203 254
215 207
25 152
42 8
155 21
174 201
247 171
159 52
51 52
279 102
279 149
174 49
4 115
257 255
174 99
94 108 97
47 48
80 81 72
80 326
320 62
320 51
61 108 97
71 81 72
174 100
156 51
23 24
100 271
71 81 72
81 80 72
40 39
232 15
247 171
163 82
82 138
28 85
203 215 207
187 271
25 152
42 8
163 83
83 123
174 201
239 88
87 88
126 51
51 52
4 115
61 108 97
40 39
28 85
215 203 326 207
25 152
42 8
239 88
27 155
31 94
31 108
159 52
174 52
51 52
121 38
109 149
232 15
163 83
83 123
262 259
126 317
94 97
80 72
163 82
123 82
60 302
51 183
149 152
71 81 72
156 143
174 271
108 97
40 39
28 85
215 203 326
215 203 254
215 326 207
215 254 207
42 8
187 131
102 155
27 155
109 155
155 21
173 314
51 52
121 38
187 314
83 123
61 64
262 259
86 101
126 317
61 94
94 97
80 72
163 82
51 183
71 81
71 72
174 100
156 143
40 39
28 85
215 203
215 207
170 126
42 8
271 131
239 88
102 155
27 155
109 155
155 21
254 207
326 254
78 108
121 38
327 96
174 187
314 196
61 64
4 115
126 317
71 80 81 72
203 326
123 82
61 108
61 97
40 39
28 85
215 326
215 254 207
42 8
131 51
102 155
155 21
48 8
203 254
139 138
60 185
78 108
294 256
196 52
121 38
174 187
187 100
83 123
314 196
61 64
286 87
4 115
94 97
71 80
80 81
123 82
174 60
60 98
174 195
271 231
102 153
71 72
156 143
14 124
40 39
215 203
215 326
215 207
131 51
239 88
102 155
155 22
254 207
48 8
203 254
286 247
78 108
314 52
67 52
121 38
163 83
83 123
4 115
67 62
67 231
94 97
206 302
71 80
80 81
163 82
43 15
87 225
320 62
102 153
81 72
174 98
156 143
14 124
40 39
215 203 326 207
215 203 254 207
159 131
131 51
155 21
155 22
48 8
139 138
78 108
31 302
256 227
52 231
121 38
279 1
35 34
50 49
4 115
67 231
126 317
94 97
47 48
71 80 81
80 81 72
163 82
123 82
43 15
195 98
174 98
14 124
40 39
28 85
215 203 326
215 203 254
215 254 207
131 51
239 88
27 155 22
155 21 22
48 8
139 138
78 108
31 302
256 227
52 231
121 38
187 60
163 83
83 123
116 64
64 97
50 49
4 115
86 101
67 231
94 97
71 80 72
80 81 72
163 82
123 82
43 15
195 98
102 153
167 102
102 21
40 39
95 158
215 203 326
215 203 254 207
28 85
42 107
131 51
155 22
48 8
279 74
78 108
31 302
256 227
121 38
279 271
64 97
4 115
86 101
67 231
94 97
32 115
47 48
71 80
80 81
311 214
163 82
123 82
43 15
102 153
71 72
81 72
27 21 22
23 24
277 267
40 39
28 85
215 203
215 254 207
131 51
239 88
155 22
326 207
48 8
31 302
78 108
256 227
62 52
200 282
121 38
279 271
64 97
4 115
86 101
67 62
67 231
126 317
47 48
32 107
71 80
80 81
203 326
163 82
123 82
43 15
195 98
87 225
102 153
71 72
81 72
21 22
27 22
23 24
241 236
277 267
40 39
28 85
215 326
215 207
42 8
131 51
239 88
155 22
48 8
180 201
277 247
78 108
31 302
294 256
256 227
62 52
187 60
83 123
83 284
4 115
86 101
67 62 231
206 302
71 80
80 81
203 326
311 214
195 98
102 153
81 72
27 21
21 22
23 24
2 318
286 241 236
277 267
40 39
28 85
215 207
42 8
131 51
239 88
155 22
203 207
254 207
48 8
78 108
121 38
43 232
83 82
286 87
4 115
86 101
67 62 231
94 97
32 115
284 82
47 48
32 107
80 81
203 326
123 82
92 91
174 60
87 225
102 153
81 72
27 21
21 22
23 24
116 108
277 267
40 39
28 85
215 203 326
215 207
159 131 51
254 207
48 8
271 74
34 282
187 60
279 271
4 115
262 259
67 62 231
94 97
32 107
80 72
294 227
123 82
92 91
174 60
195 98
87 225
102 153
81 72
23 162
116 108
108 97
277 267
40 39
215 203
215 326
215 207
131 51
159 51
294 256
121 38
109 22
187 60
83 82
37 108
67 62
67 231
47 48
101 28
174 60
102 153
153 22
149 152
97 38
71 72
92 48
81 72
92 107
107 97
21 22
23 162
40 39
215 203 326
215 207
170 126
42 97
131 51
239 88
254 207
203 254
159 51
248 253
121 38
27 109
109 22
311 282
279 271
64 115
86 101
67 62 231
94 108 38
47 97
71 80
80 81
43 15
174 60
87 225
102 153
149 152
71 72
81 72
174 98
107 108
27 21
21 22
241 87
241 236
40 39
32 85
107 108 85
215 203 326
215 207
159 131
131 51
155 22
32 121 38
121 94
109 21 22
312 232
279 271
83 82
64 115
4 92 94
86 101
67 231
71 80
80 81
75 91
174 60
87 225
102 153
149 152
71 72
81 72
174 98
156 143
27 21 22
40 39
215 203 326
215 207
55 246
92 42
131 51
155 22
254 207
312 232
187 60
279 271
83 284
83 82
4 92 94
86 101
320 67
67 231
126 317
75 115
71 80
80 81
174 60
87 225
102 153
153 22
149 152
81 72
174 98
107 108
27 21
21 22
23 162
92 97
40 39
215 203 326
215 207
55 246
131 51
27 155
47 8
109 21
312 232
83 82
75 64
4 92
86 28
86 38
320 67
67 231
101 94 108
71 80 81
174 60
102 153
153 21
149 152
71 81 72
21 22
27 22
92 97
40 39
215 203 326
215 326 207
286 55
131 51
239 247
155 21
286 236
256 227
312 232
64 115
4 92
67 231
94 108
75 32
71 80
294 227
43 15
174 60
102 153
153 21 22
71 81
71 72
107 108
27 21 22
92 97
241 236
40 39
215 203 326
215 203 254
215 254 207
286 55
55 236
131 51
239 247
153 155 21 22
109 155
47 8
173 314
139 138
312 232
311 282
83 82
64 115
4 92
262 259
67 231
71 80
43 15
174 60
87 225
102 153
174 98
27 21 22
92 97
47 8
124 284
71 81
81 80
215 326
203 326
40 39
286 241
109 155
312 232
153 155 21
155 21 22
215 207
174 60
102 153
286 55
55 236
83 284
173 314
87 225
254 207
67 231
139 138
262 259
14 124
124 247
40 39
61 85
215 326
215 254 207
286 55
55 225
153 155 22
27 155 21
155 21 22
203 254 207
139 138
153 109
312 232
146 169
286 87
262 259
67 62 231
94 108
71 80 81
80 72
203 326
43 312
195 98
174 60
102 153
167 22
92 97
81 72
203 326
215 326
195 98
71 80
80 72
67 62 231
40 39
277 267
312 232
27 21
155 21 22
83 82
203 254
203 207
215 254
215 207
174 60
102 153
286 55
55 236
139 138
262 259
92 97
47 8
81 72
203 326 207
215 326 207
174 98
195 98
109 21
67 62 231
71 80 72
119 275
40 39
27 155 21
83 232
174 60
286 55
55 87
102 153
87 225
153 155
139 138
262 259
92 97
56 88
247 56
14 124
277 267
119 275
40 39
215 203 326
215 203 207
286 55
55 246 247
153 155 21
155 21 22
254 207
47 8
199 256
139 138
213 256
35 227
67 62
67 231
71 80 81
80 72
195 98
174 60
102 153
174 98
27 21 22
92 97
14 124
277 267
40 39
215 326
215 207
55 246 247
42 297
153 155
155 21 22
203 207
47 8
139 138
153 318
153 109
279 271
135 56
64 115
13 259
67 231
71 80
80 72
203 326
195 98
174 60
62 231
102 153
92 97
40 39
215 203 326
215 203 207
286 55
47 42
155 21
47 8
48 8
135 247
246 247
139 138
153 318
153 109
135 56
13 259
67 231
123 284
80 81
311 214
195 98
174 60
297 244
62 231
102 153
21 22
92 97
47 42
47 48 8
81 80
81 72
203 215 326
297 244
246 247
214 282
40 39
62 231
27 21
155 21
21 22
203 215 207
215 254 207
187 60
174 60
102 153
135 247
135 56
286 55
67 231
139 138
92 97
163 78
241 236
40 39
215 203 326
215 203 207
286 55
47 42
42 8
181 233
109 155
155 21 22
254 207
48 8
176 209
139 138
87 236
153 109
187 60
135 56
67 231
80 81 72
174 60
87 225
297 244
102 153
71 72
92 97
47 42
47 8
167 153
81 80
81 72
311 282
297 244
246 247
203 326
215 326
153 109
40 39
71 80
153 21
21 22
203 207
215 207
174 60
102 153
135 56
87 225
67 231
139 138
238 247
71 72
14 124
261 267
40 39
215 203 207
170 126
254 207
47 8
176 209
238 247
247 82
139 138
252 87
311 282
135 56
67 231
80 81
195 98
174 60
87 225
297 244
238 246
153 21
71 72
100 98
81 72
156 143
277 267
261 267
40 39
215 203 254
215 203 207
286 55
47 42
47 8
135 247
246 247
139 138
271 52
266 284
153 109
109 21
83 82
67 62 231
80 81
80 72
311 214
203 326
43 15
174 60
87 225
320 196
238 246
71 81
21 22
47 42
47 8
71 81 80
71 81 72
203 326
40 39
277 267
67 62 231
27 21
21 22
203 215 207
215 254 207
187 60
279 271
135 56
131 51
43 15
87 88
225 88
139 138
47 8
71 80
80 81
203 326
40 39
277 267
67 62 231
27 21 22
203 215 207
215 254 207
279 271
153 22
139 138
71 72
71 81 80
81 72
215 326 254
311 282
40 39
67 62 231
277 267
109 22
21 22
203 215 207
215 254 207
279 271
180 51
102 153
286 55
131 51
153 22
139 138
286 236
80 81
215 326
246 87
153 109
109 22
67 62 231
40 39
277 267
153 21
21 22
82 284
203 215 254 207
279 271
170 126
286 55
131 51
87 236
139 138
286 236
97 8
47 48
71 81
81 80
81 72
215 326 207
195 98
40 39
277 267
153 21
21 22
203 215 254 207
187 60
279 271
170 126
159 131
131 51
43 15
67 231
139 138
262 13
48 8
97 8
13 259
238 261
47 48 8
71 81 72
81 80 72
203 215 326
40 39
67 62 231
62 52
277 267
153 21
203 215 254 207
170 126
43 15
131 51
261 239
97 8
159 51
139 138
262 13
56 88
47 48
266 284
71 81 72
81 80 72
203 326
153 109
67 62 231
67 62 52
40 39
312 232
153 21
203 207
215 254 207
43 15
159 131 51
261 239
48 8
97 8
139 138
56 88
13 259
241 236
277 267
40 39
215 203 326
215 203 207
215 254 207
170 126
261 239
48 8
139 138
159 51
27 318
67 62 52 231
266 284
312 232
135 88
13 259
262 13
47 48
80 81 72
311 214
71 81 72
21 22
27 22
56 88
2 22
203 215 326 207
71 81 80 72
241 236
67 62 231
62 231 52
40 39
277 267
21 22
203 215 254 207
170 126
102 153
43 15
131 51
153 22
318 22
139 138
97 8
71 81 80 72
326 207
241 236
62 52
35 227
40 39
21 22
215 203
215 207
43 15
131 51
254 207
153 22
67 231 52
139 138
97 8
238 261
71 81 72
81 80 72
246 247
109 318
62 52
203 326
2 318
40 39
155 21
21 22
203 215
215 207
131 51
254 207
159 51
153 22
67 231 52
139 138
71 81 72
81 80 72
203 215 326 207
40 39
67 62 231 52
155 21 22
203 215 254 207
102 153
159 51
201 51
153 22
318 22
139 138
71 81 80 72
215 326 207
40 39
67 62 231 52
153 21
155 21
318 21
203 215 254 207
43 15
201 51
97 8
139 138
71 81 72
81 80 72
215 326
241 236
67 62 231 52
40 39
153 21
215 203
215 207
131 51
27 155 22
254 207
201 51
153 22
139 138
286 236
97 8
173 317
317 126
71 81 72
81 80 72
297 244
40 39
67 62 231 52
155 21
215 203
215 207
102 153 22
131 51
254 207
139 138
97 8
173 317
13 259
71 81 72
215 326
297 244
40 39
155 21
203 215 207
174 60
131 51
155 22
67 231 52
139 138
173 317
13 259
71 81 72
81 80 72
203 215 326
40 39
67 62 52
35 227
203 215 207
187 60
174 60
102 153
153 155
155 22
159 51
27 22
67 231 52
139 138
173 317
13 259
174 1
80 72
215 326 207
40 39
174 60
187 60
155 318
155 22
67 231
139 138
56 88
277 245
317 126
71 72
224 20
67 52
174 1
213 199
71 80
80 72
215 326
156 143
40 39
215 203
215 207
174 60
187 60
254 207
153 22
67 231
139 138
198 139
317 126
277 245
67 52
67 52
266 284
174 1
252 110
71 80 72
203 215 326
40 39
153 155 21
155 21 22
203 215 207
187 60
174 60
60 201
155 318 22
27 22
67 231
139 138
286 236
13 259
277 245
48 97
266 284
213 199
195 98
80 72
203 326
40 39
155 21
203 207
215 207
187 60
174 60
60 201
102 153
131 51
155 22
67 231 52
139 138
13 259
277 245
67 52 231
266 284
174 1
71 80 72
203 215 326 207
246 247
40 39
67 62 231
35 227
174 60
60 201
102 153
131 51
139 138
13 259
277 245
266 284
80 72
215 203 326
215 326 207
297 244
174 98
67 62
40 39
60 201
102 153
131 51
67 231 52
139 138
13 259
277 245
153 318
195 98
203 215 326
226 218
297 244
67 62
71 80
80 72
40 39
203 215 207
170 126
102 153
131 51
67 231 52
139 138
277 245
116 61
80 72
203 215 326
297 244
246 241
246 87
246 247
67 62
40 39
203 215 207
60 201
102 153
147 251
131 51
67 231
231 52
139 138
116 61
277 245
80 72
203 215 326 207
147 297
246 241
67 62
40 39
60 201
102 153
67 231
231 52
139 138
13 259
277 245
317 126
61 97
224 20
266 284
80 72
203 215 326
297 244
246 87
67 62
40 39
203 215 207
203 254
60 201
48 8
97 8
67 231
231 52
139 138
56 88
92 97
277 245
317 126
124 123
40 39
215 203 326
215 203 207
131 51
48 8
97 8
60 201
139 138
67 52 231
266 284
312 232
35 227
13 259
67 62 231
126 317
71 80
80 72
174 60
147 297
297 244
174 98
56 88
277 245
266 284
71 80
80 72
203 215 326
147 297
297 244
102 109
109 318
40 39
312 232
203 215 207
174 60
60 201
131 51
67 231
139 138
262 259
173 317
277 245
317 126
67 52
266 284
71 80
80 72
203 215 326
147 297
286 241
241 236
174 98
40 39
312 232
203 215 207
174 60
27 22
67 231 52
139 138
6 90
277 245
266 284
195 98
203 215 326
101 85
241 236
71 80
80 72
40 39
312 232
203 215 207
174 60
131 51
254 207
159 51
27 22
67 231 52
139 138
97 8
277 245
224 20
47 97
71 80
80 72
203 215 326 254
147 297
297 244
241 236
40 39
312 232
203 215 254 207
279 271
286 55
27 22
67 231
139 138
97 8
173 317
277 245
317 126
14 124
195 98
215 203 326
147 297
241 236
71 80
80 72
40 39
215 207
254 207
48 8
97 8
27 22
67 231 52
56 88
173 317
277 245
317 126
149 152
47 97
195 98
215 203 326
147 297
297 244
71 80
80 72
71 81
40 39
312 232
215 254 207
279 271
286 55
131 51
67 231
231 52
139 138
48 8
97 8
277 245
195 98
203 215 326 207
147 297
297 244
241 236
62 52
40 39
71 80
215 254 207
187 60
286 55
97 8
67 231
139 138
262 13
56 88
277 245
195 98
215 203 326
71 81
40 39
71 80
215 203 254
215 254 207
187 60
286 55
159 51
97 8
67 231
231 52
139 138
277 245
195 98
203 326
326 207
147 297
71 80
80 72
62 52
71 81
40 39
215 203
215 254 207
187 60
251 244
27 22
139 138
97 8
56 88
231 52
277 245
67 52
71 81
81 72
195 98
147 297
71 80
80 72
67 62
62 231
40 39
215 203
215 254 207
187 60
97 8
27 22
139 138
56 88
277 245
320 67
266 284
71 81
81 80 72
203 215 326 207
147 297
195 98
67 62 231
40 39
203 215 254 207
187 60
139 138
56 88
277 245
71 81 72
203 326 207
40 39
67 62 231
62 52
203 215 254
203 215 207
187 60
131 51
163 186
318 22
97 8
56 88
277 245
71 81 80
81 72
203 215 326 207
174 98
40 39
67 62 231
62 52
203 215 254 207
131 51
159 51
97 8
139 138
56 88
277 245
200 294
71 81
81 80 72
203 215 326 207
195 98
67 62 231
62 52
40 39
94 21
203 215 254 207
131 51
139 138
56 88
277 245
108 94
200 296
71 81
81 80 72
215 203 326
215 326 207
195 98
67 62 231
107 108 94
40 39
312 232
155 21
215 254
48 8
139 138
277 245
47 97
71 81
81 80 72
203 215 326
195 98
67 62 231
107 94
40 39
203 215 207
215 254
174 60
147 244
97 8
139 138
277 245
108 94
47 97
81 72
195 98
80 72
203 326
67 62 231
62 52
107 94
40 39
203 215 207
215 254 207
187 60
174 60
139 138
277 245
108 94
195 98
203 326
40 39
71 80
67 62 231
62 52
107 94
203 215 207
215 254
174 60
139 138
56 88
277 245
163 94
108 94
14 124
124 123
174 98
195 98
215 326 207
40 39
71 80
67 62 231
215 203
131 51
186 94
139 138
56 88
277 245
108 94
14 124
195 98
215 203 326
40 39
71 80
67 62 231
215 207
131 51
97 8
139 138
56 88
277 245
108 94
167 155 21
71 81 80
81 72
311 282
215 326
195 98
67 62 231
40 39
215 203
215 207
131 51
97 8
139 138
56 88
277 245
108 94
167 155 21
71 81
81 80
81 72
215 203 326
174 98
40 39
67 62 231
62 52
174 60
174 195
187 60
131 51
48 8
97 8
139 138
56 88
277 245
108 94
81 80
81 72
203 326
326 207
174 98
116 16
67 62 231
40 39
71 80
155 21
203 215
174 60
131 51
139 138
56 88
277 245
108 94
47 97
71 81
81 72
215 326 207
195 98
40 39
67 62 231
71 80
312 232
155 21
215 203
174 60
174 1
163 186
139 138
56 88
277 245
48 97
108 94
47 97
71 81 80
81 72
203 326 207
174 98
40 39
92 107
203 215 254
203 215 207
174 60
174 195
174 1
159 51
67 231
139 138
56 88
277 245
167 21
71 81 80
81 72
101 107 94
203 326 207
210 8
92 107
107 108
62 52
174 98
40 39
203 215 254
203 215 207
187 60
174 60
67 231
56 88
277 245
320 67
167 21
174 195 98
203 326
326 207
101 8
71 81 80
92 107
107 94
107 8
35 227
40 39
215 203 254
215 207
187 60
174 60
60 201
67 231
139 138
56 88
277 245
320 67
108 94
14 124
71 81 80
81 72
203 326 207
174 195 98
40 39
107 94
35 227
203 215 207
174 60
187 60
97 8
67 231
139 138
56 88
277 245
48 94
48 97
14 124
71 81 80
81 72
203 326 207
210 101
40 39
35 227
203 215 207
187 60
60 201
147 251
97 8
67 231
139 138
56 88
277 245
48 108
14 124
81 80
81 72
203 326 207
174 98
195 98
210 101
40 39
107 108
203 215 207
187 60
97 8
67 231
139 138
56 88
277 245
48 97
14 124
71 81 80
81 80 72
203 215 326
2 21
312 232
174 98
195 98
210 101
40 39
203 215 207
187 60
174 60
279 271
147 251
48 8
97 8
67 231
139 138
56 88
277 245
14 124
195 98
203 326
215 326
210 101
40 39
203 207
215 207
187 60
147 251
286 55
131 51
48 8
97 8
67 231
139 138
56 88
277 245
14 124
71 81
81 72
203 326 207
215 326 207
195 98
163 101 186
101 210
40 39
155 21
187 60
174 60
286 55
97 8
67 231
139 138
56 88
277 245
116 61
14 124
71 81 72
203 215 326
195 98
40 39
35 227
203 215 207
187 60
174 60
131 51
163 186
254 207
97 8
67 231
139 138
56 88
277 245
81 72
203 215 326 207
297 244
78 101 210
195 98
311 214
71 80 72
40 39
187 60
174 60
131 51
254 207
67 231
139 138
97 8
56 88
277 245
71 81 72
203 215 326
78 101 210
195 98
311 214
80 72
40 39
203 215 207
131 51
163 186
254 207
67 231
139 138
56 88
277 245
81 72
311 214
71 80 72
174 98
203 326
78 210
40 39
203 215
203 207
174 60
187 60
131 51
163 186
254 207
97 8
67 231
139 138
277 245
81 72
203 326
40 39
203 215
174 60
131 51
163 186
67 231
139 138
56 88
277 245
71 81 72
40 39
297 244
174 60
131 51
163 186
67 231
139 138
173 126
277 245
108 94
98 99
71 81 72
80 72
40 39
174 60
131 51
97 8
67 231
139 138
56 88
277 245
98 99
71 81
81 72
311 214
71 80
80 72
203 326
40 39
203 215
174 60
187 60
131 51
97 8
67 231
139 138
56 88
277 245
124 123
71 81 72
311 214
71 80 72
67 62
40 39
215 254
174 60
187 60
131 51
254 207
67 231
139 138
277 245
67 52
81 72
215 326
297 244
311 214
67 62 231
71 80
80 72
40 39
174 60
314 320
131 51
139 138
277 245
67 52
167 21
81 72
311 214
297 244
40 39
215 254
174 60
187 60
131 51
97 8
67 231
139 138
277 245
71 72
167 21
124 123
71 81
81 72
311 214
147 297
203 326
40 39
215 203
215 254
131 51
254 207
97 8
67 231
139 138
277 245
167 21
71 81
81 72
311 214
246 247
67 62
35 227
40 39
197 230
215 203
215 254
174 60
187 60
131 51
97 8
67 231
139 138
277 245
167 21
71 81
81 72
215 326
297 244
311 214
67 62
107 94
40 39
155 21
215 203 254
187 60
174 60
131 51
155 22
254 207
67 231
139 138
97 8
56 88
92 97
277 245
124 123
81 72
311 214
297 244
67 62 231
40 39
155 21
203 215
131 51
254 207
139 138
56 88
92 61
277 245
71 72
61 94
47 92
80 81
80 72
326 254
311 214
67 62
174 98
40 39
155 21
203 215
203 254
170 126
174 60
174 195
131 51
67 231
139 138
56 88
92 97
277 245
71 72
108 94
167 155
215 326
40 39
102 109
215 203
187 60
131 51
254 207
92 8
97 8
67 231
139 138
56 88
277 245
61 94
108 94
167 155
203 326
40 39
203 215
174 195
187 60
254 207
92 97 8
67 231
139 138
56 88
277 245
167 155
124 123
174 98
215 203 326
40 39
155 21
174 60
92 97 8
67 231
277 245
47 92
167 155
124 123
203 326
40 39
203 215
131 51
92 8
67 231
139 138
56 88
92 97
277 245
124 123
71 81
81 72
203 326
40 39
67 62
107 94
155 21
203 215
163 186
92 8
67 231
139 138
262 13
56 88
92 97
277 245
320 67
167 155
124 123
71 81
81 72
215 203 326
40 39
67 62
155 21
254 207
92 8
67 231
231 52
139 138
56 88
92 97
277 245
320 67
47 92
124 123
81 72
203 326
40 39
62 231 52
155 21
215 254
203 254
187 60
60 231
131 51
92 8
67 231 52
92 97
277 245
124 123
71 81
81 72
215 203 326
40 39
67 62 52
155 21
215 203 254
187 60
174 60
131 51
254 207
92 8
67 231 52
92 97
277 245
320 67
124 123
174 98
203 326
71 81
40 39
67 62
62 52
312 232
155 21
215 203
215 254
187 60
131 51
92 8
198 138
139 138
67 231
92 97
277 245
124 123
81 72
203 215 326
147 297
174 98
67 62
107 94
40 39
203 207
174 60
60 231
254 207
92 8
67 231
277 245
108 94
124 123
71 81 80
81 80 72
195 98
147 297
67 62 231
62 52
107 94
40 39
203 215
155 22
254 207
92 8
175 138
92 97
277 245
71 81 72
81 80
40 39
67 62 231
21 22
215 203
215 254
174 60
174 1
155 22
48 8
97 8
92 97
277 245
163 175
47 92
71 81 72
81 80
203 326
40 39
62 231
155 21 22
215 203
215 254
174 1
60 231
254 207
92 8
48 8
67 231
277 245
71 81 80
81 72
203 326
40 39
241 236
67 62 231
155 21
203 215
60 231
92 42
254 207
176 209
4 176
277 245
78 79
47 92 97
71 80 72
80 81
40 39
147 297
241 236
67 62 231
203 215
203 254
60 231
155 22
254 207
92 8
198 138
78 79
47 97
174 98
98 99
81 72
80 72
241 236
67 62 231
40 39
155 21
203 215
174 60
174 1
60 231
254 207
92 97 8
198 139 138
277 245
71 72
149 152
78 79
47 92
71 81 80 72
203 326 254
241 236
67 62 231
40 39
155 21
318 21
215 203 254
187 60
174 60
60 231
132 78
147 251
92 8
176 209
262 13
139 138
277 245
149 152
78 79
47 48
167 22
234 296
71 81
81 80
81 72
174 98
248 256
241 236
67 62 231
203 326
40 39
155 21
215 254
132 309
132 79
187 60
174 60
176 209
262 13
277 245
149 152
175 176
78 79
124 123
71 81
81 72
203 326
326 254
248 256
174 98
67 62 231
40 39
155 21
215 203
215 254
132 78
187 60
174 60
131 51
262 13
277 245
149 152
78 79
71 81
81 80
81 72
203 326
326 254
174 98
241 236
67 62 231
62 231 52
40 39
132 78 79
187 60
174 60
4 42
131 51
156 183
277 245
149 152
200 227
47 4 42
213 199
174 98
98 99
71 81
81 80
81 72
203 326
241 236
62 231 52
40 39
203 215
203 254
174 60
187 60
131 51
67 231 52
178 176 209
271 52
317 126
277 245
149 152
78 79
14 124
40 39
215 203
155 21
97 8
178 209
213 199
203 254
139 138
78 79
271 67 52
67 52 231
200 227
187 60
4 47
67 62
98 99
80 81 72
203 326
174 60
147 251
149 152
71 81
167 22
174 98
251 297
277 245
104 105
98 99
71 81
81 80 72
215 203 326
40 39
102 109
182 209
155 21
203 254
174 60
147 251
67 231 52
262 13
277 245
317 126
149 152
78 79
47 48
98 99
80 72
251 297
203 326
40 39
203 215
203 254
174 60
187 60
131 51
104 149
67 231
178 209
78 220
317 126
277 245
149 152
78 79
163 175
47 4
167 22
174 98
98 99
215 203 326
71 81
40 39
71 80
174 60
187 60
147 251
131 51
67 231
78 220
317 126
320 67
149 152
78 79
47 4
98 99
215 203 326
80 72
40 39
107 94
168 158
170 126
174 60
131 51
97 8
67 231
277 245
78 220
149 152
78 79
256 253
98 99
71 81
81 80 72
203 326
215 326
40 39
168 158
203 207
174 60
4 42
92 8
67 231
277 245
78 220
78 79
47 4
167 22
71 81
81 80 72
174 98
195 98
203 326
67 62 231
40 39
102 109
151 223
21 22
168 158
203 215
174 60
131 51
155 22
56 88
168 95
78 79
256 253
40 39
168 158
215 203
151 223
131 51
155 22
97 8
213 296
163 209
186 209
175 209
246 247
168 95
78 79
187 60
4 47
132 220
67 62 231
203 326
195 98
149 152
81 72
56 88
277 245
213 296
71 81
81 80 72
246 247
174 98
67 62 231
107 94
221 210
151 223
21 22
40 39
321 39
4 42
155 22
56 88
277 245
168 95
78 79
213 296
71 80
80 72
221 210
215 203 326
241 236
109 22
40 39
71 81
81 72
151 223
174 98
61 16
67 62 231
174 60
107 94
155 21 22
131 51
56 88
168 95
78 79
71 81
81 72
215 203 326
195 98
241 236
67 62
62 52
80 72
40 39
61 16
155 21
21 22
168 158
26 75
187 60
203 254
131 51
155 318
67 231
56 88
221 210
40 39
168 158
215 203
151 223
131 51
155 318 21
155 22
213 199
168 95
78 79
26 75
187 60
4 47
67 62
67 231
243 105
80 72
203 326
174 60
243 104
104 149
61 16
71 81
81 72
56 88
277 245
47 4
47 92
71 81
81 72
203 326
40 39
61 16
67 62
318 21
21 22
168 158
26 75
203 215
187 60
60 231
180 51
131 51
186 209
243 104
155 22
67 231
243 105
92 97
277 245
78 79
47 4
213 199
80 72
215 203 326
71 81
40 39
67 62
61 16
75 223
318 21
21 22
168 158
215 203 254
174 60
60 231
131 51
243 104
104 149
155 22
67 231
97 8
277 245
220 79
168 95
78 79
221 210
40 321 39
168 158
215 203 326
215 203 254
131 51
155 22
97 8
213 199
78 79
318 21
109 22
75 223
311 282
23 146
67 62
67 231
126 317
107 94
243 105
47 92
71 80 81
80 81 72
147 297
104 149
104 152
320 51
61 16
107 108
21 22
277 245
221 210
40 39
168 158
215 203
75 151
131 51
155 22
47 97 8
61 209
78 79
163 175
102 109
75 223
311 282
23 146
67 62
67 231
126 317
47 48
80 81 72
203 326
41 91
174 60
60 231
104 149
320 51
61 16
71 81
174 98
251 297
21 22
180 51
92 97
277 245
14 124
221 210
40 39
168 158
215 203
215 326
131 51
92 8
97 8
163 209
186 209
198 139
139 138
78 79
318 21
102 109
75 223
311 282
67 62
67 231
126 317
61 94
47 92
80 81 72
41 91
174 60
104 149
71 81
107 108
21 22
277 245
14 124
221 210
220 210
40 39
168 158
215 203
215 326
151 223
131 51
155 21 22
97 8
78 79
318 21
102 109
75 223
311 282
67 231
107 94
71 80 81
80 81 72
174 60
174 98
107 108
56 88
92 97
277 245
174 1
71 81
81 72
311 282
215 203 326
71 80
80 72
67 62 231 52
174 98
40 39
107 108
155 21 22
318 21
168 158
60 231
131 51
92 97
277 245
116 61
168 95
78 79
124 123
221 210
40 39
168 158
215 203
151 223
131 51
155 21 22
168 95
318 21
67 52 231
311 282
23 146
286 246
126 317
80 72
203 326
167 153
71 81 72
107 108
163 186
92 97
277 245
124 123
40 39
168 158
215 203
151 223
131 51
261 239
155 21
155 22
203 207
97 8
168 95
198 139
318 21
67 52 231
26 75
286 246
4 47
126 317
71 80
80 72
203 326
41 91
243 104
87 88
167 153
116 38
71 81
81 72
107 108
277 245
124 123
40 39
215 203 326
131 51
155 318 21
155 22
203 207
139 138
67 52 231
311 282
23 146
4 47
221 220
67 62
126 317
174 1
80 72
41 91
195 98
174 60
243 104
167 153
277 245
174 1
47 4
167 153
80 72
311 282
215 203 326
40 39
62 231
41 91
174 60
4 42
286 55
155 318
155 22
94 8
67 231 52
139 138
277 245
198 139
317 126
168 95
78 79
124 123
40 39
168 158
215 203 326
47 42
155 318
155 21
155 22
203 207
203 254
139 138
78 79
67 62 52 231
311 282
26 75
23 146
4 47 92
221 220
126 317
80 72
41 91
174 60
243 104
116 61
277 245
124 123
215 203 326
215 203 207
151 223
131 51
155 318
155 22
97 8
203 254
78 79
318 21
311 282
4 47
132 220
67 62 231
126 317
41 91
132 221
174 60
147 297
243 104
104 152
116 61
107 108
92 97
215 203 326
215 254
215 207
151 223
131 51
155 318 21
155 21 22
92 48 8
92 97 8
198 139
139 138
78 79
4 47
4 92
67 62 231
47 97
80 72
41 91
174 60
147 297
243 104
116 61
107 108
277 245
47 4
47 97
47 8
80 72
220 210
174 98
203 326
67 62
318 21
215 203
215 254
174 60
174 1
155 318
92 48 8
4 92
277 245
317 126
198 139
47 4
47 97
203 326
67 62
59 188
75 223
41 91
215 203 254
187 60
174 60
174 1
286 55
155 318
155 22
48 8
277 245
116 61
317 126
198 139
78 79
215 203 326
215 254
286 55
42 97
151 223
261 239
155 22
48 8
97 8
198 139
139 138
78 79
187 60
279 271
4 47
257 255
67 62 231
126 317
47 97
80 72
41 91
174 60
243 104
116 61
153 22
92 48
277 245
14 124
215 203
215 326
215 254
286 55
151 223
261 239
155 318
155 22
246 247
198 139
187 60
279 271
43 83
4 47
75 263
67 62 231
126 317
47 92 97
41 91
174 60
116 61
92 48
174 98
277 245
47 4
246 247
67 62 231
75 223
151 223
41 91
203 215
174 60
187 60
42 97
75 263
279 271
286 55
261 239
155 318
243 105
277 245
116 61
198 139
167 2
168 158
215 203
286 55
4 42
155 22
59 184
59 260
246 247
198 139
318 21
75 223
279 271
4 47
126 317
320 67
243 105
41 91
174 60
60 98
116 61
153 22
71 72
107 108
92 108
168 158
215 203
215 326
286 55
55 87
4 42
261 239
155 22
59 184
59 260
139 138
67 52
52 231
4 47
4 92
4 94
75 263
320 67
126 317
243 105
71 80
41 91
174 60 98
107 108
56 88
67 52
52 231
47 42
47 94
107 108
80 72
174 98
318 21
21 22
41 91
168 158
203 215
75 263
261 239
59 184
155 22
139 138
56 88
4 94
277 245
116 61
317 126
198 139
167 153
81 72
80 72
174 98
203 326
155 21
41 91
168 158
203 215
174 60
75 263
131 51
59 184
155 22
139 138
56 88
231 52
4 94
116 61
317 126
71 72
14 124
168 158
215 203 326
4 42
47 42
151 223
155 21 22
59 184
246 247
139 138
318 21
52 231
75 223
187 60
4 94
320 67
47 94
243 105
71 80
80 72
41 91
174 60
243 104
116 61
167 153
56 88
277 245
14 124
168 158
215 203 326
151 223
131 51
155 21 22
246 247
139 138
318 21
67 52
52 231
75 223
187 60
4 94
75 263
67 62
126 317
243 105
41 91
174 60
60 98
62 231
116 61
71 72
56 88
92 97
277 245
213 199
81 72
311 282
246 247
215 326
67 62
62 231
71 80 72
318 21
41 91
215 203
174 60
75 263
155 318
155 22
139 138
231 52
56 88
92 97
116 61
221 220
277 245
67 52
47 4
71 81 72
81 80
311 282
215 326
195 98
67 62
62 231
41 91
215 203
168 158
75 263
203 254
155 22
139 138
56 88
92 97
277 245
116 61
47 4
167 155
81 80
81 72
215 203 326
71 80
67 62
62 231
75 223
155 21
41 91
168 158
75 263
132 221
155 22
48 8
97 8
139 138
56 88
277 245
71 72
192 175
163 175
168 158
215 203
215 326
75 151
167 155
155 318
155 22
48 8
203 254
139 138
78 79
163 175
192 175
318 21
75 223
187 60
4 47
132 220
67 62
71 80 81 72
188 184
132 221
104 149
62 231
116 61
167 153
56 88
92 97
277 245
168 158
215 203
215 326
75 151
47 42
131 51
59 184
155 318
155 21
92 8
139 138
78 79
67 52
200 227
187 60
4 47
75 263
67 62
126 317
94 108
77 186
80 81 72
41 91
62 231
167 153
71 81
92 48
92 97
277 245
47 4
167 155
71 81 80
71 81 72
215 326
203 326
67 62
62 231
75 223
151 223
41 91
168 158
4 42
131 51
261 239
92 48 8
92 97 8
139 138
56 88
4 92
277 245
317 126
78 79
220 210
168 158
215 203 326
47 42
42 48
151 223
131 51
167 155
155 318
323 304
78 79
311 282
4 47
4 48
75 263
67 62
126 317
243 105
174 1
71 80 81
174 60
104 149
92 48
81 72
56 88
277 245
14 124
220 210
168 158
215 203 326
131 51
59 188
59 184
323 304
78 79
62 52
75 223
311 282
187 60
4 47
4 92
67 62 231
126 317
243 105
174 1
77 186
80 81
41 91
174 60 98
243 104
104 149
71 81 72
92 48
277 245
220 210
168 158
215 203
215 326 254
215 254 207
131 51
47 48 8
323 304
78 79
318 21
62 52
311 282
4 47
75 263
67 62 231
126 317
243 105
149 105
41 91
195 98
104 149
167 103
167 21
81 72
277 245
47 42
47 48 8
47 97
80 72
220 210
71 81
323 304
67 62 231
62 52
75 223
168 158
203 207
131 51
104 149
261 239
92 8
139 138
221 220
103 153
71 72
317 126
78 79
277 245
168 158
75 151
131 51
155 21
203 207
47 97 8
77 209
323 304
139 138
78 79
62 52
311 282
221 220
67 62
67 231
126 317
243 105
174 1
47 48
163 77
77 186
188 184
41 91
174 195
104 149
167 103
103 22
277 245
168 158
286 55
131 51
261 239
203 207
47 97 8
77 209
176 209
139 138
78 79
62 52
311 282
221 220
192 186
67 62
67 231
126 317
243 105
71 80
188 184
174 60
174 195
104 149
116 61
167 21
21 22
277 245
95 158
215 203
131 51
207 296
47 97 8
77 209
176 209
139 138
175 176
78 79
200 203
221 220
77 192
67 62 231
126 317
188 184
41 91
147 297
104 149
116 61
251 297
21 22
56 88
277 245
47 42
167 22
199 326
147 297
251 297
311 282
67 62 231
151 223
203 215
170 126
174 60
174 1
132 220
176 209
139 138
56 88
199 256
116 61
221 220
277 245
78 79
195 98
220 210
101 161
67 62 231
203 294
174 60
132 220
159 131
176 209
139 138
56 88
243 105
221 220
116 61
175 176
78 79
67 52
167 153
167 22
195 98
220 210
156 143
67 62 52
174 60
131 51
104 149
67 231
175 209
176 209
139 138
56 88
221 220
271 52
116 61
78 79
277 245
119 275
170 126
151 22
155 318
97 8
213 296
175 209
176 209
201 51
34 254
139 138
318 21
62 52
196 52
200 203
279 271
221 220
320 67
67 231
94 108
163 77
101 161
195 98
174 60
62 231
116 61
167 22
156 143
163 186
56 88
277 245
97 8
175 209
213 296
201 51
198 139 138
175 176
67 52
62 52
279 271
221 220
327 169
67 231
126 51
94 108
50 60
77 186
41 91
174 60
62 231
116 61
72 184
156 143
163 186
56 88
277 245
193 30
131 51
81 155
213 207
213 296
175 176 209
201 49
198 139
139 138
132 78
177 256
81 318
67 52
125 53
60 49
195 49
327 169
67 231
60 180
116 61
81 153
156 143
163 186
56 88
177 271
277 245
170 173
286 55
26 151
193 30
131 51
80 155 21
213 207 296
59 188
175 209
176 209
139 138
132 78
213 234
102 109
125 53
23 146
174 49
195 49
98 49
221 220
126 67
126 51
67 183
98 99
80 81
213 326
188 260
41 91
132 79
147 251
147 297
116 61
167 153 22
72 184
156 143
21 22
161 108
156 51
56 88
277 245
215 213 326
170 173
26 151
80 155 21
59 188
213 207
48 8
77 209
60 201
246 247
139 138
256 223
318 21
187 51
279 94
314 51
23 146
98 49
132 220
221 220
98 126
126 51
54 67
67 183
80 81
177 188
41 91
51 231
167 103 153 22
116 61
72 184
102 81
180 98
72 304
56 88
277 245
215 213
286 55
47 42
193 175
60 131
155 21
155 22
213 207 296
59 188
213 326 296
173 126
156 201
246 247
139 138
175 30
318 21
256 223
327 96
187 67
314 51
320 49
161 138
221 220
100 126
98 126
126 51
180 67
243 105
163 77
71 80 81
177 188
167 75
174 60
103 22
116 61
71 167
72 184
189 53
102 81
72 304
56 88
277 245
47 42
103 155
155 21
155 22
207 296
59 188
97 8
213 326 296
167 74
294 254 256
246 247
198 139 138
78 79
194 126
256 223
200 248
187 49
125 49
180 49
198 161 138
221 220
100 126
126 51
92 94
80 21
177 188
174 60
103 81
116 61
167 153
72 184
167 22
189 53
102 81
271 22
56 88
277 245
170 126
25 74
47 42
155 21
213 326 207
326 207 296
97 8
173 98
81 74
254 256 223
198 139
139 138
159 98
159 51
194 184
294 256
213 234
279 271
63 125
125 49
49 231
161 138
132 220
221 220
177 126
92 94
163 77
60 98
60 51
180 231
167 103
103 81
198 161
116 61
72 184
102 81
271 22
56 88
277 245
47 42
193 30
173 98 59
195 59
74 155
109 155 21
213 326 207
48 8
97 8
213 296
199 147
254 223
60 185
198 139
139 138
256 223
318 21
128 109
102 109
26 271
26 22
279 75
63 125
125 49
23 146
161 138
221 220
126 188
77 186
75 80
102 80 103 81
75 152
147 297
167 103
116 61
177 98
191 161
277 245
148 297
170 177
47 42
193 175 30
131 22
271 155
74 155
207 296
173 59
48 8
74 153
139 138
256 223
234 326
279 109
109 21
26 279
279 271
63 125
125 49
174 126
126 188
163 77
80 103
80 81
147 297
102 103
189 320
116 61
81 152
21 22
174 177
191 161
277 245
170 177
286 55
47 42
163 193
131 153
131 155
26 155
74 155
173 59
195 59
97 8
213 296
246 247
139 138
185 49
78 79
159 51
31 302
93 52
75 109
63 125
23 146
174 126
100 126
163 77
75 152
102 103
116 61
21 22
174 317
191 161
56 88
277 245
206 302
213 234
177 98
71 80
80 81
26 74
23 146
87 247
159 51
48 8
139 138
56 88
277 245
116 61
78 79
175 176
93 52
215 256
170 174
75 151
193 176
195 59
30 209
254 296
60 185
139 138
206 31
78 79
175 182
175 30
200 227
279 75
43 83
174 126
243 105
163 77
80 81
177 188
171 184
75 22
116 61
97 302
174 100
277 245
215 256
286 55
193 175 176
195 59
97 8
175 209
254 296
60 185
139 138
163 78 77
78 77 79
175 182
311 282
187 49
63 125
125 302
43 83
206 302
177 188
171 184
75 22
60 320
116 61
174 98
277 245
47 302
100 72
163 77
246 247
175 182
215 199
279 151
180 125
75 22
187 49 231
254 296
139 138
97 8
175 209
116 61
277 245
163 78
279 151
47 42
97 8
254 296
173 100
173 177
201 118
246 247
139 138
320 185
78 77
194 118
175 182
311 282
187 180 125 49
304 49
50 231
128 80
75 22
180 231
177 320
116 61
71 152
277 245
14 124
124 123
215 199
279 151
63 59
97 8
254 296
173 177
173 98
246 247
60 185
194 304
175 182
200 227
214 282
187 49
180 125 49
221 220
203 263
126 188
163 77
128 80
60 98 188
75 22
116 61
277 245
215 199
279 151
261 239
195 59
97 8
31 209
246 247
60 185
31 30
194 118
175 182
186 233
233 30
311 282
214 282
125 49
125 231
221 220
189 171 184
75 22
60 72
60 184
116 61
71 152
174 100
277 245
215 199
279 151
193 176
195 59
97 8
31 209
180 201
246 247
87 247
60 185
139 138
194 60
175 182
311 282
49 231
221 220
203 263
163 77
189 171
75 22
60 72
195 98
116 61
277 245
200 227
206 302
124 123
80 81
311 282
246 247
215 199
174 125
279 151
60 185
194 125
87 247
48 8
97 8
139 138
31 209
201 231
13 259
116 61
221 220
78 79
71 152
215 199
279 151
151 152
261 239
97 8
254 296
31 209
246 247
87 247
60 185
139 138
31 30
78 79
175 182
125 98
60 49
13 259
60 126
126 72
243 105
163 77
174 171
75 22
243 104
116 61
63 118
100 72
277 245
63 53
163 77
80 81
311 282
246 247
60 196
175 182
215 199
279 151
60 49
75 22
186 233
261 239
48 97 8
31 209
116 61
277 245
78 79
184 118
200 227
163 77
78 77
311 282
214 282
174 62
175 182
203 263
279 151
75 22
193 176
215 199
261 239
97 8
31 209
262 259
254 296
13 259
116 61
277 245
78 79
71 152
78 77
125 98
175 182
215 199
279 151
60 180
193 176
201 59
97 8
139 138
31 209
262 259
254 296
56 88
13 259
116 61
277 245
78 79
31 30
78 77
214 282
175 182
203 263
170 60
187 60
60 180
279 151
163 193
193 176
215 199
186 233
139 138
31 209
262 259
254 296
56 88
92 61
63 53
277 245
78 77
214 282
175 182
132 78
187 60
60 180
279 151
63 59
139 138
254 296
56 88
243 105
13 259
63 53
277 245
72 201
78 79
203 263
132 78
187 60
215 199
97 8
139 138
31 209
262 13
262 259
254 296
92 61
63 53
277 245
78 79
31 30
167 25
215 199
132 78
187 60
60 180
55 87
181 192
186 233
194 49
48 97 8
139 138
31 209
254 296
4 94
277 245
78 79
167 25
215 199
55 87
60 180
60 49
185 49
48 97 8
139 138
31 209
254 296
4 108 94
13 259
63 53
277 245
78 79
31 30
200 227
167 25
175 182
215 199
187 60
60 180
48 8
97 8
139 138
31 209
262 259
254 296
4 108 94
92 61
63 53
277 245
78 79
71 152
31 30
167 25
179 182
175 182
75 22
63 125 53
60 180
60 231
48 8
139 138
254 296
262 259
31 209
4 108
4 94
92 61
277 245
78 79
167 25
215 199
60 180
63 125 53
48 8
31 209
254 296
4 108 94
277 245
78 79
167 25
215 199
60 180
63 125 53
102 131
63 59
254 296
31 209
4 94
277 245
78 79
31 30
167 25
163 77
175 182
215 199
279 151
75 22
63 125 53
60 180
63 59
254 296
262 259
243 105
179 175
116 61
277 245
78 79
71 152
167 25
175 182
279 151
55 87
63 125
125 53
75 22
60 180
63 59
254 296
262 259
179 209
243 105
116 61
78 79
71 152
167 25
98 99
181 182
175 182
215 199
279 151
63 125 53
60 180
63 59
254 296
116 61
277 245
78 79
71 152
163 77
98 99
175 182
279 151
60 180
63 125 53
261 239
63 59
254 296
262 259
118 183
243 105
116 61
221 220
78 79
71 152
277 245
108 94
167 25
163 77
78 77
98 99
203 263
279 151
63 125 53
60 180
63 59
31 209
254 296
221 220
198 139
277 245
78 79
71 152
31 30
108 94
163 77
78 77
98 99
311 104
60 180
63 125
49 231
254 296
31 209
118 183
221 220
63 53
277 245
78 79
71 152
108 94
167 25
78 77
215 199
279 151
63 125
139 138
254 296
221 220
63 53
277 245
78 79
71 152
167 25
78 77
215 199
102 131
63 125
49 231
31 209
254 296
221 220
63 53
277 245
78 79
71 152
167 25
78 77
297 244
43 15
75 22
63 125
102 131
261 239
31 209
254 296
221 220
63 53
277 245
78 79
71 152
167 25
78 77
297 244
241 236
279 151
63 125
23 146
102 131
31 209
254 296
221 220
63 53
277 245
78 79
175 176
167 25
163 77
78 77
77 176
203 263
279 151
75 22
63 125
193 176
102 131
221 220
63 53
277 245
175 176
78 79
167 25
148 199
176 182
279 151
63 125
31 209
221 220
277 245
63 53
78 79
167 25
163 77
175 182
63 125
193 176
23 146
56 88
221 220
63 53
277 245
78 79
31 30
31 30
167 25
163 77
215 199
187 60
60 180
63 125
279 151
23 146
254 296
243 105
221 220
63 53
277 245
78 79
167 25
163 77
78 77
214 282
181 182
279 151
63 125
23 146
181 192
60 180
254 296
277 245
63 53
78 79
31 30
43 284
31 30
163 77
214 282
279 151
63 195
63 125
23 146
193 176
60 180
254 296
243 105
221 220
63 53
277 245
78 79
163 77
214 282
175 176 182
279 151
60 180
63 125
23 146
193 176
221 220
277 245
78 79
71 152
31 30
163 77
176 182
279 151
75 22
63 125
23 146
60 180
102 131
139 138
277 245
63 53
31 30
54 60
163 77
214 282
175 182
176 182
43 83
187 60
60 180
63 125
279 151
23 146
102 131
139 138
243 105
277 245
71 152
163 77
78 77
214 282
181 182
43 83
60 180
23 146
63 125
254 296
277 245
163 77
214 282
176 182
43 83
60 180
23 146
63 125
277 245
63 53
78 79
163 77
214 282
176 182
203 263
279 151
60 180
23 146
63 125
277 245
163 77
214 282
279 151
60 180
23 146
102 131
63 125
139 138
163 77
214 282
60 180
63 125
23 146
243 104
102 131
139 138
92 108
277 245
78 79
163 77
214 282
175 182
75 22
60 180
63 125
193 176
243 104
102 131
139 138
92 108
277 245
78 79
54 60
163 77
175 182
43 83
203 263
60 180
63 125
23 146
193 176
243 104
102 131
139 138
92 108
277 245
78 79
